[
    {
        "symbol": "BAOS",
        "company": "Baosheng Media Group Holdings Limited",
        "change_pct": 89.04,
        "premarket": 11.21,
        "volume": 2059100,
        "category": "g",
        "source": "tv",
        "shortable": false,
        "exchange_name": "NASD",
        "market_cap": 9.09951,
        "existing": false
    },
    {
        "symbol": "MIMO",
        "company": "Airspan Networks Holdings Inc.",
        "change_pct": 54.18,
        "premarket": 0.2049,
        "volume": 9628100,
        "category": "g",
        "source": "tv",
        "shortable": false,
        "exchange_name": "AMEX",
        "market_cap": 123.2392,
        "existing": false
    },
    {
        "symbol": "MGRX",
        "company": "Mangoceuticals, Inc.",
        "change_pct": 44.59,
        "premarket": 2.14,
        "volume": 1724100,
        "category": "g",
        "source": "tv",
        "shortable": true,
        "exchange_name": "NASD",
        "market_cap": 23.7096,
        "existing": false
    },
    {
        "symbol": "ACON",
        "company": "Aclarion, Inc.",
        "change_pct": 33.65,
        "premarket": 1.39,
        "volume": 5425100,
        "category": "g",
        "source": "tv",
        "shortable": false,
        "exchange_name": "NASD",
        "market_cap": 8.17598,
        "existing": false
    },
    {
        "symbol": "CVNA",
        "company": "Carvana Co.",
        "change_pct": 20.93,
        "premarket": 18.78,
        "volume": 5159100,
        "category": "g",
        "source": "tv",
        "shortable": true,
        "exchange_name": "NYSE",
        "market_cap": 2936.454,
        "existing": false
    },
    {
        "symbol": "SMTC",
        "company": "Semtech Corporation",
        "change_pct": 19.66,
        "premarket": 26.84,
        "volume": 187985,
        "category": "g",
        "source": "tv",
        "shortable": true,
        "exchange_name": "NASD",
        "market_cap": 1434.572,
        "existing": false
    },
    {
        "symbol": "ONFO",
        "company": "Onfolio Holdings Inc.",
        "change_pct": 17.86,
        "premarket": 1.32,
        "volume": 3263100,
        "category": "g",
        "source": "tv",
        "shortable": false,
        "exchange_name": "NASD",
        "market_cap": 5.72342,
        "existing": false
    },
    {
        "symbol": "LAKE",
        "company": "Lakeland Industries, Inc.",
        "change_pct": 17.51,
        "premarket": 14.43,
        "volume": 10975,
        "category": "g",
        "source": "tv",
        "shortable": true,
        "exchange_name": "NASD",
        "market_cap": 90.47539,
        "existing": false
    },
    {
        "symbol": "REVG",
        "company": "REV Group, Inc.",
        "change_pct": 16.41,
        "premarket": 13.69,
        "volume": 147246,
        "category": "g",
        "source": "tv",
        "shortable": true,
        "exchange_name": "NYSE",
        "market_cap": 699.199,
        "existing": false
    },
    {
        "symbol": "RBT",
        "company": "Rubicon Technologies, Inc.",
        "change_pct": 16.02,
        "premarket": 0.381,
        "volume": 454960,
        "category": "g",
        "source": "tv",
        "shortable": false,
        "exchange_name": "NYSE",
        "market_cap": 62.86287,
        "existing": false
    },
    {
        "symbol": "GTBP",
        "company": "GT Biopharma, Inc.",
        "change_pct": 13.63,
        "premarket": 0.3636,
        "volume": 9401,
        "category": "g",
        "source": "tv",
        "shortable": true,
        "exchange_name": "NASD",
        "market_cap": 11.97918,
        "existing": false
    },
    {
        "symbol": "FDMT",
        "company": "4D Molecular Therapeutics, Inc.",
        "change_pct": 13.46,
        "premarket": 20.73,
        "volume": 40990,
        "category": "g",
        "source": "tv",
        "shortable": true,
        "exchange_name": "NASD",
        "market_cap": 753.6672,
        "existing": false
    },
    {
        "symbol": "MRDB",
        "company": "MariaDB plc",
        "change_pct": 13.46,
        "premarket": 1.18,
        "volume": 130,
        "category": "g",
        "source": "tv",
        "shortable": false,
        "exchange_name": "NYSE",
        "market_cap": 69.59101,
        "existing": false
    },
    {
        "symbol": "ASST",
        "company": "Asset Entities Inc.",
        "change_pct": 12.9,
        "premarket": 1.4,
        "volume": 515682,
        "category": "g",
        "source": "tv",
        "shortable": false,
        "exchange_name": "NASD",
        "market_cap": 16.93964,
        "existing": false
    },
    {
        "symbol": "NAOV",
        "company": "NanoVibronix, Inc.",
        "change_pct": 12.87,
        "premarket": 3.92,
        "volume": 2663,
        "category": "g",
        "source": "tv",
        "shortable": true,
        "exchange_name": "NASD",
        "market_cap": 5.77327,
        "existing": false
    },
    {
        "symbol": "LIFW",
        "company": "MSP Recovery, Inc.",
        "change_pct": 12.46,
        "premarket": 0.5399,
        "volume": 2104,
        "category": "g",
        "source": "tv",
        "shortable": true,
        "exchange_name": "NASD",
        "market_cap": 1548.193,
        "existing": false
    },
    {
        "symbol": "EXPI",
        "company": "eXp World Holdings, Inc.",
        "change_pct": 12.1,
        "premarket": 18.71,
        "volume": 19842,
        "category": "g",
        "source": "tv",
        "shortable": true,
        "exchange_name": "NASD",
        "market_cap": 2560.954,
        "existing": false
    },
    {
        "symbol": "QBTS",
        "company": "D-Wave Quantum Inc.",
        "change_pct": 12.08,
        "premarket": 2.32,
        "volume": 1068100,
        "category": "g",
        "source": "tv",
        "shortable": true,
        "exchange_name": "NYSE",
        "market_cap": 263.2493,
        "existing": false
    },
    {
        "symbol": "MKUL",
        "company": "Molekule Group, Inc.",
        "change_pct": 11.02,
        "premarket": 2.62,
        "volume": 46777,
        "category": "g",
        "source": "tv",
        "shortable": false,
        "exchange_name": "NASD",
        "market_cap": 80.24649,
        "existing": false
    },
    {
        "symbol": "NOGN",
        "company": "Nogin, Inc.",
        "change_pct": 10.87,
        "premarket": 1.53,
        "volume": 400,
        "category": "g",
        "source": "tv",
        "shortable": true,
        "exchange_name": "NASD",
        "market_cap": 15.30034,
        "existing": false
    },
    {
        "symbol": "EFSH",
        "company": "1847 Holdings LLC",
        "change_pct": 10.83,
        "premarket": 0.4655,
        "volume": 32534,
        "category": "g",
        "source": "tv",
        "shortable": false,
        "exchange_name": "AMEX",
        "market_cap": 5.99428,
        "existing": false
    },
    {
        "symbol": "CPHI",
        "company": "China Pharma Holdings, Inc.",
        "change_pct": 10.56,
        "premarket": 0.4364,
        "volume": 255025,
        "category": "g",
        "source": "tv",
        "shortable": true,
        "exchange_name": "AMEX",
        "market_cap": 30.28779,
        "existing": false
    },
    {
        "symbol": "DRMA",
        "company": "Dermata Therapeutics, Inc.",
        "change_pct": 10.36,
        "premarket": 2.13,
        "volume": 50992,
        "category": "g",
        "source": "tv",
        "shortable": true,
        "exchange_name": "NASD",
        "market_cap": 5.49415,
        "existing": false
    },
    {
        "symbol": "VRM",
        "company": "Vroom, Inc.",
        "change_pct": 10.11,
        "premarket": 1.05,
        "volume": 487416,
        "category": "g",
        "source": "tv",
        "shortable": true,
        "exchange_name": "NASD",
        "market_cap": 132.3884,
        "existing": false
    },
    {
        "symbol": "ONCR",
        "company": "Oncorus, Inc.",
        "change_pct": 9.72,
        "premarket": 0.1163,
        "volume": 9998100,
        "category": "g",
        "source": "tv",
        "shortable": true,
        "exchange_name": "NASD",
        "market_cap": 2.76605,
        "existing": false
    },
    {
        "symbol": "JWEL",
        "company": "Jowell Global Ltd.",
        "change_pct": 9.59,
        "premarket": 0.2103,
        "volume": 152468,
        "category": "g",
        "source": "tv",
        "shortable": false,
        "exchange_name": "NASD",
        "market_cap": 6.558,
        "existing": false
    },
    {
        "symbol": "MGOL",
        "company": "MGO Global Inc.",
        "change_pct": 9.52,
        "premarket": 2.53,
        "volume": 3123100,
        "category": "g",
        "source": "tv",
        "shortable": false,
        "exchange_name": "NASD",
        "market_cap": 32.89796,
        "existing": false
    },
    {
        "symbol": "BBLG",
        "company": "Bone Biologics Corp",
        "change_pct": 9.26,
        "premarket": 5.9,
        "volume": 20903,
        "category": "g",
        "source": "tv",
        "shortable": false,
        "exchange_name": "NASD",
        "market_cap": 90.19572,
        "existing": false
    },
    {
        "symbol": "ANVS",
        "company": "Annovis Bio, Inc.",
        "change_pct": 9.16,
        "premarket": 15.26,
        "volume": 43825,
        "category": "g",
        "source": "tv",
        "shortable": true,
        "exchange_name": "NYSE",
        "market_cap": 125.8917,
        "existing": false
    },
    {
        "symbol": "LQDA",
        "company": "Liquidia Corporation",
        "change_pct": 9.13,
        "premarket": 9.26,
        "volume": 600,
        "category": "g",
        "source": "tv",
        "shortable": true,
        "exchange_name": "NASD",
        "market_cap": 549.1284,
        "existing": false
    },
    {
        "symbol": "JXJT",
        "company": "JX Luxventure Limited",
        "change_pct": 8.75,
        "premarket": 3.73,
        "volume": 5400,
        "category": "g",
        "source": "tv",
        "shortable": true,
        "exchange_name": "NASD",
        "market_cap": 2.07967,
        "existing": false
    },
    {
        "symbol": "UPC",
        "company": "Universe Pharmaceuticals Inc",
        "change_pct": 8.5,
        "premarket": 0.9,
        "volume": 100,
        "category": "g",
        "source": "tv",
        "shortable": false,
        "exchange_name": "NASD",
        "market_cap": 18.04162,
        "existing": false
    },
    {
        "symbol": "HYFM",
        "company": "Hydrofarm Holdings Group, Inc.",
        "change_pct": 8.3,
        "premarket": 1.07,
        "volume": 1000,
        "category": "g",
        "source": "tv",
        "shortable": true,
        "exchange_name": "NASD",
        "market_cap": 44.82327,
        "existing": false
    },
    {
        "symbol": "EBET",
        "company": "EBET, INC.",
        "change_pct": 8.25,
        "premarket": 0.24,
        "volume": 16314,
        "category": "g",
        "source": "tv",
        "shortable": true,
        "exchange_name": "NASD",
        "market_cap": 5.80991,
        "existing": false
    },
    {
        "symbol": "EVLO",
        "company": "Evelo Biosciences, Inc.",
        "change_pct": 8.25,
        "premarket": 0.1142,
        "volume": 3007,
        "category": "g",
        "source": "tv",
        "shortable": true,
        "exchange_name": "NASD",
        "market_cap": 11.81533,
        "existing": false
    },
    {
        "symbol": "RANI",
        "company": "Rani Therapeutics Holdings, Inc.",
        "change_pct": 8.14,
        "premarket": 5.17,
        "volume": 5300,
        "category": "g",
        "source": "tv",
        "shortable": true,
        "exchange_name": "NASD",
        "market_cap": 236.575,
        "existing": false
    },
    {
        "symbol": "FWBI",
        "company": "First Wave BioPharma, Inc.",
        "change_pct": 7.83,
        "premarket": 1.79,
        "volume": 4167,
        "category": "g",
        "source": "tv",
        "shortable": false,
        "exchange_name": "NASD",
        "market_cap": 3.01068,
        "existing": false
    },
    {
        "symbol": "PRVA",
        "company": "Privia Health Group, Inc.",
        "change_pct": 7.79,
        "premarket": 27.25,
        "volume": 2497,
        "category": "g",
        "source": "tv",
        "shortable": true,
        "exchange_name": "NASD",
        "market_cap": 2923.943,
        "existing": false
    },
    {
        "symbol": "KSPN",
        "company": "Kaspien Holdings Inc.",
        "change_pct": 7.59,
        "premarket": 0.3289,
        "volume": 200,
        "category": "g",
        "source": "tv",
        "shortable": true,
        "exchange_name": "NASD",
        "market_cap": 1.5178,
        "existing": false
    },
    {
        "symbol": "OP",
        "company": "OceanPal Inc.",
        "change_pct": 7.47,
        "premarket": 4.2,
        "volume": 6587,
        "category": "g",
        "source": "tv",
        "shortable": true,
        "exchange_name": "NASD",
        "market_cap": 4.92095,
        "existing": false
    }
]