[
    {
        "symbol": "VERB",
        "company": "Verb Technology Company, Inc.",
        "change_pct": 66.32,
        "premarket": 1.19,
        "volume": 4469000,
        "category": "g",
        "source": "tv",
        "shortable": true,
        "exchange_name": "NASD",
        "market_cap": 3.22071,
        "existing": false
    },
    {
        "symbol": "HSDT",
        "company": "Helius Medical Technologies, Inc.",
        "change_pct": 51.22,
        "premarket": 11.16,
        "volume": 944015,
        "category": "g",
        "source": "tv",
        "shortable": true,
        "exchange_name": "NASD",
        "market_cap": 4.17684,
        "existing": false
    },
    {
        "symbol": "SSU",
        "company": "SIGNA Sports",
        "change_pct": 30.34,
        "premarket": 1.16,
        "volume": 246352,
        "category": "g",
        "source": "tv",
        "shortable": true,
        "exchange_name": "NYSE",
        "market_cap": 345.5925,
        "existing": false
    },
    {
        "symbol": "GDC",
        "company": "GD Culture Group Limited",
        "change_pct": 28.67,
        "premarket": 3.59,
        "volume": 3356000,
        "category": "g",
        "source": "tv",
        "shortable": true,
        "exchange_name": "NASD",
        "market_cap": 8.51944,
        "existing": false
    },
    {
        "symbol": "RVLP",
        "company": "RVL Pharmaceuticals plc",
        "change_pct": 24.55,
        "premarket": 0.137,
        "volume": 10340000,
        "category": "g",
        "source": "tv",
        "shortable": true,
        "exchange_name": "NASD",
        "market_cap": 10.94887,
        "existing": false
    },
    {
        "symbol": "AULT",
        "company": "Ault Alliance, Inc.",
        "change_pct": 23.81,
        "premarket": 1.3,
        "volume": 10071000,
        "category": "g",
        "source": "tv",
        "shortable": true,
        "exchange_name": "AMEX",
        "market_cap": 155.8324,
        "existing": false
    },
    {
        "symbol": "CLRB",
        "company": "Cellectar Biosciences, Inc.",
        "change_pct": 22.53,
        "premarket": 2.23,
        "volume": 1939000,
        "category": "g",
        "source": "tv",
        "shortable": true,
        "exchange_name": "NASD",
        "market_cap": 17.72772,
        "existing": false
    },
    {
        "symbol": "YOSH",
        "company": "Yoshiharu Global Co.",
        "change_pct": 20.71,
        "premarket": 0.4599,
        "volume": 1094000,
        "category": "g",
        "source": "tv",
        "shortable": false,
        "exchange_name": "NASD",
        "market_cap": 4.93014,
        "existing": false
    },
    {
        "symbol": "ARAV",
        "company": "Aravive, Inc.",
        "change_pct": 20.64,
        "premarket": 0.1689,
        "volume": 21381000,
        "category": "g",
        "source": "tv",
        "shortable": true,
        "exchange_name": "NASD",
        "market_cap": 10.29877,
        "existing": false
    },
    {
        "symbol": "BTTR",
        "company": "Better Choice Company Inc.",
        "change_pct": 19.29,
        "premarket": 0.2591,
        "volume": 2871000,
        "category": "g",
        "source": "tv",
        "shortable": true,
        "exchange_name": "AMEX",
        "market_cap": 104.4389,
        "existing": false
    },
    {
        "symbol": "WVE",
        "company": "Wave Life Sciences Ltd.",
        "change_pct": 15.54,
        "premarket": 5.25,
        "volume": 2215,
        "category": "g",
        "source": "tv",
        "shortable": true,
        "exchange_name": "NASD",
        "market_cap": 449.384,
        "existing": false
    },
    {
        "symbol": "CRKN",
        "company": "Crown Electrokinetics Corp.",
        "change_pct": 15.13,
        "premarket": 1.37,
        "volume": 5762000,
        "category": "g",
        "source": "tv",
        "shortable": false,
        "exchange_name": "NASD",
        "market_cap": 3.59205,
        "existing": false
    },
    {
        "symbol": "WLDS",
        "company": "Wearable Devices Ltd.",
        "change_pct": 14.29,
        "premarket": 1.28,
        "volume": 2086,
        "category": "g",
        "source": "tv",
        "shortable": false,
        "exchange_name": "NASD",
        "market_cap": 17.85614,
        "existing": false
    },
    {
        "symbol": "RANI",
        "company": "Rani Therapeutics Holdings, Inc.",
        "change_pct": 14.21,
        "premarket": 4.34,
        "volume": 710,
        "category": "g",
        "source": "tv",
        "shortable": true,
        "exchange_name": "NASD",
        "market_cap": 188.6632,
        "existing": false
    },
    {
        "symbol": "FET",
        "company": "Forum Energy Technologies, Inc.",
        "change_pct": 12.39,
        "premarket": 27.75,
        "volume": 1000,
        "category": "g",
        "source": "tv",
        "shortable": true,
        "exchange_name": "NYSE",
        "market_cap": 250.5418,
        "existing": false
    },
    {
        "symbol": "AMTI",
        "company": "Applied Molecular Transport Inc.",
        "change_pct": 11.23,
        "premarket": 0.202,
        "volume": 4154000,
        "category": "g",
        "source": "tv",
        "shortable": true,
        "exchange_name": "NASD",
        "market_cap": 7.16034,
        "existing": false
    },
    {
        "symbol": "BRC",
        "company": "Brady Corporation",
        "change_pct": 11.17,
        "premarket": 56.48,
        "volume": 9250,
        "category": "g",
        "source": "tv",
        "shortable": true,
        "exchange_name": "NYSE",
        "market_cap": 2512.08,
        "existing": false
    },
    {
        "symbol": "BTM",
        "company": "Bitcoin Depot Inc.",
        "change_pct": 11.11,
        "premarket": 3.1,
        "volume": 4410,
        "category": "g",
        "source": "tv",
        "shortable": false,
        "exchange_name": "NASD",
        "market_cap": 160.5211,
        "existing": false
    },
    {
        "symbol": "ALBT",
        "company": "Avalon GloboCare Corp.",
        "change_pct": 11.0,
        "premarket": 1.11,
        "volume": 15582,
        "category": "g",
        "source": "tv",
        "shortable": true,
        "exchange_name": "NASD",
        "market_cap": 10.81629,
        "existing": false
    },
    {
        "symbol": "SKYX",
        "company": "SKYX Platforms Corp.",
        "change_pct": 10.65,
        "premarket": 1.87,
        "volume": 36271,
        "category": "g",
        "source": "tv",
        "shortable": true,
        "exchange_name": "NASD",
        "market_cap": 155.2306,
        "existing": false
    },
    {
        "symbol": "ENVB",
        "company": "Enveric Biosciences, Inc.",
        "change_pct": 10.59,
        "premarket": 2.35,
        "volume": 674,
        "category": "g",
        "source": "tv",
        "shortable": true,
        "exchange_name": "NASD",
        "market_cap": 4.63656,
        "existing": false
    },
    {
        "symbol": "ONFO",
        "company": "Onfolio Holdings Inc.",
        "change_pct": 10.38,
        "premarket": 1.17,
        "volume": 54592,
        "category": "g",
        "source": "tv",
        "shortable": false,
        "exchange_name": "NASD",
        "market_cap": 5.41681,
        "existing": false
    },
    {
        "symbol": "EEIQ",
        "company": "EpicQuest Education Group International Limited",
        "change_pct": 10.28,
        "premarket": 1.18,
        "volume": 9502,
        "category": "g",
        "source": "tv",
        "shortable": false,
        "exchange_name": "NASD",
        "market_cap": 12.52775,
        "existing": false
    },
    {
        "symbol": "VINO",
        "company": "Gaucho Group Holdings, Inc.",
        "change_pct": 10.26,
        "premarket": 0.3859,
        "volume": 129,
        "category": "g",
        "source": "tv",
        "shortable": false,
        "exchange_name": "NASD",
        "market_cap": 2.59306,
        "existing": false
    },
    {
        "symbol": "BSFC",
        "company": "Blue Star Foods Corp.",
        "change_pct": 10.19,
        "premarket": 0.595,
        "volume": 55220,
        "category": "g",
        "source": "tv",
        "shortable": false,
        "exchange_name": "NASD",
        "market_cap": 1.65694,
        "existing": false
    },
    {
        "symbol": "VFS",
        "company": "VinFast Auto Ltd.",
        "change_pct": -9.82,
        "premarket": 26.6,
        "volume": 166044,
        "category": "l",
        "source": "tv",
        "shortable": true,
        "exchange_name": "NASD",
        "market_cap": 68050.0,
        "existing": false
    },
    {
        "symbol": "PFG",
        "company": "Principal Financial Group Inc",
        "change_pct": -4.49,
        "premarket": 74.91,
        "volume": 609,
        "category": "l",
        "source": "tv",
        "shortable": true,
        "exchange_name": "NASD",
        "market_cap": 18957.7,
        "existing": false
    },
    {
        "symbol": "CC",
        "company": "Chemours Company (The)",
        "change_pct": -8.09,
        "premarket": 32.16,
        "volume": 400,
        "category": "l",
        "source": "tv",
        "shortable": true,
        "exchange_name": "NYSE",
        "market_cap": 5181.216,
        "existing": false
    },
    {
        "symbol": "MANU",
        "company": "Manchester",
        "change_pct": -11.58,
        "premarket": 20.92,
        "volume": 112956,
        "category": "l",
        "source": "tv",
        "shortable": true,
        "exchange_name": "NYSE",
        "market_cap": 3866.77,
        "existing": false
    },
    {
        "symbol": "TWKS",
        "company": "Thoughtworks Holding, Inc.",
        "change_pct": -5.0,
        "premarket": 4.72,
        "volume": 120,
        "category": "l",
        "source": "tv",
        "shortable": false,
        "exchange_name": "NASD",
        "market_cap": 1579.112,
        "existing": false
    },
    {
        "symbol": "ECX",
        "company": "ECARX Holdings Inc.",
        "change_pct": -4.98,
        "premarket": 3.82,
        "volume": 2920,
        "category": "l",
        "source": "tv",
        "shortable": true,
        "exchange_name": "NASD",
        "market_cap": 1354.147,
        "existing": false
    },
    {
        "symbol": "AGTI",
        "company": "Agiliti, Inc.",
        "change_pct": -4.39,
        "premarket": 9.36,
        "volume": 1600,
        "category": "l",
        "source": "tv",
        "shortable": true,
        "exchange_name": "NYSE",
        "market_cap": 1322.224,
        "existing": false
    },
    {
        "symbol": "NKLA",
        "company": "Nikola Corporation",
        "change_pct": -8.47,
        "premarket": 1.08,
        "volume": 5221000,
        "category": "l",
        "source": "tv",
        "shortable": true,
        "exchange_name": "NASD",
        "market_cap": 1010.465,
        "existing": false
    },
    {
        "symbol": "AMRK",
        "company": "A-Mark Precious Metals, Inc.",
        "change_pct": -12.68,
        "premarket": 33.05,
        "volume": 200,
        "category": "l",
        "source": "tv",
        "shortable": true,
        "exchange_name": "NASD",
        "market_cap": 880.4139,
        "existing": false
    },
    {
        "symbol": "CRMT",
        "company": "America's Car-Mart, Inc.",
        "change_pct": -15.38,
        "premarket": 96.07,
        "volume": 3185,
        "category": "l",
        "source": "tv",
        "shortable": true,
        "exchange_name": "NASD",
        "market_cap": 744.954,
        "existing": false
    },
    {
        "symbol": "OM",
        "company": "Outset Medical, Inc.",
        "change_pct": -4.25,
        "premarket": 13.29,
        "volume": 124,
        "category": "l",
        "source": "tv",
        "shortable": true,
        "exchange_name": "NASD",
        "market_cap": 691.0881,
        "existing": false
    },
    {
        "symbol": "VTS",
        "company": "Vitesse Energy Inc.",
        "change_pct": -5.1,
        "premarket": 22.31,
        "volume": 800,
        "category": "l",
        "source": "tv",
        "shortable": true,
        "exchange_name": "NYSE",
        "market_cap": 676.7915,
        "existing": false
    },
    {
        "symbol": "ALDX",
        "company": "Aldeyra Therapeutics, Inc.",
        "change_pct": -4.23,
        "premarket": 7.25,
        "volume": 100,
        "category": "l",
        "source": "tv",
        "shortable": true,
        "exchange_name": "NASD",
        "market_cap": 443.5706,
        "existing": false
    },
    {
        "symbol": "NTGR",
        "company": "NETGEAR, Inc.",
        "change_pct": -5.81,
        "premarket": 12.31,
        "volume": 9801,
        "category": "l",
        "source": "tv",
        "shortable": true,
        "exchange_name": "NASD",
        "market_cap": 384.2593,
        "existing": false
    },
    {
        "symbol": "UVE",
        "company": "UNIVERSAL INSURANCE HOLDINGS INC",
        "change_pct": -5.03,
        "premarket": 12.09,
        "volume": 10580,
        "category": "l",
        "source": "tv",
        "shortable": true,
        "exchange_name": "NYSE",
        "market_cap": 382.9145,
        "existing": false
    },
    {
        "symbol": "AAN",
        "company": "Aarons Holdings Company, Inc.",
        "change_pct": -6.44,
        "premarket": 11.47,
        "volume": 9280,
        "category": "l",
        "source": "tv",
        "shortable": true,
        "exchange_name": "NYSE",
        "market_cap": 378.454,
        "existing": false
    },
    {
        "symbol": "EGHT",
        "company": "8x8 Inc",
        "change_pct": -7.3,
        "premarket": 2.92,
        "volume": 14102,
        "category": "l",
        "source": "tv",
        "shortable": true,
        "exchange_name": "NASD",
        "market_cap": 377.829,
        "existing": false
    },
    {
        "symbol": "QSI",
        "company": "Quantum-Si Incorporated",
        "change_pct": -4.64,
        "premarket": 2.26,
        "volume": 4174,
        "category": "l",
        "source": "tv",
        "shortable": true,
        "exchange_name": "NASD",
        "market_cap": 335.8681,
        "existing": false
    },
    {
        "symbol": "GFGD",
        "company": "The Growth for Good Acquisition Corporation",
        "change_pct": -8.32,
        "premarket": 9.15,
        "volume": 9211,
        "category": "l",
        "source": "tv",
        "shortable": true,
        "exchange_name": "NASD",
        "market_cap": 323.6015,
        "existing": false
    },
    {
        "symbol": "FLAG",
        "company": "First Light Acquisition Group, Inc.",
        "change_pct": -6.9,
        "premarket": 8.5,
        "volume": 727,
        "category": "l",
        "source": "tv",
        "shortable": false,
        "exchange_name": "AMEX",
        "market_cap": 288.3625,
        "existing": false
    },
    {
        "symbol": "ANIK",
        "company": "Anika Therapeutics Inc.",
        "change_pct": -5.72,
        "premarket": 16.99,
        "volume": 2304,
        "category": "l",
        "source": "tv",
        "shortable": true,
        "exchange_name": "NASD",
        "market_cap": 263.6526,
        "existing": false
    },
    {
        "symbol": "TIO",
        "company": "Tingo Group, Inc.",
        "change_pct": -11.48,
        "premarket": 1.08,
        "volume": 1067000,
        "category": "l",
        "source": "tv",
        "shortable": true,
        "exchange_name": "NASD",
        "market_cap": 250.3672,
        "existing": false
    },
    {
        "symbol": "AUGX",
        "company": "Augmedix, Inc.",
        "change_pct": -4.78,
        "premarket": 4.78,
        "volume": 200,
        "category": "l",
        "source": "tv",
        "shortable": false,
        "exchange_name": "NASD",
        "market_cap": 204.7701,
        "existing": false
    },
    {
        "symbol": "PRAX",
        "company": "Praxis Precision Medicines, Inc.",
        "change_pct": -5.73,
        "premarket": 1.48,
        "volume": 1404,
        "category": "l",
        "source": "tv",
        "shortable": true,
        "exchange_name": "NASD",
        "market_cap": 201.8082,
        "existing": false
    },
    {
        "symbol": "LVO",
        "company": "LiveOne, Inc.",
        "change_pct": -4.53,
        "premarket": 1.79,
        "volume": 800,
        "category": "l",
        "source": "tv",
        "shortable": true,
        "exchange_name": "NASD",
        "market_cap": 169.122,
        "existing": false
    }
]