[
    {
        "symbol": "GETY",
        "company": "Getty Images Holdings, Inc. Class A",
        "premarket": 7.92,
        "change_pct": 56.52,
        "volume": 3180100,
        "category": "g",
        "source": "cnn",
        "fails": [],
        "shortable": true,
        "exchange_name": "NYSE",
        "market_cap": 2000.054,
        "tradeable": true
    },
    {
        "symbol": "NXPL",
        "company": "NextPlat Corp",
        "premarket": 3.45,
        "change_pct": 32.69,
        "volume": 536720,
        "category": "g",
        "source": "cnn",
        "fails": [],
        "shortable": false,
        "exchange_name": "NASD",
        "market_cap": 37.54666,
        "tradeable": true
    },
    {
        "symbol": "HOLO",
        "company": "MicroCloud Hologram Inc.",
        "premarket": 3.16,
        "change_pct": 20.61,
        "volume": 2710100,
        "category": "g",
        "source": "cnn",
        "fails": [],
        "shortable": true,
        "exchange_name": "NASD",
        "market_cap": 133.1275,
        "tradeable": true
    },
    {
        "symbol": "IDYA",
        "company": "IDEAYA Biosciences, Inc.",
        "premarket": 17.63,
        "change_pct": 18.08,
        "volume": 40530,
        "category": "g",
        "source": "cnn",
        "fails": [],
        "shortable": true,
        "exchange_name": "NASD",
        "market_cap": 722.4686,
        "tradeable": true
    },
    {
        "symbol": "ARBB",
        "company": "ARB IOT Group Limited",
        "premarket": 5.43,
        "change_pct": 16.77,
        "volume": 313720,
        "category": "g",
        "source": "cnn",
        "fails": [],
        "shortable": false,
        "exchange_name": "NASD",
        "market_cap": 122.0625,
        "tradeable": true
    },
    {
        "symbol": "PHG",
        "company": "Koninklijke Philips N.V. Sponsored ADR",
        "premarket": 21.59,
        "change_pct": 13.45,
        "volume": 262490,
        "category": "g",
        "source": "cnn",
        "fails": [],
        "shortable": true,
        "exchange_name": "NYSE",
        "market_cap": 16909.89,
        "tradeable": true
    },
    {
        "symbol": "UCAR",
        "company": "U Power Limited",
        "premarket": 8.75,
        "change_pct": 11.75,
        "volume": 536530,
        "category": "g",
        "source": "cnn",
        "fails": [],
        "shortable": true,
        "exchange_name": "NASD",
        "market_cap": 411.075,
        "tradeable": true
    },
    {
        "symbol": "BLUE",
        "company": "bluebird bio, Inc.",
        "premarket": 3.78,
        "change_pct": 10.2,
        "volume": 573490,
        "category": "g",
        "source": "cnn",
        "fails": [],
        "shortable": false,
        "exchange_name": "NASD",
        "market_cap": 364.85,
        "tradeable": true
    },
    {
        "symbol": "AENZ",
        "company": "Aenza S.A.A. Sponsored ADR",
        "premarket": 2.49,
        "change_pct": 9.69,
        "volume": 32,
        "category": "g",
        "source": "cnn",
        "fails": [
            "shares_value"
        ],
        "shortable": true,
        "exchange_name": "NYSE",
        "market_cap": 139.6782,
        "tradeable": false
    },
    {
        "symbol": "CAMP",
        "company": "CalAmp Corp.",
        "premarket": 2.74,
        "change_pct": 9.54,
        "volume": 712,
        "category": "g",
        "source": "cnn",
        "fails": [
            "shares_value"
        ],
        "shortable": true,
        "exchange_name": "NASD",
        "market_cap": 92.42097,
        "tradeable": false
    },
    {
        "symbol": "IPA",
        "company": "ImmunoPrecise Antibodies Ltd.",
        "premarket": 3.36,
        "change_pct": 9.09,
        "volume": 66,
        "category": "g",
        "source": "cnn",
        "fails": [
            "shares_value"
        ],
        "shortable": true,
        "exchange_name": "NASD",
        "market_cap": 0.0,
        "tradeable": false
    },
    {
        "symbol": "ZVZZT",
        "company": "SUPERMONTAGE TEST",
        "premarket": 10.53,
        "change_pct": -31.45,
        "volume": 125760,
        "category": "l",
        "source": "cnn",
        "fails": [
            "symbol_length",
            "is_shortable"
        ],
        "shortable": false,
        "exchange_name": "NASD",
        "market_cap": -1.0,
        "tradeable": false
    },
    {
        "symbol": "PRST",
        "company": "Presto Automation, Inc.",
        "premarket": 2.95,
        "change_pct": -18.28,
        "volume": 381260,
        "category": "l",
        "source": "cnn",
        "fails": [],
        "shortable": true,
        "exchange_name": "NASD",
        "market_cap": 185.4268,
        "tradeable": true
    },
    {
        "symbol": "NYXH",
        "company": "Nyxoah SA",
        "premarket": 8.6,
        "change_pct": -16.83,
        "volume": 6990,
        "category": "l",
        "source": "cnn",
        "fails": [
            "is_shortable"
        ],
        "shortable": false,
        "exchange_name": "NASD",
        "market_cap": 0.0,
        "tradeable": false
    },
    {
        "symbol": "FHTX",
        "company": "Foghorn Therapeutics, Inc.",
        "premarket": 5.6,
        "change_pct": -16.67,
        "volume": 6700,
        "category": "l",
        "source": "cnn",
        "fails": [],
        "shortable": true,
        "exchange_name": "NASD",
        "market_cap": 280.909,
        "tradeable": true
    },
    {
        "symbol": "BKTI",
        "company": "BK Technologies Corp.",
        "premarket": 11.25,
        "change_pct": -16.36,
        "volume": 608,
        "category": "l",
        "source": "cnn",
        "fails": [
            "shares_value"
        ],
        "shortable": true,
        "exchange_name": "AMEX",
        "market_cap": 53.54645,
        "tradeable": false
    },
    {
        "symbol": "SMCI",
        "company": "Super Micro Computer, Inc.",
        "premarket": 97.0,
        "change_pct": -9.62,
        "volume": 129290,
        "category": "l",
        "source": "cnn",
        "fails": [],
        "shortable": true,
        "exchange_name": "NASD",
        "market_cap": 5660.542,
        "tradeable": true
    },
    {
        "symbol": "OIG",
        "company": "Orbital Infrastructure Group, Inc.",
        "premarket": 2.18,
        "change_pct": -9.54,
        "volume": 1740,
        "category": "l",
        "source": "cnn",
        "fails": [
            "shares_value"
        ],
        "shortable": true,
        "exchange_name": "NASD",
        "market_cap": 446.9687,
        "tradeable": false
    },
    {
        "symbol": "RELI",
        "company": "Reliance Global Group, Inc.",
        "premarket": 3.15,
        "change_pct": -9.22,
        "volume": 17,
        "category": "l",
        "source": "cnn",
        "fails": [
            "shares_value"
        ],
        "shortable": true,
        "exchange_name": "NASD",
        "market_cap": 5.43419,
        "tradeable": false
    },
    {
        "symbol": "EYPT",
        "company": "EyePoint Pharmaceuticals, Inc.",
        "premarket": 8.22,
        "change_pct": -8.67,
        "volume": 61170,
        "category": "l",
        "source": "cnn",
        "fails": [],
        "shortable": true,
        "exchange_name": "NASD",
        "market_cap": 308.7173,
        "tradeable": true
    },
    {
        "symbol": "ASNS",
        "company": "Actelis Networks, Inc.",
        "premarket": 2.75,
        "change_pct": -8.6,
        "volume": 584,
        "category": "l",
        "source": "cnn",
        "fails": [
            "shares_value",
            "is_shortable"
        ],
        "shortable": false,
        "exchange_name": "NASD",
        "market_cap": 5.23776,
        "tradeable": false
    },
    {
        "symbol": "PAVS",
        "company": "Paranovus Entertainment Technology Ltd. Class A",
        "premarket": 4.09,
        "change_pct": -8.5,
        "volume": 6,
        "category": "l",
        "source": "cnn",
        "fails": [
            "shares_value"
        ],
        "shortable": true,
        "exchange_name": "NASD",
        "market_cap": 17.67878,
        "tradeable": false
    }
]