[
    {
        "symbol": "TUP",
        "company": "Tupperware Brands Corporation",
        "change_pct": 38.89,
        "premarket": 1.25,
        "volume": 10371000,
        "category": "g",
        "source": "tv",
        "shortable": true,
        "exchange_name": "NYSE",
        "market_cap": 40.03022,
        "existing": false
    },
    {
        "symbol": "AMC",
        "company": "AMC Entertainment Holdings, Inc.",
        "change_pct": 33.64,
        "premarket": 5.88,
        "volume": 29867000,
        "category": "g",
        "source": "tv",
        "shortable": true,
        "exchange_name": "NYSE",
        "market_cap": 2284.447,
        "existing": false
    },
    {
        "symbol": "PXMD",
        "company": "PaxMedica, Inc.",
        "change_pct": 29.5,
        "premarket": 1.0399,
        "volume": 7847000,
        "category": "g",
        "source": "tv",
        "shortable": false,
        "exchange_name": "NASD",
        "market_cap": 11.73944,
        "existing": false
    },
    {
        "symbol": "INVE",
        "company": "Identiv, Inc.",
        "change_pct": 19.59,
        "premarket": 9.89,
        "volume": 150,
        "category": "g",
        "source": "tv",
        "shortable": true,
        "exchange_name": "NASD",
        "market_cap": 189.9973,
        "existing": false
    },
    {
        "symbol": "KOSS",
        "company": "Koss Corporation",
        "change_pct": 17.73,
        "premarket": 4.25,
        "volume": 1030000,
        "category": "g",
        "source": "tv",
        "shortable": true,
        "exchange_name": "NASD",
        "market_cap": 33.27263,
        "existing": false
    },
    {
        "symbol": "TLGA",
        "company": "TLG Acquisition One Corp.",
        "change_pct": 16.08,
        "premarket": 11.55,
        "volume": 166129,
        "category": "g",
        "source": "tv",
        "shortable": false,
        "exchange_name": "NYSE",
        "market_cap": 128.8366,
        "existing": false
    },
    {
        "symbol": "SCU",
        "company": "Sculptor Capital Management, Inc.",
        "change_pct": 16.03,
        "premarket": 10.93,
        "volume": 269317,
        "category": "g",
        "source": "tv",
        "shortable": true,
        "exchange_name": "NYSE",
        "market_cap": 546.264,
        "existing": false
    },
    {
        "symbol": "GOVX",
        "company": "GeoVax Labs, Inc.",
        "change_pct": 13.61,
        "premarket": 0.6362,
        "volume": 417996,
        "category": "g",
        "source": "tv",
        "shortable": false,
        "exchange_name": "NASD",
        "market_cap": 14.80844,
        "existing": false
    },
    {
        "symbol": "ZAPP",
        "company": "Zapp Electric Vehicles Group Limited",
        "change_pct": 12.67,
        "premarket": 1.69,
        "volume": 200,
        "category": "g",
        "source": "tv",
        "shortable": true,
        "exchange_name": "NASD",
        "market_cap": 83.19793,
        "existing": false
    },
    {
        "symbol": "MBRX",
        "company": "Moleculin Biotech, Inc.",
        "change_pct": 10.71,
        "premarket": 0.7399,
        "volume": 3200,
        "category": "g",
        "source": "tv",
        "shortable": true,
        "exchange_name": "NASD",
        "market_cap": 19.83214,
        "existing": false
    },
    {
        "symbol": "INM",
        "company": "InMed Pharmaceuticals Inc.",
        "change_pct": 10.48,
        "premarket": 1.16,
        "volume": 28711,
        "category": "g",
        "source": "tv",
        "shortable": true,
        "exchange_name": "NASD",
        "market_cap": 3.4946,
        "existing": false
    },
    {
        "symbol": "HRTX",
        "company": "Heron Therapeutics, Inc.",
        "change_pct": 10.14,
        "premarket": 1.52,
        "volume": 62532,
        "category": "g",
        "source": "tv",
        "shortable": true,
        "exchange_name": "NASD",
        "market_cap": 165.2061,
        "existing": false
    },
    {
        "symbol": "VVOS",
        "company": "Vivos Therapeutics, Inc.",
        "change_pct": 10.0,
        "premarket": 0.319,
        "volume": 1265,
        "category": "g",
        "source": "tv",
        "shortable": false,
        "exchange_name": "NASD",
        "market_cap": 8.67935,
        "existing": false
    },
    {
        "symbol": "NRXP",
        "company": "NRX Pharmaceuticals, Inc.",
        "change_pct": 9.33,
        "premarket": 0.45,
        "volume": 10459,
        "category": "g",
        "source": "tv",
        "shortable": false,
        "exchange_name": "NASD",
        "market_cap": 32.91963,
        "existing": false
    },
    {
        "symbol": "KA",
        "company": "Kineta, Inc.",
        "change_pct": 9.24,
        "premarket": 2.6,
        "volume": 10452,
        "category": "g",
        "source": "tv",
        "shortable": true,
        "exchange_name": "NASD",
        "market_cap": 22.58914,
        "existing": false
    },
    {
        "symbol": "TOMZ",
        "company": "TOMI Environmental Solutions, Inc.",
        "change_pct": 8.96,
        "premarket": 0.73,
        "volume": 25478,
        "category": "g",
        "source": "tv",
        "shortable": false,
        "exchange_name": "NASD",
        "market_cap": 13.28205,
        "existing": false
    },
    {
        "symbol": "VRPX",
        "company": "Virpax Pharmaceuticals, Inc.",
        "change_pct": 8.46,
        "premarket": 0.987,
        "volume": 101,
        "category": "g",
        "source": "tv",
        "shortable": false,
        "exchange_name": "NASD",
        "market_cap": 10.66,
        "existing": false
    },
    {
        "symbol": "SNDX",
        "company": "Syndax Pharmaceuticals, Inc.",
        "change_pct": 8.23,
        "premarket": 23.01,
        "volume": 51559,
        "category": "g",
        "source": "tv",
        "shortable": true,
        "exchange_name": "NASD",
        "market_cap": 1463.14,
        "existing": false
    },
    {
        "symbol": "HPK",
        "company": "HighPeak Energy, Inc.",
        "change_pct": 8.19,
        "premarket": 14.0,
        "volume": 4948,
        "category": "g",
        "source": "tv",
        "shortable": true,
        "exchange_name": "NASD",
        "market_cap": 1464.512,
        "existing": false
    },
    {
        "symbol": "ADRT",
        "company": "Ault Disruptive Technologies Corporation",
        "change_pct": 8.11,
        "premarket": 12.0,
        "volume": 21969,
        "category": "g",
        "source": "tv",
        "shortable": false,
        "exchange_name": "AMEX",
        "market_cap": 0.0,
        "existing": false
    },
    {
        "symbol": "FAZE",
        "company": "FaZe Holdings Inc.",
        "change_pct": 8.08,
        "premarket": 0.4201,
        "volume": 14414,
        "category": "g",
        "source": "tv",
        "shortable": true,
        "exchange_name": "NASD",
        "market_cap": 29.20257,
        "existing": false
    },
    {
        "symbol": "GASS",
        "company": "StealthGas, Inc.",
        "change_pct": 7.98,
        "premarket": 4.6,
        "volume": 150,
        "category": "g",
        "source": "tv",
        "shortable": true,
        "exchange_name": "NASD",
        "market_cap": 162.7413,
        "existing": false
    },
    {
        "symbol": "RIBT",
        "company": "RiceBran Technologies",
        "change_pct": 7.81,
        "premarket": 0.8949,
        "volume": 1467,
        "category": "g",
        "source": "tv",
        "shortable": false,
        "exchange_name": "NASD",
        "market_cap": 5.30636,
        "existing": false
    },
    {
        "symbol": "JZXN",
        "company": "Jiuzi Holdings, Inc.",
        "change_pct": 7.51,
        "premarket": 1.86,
        "volume": 15990,
        "category": "g",
        "source": "tv",
        "shortable": true,
        "exchange_name": "NASD",
        "market_cap": 6.88531,
        "existing": false
    },
    {
        "symbol": "FLUX",
        "company": "Flux Power Holdings, Inc.",
        "change_pct": 7.43,
        "premarket": 5.35,
        "volume": 500,
        "category": "g",
        "source": "tv",
        "shortable": true,
        "exchange_name": "NASD",
        "market_cap": 81.25482,
        "existing": false
    },
    {
        "symbol": "ODFL",
        "company": "Old Dominion Freight Line, Inc.",
        "change_pct": -4.98,
        "premarket": 374.83,
        "volume": 2198,
        "category": "l",
        "source": "tv",
        "shortable": true,
        "exchange_name": "NASD",
        "market_cap": 43256.43,
        "existing": false
    },
    {
        "symbol": "SAIA",
        "company": "Saia, Inc.",
        "change_pct": -5.21,
        "premarket": 381.75,
        "volume": 1974,
        "category": "l",
        "source": "tv",
        "shortable": true,
        "exchange_name": "NASD",
        "market_cap": 10685.28,
        "existing": false
    },
    {
        "symbol": "XPO",
        "company": "XPO, Inc.",
        "change_pct": -5.07,
        "premarket": 62.5,
        "volume": 12725,
        "category": "l",
        "source": "tv",
        "shortable": true,
        "exchange_name": "NYSE",
        "market_cap": 7628.026,
        "existing": false
    },
    {
        "symbol": "MARA",
        "company": "Marathon Digital Holdings, Inc.",
        "change_pct": -4.32,
        "premarket": 16.15,
        "volume": 985963,
        "category": "l",
        "source": "tv",
        "shortable": true,
        "exchange_name": "NASD",
        "market_cap": 2869.075,
        "existing": false
    },
    {
        "symbol": "ARCB",
        "company": "ArcBest Corporation",
        "change_pct": -8.34,
        "premarket": 100.0,
        "volume": 3631,
        "category": "l",
        "source": "tv",
        "shortable": true,
        "exchange_name": "NASD",
        "market_cap": 2613.293,
        "existing": false
    },
    {
        "symbol": "NKLA",
        "company": "Nikola Corporation",
        "change_pct": -13.59,
        "premarket": 2.16,
        "volume": 4773000,
        "category": "l",
        "source": "tv",
        "shortable": true,
        "exchange_name": "NASD",
        "market_cap": 1791.967,
        "existing": false
    },
    {
        "symbol": "BRKL",
        "company": "Brookline Bancorp, Inc.",
        "change_pct": -5.88,
        "premarket": 9.44,
        "volume": 1000,
        "category": "l",
        "source": "tv",
        "shortable": true,
        "exchange_name": "NASD",
        "market_cap": 889.3113,
        "existing": false
    },
    {
        "symbol": "CDRE",
        "company": "Cadre Holdings, Inc.",
        "change_pct": -4.77,
        "premarket": 21.77,
        "volume": 265,
        "category": "l",
        "source": "tv",
        "shortable": false,
        "exchange_name": "NYSE",
        "market_cap": 859.2167,
        "existing": false
    },
    {
        "symbol": "LZM",
        "company": "Lifezone Metals Limited",
        "change_pct": -7.09,
        "premarket": 10.03,
        "volume": 100,
        "category": "l",
        "source": "tv",
        "shortable": false,
        "exchange_name": "NYSE",
        "market_cap": 857.7209,
        "existing": false
    },
    {
        "symbol": "WULF",
        "company": "TeraWulf Inc.",
        "change_pct": -5.21,
        "premarket": 3.46,
        "volume": 87478,
        "category": "l",
        "source": "tv",
        "shortable": true,
        "exchange_name": "NASD",
        "market_cap": 773.9185,
        "existing": false
    },
    {
        "symbol": "DWAC",
        "company": "Digital World Acquisition Corp.",
        "change_pct": -5.38,
        "premarket": 19.0,
        "volume": 202436,
        "category": "l",
        "source": "tv",
        "shortable": true,
        "exchange_name": "NASD",
        "market_cap": 747.1906,
        "existing": false
    },
    {
        "symbol": "CLSK",
        "company": "CleanSpark, Inc.",
        "change_pct": -4.52,
        "premarket": 6.13,
        "volume": 187158,
        "category": "l",
        "source": "tv",
        "shortable": true,
        "exchange_name": "NASD",
        "market_cap": 723.4517,
        "existing": false
    },
    {
        "symbol": "FPH",
        "company": "Five Point Holdings, LLC",
        "change_pct": -4.86,
        "premarket": 3.33,
        "volume": 964,
        "category": "l",
        "source": "tv",
        "shortable": true,
        "exchange_name": "NYSE",
        "market_cap": 568.1403,
        "existing": false
    },
    {
        "symbol": "TMC",
        "company": "TMC the metals company Inc.",
        "change_pct": -28.57,
        "premarket": 1.3,
        "volume": 1260000,
        "category": "l",
        "source": "tv",
        "shortable": true,
        "exchange_name": "NASD",
        "market_cap": 510.7644,
        "existing": false
    },
    {
        "symbol": "FLWS",
        "company": "1-800-FLOWERS.COM, Inc.",
        "change_pct": -4.73,
        "premarket": 7.45,
        "volume": 858,
        "category": "l",
        "source": "tv",
        "shortable": true,
        "exchange_name": "NASD",
        "market_cap": 506.549,
        "existing": false
    },
    {
        "symbol": "PSQH",
        "company": "PSQ Holdings, Inc.",
        "change_pct": -7.63,
        "premarket": 19.5,
        "volume": 111791,
        "category": "l",
        "source": "tv",
        "shortable": true,
        "exchange_name": "NYSE",
        "market_cap": 455.1844,
        "existing": false
    },
    {
        "symbol": "ORIC",
        "company": "Oric Pharmaceuticals, Inc.",
        "change_pct": -7.58,
        "premarket": 7.93,
        "volume": 100,
        "category": "l",
        "source": "tv",
        "shortable": true,
        "exchange_name": "NASD",
        "market_cap": 386.8995,
        "existing": false
    },
    {
        "symbol": "KOD",
        "company": "Kodiak Sciences Inc",
        "change_pct": -58.44,
        "premarket": 3.03,
        "volume": 1183000,
        "category": "l",
        "source": "tv",
        "shortable": true,
        "exchange_name": "NASD",
        "market_cap": 381.677,
        "existing": false
    },
    {
        "symbol": "IREN",
        "company": "Iris Energy Limited",
        "change_pct": -5.47,
        "premarket": 6.39,
        "volume": 70326,
        "category": "l",
        "source": "tv",
        "shortable": true,
        "exchange_name": "NASD",
        "market_cap": 371.6845,
        "existing": false
    },
    {
        "symbol": "VRCA",
        "company": "Verrica Pharmaceuticals Inc.",
        "change_pct": -19.52,
        "premarket": 6.0,
        "volume": 124730,
        "category": "l",
        "source": "tv",
        "shortable": true,
        "exchange_name": "NASD",
        "market_cap": 312.7909,
        "existing": false
    },
    {
        "symbol": "CMAX",
        "company": "CareMax, Inc.",
        "change_pct": -5.65,
        "premarket": 2.34,
        "volume": 180,
        "category": "l",
        "source": "tv",
        "shortable": true,
        "exchange_name": "NASD",
        "market_cap": 276.209,
        "existing": false
    },
    {
        "symbol": "RANI",
        "company": "Rani Therapeutics Holdings, Inc.",
        "change_pct": -4.87,
        "premarket": 4.1,
        "volume": 690,
        "category": "l",
        "source": "tv",
        "shortable": true,
        "exchange_name": "NASD",
        "market_cap": 213.3134,
        "existing": false
    },
    {
        "symbol": "FNGR",
        "company": "FingerMotion, Inc.",
        "change_pct": -4.21,
        "premarket": 3.87,
        "volume": 13819,
        "category": "l",
        "source": "tv",
        "shortable": true,
        "exchange_name": "NASD",
        "market_cap": 210.0316,
        "existing": false
    },
    {
        "symbol": "HYPR",
        "company": "Hyperfine, Inc.",
        "change_pct": -5.46,
        "premarket": 2.77,
        "volume": 6288,
        "category": "l",
        "source": "tv",
        "shortable": false,
        "exchange_name": "NASD",
        "market_cap": 208.2543,
        "existing": false
    },
    {
        "symbol": "CTGO",
        "company": "Contango ORE, Inc.",
        "change_pct": -25.47,
        "premarket": 19.75,
        "volume": 68060,
        "category": "l",
        "source": "tv",
        "shortable": false,
        "exchange_name": "AMEX",
        "market_cap": 180.5151,
        "existing": false
    }
]