[
    {
        "symbol": "NVOS",
        "company": "Novo Integrated Sciences, Inc.",
        "change_pct": 96.81,
        "premarket": 0.2283,
        "volume": 88195000,
        "category": "g",
        "source": "tv",
        "shortable": false,
        "exchange_name": "NASD",
        "market_cap": 17.21837,
        "existing": false
    },
    {
        "symbol": "AKU",
        "company": "Akumin Inc.",
        "change_pct": 75.4,
        "premarket": 0.24,
        "volume": 3351000,
        "category": "g",
        "source": "tv",
        "shortable": false,
        "exchange_name": "NASD",
        "market_cap": 12.44859,
        "existing": false
    },
    {
        "symbol": "EBET",
        "company": "EBET, INC.",
        "change_pct": 65.06,
        "premarket": 0.0685,
        "volume": 159362000,
        "category": "g",
        "source": "tv",
        "shortable": true,
        "exchange_name": "NASD",
        "market_cap": 5.42582,
        "existing": false
    },
    {
        "symbol": "GSMG",
        "company": "Glory Star New Media Group Holdings Limited",
        "change_pct": 37.98,
        "premarket": 0.6885,
        "volume": 8746000,
        "category": "g",
        "source": "tv",
        "shortable": true,
        "exchange_name": "NASD",
        "market_cap": 46.06666,
        "existing": false
    },
    {
        "symbol": "LIFW",
        "company": "MSP Recovery, Inc.",
        "change_pct": 33.56,
        "premarket": 0.16,
        "volume": 6421000,
        "category": "g",
        "source": "tv",
        "shortable": true,
        "exchange_name": "NASD",
        "market_cap": 411.8547,
        "existing": false
    },
    {
        "symbol": "DLO",
        "company": "DLocal Limited",
        "change_pct": 27.94,
        "premarket": 19.83,
        "volume": 825497,
        "category": "g",
        "source": "tv",
        "shortable": true,
        "exchange_name": "NASD",
        "market_cap": 4553.84,
        "existing": false
    },
    {
        "symbol": "SONN",
        "company": "Sonnet BioTherapeutics Holdings, Inc.",
        "change_pct": 21.4,
        "premarket": 0.3971,
        "volume": 7997000,
        "category": "g",
        "source": "tv",
        "shortable": true,
        "exchange_name": "NASD",
        "market_cap": 12.59695,
        "existing": false
    },
    {
        "symbol": "TIVC",
        "company": "Tivic Health Systems, Inc.",
        "change_pct": 20.43,
        "premarket": 0.0448,
        "volume": 19956000,
        "category": "g",
        "source": "tv",
        "shortable": false,
        "exchange_name": "NASD",
        "market_cap": 5.45355,
        "existing": false
    },
    {
        "symbol": "RAYA",
        "company": "Erayak Power Solution Group Inc.",
        "change_pct": 20.16,
        "premarket": 1.55,
        "volume": 900,
        "category": "g",
        "source": "tv",
        "shortable": true,
        "exchange_name": "NASD",
        "market_cap": 16.0605,
        "existing": false
    },
    {
        "symbol": "AURC",
        "company": "Aurora Acquisition Corp.",
        "change_pct": 17.71,
        "premarket": 29.44,
        "volume": 2298,
        "category": "g",
        "source": "tv",
        "shortable": true,
        "exchange_name": "NASD",
        "market_cap": 225.0627,
        "existing": false
    },
    {
        "symbol": "DTIL",
        "company": "Precision BioSciences, Inc.",
        "change_pct": 17.65,
        "premarket": 0.624,
        "volume": 4139000,
        "category": "g",
        "source": "tv",
        "shortable": true,
        "exchange_name": "NASD",
        "market_cap": 61.0334,
        "existing": false
    },
    {
        "symbol": "IPDN",
        "company": "Professional Diversity Network, Inc.",
        "change_pct": 16.84,
        "premarket": 3.4,
        "volume": 8302,
        "category": "g",
        "source": "tv",
        "shortable": true,
        "exchange_name": "NASD",
        "market_cap": 31.25181,
        "existing": false
    },
    {
        "symbol": "HSDT",
        "company": "Helius Medical Technologies, Inc.",
        "change_pct": 16.34,
        "premarket": 0.2058,
        "volume": 435049,
        "category": "g",
        "source": "tv",
        "shortable": true,
        "exchange_name": "NASD",
        "market_cap": 5.006,
        "existing": false
    },
    {
        "symbol": "NIR",
        "company": "Near Intelligence, Inc.",
        "change_pct": 15.51,
        "premarket": 0.5183,
        "volume": 49315,
        "category": "g",
        "source": "tv",
        "shortable": true,
        "exchange_name": "NASD",
        "market_cap": 23.21713,
        "existing": false
    },
    {
        "symbol": "IDAI",
        "company": "T Stamp Inc.",
        "change_pct": 15.38,
        "premarket": 2.7,
        "volume": 45434,
        "category": "g",
        "source": "tv",
        "shortable": true,
        "exchange_name": "NASD",
        "market_cap": 17.42309,
        "existing": false
    },
    {
        "symbol": "EAST",
        "company": "Eastside Distilling, Inc.",
        "change_pct": 13.04,
        "premarket": 2.47,
        "volume": 750,
        "category": "g",
        "source": "tv",
        "shortable": true,
        "exchange_name": "NASD",
        "market_cap": 1.82012,
        "existing": false
    },
    {
        "symbol": "RVSN",
        "company": "Rail Vision Ltd.",
        "change_pct": 13.01,
        "premarket": 0.469,
        "volume": 100,
        "category": "g",
        "source": "tv",
        "shortable": false,
        "exchange_name": "NASD",
        "market_cap": 8.31613,
        "existing": false
    },
    {
        "symbol": "TCRT",
        "company": "Alaunos Therapeutics, Inc.",
        "change_pct": 12.95,
        "premarket": 0.157,
        "volume": 1765000,
        "category": "g",
        "source": "tv",
        "shortable": true,
        "exchange_name": "NASD",
        "market_cap": 33.44716,
        "existing": false
    },
    {
        "symbol": "WTER",
        "company": "The Alkaline Water Company Inc.",
        "change_pct": 12.5,
        "premarket": 1.53,
        "volume": 8230,
        "category": "g",
        "source": "tv",
        "shortable": true,
        "exchange_name": "NASD",
        "market_cap": 13.78865,
        "existing": false
    },
    {
        "symbol": "GMBL",
        "company": "Esports Entertainment Group Inc.",
        "change_pct": 12.32,
        "premarket": 0.2234,
        "volume": 793111,
        "category": "g",
        "source": "tv",
        "shortable": true,
        "exchange_name": "NASD",
        "market_cap": 4.44693,
        "existing": false
    },
    {
        "symbol": "TTOO",
        "company": "T2 Biosystems, Inc.",
        "change_pct": 12.28,
        "premarket": 0.6637,
        "volume": 31920000,
        "category": "g",
        "source": "tv",
        "shortable": true,
        "exchange_name": "NASD",
        "market_cap": 197.1791,
        "existing": false
    },
    {
        "symbol": "OCTO",
        "company": "Eightco Holdings Inc.",
        "change_pct": 12.26,
        "premarket": 1.19,
        "volume": 621206,
        "category": "g",
        "source": "tv",
        "shortable": true,
        "exchange_name": "NASD",
        "market_cap": 3.09698,
        "existing": false
    },
    {
        "symbol": "RNAZ",
        "company": "TransCode Therapeutics, Inc.",
        "change_pct": 11.11,
        "premarket": 1.8,
        "volume": 1300,
        "category": "g",
        "source": "tv",
        "shortable": false,
        "exchange_name": "NASD",
        "market_cap": 1.37688,
        "existing": false
    },
    {
        "symbol": "TWIN",
        "company": "Twin Disc, Incorporated",
        "change_pct": 10.58,
        "premarket": 14.0,
        "volume": 1119,
        "category": "g",
        "source": "tv",
        "shortable": true,
        "exchange_name": "NASD",
        "market_cap": 174.9068,
        "existing": false
    },
    {
        "symbol": "KULR",
        "company": "KULR Technology Group, Inc.",
        "change_pct": 10.34,
        "premarket": 0.95,
        "volume": 44561,
        "category": "g",
        "source": "tv",
        "shortable": false,
        "exchange_name": "AMEX",
        "market_cap": 253.2361,
        "existing": false
    },
    {
        "symbol": "VFS",
        "company": "VinFast Auto Ltd.",
        "change_pct": -14.06,
        "premarket": 31.85,
        "volume": 82269,
        "category": "l",
        "source": "tv",
        "shortable": false,
        "exchange_name": "NASD",
        "market_cap": 86060.38,
        "existing": false
    },
    {
        "symbol": "JKHY",
        "company": "Jack Henry & Associates, Inc.",
        "change_pct": -7.31,
        "premarket": 156.01,
        "volume": 462,
        "category": "l",
        "source": "tv",
        "shortable": true,
        "exchange_name": "NASD",
        "market_cap": 12265.64,
        "existing": false
    },
    {
        "symbol": "HESM",
        "company": "Hess Midstream LP",
        "change_pct": -5.71,
        "premarket": 28.9,
        "volume": 128067,
        "category": "l",
        "source": "tv",
        "shortable": true,
        "exchange_name": "NYSE",
        "market_cap": 7140.584,
        "existing": false
    },
    {
        "symbol": "FRSH",
        "company": "Freshworks Inc.",
        "change_pct": -5.18,
        "premarket": 21.25,
        "volume": 300,
        "category": "l",
        "source": "tv",
        "shortable": true,
        "exchange_name": "NASD",
        "market_cap": 6578.833,
        "existing": false
    },
    {
        "symbol": "COHR",
        "company": "Coherent Corp.",
        "change_pct": -13.21,
        "premarket": 40.8,
        "volume": 910900,
        "category": "l",
        "source": "tv",
        "shortable": true,
        "exchange_name": "NYSE",
        "market_cap": 6552.149,
        "existing": false
    },
    {
        "symbol": "TSEM",
        "company": "Tower Semiconductor Ltd.",
        "change_pct": -10.95,
        "premarket": 30.08,
        "volume": 1645000,
        "category": "l",
        "source": "tv",
        "shortable": true,
        "exchange_name": "NASD",
        "market_cap": 3719.955,
        "existing": false
    },
    {
        "symbol": "MQ",
        "company": "Marqeta, Inc.",
        "change_pct": -4.76,
        "premarket": 5.6,
        "volume": 230742,
        "category": "l",
        "source": "tv",
        "shortable": true,
        "exchange_name": "NASD",
        "market_cap": 3178.889,
        "existing": false
    },
    {
        "symbol": "EBC",
        "company": "Eastern Bankshares, Inc.",
        "change_pct": -4.15,
        "premarket": 13.38,
        "volume": 135,
        "category": "l",
        "source": "tv",
        "shortable": true,
        "exchange_name": "NASD",
        "market_cap": 2462.218,
        "existing": false
    },
    {
        "symbol": "MRCY",
        "company": "Mercury Systems Inc",
        "change_pct": -9.46,
        "premarket": 30.64,
        "volume": 17616,
        "category": "l",
        "source": "tv",
        "shortable": true,
        "exchange_name": "NASD",
        "market_cap": 1969.153,
        "existing": false
    },
    {
        "symbol": "ARHS",
        "company": "Arhaus, Inc.",
        "change_pct": -8.68,
        "premarket": 11.15,
        "volume": 11634,
        "category": "l",
        "source": "tv",
        "shortable": true,
        "exchange_name": "NASD",
        "market_cap": 1712.846,
        "existing": false
    },
    {
        "symbol": "ACHR",
        "company": "Archer Aviation Inc.",
        "change_pct": -4.25,
        "premarket": 6.08,
        "volume": 604782,
        "category": "l",
        "source": "tv",
        "shortable": true,
        "exchange_name": "NYSE",
        "market_cap": 1623.924,
        "existing": false
    },
    {
        "symbol": "ZIM",
        "company": "ZIM Integrated Shipping Services Ltd.",
        "change_pct": -5.51,
        "premarket": 12.7,
        "volume": 173042,
        "category": "l",
        "source": "tv",
        "shortable": true,
        "exchange_name": "NYSE",
        "market_cap": 1615.274,
        "existing": false
    },
    {
        "symbol": "BTDR",
        "company": "Bitdeer Technologies Group",
        "change_pct": -6.37,
        "premarket": 12.65,
        "volume": 200,
        "category": "l",
        "source": "tv",
        "shortable": true,
        "exchange_name": "NASD",
        "market_cap": 1503.509,
        "existing": false
    },
    {
        "symbol": "ECX",
        "company": "ECARX Holdings Inc.",
        "change_pct": -6.11,
        "premarket": 4.15,
        "volume": 586,
        "category": "l",
        "source": "tv",
        "shortable": true,
        "exchange_name": "NASD",
        "market_cap": 1491.288,
        "existing": false
    },
    {
        "symbol": "WABC",
        "company": "Westamerica Bancorporation",
        "change_pct": -4.99,
        "premarket": 44.02,
        "volume": 100,
        "category": "l",
        "source": "tv",
        "shortable": true,
        "exchange_name": "NASD",
        "market_cap": 1234.628,
        "existing": false
    },
    {
        "symbol": "HLLY",
        "company": "Holley Inc.",
        "change_pct": -11.74,
        "premarket": 6.47,
        "volume": 40323,
        "category": "l",
        "source": "tv",
        "shortable": true,
        "exchange_name": "NYSE",
        "market_cap": 867.4586,
        "existing": false
    },
    {
        "symbol": "KIND",
        "company": "Nextdoor Holdings, Inc.",
        "change_pct": -7.59,
        "premarket": 2.07,
        "volume": 211528,
        "category": "l",
        "source": "tv",
        "shortable": true,
        "exchange_name": "NYSE",
        "market_cap": 852.9247,
        "existing": false
    },
    {
        "symbol": "ALPN",
        "company": "Alpine Immune Sciences, Inc.",
        "change_pct": -4.44,
        "premarket": 12.9,
        "volume": 813,
        "category": "l",
        "source": "tv",
        "shortable": true,
        "exchange_name": "NASD",
        "market_cap": 647.5388,
        "existing": false
    },
    {
        "symbol": "SPGC",
        "company": "Sacks Parente Golf, Inc.",
        "change_pct": -34.41,
        "premarket": 19.0,
        "volume": 88678,
        "category": "l",
        "source": "tv",
        "shortable": false,
        "exchange_name": "NASD",
        "market_cap": 566.9977,
        "existing": false
    },
    {
        "symbol": "WE",
        "company": "WeWork Inc.",
        "change_pct": -3.9,
        "premarket": 0.1848,
        "volume": 3266000,
        "category": "l",
        "source": "tv",
        "shortable": true,
        "exchange_name": "NYSE",
        "market_cap": 409.5912,
        "existing": false
    },
    {
        "symbol": "CARM",
        "company": "Carisma Therapeutics, Inc.",
        "change_pct": -4.82,
        "premarket": 6.51,
        "volume": 300,
        "category": "l",
        "source": "tv",
        "shortable": true,
        "exchange_name": "NASD",
        "market_cap": 275.5483,
        "existing": false
    },
    {
        "symbol": "OBIO",
        "company": "Orchestra BioMed Holdings, Inc.",
        "change_pct": -4.26,
        "premarket": 5.4,
        "volume": 170,
        "category": "l",
        "source": "tv",
        "shortable": true,
        "exchange_name": "NASD",
        "market_cap": 201.5947,
        "existing": false
    },
    {
        "symbol": "HYPR",
        "company": "Hyperfine, Inc.",
        "change_pct": -7.82,
        "premarket": 2.12,
        "volume": 551,
        "category": "l",
        "source": "tv",
        "shortable": false,
        "exchange_name": "NASD",
        "market_cap": 163.4761,
        "existing": false
    },
    {
        "symbol": "BLZE",
        "company": "Backblaze, Inc.",
        "change_pct": -4.81,
        "premarket": 4.16,
        "volume": 1250,
        "category": "l",
        "source": "tv",
        "shortable": false,
        "exchange_name": "NASD",
        "market_cap": 151.202,
        "existing": false
    },
    {
        "symbol": "TSHA",
        "company": "Taysha Gene Therapies, Inc.",
        "change_pct": -10.55,
        "premarket": 1.95,
        "volume": 453350,
        "category": "l",
        "source": "tv",
        "shortable": true,
        "exchange_name": "NASD",
        "market_cap": 139.9093,
        "existing": false
    }
]