[
    {
        "symbol": "MKDW",
        "company": "MKDWELL Tech Inc.",
        "change_pct": 111.31,
        "premarket": 0.6745,
        "volume": 34460000,
        "category": "g",
        "source": "tv",
        "shortable": true,
        "exchange_name": "NASDAQ",
        "market_cap": 43085802,
        "existing": false
    },
    {
        "symbol": "LIMN",
        "company": "Liminatus Pharma, Inc.",
        "change_pct": 85.68,
        "premarket": 23.6,
        "volume": 529600,
        "category": "g",
        "source": "tv",
        "shortable": true,
        "exchange_name": "NASDAQ",
        "market_cap": 137877554,
        "existing": false
    },
    {
        "symbol": "RVYL",
        "company": "Ryvyl Inc.",
        "change_pct": 71.62,
        "premarket": 0.6596,
        "volume": 51550000,
        "category": "g",
        "source": "tv",
        "shortable": true,
        "exchange_name": "NASDAQ",
        "market_cap": 3743274,
        "existing": false
    },
    {
        "symbol": "ZENA",
        "company": "ZenaTech, Inc.",
        "change_pct": 46.86,
        "premarket": 4.67,
        "volume": 15800000,
        "category": "g",
        "source": "tv",
        "shortable": true,
        "exchange_name": "NASDAQ",
        "market_cap": 77194594,
        "existing": false
    },
    {
        "symbol": "MCTR",
        "company": "CTRL Group Limited",
        "change_pct": 36.0,
        "premarket": 20.94,
        "volume": 723790,
        "category": "g",
        "source": "tv",
        "shortable": true,
        "exchange_name": "NASDAQ",
        "market_cap": 503370000,
        "existing": false
    },
    {
        "symbol": "CTNT",
        "company": "Cheetah Net Supply Chain Service Inc.",
        "change_pct": 34.51,
        "premarket": 1.91,
        "volume": 14430000,
        "category": "g",
        "source": "tv",
        "shortable": true,
        "exchange_name": "NASDAQ",
        "market_cap": 4409873,
        "existing": false
    },
    {
        "symbol": "BW",
        "company": "Babcock & Wilcox Enterprises, Inc.",
        "change_pct": 29.81,
        "premarket": 1.05,
        "volume": 3520000,
        "category": "g",
        "source": "tv",
        "shortable": true,
        "exchange_name": "NYSE",
        "market_cap": 82659380,
        "existing": false
    },
    {
        "symbol": "KRON",
        "company": "Kronos Bio, Inc.",
        "change_pct": 27.3,
        "premarket": 0.859,
        "volume": 4420000,
        "category": "g",
        "source": "tv",
        "shortable": true,
        "exchange_name": "NASDAQ",
        "market_cap": 41459065,
        "existing": false
    },
    {
        "symbol": "PL",
        "company": "Planet Labs PBC",
        "change_pct": 25.81,
        "premarket": 5.02,
        "volume": 2570000,
        "category": "g",
        "source": "tv",
        "shortable": true,
        "exchange_name": "NYSE",
        "market_cap": 1165117171,
        "existing": false
    },
    {
        "symbol": "TGL",
        "company": "Treasure Global Inc.",
        "change_pct": 22.3,
        "premarket": 1.81,
        "volume": 13420000,
        "category": "g",
        "source": "tv",
        "shortable": true,
        "exchange_name": "NASDAQ",
        "market_cap": 1541361,
        "existing": false
    },
    {
        "symbol": "ZJK",
        "company": "ZJK Industrial Co., Ltd.",
        "change_pct": 19.71,
        "premarket": 5.77,
        "volume": 7350000,
        "category": "g",
        "source": "tv",
        "shortable": false,
        "exchange_name": "NASDAQ",
        "market_cap": 274374183,
        "existing": false
    },
    {
        "symbol": "MDB",
        "company": "MongoDB, Inc.",
        "change_pct": 18.82,
        "premarket": 237.32,
        "volume": 223310,
        "category": "g",
        "source": "tv",
        "shortable": true,
        "exchange_name": "NASDAQ",
        "market_cap": 15730109706,
        "existing": false
    },
    {
        "symbol": "VRNT",
        "company": "Verint Systems Inc.",
        "change_pct": 18.79,
        "premarket": 21.78,
        "volume": 65370,
        "category": "g",
        "source": "tv",
        "shortable": true,
        "exchange_name": "NASDAQ",
        "market_cap": 1072121001,
        "existing": false
    },
    {
        "symbol": "GIFT",
        "company": "Giftify, Inc.",
        "change_pct": 16.67,
        "premarket": 1.96,
        "volume": 21480,
        "category": "g",
        "source": "tv",
        "shortable": true,
        "exchange_name": "NASDAQ",
        "market_cap": 49281684,
        "existing": false
    },
    {
        "symbol": "AGMH",
        "company": "AGM Group Holdings Inc.",
        "change_pct": 16.22,
        "premarket": 4.37,
        "volume": 35720,
        "category": "g",
        "source": "tv",
        "shortable": true,
        "exchange_name": "NASDAQ",
        "market_cap": 5922837,
        "existing": false
    },
    {
        "symbol": "PYPD",
        "company": "PolyPid Ltd.",
        "change_pct": 15.77,
        "premarket": 3.45,
        "volume": 7660,
        "category": "g",
        "source": "tv",
        "shortable": true,
        "exchange_name": "NASDAQ",
        "market_cap": 0,
        "existing": false
    },
    {
        "symbol": "AMZE",
        "company": "Amaze Holdings, Inc.",
        "change_pct": 11.29,
        "premarket": 0.35,
        "volume": 7150,
        "category": "g",
        "source": "tv",
        "shortable": true,
        "exchange_name": "NYSE American",
        "market_cap": 5702579,
        "existing": false
    },
    {
        "symbol": "FIVE",
        "company": "Five Below, Inc.",
        "change_pct": 11.14,
        "premarket": 134.75,
        "volume": 113900,
        "category": "g",
        "source": "tv",
        "shortable": true,
        "exchange_name": "NASDAQ",
        "market_cap": 6728389604,
        "existing": false
    },
    {
        "symbol": "ROLR",
        "company": "High Roller Technologies, Inc.",
        "change_pct": 11.11,
        "premarket": 3.5,
        "volume": 420,
        "category": "g",
        "source": "tv",
        "shortable": true,
        "exchange_name": "NYSE American",
        "market_cap": 25196278,
        "existing": false
    },
    {
        "symbol": "SUGP",
        "company": "SU Group Holdings Limited",
        "change_pct": 10.94,
        "premarket": 0.882,
        "volume": 5730,
        "category": "g",
        "source": "tv",
        "shortable": true,
        "exchange_name": "NASDAQ",
        "market_cap": 11174932,
        "existing": false
    },
    {
        "symbol": "CRWV",
        "company": "CoreWeave, Inc.",
        "change_pct": -5.44,
        "premarket": 154.22,
        "volume": 891900,
        "category": "l",
        "source": "tv",
        "shortable": true,
        "exchange_name": "NASDAQ",
        "market_cap": 72226958973,
        "existing": false
    },
    {
        "symbol": "PVH",
        "company": "PVH Corp.",
        "change_pct": -10.28,
        "premarket": 72.5,
        "volume": 31160,
        "category": "l",
        "source": "tv",
        "shortable": true,
        "exchange_name": "NYSE",
        "market_cap": 4344653275,
        "existing": false
    },
    {
        "symbol": "ARHS",
        "company": "Arhaus, Inc.",
        "change_pct": -4.98,
        "premarket": 8.4,
        "volume": 320,
        "category": "l",
        "source": "tv",
        "shortable": true,
        "exchange_name": "NASDAQ",
        "market_cap": 1230351393,
        "existing": false
    },
    {
        "symbol": "WGO",
        "company": "Winnebago Industries, Inc.",
        "change_pct": -11.23,
        "premarket": 31.0,
        "volume": 20130,
        "category": "l",
        "source": "tv",
        "shortable": true,
        "exchange_name": "NYSE",
        "market_cap": 954824389,
        "existing": false
    },
    {
        "symbol": "CBLL",
        "company": "CeriBell, Inc.",
        "change_pct": -9.48,
        "premarket": 15.52,
        "volume": 300,
        "category": "l",
        "source": "tv",
        "shortable": true,
        "exchange_name": "NASDAQ",
        "market_cap": 611901362,
        "existing": false
    },
    {
        "symbol": "FUFU",
        "company": "BitFuFu Inc.",
        "change_pct": -7.12,
        "premarket": 3.39,
        "volume": 113990,
        "category": "l",
        "source": "tv",
        "shortable": true,
        "exchange_name": "NASDAQ",
        "market_cap": 577397417,
        "existing": false
    },
    {
        "symbol": "CHPT",
        "company": "ChargePoint Holdings, Inc.",
        "change_pct": -14.69,
        "premarket": 0.7451,
        "volume": 540780,
        "category": "l",
        "source": "tv",
        "shortable": true,
        "exchange_name": "NYSE",
        "market_cap": 356301223,
        "existing": false
    },
    {
        "symbol": "ZYBT",
        "company": "Zhengye Biotechnology Holding Limited",
        "change_pct": -5.13,
        "premarket": 6.1,
        "volume": 1350,
        "category": "l",
        "source": "tv",
        "shortable": true,
        "exchange_name": "NASDAQ",
        "market_cap": 336952683,
        "existing": false
    },
    {
        "symbol": "CTGO",
        "company": "Contango ORE, Inc.",
        "change_pct": -4.95,
        "premarket": 19.95,
        "volume": 100,
        "category": "l",
        "source": "tv",
        "shortable": true,
        "exchange_name": "NYSE American",
        "market_cap": 251250125,
        "existing": false
    },
    {
        "symbol": "FHTX",
        "company": "Foghorn Therapeutics Inc.",
        "change_pct": -4.76,
        "premarket": 4.0,
        "volume": 539,
        "category": "l",
        "source": "tv",
        "shortable": true,
        "exchange_name": "NASDAQ",
        "market_cap": 243032386,
        "existing": false
    },
    {
        "symbol": "BARK",
        "company": "BARK, Inc.",
        "change_pct": -14.81,
        "premarket": 1.15,
        "volume": 43310,
        "category": "l",
        "source": "tv",
        "shortable": true,
        "exchange_name": "NYSE",
        "market_cap": 229138457,
        "existing": false
    },
    {
        "symbol": "IHRT",
        "company": "iHeartMedia, Inc.",
        "change_pct": -8.19,
        "premarket": 1.29,
        "volume": 200,
        "category": "l",
        "source": "tv",
        "shortable": true,
        "exchange_name": "NASDAQ",
        "market_cap": 195162203,
        "existing": false
    },
    {
        "symbol": "NKTR",
        "company": "Nektar Therapeutics",
        "change_pct": -7.01,
        "premarket": 0.694,
        "volume": 54850,
        "category": "l",
        "source": "tv",
        "shortable": true,
        "exchange_name": "NASDAQ",
        "market_cap": 139484639,
        "existing": false
    },
    {
        "symbol": "INSG",
        "company": "Inseego Corp.",
        "change_pct": -5.56,
        "premarket": 7.31,
        "volume": 100,
        "category": "l",
        "source": "tv",
        "shortable": true,
        "exchange_name": "NASDAQ",
        "market_cap": 111806336,
        "existing": false
    },
    {
        "symbol": "NCL",
        "company": "Northann Corp.",
        "change_pct": -4.38,
        "premarket": 1.31,
        "volume": 26800,
        "category": "l",
        "source": "tv",
        "shortable": true,
        "exchange_name": "NYSE American",
        "market_cap": 108829416,
        "existing": false
    },
    {
        "symbol": "NAUT",
        "company": "Nautilus Biotechnology, Inc.",
        "change_pct": -4.37,
        "premarket": 0.741,
        "volume": 1100,
        "category": "l",
        "source": "tv",
        "shortable": true,
        "exchange_name": "NASDAQ",
        "market_cap": 96856794,
        "existing": false
    },
    {
        "symbol": "BMGL",
        "company": "Basel Medical Group Ltd",
        "change_pct": -7.17,
        "premarket": 4.53,
        "volume": 155460,
        "category": "l",
        "source": "tv",
        "shortable": true,
        "exchange_name": "NASDAQ",
        "market_cap": 95619467,
        "existing": false
    },
    {
        "symbol": "CBUS",
        "company": "Cibus, Inc.",
        "change_pct": -30.08,
        "premarket": 1.65,
        "volume": 504080,
        "category": "l",
        "source": "tv",
        "shortable": true,
        "exchange_name": "NASDAQ",
        "market_cap": 91482106,
        "existing": false
    },
    {
        "symbol": "NTRB",
        "company": "Nutriband Inc.",
        "change_pct": -5.01,
        "premarket": 7.77,
        "volume": 100,
        "category": "l",
        "source": "tv",
        "shortable": true,
        "exchange_name": "NASDAQ",
        "market_cap": 85748854,
        "existing": false
    },
    {
        "symbol": "PHOE",
        "company": "Phoenix Asia Holdings Limited",
        "change_pct": -5.62,
        "premarket": 3.4,
        "volume": 405,
        "category": "l",
        "source": "tv",
        "shortable": true,
        "exchange_name": "NASDAQ",
        "market_cap": 77760000,
        "existing": false
    }
]