[
    {
        "symbol": "AWIN",
        "company": "AERWINS Technologies Inc.",
        "change_pct": 56.19,
        "premarket": 0.3772,
        "volume": 14284000,
        "category": "g",
        "source": "tv",
        "shortable": false,
        "exchange_name": "NASD",
        "market_cap": 13.55777,
        "existing": false
    },
    {
        "symbol": "PACW",
        "company": "PacWest Bancorp",
        "change_pct": 26.92,
        "premarket": 9.76,
        "volume": 2226000,
        "category": "g",
        "source": "tv",
        "shortable": true,
        "exchange_name": "NASD",
        "market_cap": 907.7014,
        "existing": false
    },
    {
        "symbol": "ABVC",
        "company": "ABVC BioPharma, Inc.",
        "change_pct": 26.84,
        "premarket": 4.82,
        "volume": 185452,
        "category": "g",
        "source": "tv",
        "shortable": false,
        "exchange_name": "NASD",
        "market_cap": 12.57068,
        "existing": false
    },
    {
        "symbol": "TLRY",
        "company": "Tilray Brands, Inc.",
        "change_pct": 20.83,
        "premarket": 2.03,
        "volume": 11351000,
        "category": "g",
        "source": "tv",
        "shortable": true,
        "exchange_name": "NASD",
        "market_cap": 1113.375,
        "existing": false
    },
    {
        "symbol": "VICR",
        "company": "Vicor Corporation",
        "change_pct": 17.05,
        "premarket": 69.54,
        "volume": 48462,
        "category": "g",
        "source": "tv",
        "shortable": true,
        "exchange_name": "NASD",
        "market_cap": 2626.771,
        "existing": false
    },
    {
        "symbol": "LSEA",
        "company": "Landsea Homes Corporation",
        "change_pct": 14.58,
        "premarket": 11.16,
        "volume": 200,
        "category": "g",
        "source": "tv",
        "shortable": true,
        "exchange_name": "NASD",
        "market_cap": 387.908,
        "existing": false
    },
    {
        "symbol": "LIVN",
        "company": "LivaNova PLC",
        "change_pct": 14.22,
        "premarket": 61.2,
        "volume": 5519,
        "category": "g",
        "source": "tv",
        "shortable": true,
        "exchange_name": "NASD",
        "market_cap": 2880.897,
        "existing": false
    },
    {
        "symbol": "NLSP",
        "company": "NLS Pharmaceutics Ltd.",
        "change_pct": 13.61,
        "premarket": 0.88,
        "volume": 49771,
        "category": "g",
        "source": "tv",
        "shortable": false,
        "exchange_name": "NASD",
        "market_cap": 25.11942,
        "existing": false
    },
    {
        "symbol": "SHPW",
        "company": "Shapeways Holdings, Inc.",
        "change_pct": 13.4,
        "premarket": 4.23,
        "volume": 301,
        "category": "g",
        "source": "tv",
        "shortable": false,
        "exchange_name": "NYSE",
        "market_cap": 23.71397,
        "existing": false
    },
    {
        "symbol": "HUMA",
        "company": "Humacyte, Inc.",
        "change_pct": 13.24,
        "premarket": 3.25,
        "volume": 1700,
        "category": "g",
        "source": "tv",
        "shortable": true,
        "exchange_name": "NASD",
        "market_cap": 296.7817,
        "existing": false
    },
    {
        "symbol": "AULT",
        "company": "Ault Alliance, Inc.",
        "change_pct": 13.22,
        "premarket": 3.94,
        "volume": 2583000,
        "category": "g",
        "source": "tv",
        "shortable": true,
        "exchange_name": "AMEX",
        "market_cap": 155.8324,
        "existing": false
    },
    {
        "symbol": "TALS",
        "company": "Talaris Therapeutics, Inc.",
        "change_pct": 12.28,
        "premarket": 3.28,
        "volume": 799,
        "category": "g",
        "source": "tv",
        "shortable": false,
        "exchange_name": "NASD",
        "market_cap": 123.8391,
        "existing": false
    },
    {
        "symbol": "CLVR",
        "company": "Clever Leaves Holdings Inc.",
        "change_pct": 12.2,
        "premarket": 0.23,
        "volume": 7162,
        "category": "g",
        "source": "tv",
        "shortable": true,
        "exchange_name": "NASD",
        "market_cap": 9.33144,
        "existing": false
    },
    {
        "symbol": "SFR",
        "company": "Appreciate Holdings, Inc.",
        "change_pct": 12.09,
        "premarket": 0.3161,
        "volume": 455,
        "category": "g",
        "source": "tv",
        "shortable": false,
        "exchange_name": "NASD",
        "market_cap": 15.6922,
        "existing": false
    },
    {
        "symbol": "TKAT",
        "company": "Takung Art Co., Ltd.",
        "change_pct": 11.99,
        "premarket": 0.2577,
        "volume": 400,
        "category": "g",
        "source": "tv",
        "shortable": false,
        "exchange_name": "AMEX",
        "market_cap": 101.6234,
        "existing": false
    },
    {
        "symbol": "PHUN",
        "company": "Phunware, Inc.",
        "change_pct": 11.84,
        "premarket": 0.4127,
        "volume": 982715,
        "category": "g",
        "source": "tv",
        "shortable": true,
        "exchange_name": "NASD",
        "market_cap": 38.61886,
        "existing": false
    },
    {
        "symbol": "STRC",
        "company": "Sarcos Technology and Robotics Corporation",
        "change_pct": 11.72,
        "premarket": 1.62,
        "volume": 242623,
        "category": "g",
        "source": "tv",
        "shortable": true,
        "exchange_name": "NASD",
        "market_cap": 37.28917,
        "existing": false
    },
    {
        "symbol": "GRRR",
        "company": "Gorilla Technology Group Inc.",
        "change_pct": 11.03,
        "premarket": 2.43,
        "volume": 2260000,
        "category": "g",
        "source": "tv",
        "shortable": true,
        "exchange_name": "NASD",
        "market_cap": 148.0472,
        "existing": false
    },
    {
        "symbol": "TSEM",
        "company": "Tower Semiconductor Ltd.",
        "change_pct": 10.98,
        "premarket": 38.6,
        "volume": 881717,
        "category": "g",
        "source": "tv",
        "shortable": true,
        "exchange_name": "NASD",
        "market_cap": 3827.708,
        "existing": false
    },
    {
        "symbol": "TENB",
        "company": "Tenable Holdings, Inc.",
        "change_pct": 10.32,
        "premarket": 48.3,
        "volume": 2832,
        "category": "g",
        "source": "tv",
        "shortable": true,
        "exchange_name": "NASD",
        "market_cap": 5027.399,
        "existing": false
    },
    {
        "symbol": "YCBD",
        "company": "cbdMD, Inc.",
        "change_pct": 9.8,
        "premarket": 1.47,
        "volume": 314,
        "category": "g",
        "source": "tv",
        "shortable": true,
        "exchange_name": "AMEX",
        "market_cap": 134.5935,
        "existing": false
    },
    {
        "symbol": "GMVD",
        "company": "G Medical Innovations Holdings Ltd.",
        "change_pct": 8.97,
        "premarket": 0.3656,
        "volume": 6100,
        "category": "g",
        "source": "tv",
        "shortable": false,
        "exchange_name": "NASD",
        "market_cap": 4.68744,
        "existing": false
    },
    {
        "symbol": "ADES",
        "company": "Advanced Emissions Solutions, Inc.",
        "change_pct": 8.96,
        "premarket": 2.72,
        "volume": 394,
        "category": "g",
        "source": "tv",
        "shortable": true,
        "exchange_name": "NASD",
        "market_cap": 67.93632,
        "existing": false
    },
    {
        "symbol": "PRG",
        "company": "PROG Holdings, Inc.",
        "change_pct": 8.94,
        "premarket": 39.5,
        "volume": 187,
        "category": "g",
        "source": "tv",
        "shortable": true,
        "exchange_name": "NYSE",
        "market_cap": 1694.937,
        "existing": false
    },
    {
        "symbol": "STRR",
        "company": "Star Equity Holdings, Inc.",
        "change_pct": 8.57,
        "premarket": 1.04,
        "volume": 100,
        "category": "g",
        "source": "tv",
        "shortable": true,
        "exchange_name": "NASD",
        "market_cap": 14.55633,
        "existing": false
    },
    {
        "symbol": "TXN",
        "company": "Texas Instruments Incorporated",
        "change_pct": -4.61,
        "premarket": 177.5,
        "volume": 34109,
        "category": "l",
        "source": "tv",
        "shortable": true,
        "exchange_name": "NASD",
        "market_cap": 168896.2,
        "existing": false
    },
    {
        "symbol": "WM",
        "company": "Waste Management, Inc.",
        "change_pct": -4.8,
        "premarket": 163.5,
        "volume": 783,
        "category": "l",
        "source": "tv",
        "shortable": true,
        "exchange_name": "NYSE",
        "market_cap": 69870.77,
        "existing": false
    },
    {
        "symbol": "CSGP",
        "company": "CoStar Group, Inc.",
        "change_pct": -5.23,
        "premarket": 87.0,
        "volume": 700,
        "category": "l",
        "source": "tv",
        "shortable": true,
        "exchange_name": "NASD",
        "market_cap": 37503.9,
        "existing": false
    },
    {
        "symbol": "DDOG",
        "company": "Datadog, Inc.",
        "change_pct": -3.94,
        "premarket": 110.76,
        "volume": 39361,
        "category": "l",
        "source": "tv",
        "shortable": true,
        "exchange_name": "NASD",
        "market_cap": 37112.2,
        "existing": false
    },
    {
        "symbol": "ENPH",
        "company": "Enphase Energy, Inc.",
        "change_pct": -4.8,
        "premarket": 170.85,
        "volume": 60164,
        "category": "l",
        "source": "tv",
        "shortable": true,
        "exchange_name": "NASD",
        "market_cap": 24595.24,
        "existing": false
    },
    {
        "symbol": "SNAP",
        "company": "Snap Inc.",
        "change_pct": -17.43,
        "premarket": 10.33,
        "volume": 3141000,
        "category": "l",
        "source": "tv",
        "shortable": true,
        "exchange_name": "NYSE",
        "market_cap": 20125.96,
        "existing": false
    },
    {
        "symbol": "SEDG",
        "company": "SolarEdge Technologies, Inc.",
        "change_pct": -3.53,
        "premarket": 250.3,
        "volume": 4133,
        "category": "l",
        "source": "tv",
        "shortable": true,
        "exchange_name": "NASD",
        "market_cap": 14619.2,
        "existing": false
    },
    {
        "symbol": "RHI",
        "company": "Robert Half Inc.",
        "change_pct": -10.78,
        "premarket": 71.56,
        "volume": 3471,
        "category": "l",
        "source": "tv",
        "shortable": true,
        "exchange_name": "NYSE",
        "market_cap": 8643.656,
        "existing": false
    },
    {
        "symbol": "PLUG",
        "company": "Plug Power, Inc.",
        "change_pct": -3.72,
        "premarket": 11.39,
        "volume": 510447,
        "category": "l",
        "source": "tv",
        "shortable": true,
        "exchange_name": "NASD",
        "market_cap": 7104.35,
        "existing": false
    },
    {
        "symbol": "EEFT",
        "company": "Euronet Worldwide, Inc.",
        "change_pct": -5.02,
        "premarket": 111.01,
        "volume": 590,
        "category": "l",
        "source": "tv",
        "shortable": true,
        "exchange_name": "NASD",
        "market_cap": 5800.375,
        "existing": false
    },
    {
        "symbol": "OMF",
        "company": "OneMain Holdings, Inc.",
        "change_pct": -6.31,
        "premarket": 45.01,
        "volume": 21913,
        "category": "l",
        "source": "tv",
        "shortable": true,
        "exchange_name": "NYSE",
        "market_cap": 5793.01,
        "existing": false
    },
    {
        "symbol": "SLAB",
        "company": "Silicon Laboratories, Inc.",
        "change_pct": -9.21,
        "premarket": 144.1,
        "volume": 200,
        "category": "l",
        "source": "tv",
        "shortable": true,
        "exchange_name": "NASD",
        "market_cap": 5078.548,
        "existing": false
    },
    {
        "symbol": "RUN",
        "company": "Sunrun Inc.",
        "change_pct": -6.21,
        "premarket": 19.04,
        "volume": 151062,
        "category": "l",
        "source": "tv",
        "shortable": true,
        "exchange_name": "NASD",
        "market_cap": 4376.92,
        "existing": false
    },
    {
        "symbol": "BHF",
        "company": "Brighthouse Financial, Inc.",
        "change_pct": -16.61,
        "premarket": 42.48,
        "volume": 100,
        "category": "l",
        "source": "tv",
        "shortable": true,
        "exchange_name": "NASD",
        "market_cap": 3405.875,
        "existing": false
    },
    {
        "symbol": "ARRY",
        "company": "Array Technologies, Inc.",
        "change_pct": -4.61,
        "premarket": 18.2,
        "volume": 16237,
        "category": "l",
        "source": "tv",
        "shortable": true,
        "exchange_name": "NASD",
        "market_cap": 2878.277,
        "existing": false
    },
    {
        "symbol": "WIRE",
        "company": "Encore Wire Corporation",
        "change_pct": -6.26,
        "premarket": 151.0,
        "volume": 2094,
        "category": "l",
        "source": "tv",
        "shortable": true,
        "exchange_name": "NASD",
        "market_cap": 2830.378,
        "existing": false
    },
    {
        "symbol": "MXL",
        "company": "MaxLinear, Inc",
        "change_pct": -30.5,
        "premarket": 23.63,
        "volume": 1127000,
        "category": "l",
        "source": "tv",
        "shortable": true,
        "exchange_name": "NASD",
        "market_cap": 2719.359,
        "existing": false
    },
    {
        "symbol": "CSIQ",
        "company": "Canadian Solar Inc.",
        "change_pct": -3.72,
        "premarket": 36.0,
        "volume": 20754,
        "category": "l",
        "source": "tv",
        "shortable": true,
        "exchange_name": "NASD",
        "market_cap": 2417.394,
        "existing": false
    },
    {
        "symbol": "NOVA",
        "company": "Sunnova Energy International Inc.",
        "change_pct": -4.3,
        "premarket": 19.81,
        "volume": 26504,
        "category": "l",
        "source": "tv",
        "shortable": true,
        "exchange_name": "NYSE",
        "market_cap": 2407.205,
        "existing": false
    },
    {
        "symbol": "SPWR",
        "company": "SunPower Corporation",
        "change_pct": -17.02,
        "premarket": 9.31,
        "volume": 372620,
        "category": "l",
        "source": "tv",
        "shortable": true,
        "exchange_name": "NASD",
        "market_cap": 1963.079,
        "existing": false
    },
    {
        "symbol": "RES",
        "company": "RPC, Inc.",
        "change_pct": -10.04,
        "premarket": 8.06,
        "volume": 16969,
        "category": "l",
        "source": "tv",
        "shortable": true,
        "exchange_name": "NYSE",
        "market_cap": 1938.673,
        "existing": false
    },
    {
        "symbol": "RILY",
        "company": "B. Riley Financial, Inc.",
        "change_pct": -3.52,
        "premarket": 55.69,
        "volume": 45248,
        "category": "l",
        "source": "tv",
        "shortable": true,
        "exchange_name": "NASD",
        "market_cap": 1623.989,
        "existing": false
    },
    {
        "symbol": "MAXN",
        "company": "Maxeon Solar Technologies, Ltd.",
        "change_pct": -4.5,
        "premarket": 27.14,
        "volume": 3132,
        "category": "l",
        "source": "tv",
        "shortable": true,
        "exchange_name": "NASD",
        "market_cap": 1492.897,
        "existing": false
    },
    {
        "symbol": "MNTK",
        "company": "Montauk Renewables, Inc.",
        "change_pct": -12.19,
        "premarket": 7.78,
        "volume": 200,
        "category": "l",
        "source": "tv",
        "shortable": true,
        "exchange_name": "NASD",
        "market_cap": 1272.843,
        "existing": false
    },
    {
        "symbol": "EVLV",
        "company": "Evolv Technologies Holdings, Inc.",
        "change_pct": -3.97,
        "premarket": 5.8,
        "volume": 300,
        "category": "l",
        "source": "tv",
        "shortable": true,
        "exchange_name": "NASD",
        "market_cap": 896.5097,
        "existing": false
    }
]