[
    {
        "symbol": "LYRA",
        "company": "Lyra Therapeutics, Inc.",
        "change_pct": 508.52,
        "premarket": 30.0,
        "volume": 5790000,
        "category": "g",
        "source": "tv",
        "shortable": false,
        "exchange_name": "NASDAQ",
        "market_cap": 6533945,
        "existing": false
    },
    {
        "symbol": "INM",
        "company": "InMed Pharmaceuticals Inc.",
        "change_pct": 141.77,
        "premarket": 6.02,
        "volume": 13370000,
        "category": "g",
        "source": "tv",
        "shortable": true,
        "exchange_name": "NASDAQ",
        "market_cap": 3005893,
        "existing": false
    },
    {
        "symbol": "OGEN",
        "company": "Oragenics Inc.",
        "change_pct": 106.08,
        "premarket": 0.2473,
        "volume": 59830000,
        "category": "g",
        "source": "tv",
        "shortable": true,
        "exchange_name": "NYSE American",
        "market_cap": 2577034,
        "existing": false
    },
    {
        "symbol": "VERA",
        "company": "Vera Therapeutics, Inc.",
        "change_pct": 67.81,
        "premarket": 31.8,
        "volume": 838340,
        "category": "g",
        "source": "tv",
        "shortable": true,
        "exchange_name": "NASDAQ",
        "market_cap": 1208520294,
        "existing": false
    },
    {
        "symbol": "BNAI",
        "company": "Brand Engagement Network Inc.",
        "change_pct": 61.04,
        "premarket": 0.4493,
        "volume": 65230000,
        "category": "g",
        "source": "tv",
        "shortable": true,
        "exchange_name": "NASDAQ",
        "market_cap": 11794574,
        "existing": false
    },
    {
        "symbol": "BMGL",
        "company": "Basel Medical Group Ltd",
        "change_pct": 42.43,
        "premarket": 8.66,
        "volume": 16730000,
        "category": "g",
        "source": "tv",
        "shortable": true,
        "exchange_name": "NASDAQ",
        "market_cap": 114217360,
        "existing": false
    },
    {
        "symbol": "KYMR",
        "company": "Kymera Therapeutics, Inc.",
        "change_pct": 36.64,
        "premarket": 40.5,
        "volume": 91080,
        "category": "g",
        "source": "tv",
        "shortable": true,
        "exchange_name": "NASDAQ",
        "market_cap": 1930143995,
        "existing": false
    },
    {
        "symbol": "TIL",
        "company": "Instil Bio, Inc.",
        "change_pct": 35.44,
        "premarket": 36.5,
        "volume": 56270,
        "category": "g",
        "source": "tv",
        "shortable": true,
        "exchange_name": "NASDAQ",
        "market_cap": 176763082,
        "existing": false
    },
    {
        "symbol": "PSTV",
        "company": "PLUS THERAPEUTICS, Inc.",
        "change_pct": 35.24,
        "premarket": 0.388,
        "volume": 37310000,
        "category": "g",
        "source": "tv",
        "shortable": true,
        "exchange_name": "NASDAQ",
        "market_cap": 4877192,
        "existing": false
    },
    {
        "symbol": "BPMC",
        "company": "Blueprint Medicines Corporation",
        "change_pct": 26.53,
        "premarket": 128.24,
        "volume": 1080000,
        "category": "g",
        "source": "tv",
        "shortable": true,
        "exchange_name": "NASDAQ",
        "market_cap": 6545402220,
        "existing": false
    },
    {
        "symbol": "CLF",
        "company": "Cleveland-Cliffs Inc.",
        "change_pct": 26.07,
        "premarket": 7.35,
        "volume": 5780000,
        "category": "g",
        "source": "tv",
        "shortable": true,
        "exchange_name": "NYSE",
        "market_cap": 2883845663,
        "existing": false
    },
    {
        "symbol": "NTRB",
        "company": "Nutriband Inc.",
        "change_pct": 24.61,
        "premarket": 8.1,
        "volume": 28890,
        "category": "g",
        "source": "tv",
        "shortable": true,
        "exchange_name": "NASDAQ",
        "market_cap": 72291511,
        "existing": false
    },
    {
        "symbol": "IRD",
        "company": "Opus Genetics, Inc.",
        "change_pct": 21.67,
        "premarket": 1.21,
        "volume": 710820,
        "category": "g",
        "source": "tv",
        "shortable": true,
        "exchange_name": "NASDAQ",
        "market_cap": 45233661,
        "existing": false
    },
    {
        "symbol": "CISO",
        "company": "CISO Global, Inc.",
        "change_pct": 21.25,
        "premarket": 0.9821,
        "volume": 1550000,
        "category": "g",
        "source": "tv",
        "shortable": true,
        "exchange_name": "NASDAQ",
        "market_cap": 25548072,
        "existing": false
    },
    {
        "symbol": "CENX",
        "company": "Century Aluminum Company",
        "change_pct": 18.72,
        "premarket": 18.39,
        "volume": 86130,
        "category": "g",
        "source": "tv",
        "shortable": true,
        "exchange_name": "NASDAQ",
        "market_cap": 1445264383,
        "existing": false
    },
    {
        "symbol": "NIVF",
        "company": "NewGenIvf Group Limited",
        "change_pct": 18.32,
        "premarket": 2.39,
        "volume": 4990000,
        "category": "g",
        "source": "tv",
        "shortable": true,
        "exchange_name": "NASDAQ",
        "market_cap": 1516632,
        "existing": false
    },
    {
        "symbol": "APLD",
        "company": "Applied Digital Corporation",
        "change_pct": 18.3,
        "premarket": 8.08,
        "volume": 9780000,
        "category": "g",
        "source": "tv",
        "shortable": true,
        "exchange_name": "NASDAQ",
        "market_cap": 1534821979,
        "existing": false
    },
    {
        "symbol": "LPCN",
        "company": "Lipocine Inc.",
        "change_pct": 18.05,
        "premarket": 3.99,
        "volume": 1860,
        "category": "g",
        "source": "tv",
        "shortable": true,
        "exchange_name": "NASDAQ",
        "market_cap": 18084203,
        "existing": false
    },
    {
        "symbol": "ATAI",
        "company": "ATAI Life Sciences N.V.",
        "change_pct": 16.93,
        "premarket": 2.7,
        "volume": 569460,
        "category": "g",
        "source": "tv",
        "shortable": true,
        "exchange_name": "NASDAQ",
        "market_cap": 462779876,
        "existing": false
    },
    {
        "symbol": "FAAS",
        "company": "DigiAsia Corp.",
        "change_pct": 16.54,
        "premarket": 1.55,
        "volume": 10260000,
        "category": "g",
        "source": "tv",
        "shortable": true,
        "exchange_name": "NASDAQ",
        "market_cap": 80720143,
        "existing": false
    },
    {
        "symbol": "DKNG",
        "company": "DraftKings Inc.",
        "change_pct": -5.38,
        "premarket": 33.95,
        "volume": 265300,
        "category": "l",
        "source": "tv",
        "shortable": true,
        "exchange_name": "NASDAQ",
        "market_cap": 17806728440,
        "existing": false
    },
    {
        "symbol": "IPG",
        "company": "Interpublic Group of Companies, Inc. (The)",
        "change_pct": -4.05,
        "premarket": 22.99,
        "volume": 19760,
        "category": "l",
        "source": "tv",
        "shortable": true,
        "exchange_name": "NYSE",
        "market_cap": 8858843555,
        "existing": false
    },
    {
        "symbol": "NBIS",
        "company": "Nebius Group N.V.",
        "change_pct": -5.28,
        "premarket": 34.81,
        "volume": 1230000,
        "category": "l",
        "source": "tv",
        "shortable": true,
        "exchange_name": "NASDAQ",
        "market_cap": 8750499576,
        "existing": false
    },
    {
        "symbol": "OKLO",
        "company": "Oklo Inc.",
        "change_pct": -5.05,
        "premarket": 50.06,
        "volume": 687470,
        "category": "l",
        "source": "tv",
        "shortable": true,
        "exchange_name": "NYSE",
        "market_cap": 7329045039,
        "existing": false
    },
    {
        "symbol": "BBIO",
        "company": "BridgeBio Pharma, Inc.",
        "change_pct": -4.99,
        "premarket": 32.54,
        "volume": 403,
        "category": "l",
        "source": "tv",
        "shortable": true,
        "exchange_name": "NASDAQ",
        "market_cap": 6503414660,
        "existing": false
    },
    {
        "symbol": "SAIC",
        "company": "Science Applications International Corporation",
        "change_pct": -6.35,
        "premarket": 108.2,
        "volume": 2250,
        "category": "l",
        "source": "tv",
        "shortable": true,
        "exchange_name": "NASDAQ",
        "market_cap": 5449708339,
        "existing": false
    },
    {
        "symbol": "LIF",
        "company": "Life360, Inc.",
        "change_pct": -3.86,
        "premarket": 61.1,
        "volume": 6020,
        "category": "l",
        "source": "tv",
        "shortable": true,
        "exchange_name": "NASDAQ",
        "market_cap": 4931801756,
        "existing": false
    },
    {
        "symbol": "LZMH",
        "company": "LZ Technology Holdings Limited",
        "change_pct": -5.47,
        "premarket": 25.05,
        "volume": 261,
        "category": "l",
        "source": "tv",
        "shortable": true,
        "exchange_name": "NASDAQ",
        "market_cap": 4022700000,
        "existing": false
    },
    {
        "symbol": "INTR",
        "company": "Inter & Co. Inc.",
        "change_pct": -4.92,
        "premarket": 6.77,
        "volume": 100,
        "category": "l",
        "source": "tv",
        "shortable": true,
        "exchange_name": "NASDAQ",
        "market_cap": 3129666224,
        "existing": false
    },
    {
        "symbol": "ASTL",
        "company": "Algoma Steel Group Inc.",
        "change_pct": -9.11,
        "premarket": 4.79,
        "volume": 32040,
        "category": "l",
        "source": "tv",
        "shortable": true,
        "exchange_name": "NASDAQ",
        "market_cap": 553001136,
        "existing": false
    },
    {
        "symbol": "ARVN",
        "company": "Arvinas, Inc.",
        "change_pct": -7.47,
        "premarket": 6.66,
        "volume": 48670,
        "category": "l",
        "source": "tv",
        "shortable": true,
        "exchange_name": "NASDAQ",
        "market_cap": 525538008,
        "existing": false
    },
    {
        "symbol": "RYET",
        "company": "Ruanyun Edai Technology Inc.",
        "change_pct": -5.17,
        "premarket": 11.93,
        "volume": 600,
        "category": "l",
        "source": "tv",
        "shortable": true,
        "exchange_name": "NASDAQ",
        "market_cap": 424575050,
        "existing": false
    },
    {
        "symbol": "RZLT",
        "company": "Rezolute, Inc.",
        "change_pct": -3.88,
        "premarket": 3.96,
        "volume": 612,
        "category": "l",
        "source": "tv",
        "shortable": true,
        "exchange_name": "NASDAQ",
        "market_cap": 249405951,
        "existing": false
    },
    {
        "symbol": "LOGC",
        "company": "ContextLogic Inc.",
        "change_pct": -15.85,
        "premarket": 6.9,
        "volume": 37180,
        "category": "l",
        "source": "tv",
        "shortable": true,
        "exchange_name": "NASDAQ",
        "market_cap": 218794310,
        "existing": false
    },
    {
        "symbol": "AREN",
        "company": "The Arena Group Holdings, Inc.",
        "change_pct": -3.99,
        "premarket": 4.1,
        "volume": 255,
        "category": "l",
        "source": "tv",
        "shortable": true,
        "exchange_name": "NYSE American",
        "market_cap": 203085265,
        "existing": false
    },
    {
        "symbol": "BROG",
        "company": "Brooge Energy Limited",
        "change_pct": -5.88,
        "premarket": 1.6,
        "volume": 64430,
        "category": "l",
        "source": "tv",
        "shortable": true,
        "exchange_name": "NASDAQ",
        "market_cap": 186299350,
        "existing": false
    },
    {
        "symbol": "ZVIA",
        "company": "Zevia PBC",
        "change_pct": -4.04,
        "premarket": 2.61,
        "volume": 3230,
        "category": "l",
        "source": "tv",
        "shortable": true,
        "exchange_name": "NYSE",
        "market_cap": 179695848,
        "existing": false
    },
    {
        "symbol": "SMRT",
        "company": "SmartRent, Inc.",
        "change_pct": -5.05,
        "premarket": 0.8017,
        "volume": 42670,
        "category": "l",
        "source": "tv",
        "shortable": true,
        "exchange_name": "NYSE",
        "market_cap": 158879112,
        "existing": false
    },
    {
        "symbol": "ELA",
        "company": "Envela Corporation",
        "change_pct": -13.79,
        "premarket": 5.0,
        "volume": 499,
        "category": "l",
        "source": "tv",
        "shortable": true,
        "exchange_name": "NYSE American",
        "market_cap": 150772165,
        "existing": false
    },
    {
        "symbol": "LUCD",
        "company": "Lucid Diagnostics Inc.",
        "change_pct": -8.63,
        "premarket": 1.27,
        "volume": 13650,
        "category": "l",
        "source": "tv",
        "shortable": true,
        "exchange_name": "NASDAQ",
        "market_cap": 150382686,
        "existing": false
    }
]