[
    {
        "symbol": "DCTH",
        "company": "Delcath Systems, Inc.",
        "change_pct": 90.38,
        "premarket": 5.94,
        "volume": 8861000,
        "category": "g",
        "source": "tv",
        "shortable": true,
        "exchange_name": "NASD",
        "market_cap": 47.66264,
        "existing": false
    },
    {
        "symbol": "TLSA",
        "company": "Tiziana Life Sciences Ltd",
        "change_pct": 50.81,
        "premarket": 0.9083,
        "volume": 12156000,
        "category": "g",
        "source": "tv",
        "shortable": true,
        "exchange_name": "NASD",
        "market_cap": 61.5988,
        "existing": false
    },
    {
        "symbol": "NVOS",
        "company": "Novo Integrated Sciences, Inc.",
        "change_pct": 48.1,
        "premarket": 0.105,
        "volume": 5670000,
        "category": "g",
        "source": "tv",
        "shortable": false,
        "exchange_name": "NASD",
        "market_cap": 10.52398,
        "existing": false
    },
    {
        "symbol": "GMVD",
        "company": "G Medical Innovations Holdings Ltd.",
        "change_pct": 43.33,
        "premarket": 0.261,
        "volume": 6718000,
        "category": "g",
        "source": "tv",
        "shortable": false,
        "exchange_name": "NASD",
        "market_cap": 2.54421,
        "existing": false
    },
    {
        "symbol": "RCRT",
        "company": "Recruiter.com Group, Inc.",
        "change_pct": 24.93,
        "premarket": 0.2531,
        "volume": 5163000,
        "category": "g",
        "source": "tv",
        "shortable": false,
        "exchange_name": "NASD",
        "market_cap": 3.48676,
        "existing": false
    },
    {
        "symbol": "GRND",
        "company": "Grindr Inc.",
        "change_pct": 21.32,
        "premarket": 5.69,
        "volume": 27882,
        "category": "g",
        "source": "tv",
        "shortable": true,
        "exchange_name": "NYSE",
        "market_cap": 815.3331,
        "existing": false
    },
    {
        "symbol": "SOLO",
        "company": "Electrameccanica Vehicles Corp. Ltd.",
        "change_pct": 20.61,
        "premarket": 0.81,
        "volume": 560606,
        "category": "g",
        "source": "tv",
        "shortable": true,
        "exchange_name": "NASD",
        "market_cap": 80.11377,
        "existing": false
    },
    {
        "symbol": "SCYX",
        "company": "SCYNEXIS, Inc.",
        "change_pct": 18.93,
        "premarket": 3.33,
        "volume": 1092000,
        "category": "g",
        "source": "tv",
        "shortable": true,
        "exchange_name": "NASD",
        "market_cap": 102.2488,
        "existing": false
    },
    {
        "symbol": "SONM",
        "company": "Sonim Technologies, Inc.",
        "change_pct": 18.37,
        "premarket": 0.6509,
        "volume": 1782000,
        "category": "g",
        "source": "tv",
        "shortable": false,
        "exchange_name": "NASD",
        "market_cap": 22.54339,
        "existing": false
    },
    {
        "symbol": "TRNR",
        "company": "Interactive Strength Inc.",
        "change_pct": 17.02,
        "premarket": 1.65,
        "volume": 3500,
        "category": "g",
        "source": "tv",
        "shortable": true,
        "exchange_name": "NASD",
        "market_cap": 20.18159,
        "existing": false
    },
    {
        "symbol": "GROV",
        "company": "Grove Collaborative Holdings, Inc.",
        "change_pct": 16.44,
        "premarket": 2.55,
        "volume": 52488,
        "category": "g",
        "source": "tv",
        "shortable": false,
        "exchange_name": "NYSE",
        "market_cap": 79.79904,
        "existing": false
    },
    {
        "symbol": "EVOK",
        "company": "Evoke Pharma, Inc.",
        "change_pct": 15.44,
        "premarket": 1.57,
        "volume": 1296,
        "category": "g",
        "source": "tv",
        "shortable": true,
        "exchange_name": "NASD",
        "market_cap": 4.54658,
        "existing": false
    },
    {
        "symbol": "HUBC",
        "company": "Hub Cyber Security Ltd.",
        "change_pct": 15.03,
        "premarket": 0.62,
        "volume": 36677,
        "category": "g",
        "source": "tv",
        "shortable": true,
        "exchange_name": "NASD",
        "market_cap": 52.6624,
        "existing": false
    },
    {
        "symbol": "TSHA",
        "company": "Taysha Gene Therapies, Inc.",
        "change_pct": 14.55,
        "premarket": 2.44,
        "volume": 4056000,
        "category": "g",
        "source": "tv",
        "shortable": true,
        "exchange_name": "NASD",
        "market_cap": 136.7003,
        "existing": false
    },
    {
        "symbol": "AREN",
        "company": "The Arena Group Holdings, Inc.",
        "change_pct": 14.2,
        "premarket": 3.86,
        "volume": 10908,
        "category": "g",
        "source": "tv",
        "shortable": true,
        "exchange_name": "AMEX",
        "market_cap": 1.57735,
        "existing": false
    },
    {
        "symbol": "PNAC",
        "company": "Prime Number Acquisition I Corp.",
        "change_pct": 13.95,
        "premarket": 8.66,
        "volume": 9864,
        "category": "g",
        "source": "tv",
        "shortable": false,
        "exchange_name": "NASD",
        "market_cap": 0.0,
        "existing": false
    },
    {
        "symbol": "JOB",
        "company": "GEE Group Inc.",
        "change_pct": 13.16,
        "premarket": 0.49,
        "volume": 36493,
        "category": "g",
        "source": "tv",
        "shortable": false,
        "exchange_name": "AMEX",
        "market_cap": 62.52705,
        "existing": false
    },
    {
        "symbol": "LL",
        "company": "LL Flooring Holdings, Inc.",
        "change_pct": 12.8,
        "premarket": 4.23,
        "volume": 17158,
        "category": "g",
        "source": "tv",
        "shortable": true,
        "exchange_name": "NYSE",
        "market_cap": 115.2174,
        "existing": false
    },
    {
        "symbol": "CTM",
        "company": "Castellum, Inc.",
        "change_pct": 12.5,
        "premarket": 0.54,
        "volume": 975046,
        "category": "g",
        "source": "tv",
        "shortable": false,
        "exchange_name": "AMEX",
        "market_cap": 0.0,
        "existing": false
    },
    {
        "symbol": "CING",
        "company": "Cingulate Inc.",
        "change_pct": 12.3,
        "premarket": 0.6199,
        "volume": 89979,
        "category": "g",
        "source": "tv",
        "shortable": false,
        "exchange_name": "NASD",
        "market_cap": 6.46069,
        "existing": false
    },
    {
        "symbol": "BIOR",
        "company": "Biora Therapeutics, Inc.",
        "change_pct": 11.76,
        "premarket": 3.54,
        "volume": 700,
        "category": "g",
        "source": "tv",
        "shortable": true,
        "exchange_name": "NASD",
        "market_cap": 42.3779,
        "existing": false
    },
    {
        "symbol": "CENN",
        "company": "Cenntro Electric Group Limited",
        "change_pct": 11.6,
        "premarket": 0.3472,
        "volume": 76158,
        "category": "g",
        "source": "tv",
        "shortable": true,
        "exchange_name": "NASD",
        "market_cap": 94.71411,
        "existing": false
    },
    {
        "symbol": "MEDS",
        "company": "TRxADE HEALTH, Inc.",
        "change_pct": 11.41,
        "premarket": 8.2,
        "volume": 356,
        "category": "g",
        "source": "tv",
        "shortable": false,
        "exchange_name": "NASD",
        "market_cap": 5.0232,
        "existing": false
    },
    {
        "symbol": "PPSI",
        "company": "Pioneer Power Solutions, Inc.",
        "change_pct": 11.16,
        "premarket": 7.07,
        "volume": 2998,
        "category": "g",
        "source": "tv",
        "shortable": true,
        "exchange_name": "NASD",
        "market_cap": 62.12159,
        "existing": false
    },
    {
        "symbol": "NVTS",
        "company": "Navitas Semiconductor Corporation",
        "change_pct": 11.15,
        "premarket": 9.57,
        "volume": 70828,
        "category": "g",
        "source": "tv",
        "shortable": true,
        "exchange_name": "NASD",
        "market_cap": 1484.735,
        "existing": false
    },
    {
        "symbol": "CME",
        "company": "CME Group Inc.",
        "change_pct": -5.09,
        "premarket": 195.95,
        "volume": 100,
        "category": "l",
        "source": "tv",
        "shortable": true,
        "exchange_name": "NASD",
        "market_cap": 74269.6,
        "existing": false
    },
    {
        "symbol": "DFS",
        "company": "Discover Financial Services",
        "change_pct": -8.18,
        "premarket": 94.25,
        "volume": 102223,
        "category": "l",
        "source": "tv",
        "shortable": true,
        "exchange_name": "NYSE",
        "market_cap": 25657.16,
        "existing": false
    },
    {
        "symbol": "ONON",
        "company": "On Holding AG",
        "change_pct": -9.01,
        "premarket": 31.49,
        "volume": 413643,
        "category": "l",
        "source": "tv",
        "shortable": true,
        "exchange_name": "NYSE",
        "market_cap": 10983.68,
        "existing": false
    },
    {
        "symbol": "FRHC",
        "company": "Freedom Holding Corp.",
        "change_pct": -6.75,
        "premarket": 70.6,
        "volume": 489121,
        "category": "l",
        "source": "tv",
        "shortable": true,
        "exchange_name": "NASD",
        "market_cap": 4516.797,
        "existing": false
    },
    {
        "symbol": "HE",
        "company": "Hawaiian Electric Industries, Inc.",
        "change_pct": -5.87,
        "premarket": 20.2,
        "volume": 275741,
        "category": "l",
        "source": "tv",
        "shortable": true,
        "exchange_name": "NYSE",
        "market_cap": 2352.265,
        "existing": false
    },
    {
        "symbol": "HTH",
        "company": "Hilltop Holdings Inc.",
        "change_pct": -5.6,
        "premarket": 29.31,
        "volume": 800,
        "category": "l",
        "source": "tv",
        "shortable": true,
        "exchange_name": "NYSE",
        "market_cap": 2021.101,
        "existing": false
    },
    {
        "symbol": "GETY",
        "company": "Getty Images Holdings, Inc.",
        "change_pct": -17.56,
        "premarket": 3.75,
        "volume": 19340,
        "category": "l",
        "source": "tv",
        "shortable": true,
        "exchange_name": "NYSE",
        "market_cap": 1806.807,
        "existing": false
    },
    {
        "symbol": "AMLX",
        "company": "Amylyx Pharmaceuticals, Inc.",
        "change_pct": -7.44,
        "premarket": 19.42,
        "volume": 3882,
        "category": "l",
        "source": "tv",
        "shortable": true,
        "exchange_name": "NASD",
        "market_cap": 1413.585,
        "existing": false
    },
    {
        "symbol": "SHCO",
        "company": "Soho House & Co Inc.",
        "change_pct": -5.11,
        "premarket": 6.5,
        "volume": 100,
        "category": "l",
        "source": "tv",
        "shortable": true,
        "exchange_name": "NYSE",
        "market_cap": 1346.475,
        "existing": false
    },
    {
        "symbol": "RCKT",
        "company": "Rocket Pharmaceuticals, Inc.",
        "change_pct": -4.97,
        "premarket": 15.88,
        "volume": 807,
        "category": "l",
        "source": "tv",
        "shortable": true,
        "exchange_name": "NASD",
        "market_cap": 1345.582,
        "existing": false
    },
    {
        "symbol": "MKTW",
        "company": "MarketWise, Inc.",
        "change_pct": -6.71,
        "premarket": 1.53,
        "volume": 2101,
        "category": "l",
        "source": "tv",
        "shortable": true,
        "exchange_name": "NASD",
        "market_cap": 536.8097,
        "existing": false
    },
    {
        "symbol": "DSGN",
        "company": "Design Therapeutics, Inc.",
        "change_pct": -57.44,
        "premarket": 3.12,
        "volume": 382481,
        "category": "l",
        "source": "tv",
        "shortable": true,
        "exchange_name": "NASD",
        "market_cap": 410.0809,
        "existing": false
    },
    {
        "symbol": "SRRK",
        "company": "Scholar Rock Holding Corporation",
        "change_pct": -12.78,
        "premarket": 6.21,
        "volume": 190,
        "category": "l",
        "source": "tv",
        "shortable": true,
        "exchange_name": "NASD",
        "market_cap": 400.3745,
        "existing": false
    },
    {
        "symbol": "TLYS",
        "company": "Tilly's, Inc.",
        "change_pct": -6.34,
        "premarket": 8.27,
        "volume": 600,
        "category": "l",
        "source": "tv",
        "shortable": true,
        "exchange_name": "NYSE",
        "market_cap": 263.8366,
        "existing": false
    },
    {
        "symbol": "SLQT",
        "company": "SelectQuote, Inc.",
        "change_pct": -6.58,
        "premarket": 1.42,
        "volume": 6548,
        "category": "l",
        "source": "tv",
        "shortable": true,
        "exchange_name": "NYSE",
        "market_cap": 253.3185,
        "existing": false
    },
    {
        "symbol": "OPRX",
        "company": "OptimizeRx Corporation",
        "change_pct": -24.42,
        "premarket": 9.5,
        "volume": 8364,
        "category": "l",
        "source": "tv",
        "shortable": true,
        "exchange_name": "NASD",
        "market_cap": 215.2953,
        "existing": false
    },
    {
        "symbol": "HRTX",
        "company": "Heron Therapeutics, Inc.",
        "change_pct": -5.96,
        "premarket": 1.42,
        "volume": 17499,
        "category": "l",
        "source": "tv",
        "shortable": true,
        "exchange_name": "NASD",
        "market_cap": 212.5465,
        "existing": false
    },
    {
        "symbol": "BTM",
        "company": "Bitcoin Depot Inc.",
        "change_pct": -10.57,
        "premarket": 3.3,
        "volume": 31693,
        "category": "l",
        "source": "tv",
        "shortable": false,
        "exchange_name": "NASD",
        "market_cap": 212.3021,
        "existing": false
    },
    {
        "symbol": "INBK",
        "company": "First Internet Bancorp",
        "change_pct": -4.99,
        "premarket": 20.77,
        "volume": 1800,
        "category": "l",
        "source": "tv",
        "shortable": true,
        "exchange_name": "NASD",
        "market_cap": 190.5625,
        "existing": false
    },
    {
        "symbol": "VAQC",
        "company": "Vector Acquisition Corporation II",
        "change_pct": -11.39,
        "premarket": 9.02,
        "volume": 1095,
        "category": "l",
        "source": "tv",
        "shortable": true,
        "exchange_name": "NASD",
        "market_cap": 165.4945,
        "existing": false
    },
    {
        "symbol": "VCIG",
        "company": "VCI Global Limited",
        "change_pct": -9.54,
        "premarket": 3.51,
        "volume": 10743,
        "category": "l",
        "source": "tv",
        "shortable": true,
        "exchange_name": "NASD",
        "market_cap": 143.5769,
        "existing": false
    },
    {
        "symbol": "AREC",
        "company": "American Resources Corporation",
        "change_pct": -8.05,
        "premarket": 1.6,
        "volume": 9984,
        "category": "l",
        "source": "tv",
        "shortable": false,
        "exchange_name": "NASD",
        "market_cap": 136.0914,
        "existing": false
    },
    {
        "symbol": "LUNR",
        "company": "Intuitive Machines, Inc.",
        "change_pct": -7.32,
        "premarket": 7.72,
        "volume": 14045,
        "category": "l",
        "source": "tv",
        "shortable": true,
        "exchange_name": "NASD",
        "market_cap": 132.911,
        "existing": false
    },
    {
        "symbol": "BDSX",
        "company": "Biodesix, Inc.",
        "change_pct": -4.89,
        "premarket": 1.39,
        "volume": 100,
        "category": "l",
        "source": "tv",
        "shortable": true,
        "exchange_name": "NASD",
        "market_cap": 114.8945,
        "existing": false
    },
    {
        "symbol": "NPCE",
        "company": "Neuropace, Inc.",
        "change_pct": -16.55,
        "premarket": 3.73,
        "volume": 1000,
        "category": "l",
        "source": "tv",
        "shortable": true,
        "exchange_name": "NASD",
        "market_cap": 113.562,
        "existing": false
    }
]