[
    {
        "symbol": "CWBR",
        "company": "CohBar, Inc.",
        "change_pct": 185.81,
        "premarket": 4.43,
        "volume": 5134100,
        "category": "g",
        "source": "tv",
        "shortable": false,
        "exchange_name": "NASD",
        "market_cap": 4.50574,
        "existing": false
    },
    {
        "symbol": "SHPH",
        "company": "Shuttle Pharmaceuticals Holdings, Inc.",
        "change_pct": 66.99,
        "premarket": 1.72,
        "volume": 2904100,
        "category": "g",
        "source": "tv",
        "shortable": false,
        "exchange_name": "NASD",
        "market_cap": 14.06375,
        "existing": false
    },
    {
        "symbol": "HTCR",
        "company": "Heartcore Enterprises, Inc.",
        "change_pct": 53.13,
        "premarket": 1.96,
        "volume": 7690100,
        "category": "g",
        "source": "tv",
        "shortable": false,
        "exchange_name": "NASD",
        "market_cap": 26.67864,
        "existing": false
    },
    {
        "symbol": "OCEA",
        "company": "Ocean Biomedical, Inc.",
        "change_pct": 34.79,
        "premarket": 7.09,
        "volume": 402070,
        "category": "g",
        "source": "tv",
        "shortable": true,
        "exchange_name": "NASD",
        "market_cap": 177.6537,
        "existing": false
    },
    {
        "symbol": "SQL",
        "company": "SeqLL Inc.",
        "change_pct": 27.75,
        "premarket": 0.511,
        "volume": 2468100,
        "category": "g",
        "source": "tv",
        "shortable": false,
        "exchange_name": "NASD",
        "market_cap": 5.55455,
        "existing": false
    },
    {
        "symbol": "BIOC",
        "company": "Biocept, Inc.",
        "change_pct": 26.72,
        "premarket": 6.26,
        "volume": 312549,
        "category": "g",
        "source": "tv",
        "shortable": true,
        "exchange_name": "NASD",
        "market_cap": 2.92896,
        "existing": false
    },
    {
        "symbol": "LFCR",
        "company": "Lifecore Biomedical, Inc.",
        "change_pct": 25.75,
        "premarket": 6.74,
        "volume": 385719,
        "category": "g",
        "source": "tv",
        "shortable": true,
        "exchange_name": "NASD",
        "market_cap": 162.511,
        "existing": false
    },
    {
        "symbol": "CPIX",
        "company": "Cumberland Pharmaceuticals Inc.",
        "change_pct": 23.56,
        "premarket": 2.15,
        "volume": 128073,
        "category": "g",
        "source": "tv",
        "shortable": true,
        "exchange_name": "NASD",
        "market_cap": 25.14145,
        "existing": false
    },
    {
        "symbol": "AUVI",
        "company": "Applied UV, Inc.",
        "change_pct": 22.11,
        "premarket": 0.58,
        "volume": 3751100,
        "category": "g",
        "source": "tv",
        "shortable": false,
        "exchange_name": "NASD",
        "market_cap": 9.1377,
        "existing": false
    },
    {
        "symbol": "QUBT",
        "company": "Quantum Computing Inc.",
        "change_pct": 21.71,
        "premarket": 1.57,
        "volume": 6717099,
        "category": "g",
        "source": "tv",
        "shortable": false,
        "exchange_name": "NASD",
        "market_cap": 79.35062,
        "existing": false
    },
    {
        "symbol": "AMST",
        "company": "Amesite Inc.",
        "change_pct": 18.7,
        "premarket": 5.46,
        "volume": 163139,
        "category": "g",
        "source": "tv",
        "shortable": false,
        "exchange_name": "NASD",
        "market_cap": 11.70902,
        "existing": false
    },
    {
        "symbol": "IDAI",
        "company": "T Stamp Inc.",
        "change_pct": 16.55,
        "premarket": 1.69,
        "volume": 299443,
        "category": "g",
        "source": "tv",
        "shortable": false,
        "exchange_name": "NASD",
        "market_cap": 9.71018,
        "existing": false
    },
    {
        "symbol": "ICVX",
        "company": "Icosavax, Inc.",
        "change_pct": 14.49,
        "premarket": 9.01,
        "volume": 30697,
        "category": "g",
        "source": "tv",
        "shortable": true,
        "exchange_name": "NASD",
        "market_cap": 326.0293,
        "existing": false
    },
    {
        "symbol": "PACW",
        "company": "PacWest Bancorp",
        "change_pct": 14.45,
        "premarket": 7.84,
        "volume": 4986099,
        "category": "g",
        "source": "tv",
        "shortable": true,
        "exchange_name": "NASD",
        "market_cap": 808.5507,
        "existing": false
    },
    {
        "symbol": "LEXX",
        "company": "Lexaria Bioscience Corp.",
        "change_pct": 14.43,
        "premarket": 0.7889,
        "volume": 182210,
        "category": "g",
        "source": "tv",
        "shortable": false,
        "exchange_name": "NASD",
        "market_cap": 4.12651,
        "existing": false
    },
    {
        "symbol": "QTEK",
        "company": "QualTek Services Inc.",
        "change_pct": 14.32,
        "premarket": 0.2012,
        "volume": 1896,
        "category": "g",
        "source": "tv",
        "shortable": false,
        "exchange_name": "NASD",
        "market_cap": 8.99534,
        "existing": false
    },
    {
        "symbol": "GLG",
        "company": "TD Holdings, Inc.",
        "change_pct": 14.07,
        "premarket": 0.69,
        "volume": 1049,
        "category": "g",
        "source": "tv",
        "shortable": true,
        "exchange_name": "NASD",
        "market_cap": 87.83055,
        "existing": false
    },
    {
        "symbol": "NLS",
        "company": "Nautilus, Inc.",
        "change_pct": 12.9,
        "premarket": 1.4,
        "volume": 711,
        "category": "g",
        "source": "tv",
        "shortable": true,
        "exchange_name": "NYSE",
        "market_cap": 39.47226,
        "existing": false
    },
    {
        "symbol": "UFAB",
        "company": "Unique Fabricating, Inc.",
        "change_pct": 12.53,
        "premarket": 0.2201,
        "volume": 1405100,
        "category": "g",
        "source": "tv",
        "shortable": true,
        "exchange_name": "AMEX",
        "market_cap": 25.81695,
        "existing": false
    },
    {
        "symbol": "GGAA",
        "company": "Genesis Growth Tech Acquisition Corp.",
        "change_pct": 11.65,
        "premarket": 11.98,
        "volume": 4272,
        "category": "g",
        "source": "tv",
        "shortable": true,
        "exchange_name": "NASD",
        "market_cap": 333.3129,
        "existing": false
    },
    {
        "symbol": "CELU",
        "company": "Celularity Inc.",
        "change_pct": 11.6,
        "premarket": 0.7534,
        "volume": 338540,
        "category": "g",
        "source": "tv",
        "shortable": true,
        "exchange_name": "NASD",
        "market_cap": 117.9427,
        "existing": false
    },
    {
        "symbol": "MVLA",
        "company": "Movella Holdings Inc.",
        "change_pct": 11.46,
        "premarket": 2.14,
        "volume": 2069100,
        "category": "g",
        "source": "tv",
        "shortable": true,
        "exchange_name": "NASD",
        "market_cap": 97.74227,
        "existing": false
    },
    {
        "symbol": "BACK",
        "company": "IMAC Holdings, Inc.",
        "change_pct": 11.14,
        "premarket": 0.1576,
        "volume": 525893,
        "category": "g",
        "source": "tv",
        "shortable": true,
        "exchange_name": "NASD",
        "market_cap": 4.68182,
        "existing": false
    },
    {
        "symbol": "YELP",
        "company": "Yelp Inc.",
        "change_pct": 10.89,
        "premarket": 36.06,
        "volume": 81134,
        "category": "g",
        "source": "tv",
        "shortable": true,
        "exchange_name": "NYSE",
        "market_cap": 2238.618,
        "existing": false
    },
    {
        "symbol": "NAVB",
        "company": "Navidea Biopharmaceuticals, Inc.",
        "change_pct": 10.55,
        "premarket": 0.1236,
        "volume": 6120100,
        "category": "g",
        "source": "tv",
        "shortable": true,
        "exchange_name": "AMEX",
        "market_cap": 47.35629,
        "existing": false
    },
    {
        "symbol": "ARQQ",
        "company": "Arqit Quantum Inc.",
        "change_pct": 10.38,
        "premarket": 1.17,
        "volume": 1197100,
        "category": "g",
        "source": "tv",
        "shortable": true,
        "exchange_name": "NASD",
        "market_cap": 142.5759,
        "existing": false
    },
    {
        "symbol": "VBLT",
        "company": "Vascular Biogenics Ltd.",
        "change_pct": 10.0,
        "premarket": 0.2366,
        "volume": 217985,
        "category": "g",
        "source": "tv",
        "shortable": true,
        "exchange_name": "NASD",
        "market_cap": 15.16458,
        "existing": false
    },
    {
        "symbol": "CPTN",
        "company": "Cepton, Inc.",
        "change_pct": 9.9,
        "premarket": 0.3897,
        "volume": 5400,
        "category": "g",
        "source": "tv",
        "shortable": false,
        "exchange_name": "NASD",
        "market_cap": 55.61692,
        "existing": false
    },
    {
        "symbol": "GVP",
        "company": "GSE Systems, Inc.",
        "change_pct": 9.73,
        "premarket": 0.4499,
        "volume": 3780,
        "category": "g",
        "source": "tv",
        "shortable": false,
        "exchange_name": "NASD",
        "market_cap": 9.65993,
        "existing": false
    },
    {
        "symbol": "ADMP",
        "company": "Adamis Pharmaceuticals Corporation",
        "change_pct": 9.71,
        "premarket": 3.5,
        "volume": 1000,
        "category": "g",
        "source": "tv",
        "shortable": false,
        "exchange_name": "NASD",
        "market_cap": 7.92867,
        "existing": false
    },
    {
        "symbol": "SLNH",
        "company": "Soluna Holdings, Inc.",
        "change_pct": 9.7,
        "premarket": 0.224,
        "volume": 600,
        "category": "g",
        "source": "tv",
        "shortable": false,
        "exchange_name": "NASD",
        "market_cap": 11.60156,
        "existing": false
    },
    {
        "symbol": "GSUN",
        "company": "Golden Sun Education Group Limited",
        "change_pct": 9.62,
        "premarket": 1.14,
        "volume": 18475,
        "category": "g",
        "source": "tv",
        "shortable": false,
        "exchange_name": "NASD",
        "market_cap": 19.08971,
        "existing": false
    },
    {
        "symbol": "PYPD",
        "company": "PolyPid Ltd.",
        "change_pct": 9.37,
        "premarket": 0.39,
        "volume": 1450,
        "category": "g",
        "source": "tv",
        "shortable": false,
        "exchange_name": "NASD",
        "market_cap": 13.02111,
        "existing": false
    },
    {
        "symbol": "MLEC",
        "company": "Moolec Science SA",
        "change_pct": 8.97,
        "premarket": 3.28,
        "volume": 200,
        "category": "g",
        "source": "tv",
        "shortable": true,
        "exchange_name": "NASD",
        "market_cap": 113.0564,
        "existing": false
    },
    {
        "symbol": "GEG",
        "company": "Great Elm Group, Inc.",
        "change_pct": 8.74,
        "premarket": 2.24,
        "volume": 3846,
        "category": "g",
        "source": "tv",
        "shortable": true,
        "exchange_name": "NASD",
        "market_cap": 63.12647,
        "existing": false
    },
    {
        "symbol": "RNAZ",
        "company": "TransCode Therapeutics, Inc.",
        "change_pct": 8.7,
        "premarket": 5.85,
        "volume": 1264,
        "category": "g",
        "source": "tv",
        "shortable": false,
        "exchange_name": "NASD",
        "market_cap": 4.57431,
        "existing": false
    },
    {
        "symbol": "FNCH",
        "company": "Finch Therapeutics Group, Inc.",
        "change_pct": 8.65,
        "premarket": 0.3102,
        "volume": 3100,
        "category": "g",
        "source": "tv",
        "shortable": true,
        "exchange_name": "NASD",
        "market_cap": 13.74538,
        "existing": false
    },
    {
        "symbol": "LAB",
        "company": "Standard BioTools Inc.",
        "change_pct": 8.64,
        "premarket": 2.64,
        "volume": 1020,
        "category": "g",
        "source": "tv",
        "shortable": true,
        "exchange_name": "NASD",
        "market_cap": 190.4754,
        "existing": false
    },
    {
        "symbol": "PIRS",
        "company": "Pieris Pharmaceuticals, Inc.",
        "change_pct": 8.28,
        "premarket": 0.94,
        "volume": 94599,
        "category": "g",
        "source": "tv",
        "shortable": true,
        "exchange_name": "NASD",
        "market_cap": 71.20078,
        "existing": false
    },
    {
        "symbol": "OESX",
        "company": "Orion Energy Systems, Inc.",
        "change_pct": 8.28,
        "premarket": 1.57,
        "volume": 16966,
        "category": "g",
        "source": "tv",
        "shortable": true,
        "exchange_name": "NASD",
        "market_cap": 46.82481,
        "existing": false
    }
]