[
    {
        "symbol": "CLDI",
        "company": "Calidi Biotherapeutics, Inc.",
        "change_pct": 169.88,
        "premarket": 0.9041,
        "volume": 130050000,
        "category": "g",
        "source": "tv",
        "shortable": true,
        "exchange_name": "NYSE American",
        "market_cap": 8068937,
        "existing": false
    },
    {
        "symbol": "EVOK",
        "company": "Evoke Pharma, Inc.",
        "change_pct": 136.11,
        "premarket": 6.28,
        "volume": 10000000,
        "category": "g",
        "source": "tv",
        "shortable": true,
        "exchange_name": "NASDAQ",
        "market_cap": 5356887,
        "existing": false
    },
    {
        "symbol": "SUGP",
        "company": "SU Group Holdings Limited",
        "change_pct": 133.59,
        "premarket": 1.05,
        "volume": 50930000,
        "category": "g",
        "source": "tv",
        "shortable": true,
        "exchange_name": "NASDAQ",
        "market_cap": 6522172,
        "existing": false
    },
    {
        "symbol": "BMGL",
        "company": "Basel Medical Group Ltd",
        "change_pct": 74.18,
        "premarket": 3.17,
        "volume": 34760000,
        "category": "g",
        "source": "tv",
        "shortable": true,
        "exchange_name": "NASDAQ",
        "market_cap": 36068640,
        "existing": false
    },
    {
        "symbol": "PROK",
        "company": "ProKidney Corp.",
        "change_pct": 52.55,
        "premarket": 5.69,
        "volume": 44780000,
        "category": "g",
        "source": "tv",
        "shortable": true,
        "exchange_name": "NASDAQ",
        "market_cap": 80918597,
        "existing": false
    },
    {
        "symbol": "SOBR",
        "company": "SOBR Safe, Inc.",
        "change_pct": 45.7,
        "premarket": 4.91,
        "volume": 10830000,
        "category": "g",
        "source": "tv",
        "shortable": true,
        "exchange_name": "NASDAQ",
        "market_cap": 4260319,
        "existing": false
    },
    {
        "symbol": "MBRX",
        "company": "Moleculin Biotech, Inc.",
        "change_pct": 30.53,
        "premarket": 0.6806,
        "volume": 3740000,
        "category": "g",
        "source": "tv",
        "shortable": true,
        "exchange_name": "NASDAQ",
        "market_cap": 9369893,
        "existing": false
    },
    {
        "symbol": "PCSA",
        "company": "Processa Pharmaceuticals, Inc.",
        "change_pct": 23.35,
        "premarket": 0.262,
        "volume": 9260000,
        "category": "g",
        "source": "tv",
        "shortable": true,
        "exchange_name": "NASDAQ",
        "market_cap": 5076466,
        "existing": false
    },
    {
        "symbol": "GAME",
        "company": "GameSquare Holdings, Inc.",
        "change_pct": 23.05,
        "premarket": 1.9,
        "volume": 9490000,
        "category": "g",
        "source": "tv",
        "shortable": true,
        "exchange_name": "NASDAQ",
        "market_cap": 37950248,
        "existing": false
    },
    {
        "symbol": "MBIO",
        "company": "Mustang Bio, Inc.",
        "change_pct": 22.18,
        "premarket": 3.25,
        "volume": 11570000,
        "category": "g",
        "source": "tv",
        "shortable": true,
        "exchange_name": "NASDAQ",
        "market_cap": 14617984,
        "existing": false
    },
    {
        "symbol": "SRFM",
        "company": "Surf Air Mobility Inc.",
        "change_pct": 18.9,
        "premarket": 7.25,
        "volume": 781440,
        "category": "g",
        "source": "tv",
        "shortable": true,
        "exchange_name": "NYSE",
        "market_cap": 156541589,
        "existing": false
    },
    {
        "symbol": "SBET",
        "company": "SharpLink Gaming, Inc.",
        "change_pct": 17.07,
        "premarket": 19.07,
        "volume": 3950000,
        "category": "g",
        "source": "tv",
        "shortable": true,
        "exchange_name": "NASDAQ",
        "market_cap": 819127827,
        "existing": false
    },
    {
        "symbol": "AES",
        "company": "The AES Corporation",
        "change_pct": 16.53,
        "premarket": 12.9,
        "volume": 1070000,
        "category": "g",
        "source": "tv",
        "shortable": true,
        "exchange_name": "NYSE",
        "market_cap": 8201350828,
        "existing": false
    },
    {
        "symbol": "ARTL",
        "company": "Artelo Biosciences, Inc.",
        "change_pct": 15.09,
        "premarket": 18.3,
        "volume": 181720,
        "category": "g",
        "source": "tv",
        "shortable": true,
        "exchange_name": "NASDAQ",
        "market_cap": 9791658,
        "existing": false
    },
    {
        "symbol": "KIDZ",
        "company": "Classover Holdings, Inc.",
        "change_pct": 14.79,
        "premarket": 3.26,
        "volume": 4530000,
        "category": "g",
        "source": "tv",
        "shortable": true,
        "exchange_name": "NASDAQ",
        "market_cap": 64908224,
        "existing": false
    },
    {
        "symbol": "GROV",
        "company": "Grove Collaborative Holdings, Inc.",
        "change_pct": 14.53,
        "premarket": 1.34,
        "volume": 122010,
        "category": "g",
        "source": "tv",
        "shortable": true,
        "exchange_name": "NYSE",
        "market_cap": 47903219,
        "existing": false
    },
    {
        "symbol": "SLRX",
        "company": "Salarius Pharmaceuticals, Inc.",
        "change_pct": 12.65,
        "premarket": 0.8899,
        "volume": 526480,
        "category": "g",
        "source": "tv",
        "shortable": true,
        "exchange_name": "NASDAQ",
        "market_cap": 1760329,
        "existing": false
    },
    {
        "symbol": "VRCA",
        "company": "Verrica Pharmaceuticals Inc.",
        "change_pct": 12.53,
        "premarket": 0.9699,
        "volume": 41440,
        "category": "g",
        "source": "tv",
        "shortable": true,
        "exchange_name": "NASDAQ",
        "market_cap": 76767524,
        "existing": false
    },
    {
        "symbol": "LSTA",
        "company": "Lisata Therapeutics, Inc.",
        "change_pct": 12.4,
        "premarket": 3.15,
        "volume": 400,
        "category": "g",
        "source": "tv",
        "shortable": true,
        "exchange_name": "NASDAQ",
        "market_cap": 21323545,
        "existing": false
    },
    {
        "symbol": "MDCX",
        "company": "Medicus Pharma Ltd.",
        "change_pct": 12.04,
        "premarket": 3.35,
        "volume": 232370,
        "category": "g",
        "source": "tv",
        "shortable": true,
        "exchange_name": "NASDAQ",
        "market_cap": 54173709,
        "existing": false
    },
    {
        "symbol": "ILMN",
        "company": "Illumina, Inc.",
        "change_pct": -3.39,
        "premarket": 95.9,
        "volume": 32970,
        "category": "l",
        "source": "tv",
        "shortable": true,
        "exchange_name": "NASDAQ",
        "market_cap": 15378845000,
        "existing": false
    },
    {
        "symbol": "ENPH",
        "company": "Enphase Energy, Inc.",
        "change_pct": -3.76,
        "premarket": 39.4,
        "volume": 400010,
        "category": "l",
        "source": "tv",
        "shortable": true,
        "exchange_name": "NASDAQ",
        "market_cap": 5571049984,
        "existing": false
    },
    {
        "symbol": "XENE",
        "company": "Xenon Pharmaceuticals Inc.",
        "change_pct": -3.37,
        "premarket": 30.36,
        "volume": 580,
        "category": "l",
        "source": "tv",
        "shortable": true,
        "exchange_name": "NASDAQ",
        "market_cap": 2442430456,
        "existing": false
    },
    {
        "symbol": "BGL",
        "company": "Blue Gold Limited",
        "change_pct": -6.25,
        "premarket": 51.0,
        "volume": 3380,
        "category": "l",
        "source": "tv",
        "shortable": true,
        "exchange_name": "NASDAQ",
        "market_cap": 2305772713,
        "existing": false
    },
    {
        "symbol": "LZMH",
        "company": "LZ Technology Holdings Limited",
        "change_pct": -4.88,
        "premarket": 10.32,
        "volume": 7960,
        "category": "l",
        "source": "tv",
        "shortable": true,
        "exchange_name": "NASDAQ",
        "market_cap": 1760880000,
        "existing": false
    },
    {
        "symbol": "PENG",
        "company": "Penguin Solutions, Inc.",
        "change_pct": -3.82,
        "premarket": 20.38,
        "volume": 74340,
        "category": "l",
        "source": "tv",
        "shortable": true,
        "exchange_name": "NASDAQ",
        "market_cap": 1104724167,
        "existing": false
    },
    {
        "symbol": "TNDM",
        "company": "Tandem Diabetes Care, Inc.",
        "change_pct": -4.33,
        "premarket": 15.9,
        "volume": 32290,
        "category": "l",
        "source": "tv",
        "shortable": true,
        "exchange_name": "NASDAQ",
        "market_cap": 1082367097,
        "existing": false
    },
    {
        "symbol": "BH",
        "company": "Biglari Holdings Inc.",
        "change_pct": -3.37,
        "premarket": 285.53,
        "volume": 10,
        "category": "l",
        "source": "tv",
        "shortable": true,
        "exchange_name": "NYSE",
        "market_cap": 880754509,
        "existing": false
    },
    {
        "symbol": "MRNO",
        "company": "Murano Global Investments PLC",
        "change_pct": -3.65,
        "premarket": 9.76,
        "volume": 109,
        "category": "l",
        "source": "tv",
        "shortable": true,
        "exchange_name": "NASDAQ",
        "market_cap": 835176219,
        "existing": false
    },
    {
        "symbol": "TNGX",
        "company": "Tango Therapeutics, Inc.",
        "change_pct": -3.51,
        "premarket": 5.5,
        "volume": 490,
        "category": "l",
        "source": "tv",
        "shortable": true,
        "exchange_name": "NASDAQ",
        "market_cap": 588580451,
        "existing": false
    },
    {
        "symbol": "EVTL",
        "company": "Vertical Aerospace Ltd.",
        "change_pct": -32.09,
        "premarket": 4.72,
        "volume": 1070000,
        "category": "l",
        "source": "tv",
        "shortable": true,
        "exchange_name": "NYSE",
        "market_cap": 581220693,
        "existing": false
    },
    {
        "symbol": "RXST",
        "company": "RxSight, Inc.",
        "change_pct": -49.02,
        "premarket": 6.52,
        "volume": 2570000,
        "category": "l",
        "source": "tv",
        "shortable": true,
        "exchange_name": "NASDAQ",
        "market_cap": 505117673,
        "existing": false
    },
    {
        "symbol": "AEHR",
        "company": "Aehr Test Systems",
        "change_pct": -20.9,
        "premarket": 12.0,
        "volume": 540710,
        "category": "l",
        "source": "tv",
        "shortable": true,
        "exchange_name": "NASDAQ",
        "market_cap": 441212296,
        "existing": false
    },
    {
        "symbol": "JACK",
        "company": "Jack In The Box Inc.",
        "change_pct": -4.66,
        "premarket": 20.45,
        "volume": 275,
        "category": "l",
        "source": "tv",
        "shortable": true,
        "exchange_name": "NASDAQ",
        "market_cap": 373057852,
        "existing": false
    },
    {
        "symbol": "WOLF",
        "company": "Wolfspeed, Inc.",
        "change_pct": -8.7,
        "premarket": 2.3,
        "volume": 6540000,
        "category": "l",
        "source": "tv",
        "shortable": true,
        "exchange_name": "NYSE",
        "market_cap": 359497723,
        "existing": false
    },
    {
        "symbol": "MEI",
        "company": "Methode Electronics, Inc.",
        "change_pct": -4.38,
        "premarket": 9.94,
        "volume": 120,
        "category": "l",
        "source": "tv",
        "shortable": true,
        "exchange_name": "NYSE",
        "market_cap": 359405842,
        "existing": false
    },
    {
        "symbol": "CRVS",
        "company": "Corvus Pharmaceuticals, Inc.",
        "change_pct": -3.53,
        "premarket": 3.82,
        "volume": 1300,
        "category": "l",
        "source": "tv",
        "shortable": true,
        "exchange_name": "NASDAQ",
        "market_cap": 300747080,
        "existing": false
    },
    {
        "symbol": "EXFY",
        "company": "Expensify, Inc.",
        "change_pct": -3.97,
        "premarket": 2.41,
        "volume": 700,
        "category": "l",
        "source": "tv",
        "shortable": true,
        "exchange_name": "NASDAQ",
        "market_cap": 225463459,
        "existing": false
    },
    {
        "symbol": "SCPH",
        "company": "scPharmaceuticals Inc.",
        "change_pct": -4.55,
        "premarket": 3.78,
        "volume": 638,
        "category": "l",
        "source": "tv",
        "shortable": true,
        "exchange_name": "NASDAQ",
        "market_cap": 203777035,
        "existing": false
    },
    {
        "symbol": "PHOE",
        "company": "Phoenix Asia Holdings Limited",
        "change_pct": -3.69,
        "premarket": 8.35,
        "volume": 753,
        "category": "l",
        "source": "tv",
        "shortable": true,
        "exchange_name": "NASDAQ",
        "market_cap": 192240000,
        "existing": false
    }
]