[
    {
        "symbol": "TTOO",
        "company": "T2 Biosystems, Inc.",
        "change_pct": 39.73,
        "premarket": 0.1428,
        "volume": 45475000,
        "category": "g",
        "source": "tv",
        "shortable": true,
        "exchange_name": "NASD",
        "market_cap": 29.658,
        "existing": false
    },
    {
        "symbol": "GRRR",
        "company": "Gorilla Technology Group Inc.",
        "change_pct": 32.89,
        "premarket": 3.03,
        "volume": 11565000,
        "category": "g",
        "source": "tv",
        "shortable": true,
        "exchange_name": "NASD",
        "market_cap": 154.1313,
        "existing": false
    },
    {
        "symbol": "PRFX",
        "company": "PainReform Ltd.",
        "change_pct": 27.14,
        "premarket": 9.04,
        "volume": 1683000,
        "category": "g",
        "source": "tv",
        "shortable": false,
        "exchange_name": "NASD",
        "market_cap": 10.92581,
        "existing": false
    },
    {
        "symbol": "KTTA",
        "company": "Pasithea Therapeutics Corp.",
        "change_pct": 23.14,
        "premarket": 0.5801,
        "volume": 480956,
        "category": "g",
        "source": "tv",
        "shortable": false,
        "exchange_name": "NASD",
        "market_cap": 12.30831,
        "existing": false
    },
    {
        "symbol": "LYT",
        "company": "Lytus Technologies Holdings PTV. Ltd.",
        "change_pct": 23.07,
        "premarket": 0.6001,
        "volume": 5052000,
        "category": "g",
        "source": "tv",
        "shortable": false,
        "exchange_name": "NASD",
        "market_cap": 18.32228,
        "existing": false
    },
    {
        "symbol": "LNSR",
        "company": "LENSAR, Inc.",
        "change_pct": 18.62,
        "premarket": 4.14,
        "volume": 4400,
        "category": "g",
        "source": "tv",
        "shortable": false,
        "exchange_name": "NASD",
        "market_cap": 39.08641,
        "existing": false
    },
    {
        "symbol": "SGMA",
        "company": "SigmaTron International, Inc.",
        "change_pct": 16.4,
        "premarket": 4.11,
        "volume": 115173,
        "category": "g",
        "source": "tv",
        "shortable": true,
        "exchange_name": "NASD",
        "market_cap": 21.50834,
        "existing": false
    },
    {
        "symbol": "INBS",
        "company": "Intelligent Bio Solutions Inc.",
        "change_pct": 13.66,
        "premarket": 2.58,
        "volume": 999,
        "category": "g",
        "source": "tv",
        "shortable": false,
        "exchange_name": "NASD",
        "market_cap": 5.29001,
        "existing": false
    },
    {
        "symbol": "BSGM",
        "company": "BioSig Technologies, Inc.",
        "change_pct": 13.08,
        "premarket": 1.47,
        "volume": 9231000,
        "category": "g",
        "source": "tv",
        "shortable": true,
        "exchange_name": "NASD",
        "market_cap": 91.63092,
        "existing": false
    },
    {
        "symbol": "TMPO",
        "company": "Tempo Automation Holdings, Inc.",
        "change_pct": 12.99,
        "premarket": 0.34,
        "volume": 1300,
        "category": "g",
        "source": "tv",
        "shortable": true,
        "exchange_name": "NASD",
        "market_cap": 9.25519,
        "existing": false
    },
    {
        "symbol": "EDBL",
        "company": "Edible Garden AG Incorporated",
        "change_pct": 12.34,
        "premarket": 1.45,
        "volume": 421264,
        "category": "g",
        "source": "tv",
        "shortable": true,
        "exchange_name": "NASD",
        "market_cap": 3.53598,
        "existing": false
    },
    {
        "symbol": "BTCY",
        "company": "Biotricity, Inc.",
        "change_pct": 11.64,
        "premarket": 3.26,
        "volume": 2664,
        "category": "g",
        "source": "tv",
        "shortable": false,
        "exchange_name": "NASD",
        "market_cap": 24.84351,
        "existing": false
    },
    {
        "symbol": "KA",
        "company": "Kineta, Inc.",
        "change_pct": 10.61,
        "premarket": 2.74,
        "volume": 11436,
        "category": "g",
        "source": "tv",
        "shortable": true,
        "exchange_name": "NASD",
        "market_cap": 23.53826,
        "existing": false
    },
    {
        "symbol": "BON",
        "company": "Bon Natural Life Limited",
        "change_pct": 10.32,
        "premarket": 0.695,
        "volume": 300,
        "category": "g",
        "source": "tv",
        "shortable": false,
        "exchange_name": "NASD",
        "market_cap": 7.02212,
        "existing": false
    },
    {
        "symbol": "ACON",
        "company": "Aclarion, Inc.",
        "change_pct": 9.27,
        "premarket": 0.7098,
        "volume": 400,
        "category": "g",
        "source": "tv",
        "shortable": false,
        "exchange_name": "NASD",
        "market_cap": 5.32729,
        "existing": false
    },
    {
        "symbol": "DYNT",
        "company": "Dynatronics Corporation",
        "change_pct": 8.69,
        "premarket": 0.8653,
        "volume": 23422,
        "category": "g",
        "source": "tv",
        "shortable": true,
        "exchange_name": "NASD",
        "market_cap": 3.22009,
        "existing": false
    },
    {
        "symbol": "HCCI",
        "company": "Heritage-Crystal Clean, Inc.",
        "change_pct": 8.63,
        "premarket": 45.56,
        "volume": 12589,
        "category": "g",
        "source": "tv",
        "shortable": true,
        "exchange_name": "NASD",
        "market_cap": 1021.237,
        "existing": false
    },
    {
        "symbol": "TIRX",
        "company": "TIAN RUIXIANG Holdings Ltd",
        "change_pct": 8.62,
        "premarket": 1.37,
        "volume": 100,
        "category": "g",
        "source": "tv",
        "shortable": false,
        "exchange_name": "NASD",
        "market_cap": 3.81118,
        "existing": false
    },
    {
        "symbol": "EGIO",
        "company": "Edgio, Inc.",
        "change_pct": 8.52,
        "premarket": 0.89,
        "volume": 5863,
        "category": "g",
        "source": "tv",
        "shortable": true,
        "exchange_name": "NASD",
        "market_cap": 182.6375,
        "existing": false
    },
    {
        "symbol": "GBNH",
        "company": "Greenbrook TMS Inc.",
        "change_pct": 8.25,
        "premarket": 0.3464,
        "volume": 484,
        "category": "g",
        "source": "tv",
        "shortable": true,
        "exchange_name": "NASD",
        "market_cap": 13.12399,
        "existing": false
    },
    {
        "symbol": "PRQR",
        "company": "ProQR Therapeutics N.V.",
        "change_pct": 8.09,
        "premarket": 1.87,
        "volume": 600,
        "category": "g",
        "source": "tv",
        "shortable": true,
        "exchange_name": "NASD",
        "market_cap": 140.0187,
        "existing": false
    },
    {
        "symbol": "UTME",
        "company": "UTime Limited",
        "change_pct": 8.08,
        "premarket": 0.5298,
        "volume": 53140,
        "category": "g",
        "source": "tv",
        "shortable": false,
        "exchange_name": "NASD",
        "market_cap": 4.05287,
        "existing": false
    },
    {
        "symbol": "HILS",
        "company": "Hillstream BioPharma, Inc.",
        "change_pct": 8.03,
        "premarket": 0.4144,
        "volume": 767808,
        "category": "g",
        "source": "tv",
        "shortable": false,
        "exchange_name": "NASD",
        "market_cap": 6.44991,
        "existing": false
    },
    {
        "symbol": "CODX",
        "company": "Co-Diagnostics, Inc.",
        "change_pct": 7.95,
        "premarket": 1.63,
        "volume": 100,
        "category": "g",
        "source": "tv",
        "shortable": true,
        "exchange_name": "NASD",
        "market_cap": 45.69794,
        "existing": false
    },
    {
        "symbol": "RIBT",
        "company": "RiceBran Technologies",
        "change_pct": 7.88,
        "premarket": 0.9446,
        "volume": 2800,
        "category": "g",
        "source": "tv",
        "shortable": false,
        "exchange_name": "NASD",
        "market_cap": 5.59722,
        "existing": false
    },
    {
        "symbol": "TSLA",
        "company": "Tesla, Inc.",
        "change_pct": -4.35,
        "premarket": 278.59,
        "volume": 2256000,
        "category": "l",
        "source": "tv",
        "shortable": true,
        "exchange_name": "NASD",
        "market_cap": 923149.8,
        "existing": false
    },
    {
        "symbol": "NFLX",
        "company": "Netflix, Inc.",
        "change_pct": -5.93,
        "premarket": 449.26,
        "volume": 570162,
        "category": "l",
        "source": "tv",
        "shortable": true,
        "exchange_name": "NASD",
        "market_cap": 212308.4,
        "existing": false
    },
    {
        "symbol": "BX",
        "company": "Blackstone Inc.",
        "change_pct": -3.67,
        "premarket": 104.2,
        "volume": 86674,
        "category": "l",
        "source": "tv",
        "shortable": true,
        "exchange_name": "NYSE",
        "market_cap": 131685.7,
        "existing": false
    },
    {
        "symbol": "TFC",
        "company": "Truist Financial Corporation",
        "change_pct": -4.47,
        "premarket": 34.0,
        "volume": 233937,
        "category": "l",
        "source": "tv",
        "shortable": true,
        "exchange_name": "NYSE",
        "market_cap": 47402.96,
        "existing": false
    },
    {
        "symbol": "COF",
        "company": "Capital One Financial Corporation",
        "change_pct": -3.78,
        "premarket": 113.5,
        "volume": 11057,
        "category": "l",
        "source": "tv",
        "shortable": true,
        "exchange_name": "NYSE",
        "market_cap": 45037.86,
        "existing": false
    },
    {
        "symbol": "NEM",
        "company": "Newmont Corporation",
        "change_pct": -4.16,
        "premarket": 43.3,
        "volume": 176684,
        "category": "l",
        "source": "tv",
        "shortable": true,
        "exchange_name": "NYSE",
        "market_cap": 35905.1,
        "existing": false
    },
    {
        "symbol": "DFS",
        "company": "Discover Financial Services",
        "change_pct": -14.85,
        "premarket": 103.75,
        "volume": 199844,
        "category": "l",
        "source": "tv",
        "shortable": true,
        "exchange_name": "NYSE",
        "market_cap": 30943.32,
        "existing": false
    },
    {
        "symbol": "MPWR",
        "company": "Monolithic Power Systems, Inc.",
        "change_pct": -4.27,
        "premarket": 550.0,
        "volume": 3192,
        "category": "l",
        "source": "tv",
        "shortable": true,
        "exchange_name": "NASD",
        "market_cap": 27244.99,
        "existing": false
    },
    {
        "symbol": "KEY",
        "company": "KeyCorp",
        "change_pct": -5.35,
        "premarket": 10.8,
        "volume": 635623,
        "category": "l",
        "source": "tv",
        "shortable": true,
        "exchange_name": "NYSE",
        "market_cap": 10671.37,
        "existing": false
    },
    {
        "symbol": "CVNA",
        "company": "Carvana Co.",
        "change_pct": -4.14,
        "premarket": 53.49,
        "volume": 1656000,
        "category": "l",
        "source": "tv",
        "shortable": true,
        "exchange_name": "NYSE",
        "market_cap": 10550.81,
        "existing": false
    },
    {
        "symbol": "WHR",
        "company": "Whirlpool Corporation",
        "change_pct": -4.71,
        "premarket": 148.75,
        "volume": 11406,
        "category": "l",
        "source": "tv",
        "shortable": true,
        "exchange_name": "NYSE",
        "market_cap": 8547.714,
        "existing": false
    },
    {
        "symbol": "FTI",
        "company": "TechnipFMC plc",
        "change_pct": -3.89,
        "premarket": 17.29,
        "volume": 38202,
        "category": "l",
        "source": "tv",
        "shortable": true,
        "exchange_name": "NYSE",
        "market_cap": 7943.718,
        "existing": false
    },
    {
        "symbol": "CIVI",
        "company": "Civitas Resources, Inc.",
        "change_pct": -5.15,
        "premarket": 71.15,
        "volume": 29355,
        "category": "l",
        "source": "tv",
        "shortable": true,
        "exchange_name": "NYSE",
        "market_cap": 6033.568,
        "existing": false
    },
    {
        "symbol": "COLB",
        "company": "Columbia Banking System, Inc.",
        "change_pct": -8.7,
        "premarket": 21.5,
        "volume": 21265,
        "category": "l",
        "source": "tv",
        "shortable": true,
        "exchange_name": "NASD",
        "market_cap": 4909.188,
        "existing": false
    },
    {
        "symbol": "SRAD",
        "company": "Sportradar Group AG",
        "change_pct": -3.85,
        "premarket": 14.47,
        "volume": 3902,
        "category": "l",
        "source": "tv",
        "shortable": true,
        "exchange_name": "NASD",
        "market_cap": 4473.097,
        "existing": false
    },
    {
        "symbol": "CNS",
        "company": "Cohen & Steers Inc",
        "change_pct": -3.47,
        "premarket": 63.65,
        "volume": 2300,
        "category": "l",
        "source": "tv",
        "shortable": true,
        "exchange_name": "NYSE",
        "market_cap": 3238.795,
        "existing": false
    },
    {
        "symbol": "VIR",
        "company": "Vir Biotechnology, Inc.",
        "change_pct": -39.48,
        "premarket": 13.95,
        "volume": 1056000,
        "category": "l",
        "source": "tv",
        "shortable": true,
        "exchange_name": "NASD",
        "market_cap": 3088.159,
        "existing": false
    },
    {
        "symbol": "LBRT",
        "company": "Liberty Energy Inc.",
        "change_pct": -4.76,
        "premarket": 15.2,
        "volume": 1343,
        "category": "l",
        "source": "tv",
        "shortable": true,
        "exchange_name": "NYSE",
        "market_cap": 2794.793,
        "existing": false
    },
    {
        "symbol": "HAYW",
        "company": "Hayward Holdings, Inc.",
        "change_pct": -5.11,
        "premarket": 11.7,
        "volume": 4506,
        "category": "l",
        "source": "tv",
        "shortable": true,
        "exchange_name": "NYSE",
        "market_cap": 2623.92,
        "existing": false
    },
    {
        "symbol": "SES",
        "company": "SES AI Corporation",
        "change_pct": -3.45,
        "premarket": 2.79,
        "volume": 3950,
        "category": "l",
        "source": "tv",
        "shortable": true,
        "exchange_name": "NYSE",
        "market_cap": 1011.02,
        "existing": false
    },
    {
        "symbol": "PIII",
        "company": "P3 Health Partners Inc.",
        "change_pct": -4.94,
        "premarket": 2.31,
        "volume": 210,
        "category": "l",
        "source": "tv",
        "shortable": false,
        "exchange_name": "NASD",
        "market_cap": 760.0092,
        "existing": false
    },
    {
        "symbol": "KARO",
        "company": "Karooooo Ltd.",
        "change_pct": -3.65,
        "premarket": 23.51,
        "volume": 475,
        "category": "l",
        "source": "tv",
        "shortable": false,
        "exchange_name": "NASD",
        "market_cap": 755.207,
        "existing": false
    },
    {
        "symbol": "VSEC",
        "company": "VSE Corporation",
        "change_pct": -5.33,
        "premarket": 51.51,
        "volume": 72320,
        "category": "l",
        "source": "tv",
        "shortable": true,
        "exchange_name": "NASD",
        "market_cap": 701.1238,
        "existing": false
    },
    {
        "symbol": "GENK",
        "company": "GEN Restaurant Group, Inc.",
        "change_pct": -3.49,
        "premarket": 18.26,
        "volume": 1284,
        "category": "l",
        "source": "tv",
        "shortable": true,
        "exchange_name": "NASD",
        "market_cap": 600.5504,
        "existing": false
    },
    {
        "symbol": "NVEC",
        "company": "NVE Corporation",
        "change_pct": -8.79,
        "premarket": 88.0,
        "volume": 900,
        "category": "l",
        "source": "tv",
        "shortable": true,
        "exchange_name": "NASD",
        "market_cap": 466.3265,
        "existing": false
    }
]