[
    {
        "symbol": "CRVO",
        "company": "Diffusion Pharmaceuticals Inc.",
        "change_pct": 129.86,
        "premarket": 15.17,
        "volume": 49216,
        "category": "g",
        "source": "tv",
        "shortable": false,
        "exchange_name": "NASD",
        "market_cap": 8.03873,
        "existing": false
    },
    {
        "symbol": "DTSS",
        "company": "Datasea Inc.",
        "change_pct": 61.76,
        "premarket": 0.88,
        "volume": 773532,
        "category": "g",
        "source": "tv",
        "shortable": true,
        "exchange_name": "NASD",
        "market_cap": 15.11457,
        "existing": false
    },
    {
        "symbol": "SUNL",
        "company": "Sunlight Financial Holdings, Inc.",
        "change_pct": 56.35,
        "premarket": 0.24,
        "volume": 9611000,
        "category": "g",
        "source": "tv",
        "shortable": true,
        "exchange_name": "NYSE",
        "market_cap": 20.08632,
        "existing": false
    },
    {
        "symbol": "TIVC",
        "company": "Tivic Health Systems, Inc.",
        "change_pct": 46.57,
        "premarket": 0.0982,
        "volume": 90023000,
        "category": "g",
        "source": "tv",
        "shortable": false,
        "exchange_name": "NASD",
        "market_cap": 9.82225,
        "existing": false
    },
    {
        "symbol": "PLRX",
        "company": "Pliant Therapeutics, Inc.",
        "change_pct": 31.15,
        "premarket": 22.56,
        "volume": 358,
        "category": "g",
        "source": "tv",
        "shortable": true,
        "exchange_name": "NASD",
        "market_cap": 1029.146,
        "existing": false
    },
    {
        "symbol": "PRZO",
        "company": "ParaZero Technologies Ltd.",
        "change_pct": 28.4,
        "premarket": 1.31,
        "volume": 2081000,
        "category": "g",
        "source": "tv",
        "shortable": true,
        "exchange_name": "NASD",
        "market_cap": 6.17347,
        "existing": false
    },
    {
        "symbol": "XWEL",
        "company": "XWELL, Inc.",
        "change_pct": 27.76,
        "premarket": 0.2683,
        "volume": 3026000,
        "category": "g",
        "source": "tv",
        "shortable": true,
        "exchange_name": "NASD",
        "market_cap": 17.51789,
        "existing": false
    },
    {
        "symbol": "MODD",
        "company": "Modular Medical, Inc.",
        "change_pct": 27.55,
        "premarket": 1.25,
        "volume": 3830000,
        "category": "g",
        "source": "tv",
        "shortable": false,
        "exchange_name": "NASD",
        "market_cap": 20.67329,
        "existing": false
    },
    {
        "symbol": "SLND",
        "company": "Southland Holdings, Inc.",
        "change_pct": 21.25,
        "premarket": 7.59,
        "volume": 200,
        "category": "g",
        "source": "tv",
        "shortable": true,
        "exchange_name": "AMEX",
        "market_cap": 373.4698,
        "existing": false
    },
    {
        "symbol": "GSUN",
        "company": "Golden Sun Education Group Limited",
        "change_pct": 16.47,
        "premarket": 0.99,
        "volume": 1988,
        "category": "g",
        "source": "tv",
        "shortable": false,
        "exchange_name": "NASD",
        "market_cap": 15.60217,
        "existing": false
    },
    {
        "symbol": "ASTI",
        "company": "Ascent Solar Technologies, Inc",
        "change_pct": 16.07,
        "premarket": 0.078,
        "volume": 20370000,
        "category": "g",
        "source": "tv",
        "shortable": false,
        "exchange_name": "NASD",
        "market_cap": 4.63261,
        "existing": false
    },
    {
        "symbol": "SHPH",
        "company": "Shuttle Pharmaceuticals Holdings, Inc.",
        "change_pct": 14.82,
        "premarket": 0.9071,
        "volume": 4000,
        "category": "g",
        "source": "tv",
        "shortable": false,
        "exchange_name": "NASD",
        "market_cap": 12.4292,
        "existing": false
    },
    {
        "symbol": "VLCN",
        "company": "Volcon, Inc.",
        "change_pct": 14.49,
        "premarket": 0.5082,
        "volume": 700,
        "category": "g",
        "source": "tv",
        "shortable": false,
        "exchange_name": "NASD",
        "market_cap": 13.59005,
        "existing": false
    },
    {
        "symbol": "PIRS",
        "company": "Pieris Pharmaceuticals, Inc.",
        "change_pct": 13.88,
        "premarket": 0.274,
        "volume": 2758000,
        "category": "g",
        "source": "tv",
        "shortable": true,
        "exchange_name": "NASD",
        "market_cap": 23.78377,
        "existing": false
    },
    {
        "symbol": "HSCS",
        "company": "Heart Test Laboratories, Inc.",
        "change_pct": 12.84,
        "premarket": 0.8689,
        "volume": 46908,
        "category": "g",
        "source": "tv",
        "shortable": false,
        "exchange_name": "NASD",
        "market_cap": 7.97896,
        "existing": false
    },
    {
        "symbol": "ENVB",
        "company": "Enveric Biosciences, Inc.",
        "change_pct": 11.98,
        "premarket": 2.52,
        "volume": 767,
        "category": "g",
        "source": "tv",
        "shortable": true,
        "exchange_name": "NASD",
        "market_cap": 4.83279,
        "existing": false
    },
    {
        "symbol": "USDP",
        "company": "USD Partners LP",
        "change_pct": 11.88,
        "premarket": 0.7497,
        "volume": 400,
        "category": "g",
        "source": "tv",
        "shortable": true,
        "exchange_name": "NYSE",
        "market_cap": 22.62164,
        "existing": false
    },
    {
        "symbol": "PMN",
        "company": "ProMIS Neurosciences Inc.",
        "change_pct": 11.84,
        "premarket": 1.7,
        "volume": 4202,
        "category": "g",
        "source": "tv",
        "shortable": true,
        "exchange_name": "NASD",
        "market_cap": 13.04051,
        "existing": false
    },
    {
        "symbol": "WE",
        "company": "WeWork Inc.",
        "change_pct": 11.59,
        "premarket": 0.1675,
        "volume": 5186000,
        "category": "g",
        "source": "tv",
        "shortable": true,
        "exchange_name": "NYSE",
        "market_cap": 319.7069,
        "existing": false
    },
    {
        "symbol": "DESP",
        "company": "Despegar.com, Corp.",
        "change_pct": 11.38,
        "premarket": 9.2,
        "volume": 4325,
        "category": "g",
        "source": "tv",
        "shortable": true,
        "exchange_name": "NYSE",
        "market_cap": 545.6262,
        "existing": false
    },
    {
        "symbol": "TRKA",
        "company": "Troika Media Group, Inc.",
        "change_pct": 11.21,
        "premarket": 1.19,
        "volume": 260314,
        "category": "g",
        "source": "tv",
        "shortable": false,
        "exchange_name": "NASD",
        "market_cap": 17.68699,
        "existing": false
    },
    {
        "symbol": "RCRT",
        "company": "Recruiter.com Group, Inc.",
        "change_pct": 11.1,
        "premarket": 0.2082,
        "volume": 2212000,
        "category": "g",
        "source": "tv",
        "shortable": false,
        "exchange_name": "NASD",
        "market_cap": 3.33425,
        "existing": false
    },
    {
        "symbol": "VINE",
        "company": "Fresh Vine Wine, Inc.",
        "change_pct": 10.94,
        "premarket": 0.3589,
        "volume": 83460,
        "category": "g",
        "source": "tv",
        "shortable": false,
        "exchange_name": "AMEX",
        "market_cap": 0.0,
        "existing": false
    },
    {
        "symbol": "DBGI",
        "company": "Digital Brands Group, Inc.",
        "change_pct": 10.87,
        "premarket": 0.8648,
        "volume": 376903,
        "category": "g",
        "source": "tv",
        "shortable": false,
        "exchange_name": "NASD",
        "market_cap": 6.18349,
        "existing": false
    },
    {
        "symbol": "NVCT",
        "company": "Nuvectis Pharma, Inc.",
        "change_pct": 10.37,
        "premarket": 15.75,
        "volume": 400,
        "category": "g",
        "source": "tv",
        "shortable": false,
        "exchange_name": "NASD",
        "market_cap": 245.8912,
        "existing": false
    },
    {
        "symbol": "CVS",
        "company": "CVS Health Corporation",
        "change_pct": -7.32,
        "premarket": 67.4,
        "volume": 704011,
        "category": "l",
        "source": "tv",
        "shortable": true,
        "exchange_name": "NYSE",
        "market_cap": 93401.49,
        "existing": false
    },
    {
        "symbol": "CI",
        "company": "The Cigna Group",
        "change_pct": -5.52,
        "premarket": 273.0,
        "volume": 60061,
        "category": "l",
        "source": "tv",
        "shortable": true,
        "exchange_name": "NYSE",
        "market_cap": 85526.42,
        "existing": false
    },
    {
        "symbol": "IEP",
        "company": "Icahn Enterprises L.P. - Depositary",
        "change_pct": -4.54,
        "premarket": 22.1,
        "volume": 26909,
        "category": "l",
        "source": "tv",
        "shortable": true,
        "exchange_name": "NASD",
        "market_cap": 9108.563,
        "existing": false
    },
    {
        "symbol": "WOLF",
        "company": "Wolfspeed, Inc.",
        "change_pct": -17.72,
        "premarket": 43.75,
        "volume": 287835,
        "category": "l",
        "source": "tv",
        "shortable": true,
        "exchange_name": "NYSE",
        "market_cap": 6618.297,
        "existing": false
    },
    {
        "symbol": "ALIT",
        "company": "Alight, Inc.",
        "change_pct": -5.91,
        "premarket": 7.8,
        "volume": 1032000,
        "category": "l",
        "source": "tv",
        "shortable": true,
        "exchange_name": "NYSE",
        "market_cap": 4619.792,
        "existing": false
    },
    {
        "symbol": "QTWO",
        "company": "Q2 Holdings, Inc.",
        "change_pct": -4.98,
        "premarket": 31.84,
        "volume": 150,
        "category": "l",
        "source": "tv",
        "shortable": true,
        "exchange_name": "NYSE",
        "market_cap": 1958.543,
        "existing": false
    },
    {
        "symbol": "HE",
        "company": "Hawaiian Electric Industries, Inc.",
        "change_pct": -36.1,
        "premarket": 9.31,
        "volume": 2962000,
        "category": "l",
        "source": "tv",
        "shortable": true,
        "exchange_name": "NYSE",
        "market_cap": 1597.041,
        "existing": false
    },
    {
        "symbol": "LAW",
        "company": "CS Disco, Inc.",
        "change_pct": -5.55,
        "premarket": 9.02,
        "volume": 1691,
        "category": "l",
        "source": "tv",
        "shortable": true,
        "exchange_name": "NYSE",
        "market_cap": 574.3199,
        "existing": false
    },
    {
        "symbol": "WULF",
        "company": "TeraWulf Inc.",
        "change_pct": -4.27,
        "premarket": 2.02,
        "volume": 73554,
        "category": "l",
        "source": "tv",
        "shortable": true,
        "exchange_name": "NASD",
        "market_cap": 466.5905,
        "existing": false
    },
    {
        "symbol": "LIFW",
        "company": "MSP Recovery, Inc.",
        "change_pct": -12.1,
        "premarket": 0.1155,
        "volume": 507757,
        "category": "l",
        "source": "tv",
        "shortable": true,
        "exchange_name": "NASD",
        "market_cap": 451.7338,
        "existing": false
    },
    {
        "symbol": "APLM",
        "company": "Apollomics Inc.",
        "change_pct": -4.57,
        "premarket": 4.8,
        "volume": 889,
        "category": "l",
        "source": "tv",
        "shortable": true,
        "exchange_name": "NASD",
        "market_cap": 450.0884,
        "existing": false
    },
    {
        "symbol": "LOVE",
        "company": "The Lovesac Company",
        "change_pct": -7.47,
        "premarket": 21.98,
        "volume": 1476,
        "category": "l",
        "source": "tv",
        "shortable": true,
        "exchange_name": "NASD",
        "market_cap": 361.5556,
        "existing": false
    },
    {
        "symbol": "POL",
        "company": "Polished Inc.",
        "change_pct": -3.85,
        "premarket": 0.125,
        "volume": 58144,
        "category": "l",
        "source": "tv",
        "shortable": true,
        "exchange_name": "AMEX",
        "market_cap": 326.6091,
        "existing": false
    },
    {
        "symbol": "LVOX",
        "company": "LiveVox Holdings, Inc.",
        "change_pct": -4.86,
        "premarket": 3.13,
        "volume": 400,
        "category": "l",
        "source": "tv",
        "shortable": true,
        "exchange_name": "NASD",
        "market_cap": 309.9246,
        "existing": false
    },
    {
        "symbol": "ASUR",
        "company": "Asure Software Inc",
        "change_pct": -14.8,
        "premarket": 11.8,
        "volume": 43825,
        "category": "l",
        "source": "tv",
        "shortable": true,
        "exchange_name": "NASD",
        "market_cap": 289.7378,
        "existing": false
    },
    {
        "symbol": "AURC",
        "company": "Aurora Acquisition Corp.",
        "change_pct": -3.89,
        "premarket": 30.9,
        "volume": 1169,
        "category": "l",
        "source": "tv",
        "shortable": true,
        "exchange_name": "NASD",
        "market_cap": 289.315,
        "existing": false
    },
    {
        "symbol": "FLAG",
        "company": "First Light Acquisition Group, Inc.",
        "change_pct": -11.13,
        "premarket": 9.5,
        "volume": 5891,
        "category": "l",
        "source": "tv",
        "shortable": false,
        "exchange_name": "AMEX",
        "market_cap": 288.3625,
        "existing": false
    },
    {
        "symbol": "KULR",
        "company": "KULR Technology Group, Inc.",
        "change_pct": -30.56,
        "premarket": 0.75,
        "volume": 1542000,
        "category": "l",
        "source": "tv",
        "shortable": false,
        "exchange_name": "AMEX",
        "market_cap": 253.2361,
        "existing": false
    },
    {
        "symbol": "VOR",
        "company": "Vor Biopharma Inc.",
        "change_pct": -13.7,
        "premarket": 2.52,
        "volume": 200,
        "category": "l",
        "source": "tv",
        "shortable": true,
        "exchange_name": "NASD",
        "market_cap": 197.213,
        "existing": false
    },
    {
        "symbol": "TTOO",
        "company": "T2 Biosystems, Inc.",
        "change_pct": -22.75,
        "premarket": 0.4394,
        "volume": 22233000,
        "category": "l",
        "source": "tv",
        "shortable": true,
        "exchange_name": "NASD",
        "market_cap": 189.7403,
        "existing": false
    },
    {
        "symbol": "NGM",
        "company": "NGM Biopharmaceuticals, Inc.",
        "change_pct": -7.61,
        "premarket": 1.94,
        "volume": 965,
        "category": "l",
        "source": "tv",
        "shortable": true,
        "exchange_name": "NASD",
        "market_cap": 173.7026,
        "existing": false
    },
    {
        "symbol": "ROSS",
        "company": "Ross Acquisition Corp II",
        "change_pct": -4.32,
        "premarket": 10.18,
        "volume": 100,
        "category": "l",
        "source": "tv",
        "shortable": false,
        "exchange_name": "NYSE",
        "market_cap": 159.6628,
        "existing": false
    },
    {
        "symbol": "LL",
        "company": "LL Flooring Holdings, Inc.",
        "change_pct": -10.19,
        "premarket": 3.88,
        "volume": 83146,
        "category": "l",
        "source": "tv",
        "shortable": true,
        "exchange_name": "NYSE",
        "market_cap": 132.7305,
        "existing": false
    },
    {
        "symbol": "TUP",
        "company": "Tupperware Brands Corporation",
        "change_pct": -10.49,
        "premarket": 2.56,
        "volume": 258845,
        "category": "l",
        "source": "tv",
        "shortable": true,
        "exchange_name": "NYSE",
        "market_cap": 127.2072,
        "existing": false
    },
    {
        "symbol": "VCIG",
        "company": "VCI Global Limited",
        "change_pct": -4.02,
        "premarket": 3.1,
        "volume": 265,
        "category": "l",
        "source": "tv",
        "shortable": true,
        "exchange_name": "NASD",
        "market_cap": 119.524,
        "existing": false
    }
]