[
    {
        "symbol": "BLBX",
        "company": "Blackboxstocks Inc.",
        "premarket": 9.62,
        "change_pct": 264.39,
        "volume": 3730100,
        "category": "g",
        "source": "cnn",
        "fails": [],
        "shortable": false,
        "exchange_name": "NASD",
        "market_cap": 8.99841,
        "tradeable": true
    },
    {
        "symbol": "RXDX",
        "company": "Prometheus Biosciences, Inc",
        "premarket": 193.44,
        "change_pct": 69.67,
        "volume": 2120100,
        "category": "g",
        "source": "cnn",
        "fails": [],
        "shortable": true,
        "exchange_name": "NASD",
        "market_cap": 5418.934,
        "tradeable": true
    },
    {
        "symbol": "CNSP",
        "company": "CNS Pharmaceuticals, Inc.",
        "premarket": 3.56,
        "change_pct": 51.49,
        "volume": 9980100,
        "category": "g",
        "source": "cnn",
        "fails": [],
        "shortable": true,
        "exchange_name": "NASD",
        "market_cap": 5.23186,
        "tradeable": true
    },
    {
        "symbol": "CSBR",
        "company": "Champions Oncology, Inc.",
        "premarket": 6.95,
        "change_pct": 44.79,
        "volume": 2370,
        "category": "g",
        "source": "cnn",
        "fails": [],
        "shortable": true,
        "exchange_name": "NASD",
        "market_cap": 65.08152,
        "tradeable": true
    },
    {
        "symbol": "CMCT",
        "company": "Creative Media & Community Trust Corporation",
        "premarket": 6.0,
        "change_pct": 41.84,
        "volume": 73620,
        "category": "g",
        "source": "cnn",
        "fails": [],
        "shortable": true,
        "exchange_name": "NASD",
        "market_cap": 96.18112,
        "tradeable": true
    },
    {
        "symbol": "DFLI",
        "company": "Dragonfly Energy Holdings Corp",
        "premarket": 5.88,
        "change_pct": 37.06,
        "volume": 777330,
        "category": "g",
        "source": "cnn",
        "fails": [],
        "shortable": false,
        "exchange_name": "NASD",
        "market_cap": 185.64,
        "tradeable": true
    },
    {
        "symbol": "KRBP",
        "company": "Kiromic Biopharma, Inc.",
        "premarket": 5.83,
        "change_pct": 24.84,
        "volume": 450640,
        "category": "g",
        "source": "cnn",
        "fails": [],
        "shortable": false,
        "exchange_name": "NASD",
        "market_cap": 4.51476,
        "tradeable": true
    },
    {
        "symbol": "AGIL",
        "company": "AgileThought, Inc. Class A",
        "premarket": 2.53,
        "change_pct": 19.62,
        "volume": 1740,
        "category": "g",
        "source": "cnn",
        "fails": [
            "shares_value"
        ],
        "shortable": false,
        "exchange_name": "NASD",
        "market_cap": 105.8195,
        "tradeable": false
    },
    {
        "symbol": "IMCR",
        "company": "Immunocore Holdings Plc Shs Sponsored American Depositary Shares Repr 1 Sh",
        "premarket": 63.9,
        "change_pct": 16.58,
        "volume": 11,
        "category": "g",
        "source": "cnn",
        "fails": [
            "shares_value"
        ],
        "shortable": false,
        "exchange_name": "NASD",
        "market_cap": 2613.18,
        "tradeable": false
    },
    {
        "symbol": "PCVX",
        "company": "Vaxcyte, Inc.",
        "premarket": 42.25,
        "change_pct": 15.75,
        "volume": 18500,
        "category": "g",
        "source": "cnn",
        "fails": [],
        "shortable": true,
        "exchange_name": "NASD",
        "market_cap": 2921.231,
        "tradeable": true
    },
    {
        "symbol": "OBLG",
        "company": "Oblong, Inc.",
        "premarket": 3.11,
        "change_pct": 15.19,
        "volume": 502990,
        "category": "g",
        "source": "cnn",
        "fails": [],
        "shortable": true,
        "exchange_name": "NASD",
        "market_cap": 5.5485,
        "tradeable": true
    },
    {
        "symbol": "SAI",
        "company": "SAI.TECH Global Corporation Class A",
        "premarket": 3.83,
        "change_pct": -21.84,
        "volume": 919080,
        "category": "l",
        "source": "cnn",
        "fails": [],
        "shortable": true,
        "exchange_name": "NASD",
        "market_cap": 110.565,
        "tradeable": true
    },
    {
        "symbol": "PTPI",
        "company": "Petros Pharmaceuticals Inc",
        "premarket": 3.65,
        "change_pct": -20.48,
        "volume": 426860,
        "category": "l",
        "source": "cnn",
        "fails": [
            "is_shortable"
        ],
        "shortable": false,
        "exchange_name": "NASD",
        "market_cap": 9.50499,
        "tradeable": false
    },
    {
        "symbol": "NIR",
        "company": "Near Intelligence, Inc.",
        "premarket": 4.77,
        "change_pct": -20.1,
        "volume": 278010,
        "category": "l",
        "source": "cnn",
        "fails": [],
        "shortable": true,
        "exchange_name": "NASD",
        "market_cap": 276.9073,
        "tradeable": true
    },
    {
        "symbol": "CXAI",
        "company": "CXApp Inc. Class A",
        "premarket": 11.62,
        "change_pct": -16.1,
        "volume": 1730100,
        "category": "l",
        "source": "cnn",
        "fails": [
            "is_shortable"
        ],
        "shortable": false,
        "exchange_name": "NASD",
        "market_cap": 194.8695,
        "tradeable": false
    },
    {
        "symbol": "CIFR",
        "company": "Cipher Mining Inc",
        "premarket": 2.55,
        "change_pct": -12.37,
        "volume": 44990,
        "category": "l",
        "source": "cnn",
        "fails": [
            "is_shortable"
        ],
        "shortable": false,
        "exchange_name": "NASD",
        "market_cap": 723.5035,
        "tradeable": false
    },
    {
        "symbol": "SLN",
        "company": "Silence Therapeutics PLC Sponsored ADR",
        "premarket": 5.44,
        "change_pct": -12.26,
        "volume": 492420,
        "category": "l",
        "source": "cnn",
        "fails": [
            "is_shortable"
        ],
        "shortable": false,
        "exchange_name": "NASD",
        "market_cap": 0.0,
        "tradeable": false
    },
    {
        "symbol": "RBLX",
        "company": "Roblox Corp. Class A",
        "premarket": 40.35,
        "change_pct": -11.71,
        "volume": 936020,
        "category": "l",
        "source": "cnn",
        "fails": [],
        "shortable": true,
        "exchange_name": "NYSE",
        "market_cap": 27897.21,
        "tradeable": true
    },
    {
        "symbol": "IZM",
        "company": "ICZOOM Group, Inc. Class A",
        "premarket": 2.0,
        "change_pct": -11.5,
        "volume": 4100,
        "category": "l",
        "source": "cnn",
        "fails": [
            "shares_value",
            "is_shortable"
        ],
        "shortable": false,
        "exchange_name": "NASD",
        "market_cap": 23.33761,
        "tradeable": false
    },
    {
        "symbol": "INTG",
        "company": "InterGroup Corporation",
        "premarket": 36.6,
        "change_pct": -10.72,
        "volume": 4,
        "category": "l",
        "source": "cnn",
        "fails": [
            "shares_value"
        ],
        "shortable": true,
        "exchange_name": "NASD",
        "market_cap": 90.50611,
        "tradeable": false
    },
    {
        "symbol": "STT",
        "company": "State Street Corporation",
        "premarket": 71.67,
        "change_pct": -10.45,
        "volume": 267570,
        "category": "l",
        "source": "cnn",
        "fails": [],
        "shortable": true,
        "exchange_name": "NYSE",
        "market_cap": 26926.77,
        "tradeable": true
    },
    {
        "symbol": "HUT",
        "company": "Hut 8 Mining Corp.",
        "premarket": 1.94,
        "change_pct": -8.9,
        "volume": 187470,
        "category": "l",
        "source": "cnn",
        "fails": [],
        "shortable": true,
        "exchange_name": "NASD",
        "market_cap": 0.0,
        "tradeable": true
    }
]