[
    {
        "symbol": "ZCAR",
        "company": "Zoomcar Holdings, Inc.",
        "change_pct": 130.47,
        "premarket": 9.38,
        "volume": 5980000,
        "category": "g",
        "source": "tv",
        "shortable": false,
        "exchange_name": "NASDAQ",
        "market_cap": 2770677,
        "existing": false
    },
    {
        "symbol": "KIDZ",
        "company": "Classover Holdings, Inc.",
        "change_pct": 89.13,
        "premarket": 2.17,
        "volume": 8650000,
        "category": "g",
        "source": "tv",
        "shortable": true,
        "exchange_name": "NASDAQ",
        "market_cap": 26053976,
        "existing": false
    },
    {
        "symbol": "NAOV",
        "company": "NanoVibronix, Inc.",
        "change_pct": 58.74,
        "premarket": 4.54,
        "volume": 7000000,
        "category": "g",
        "source": "tv",
        "shortable": true,
        "exchange_name": "NASDAQ",
        "market_cap": 2816991,
        "existing": false
    },
    {
        "symbol": "NVNI",
        "company": "Nvni Group Limited",
        "change_pct": 55.83,
        "premarket": 0.7011,
        "volume": 75040000,
        "category": "g",
        "source": "tv",
        "shortable": true,
        "exchange_name": "NASDAQ",
        "market_cap": 19650920,
        "existing": false
    },
    {
        "symbol": "BTOG",
        "company": "Bit Origin Limited",
        "change_pct": 30.9,
        "premarket": 0.1974,
        "volume": 27210000,
        "category": "g",
        "source": "tv",
        "shortable": true,
        "exchange_name": "NASDAQ",
        "market_cap": 1409863,
        "existing": false
    },
    {
        "symbol": "FTCI",
        "company": "FTC Solar, Inc.",
        "change_pct": 25.39,
        "premarket": 4.0,
        "volume": 9830,
        "category": "g",
        "source": "tv",
        "shortable": true,
        "exchange_name": "NASDAQ",
        "market_cap": 44007434,
        "existing": false
    },
    {
        "symbol": "LGMK",
        "company": "LogicMark, Inc.",
        "change_pct": 25.0,
        "premarket": 0.0217,
        "volume": 394950000,
        "category": "g",
        "source": "tv",
        "shortable": true,
        "exchange_name": "NASDAQ",
        "market_cap": 987588,
        "existing": false
    },
    {
        "symbol": "TTMI",
        "company": "TTM Technologies, Inc.",
        "change_pct": 22.38,
        "premarket": 24.5,
        "volume": 14960,
        "category": "g",
        "source": "tv",
        "shortable": true,
        "exchange_name": "NASDAQ",
        "market_cap": 2075104148,
        "existing": false
    },
    {
        "symbol": "VSTS",
        "company": "Vestis Corporation",
        "change_pct": 19.98,
        "premarket": 10.51,
        "volume": 409,
        "category": "g",
        "source": "tv",
        "shortable": true,
        "exchange_name": "NYSE",
        "market_cap": 1177801328,
        "existing": false
    },
    {
        "symbol": "PAPL",
        "company": "Pineapple Financial Inc.",
        "change_pct": 19.49,
        "premarket": 0.2569,
        "volume": 1260000,
        "category": "g",
        "source": "tv",
        "shortable": true,
        "exchange_name": "NYSE American",
        "market_cap": 2066338,
        "existing": false
    },
    {
        "symbol": "RNAZ",
        "company": "TransCode Therapeutics, Inc.",
        "change_pct": 18.08,
        "premarket": 0.4801,
        "volume": 1210000,
        "category": "g",
        "source": "tv",
        "shortable": true,
        "exchange_name": "NASDAQ",
        "market_cap": 10083457,
        "existing": false
    },
    {
        "symbol": "NTGR",
        "company": "NETGEAR, Inc.",
        "change_pct": 17.95,
        "premarket": 28.45,
        "volume": 1140,
        "category": "g",
        "source": "tv",
        "shortable": true,
        "exchange_name": "NASDAQ",
        "market_cap": 690762504,
        "existing": false
    },
    {
        "symbol": "ETWO",
        "company": "E2open Parent Holdings, Inc.",
        "change_pct": 17.22,
        "premarket": 2.31,
        "volume": 3690000,
        "category": "g",
        "source": "tv",
        "shortable": true,
        "exchange_name": "NYSE",
        "market_cap": 649255849,
        "existing": false
    },
    {
        "symbol": "COMM",
        "company": "CommScope Holding Company, Inc.",
        "change_pct": 16.31,
        "premarket": 4.35,
        "volume": 146010,
        "category": "g",
        "source": "tv",
        "shortable": true,
        "exchange_name": "NASDAQ",
        "market_cap": 840255003,
        "existing": false
    },
    {
        "symbol": "PNBK",
        "company": "Patriot National Bancorp Inc.",
        "change_pct": 14.95,
        "premarket": 4.73,
        "volume": 205,
        "category": "g",
        "source": "tv",
        "shortable": true,
        "exchange_name": "NASDAQ",
        "market_cap": 289740397,
        "existing": false
    },
    {
        "symbol": "OBLG",
        "company": "Oblong Inc.",
        "change_pct": 14.34,
        "premarket": 2.79,
        "volume": 100,
        "category": "g",
        "source": "tv",
        "shortable": true,
        "exchange_name": "NASDAQ",
        "market_cap": 2968159,
        "existing": false
    },
    {
        "symbol": "CRWV",
        "company": "CoreWeave, Inc.",
        "change_pct": 13.68,
        "premarket": 46.95,
        "volume": 377860,
        "category": "g",
        "source": "tv",
        "shortable": true,
        "exchange_name": "NASDAQ",
        "market_cap": 19872738277,
        "existing": false
    },
    {
        "symbol": "BGI",
        "company": "Birks Group Inc.",
        "change_pct": 12.88,
        "premarket": 1.15,
        "volume": 250,
        "category": "g",
        "source": "tv",
        "shortable": true,
        "exchange_name": "NYSE American",
        "market_cap": 20083815,
        "existing": false
    },
    {
        "symbol": "GCL",
        "company": "GCL Global Holdings Ltd",
        "change_pct": 12.5,
        "premarket": 2.7,
        "volume": 484,
        "category": "g",
        "source": "tv",
        "shortable": true,
        "exchange_name": "NASDAQ",
        "market_cap": 304162498,
        "existing": false
    },
    {
        "symbol": "NIVF",
        "company": "NewGenIvf Group Limited",
        "change_pct": 12.44,
        "premarket": 0.3235,
        "volume": 284060,
        "category": "g",
        "source": "tv",
        "shortable": true,
        "exchange_name": "NASDAQ",
        "market_cap": 529932,
        "existing": false
    },
    {
        "symbol": "LLY",
        "company": "Eli Lilly and Company",
        "change_pct": -4.76,
        "premarket": 856.2,
        "volume": 186790,
        "category": "l",
        "source": "tv",
        "shortable": true,
        "exchange_name": "NYSE",
        "market_cap": 794899996465,
        "existing": false
    },
    {
        "symbol": "QCOM",
        "company": "QUALCOMM Incorporated",
        "change_pct": -5.85,
        "premarket": 139.78,
        "volume": 470270,
        "category": "l",
        "source": "tv",
        "shortable": true,
        "exchange_name": "NASDAQ",
        "market_cap": 161335683869,
        "existing": false
    },
    {
        "symbol": "BDX",
        "company": "Becton, Dickinson and Company",
        "change_pct": -5.84,
        "premarket": 195.0,
        "volume": 2020,
        "category": "l",
        "source": "tv",
        "shortable": true,
        "exchange_name": "NYSE",
        "market_cap": 59276236311,
        "existing": false
    },
    {
        "symbol": "CHD",
        "company": "Church & Dwight Company, Inc.",
        "change_pct": -5.78,
        "premarket": 93.6,
        "volume": 27420,
        "category": "l",
        "source": "tv",
        "shortable": true,
        "exchange_name": "NYSE",
        "market_cap": 24367344070,
        "existing": false
    },
    {
        "symbol": "BLDR",
        "company": "Builders FirstSource, Inc.",
        "change_pct": -4.71,
        "premarket": 114.0,
        "volume": 8490,
        "category": "l",
        "source": "tv",
        "shortable": true,
        "exchange_name": "NYSE",
        "market_cap": 13676436075,
        "existing": false
    },
    {
        "symbol": "PPC",
        "company": "Pilgrim's Pride Corporation",
        "change_pct": -5.9,
        "premarket": 51.36,
        "volume": 3840,
        "category": "l",
        "source": "tv",
        "shortable": true,
        "exchange_name": "NASDAQ",
        "market_cap": 12812811771,
        "existing": false
    },
    {
        "symbol": "ICLR",
        "company": "ICON plc",
        "change_pct": -5.96,
        "premarket": 142.42,
        "volume": 300,
        "category": "l",
        "source": "tv",
        "shortable": true,
        "exchange_name": "NASDAQ",
        "market_cap": 12057806766,
        "existing": false
    },
    {
        "symbol": "SCI",
        "company": "Service Corporation International",
        "change_pct": -4.89,
        "premarket": 75.99,
        "volume": 550,
        "category": "l",
        "source": "tv",
        "shortable": true,
        "exchange_name": "NYSE",
        "market_cap": 11542071978,
        "existing": false
    },
    {
        "symbol": "MRNA",
        "company": "Moderna, Inc.",
        "change_pct": -5.4,
        "premarket": 27.0,
        "volume": 222230,
        "category": "l",
        "source": "tv",
        "shortable": true,
        "exchange_name": "NASDAQ",
        "market_cap": 10755840843,
        "existing": false
    },
    {
        "symbol": "CFLT",
        "company": "Confluent, Inc.",
        "change_pct": -9.7,
        "premarket": 21.5,
        "volume": 108550,
        "category": "l",
        "source": "tv",
        "shortable": true,
        "exchange_name": "NASDAQ",
        "market_cap": 8176832730,
        "existing": false
    },
    {
        "symbol": "GPK",
        "company": "Graphic Packaging Holding Company",
        "change_pct": -15.01,
        "premarket": 21.51,
        "volume": 24530,
        "category": "l",
        "source": "tv",
        "shortable": true,
        "exchange_name": "NYSE",
        "market_cap": 7736979764,
        "existing": false
    },
    {
        "symbol": "GKOS",
        "company": "Glaukos Corporation",
        "change_pct": -8.97,
        "premarket": 85.8,
        "volume": 13630,
        "category": "l",
        "source": "tv",
        "shortable": true,
        "exchange_name": "NYSE",
        "market_cap": 5356381538,
        "existing": false
    },
    {
        "symbol": "GTES",
        "company": "Gates Industrial Corporation plc",
        "change_pct": -4.86,
        "premarket": 18.0,
        "volume": 180,
        "category": "l",
        "source": "tv",
        "shortable": true,
        "exchange_name": "NYSE",
        "market_cap": 4633583978,
        "existing": false
    },
    {
        "symbol": "OGN",
        "company": "Organon & Co.",
        "change_pct": -16.16,
        "premarket": 10.84,
        "volume": 341930,
        "category": "l",
        "source": "tv",
        "shortable": true,
        "exchange_name": "NYSE",
        "market_cap": 3394623960,
        "existing": false
    },
    {
        "symbol": "INTR",
        "company": "Inter & Co. Inc.",
        "change_pct": -4.53,
        "premarket": 6.32,
        "volume": 300,
        "category": "l",
        "source": "tv",
        "shortable": true,
        "exchange_name": "NASDAQ",
        "market_cap": 2883475309,
        "existing": false
    },
    {
        "symbol": "FOLD",
        "company": "Amicus Therapeutics, Inc.",
        "change_pct": -14.06,
        "premarket": 6.6,
        "volume": 12280,
        "category": "l",
        "source": "tv",
        "shortable": true,
        "exchange_name": "NASDAQ",
        "market_cap": 2310443596,
        "existing": false
    },
    {
        "symbol": "OCSL",
        "company": "Oaktree Specialty Lending Corporation",
        "change_pct": -4.86,
        "premarket": 13.7,
        "volume": 8750,
        "category": "l",
        "source": "tv",
        "shortable": true,
        "exchange_name": "NASDAQ",
        "market_cap": 1202426563,
        "existing": false
    },
    {
        "symbol": "BLND",
        "company": "Blend Labs, Inc.",
        "change_pct": -4.78,
        "premarket": 3.19,
        "volume": 450,
        "category": "l",
        "source": "tv",
        "shortable": true,
        "exchange_name": "NYSE",
        "market_cap": 872464115,
        "existing": false
    },
    {
        "symbol": "TROX",
        "company": "Tronox Holdings plc",
        "change_pct": -5.55,
        "premarket": 5.11,
        "volume": 11380,
        "category": "l",
        "source": "tv",
        "shortable": true,
        "exchange_name": "NYSE",
        "market_cap": 867079927,
        "existing": false
    },
    {
        "symbol": "RGR",
        "company": "Sturm, Ruger & Company, Inc.",
        "change_pct": -5.8,
        "premarket": 38.3,
        "volume": 179,
        "category": "l",
        "source": "tv",
        "shortable": true,
        "exchange_name": "NYSE",
        "market_cap": 673455854,
        "existing": false
    }
]