[
    {
        "symbol": "NEPT",
        "company": "Neptune Wellness Solutions Inc.",
        "change_pct": 70.1,
        "premarket": 0.2344,
        "volume": 14905000,
        "category": "g",
        "source": "tv",
        "shortable": true,
        "exchange_name": "NASD",
        "market_cap": 1.6531,
        "existing": false
    },
    {
        "symbol": "CRKN",
        "company": "Crown Electrokinetics Corp.",
        "change_pct": 29.0,
        "premarket": 2.13,
        "volume": 3112000,
        "category": "g",
        "source": "tv",
        "shortable": false,
        "exchange_name": "NASD",
        "market_cap": 2.48639,
        "existing": false
    },
    {
        "symbol": "EBET",
        "company": "EBET, INC.",
        "change_pct": 23.4,
        "premarket": 0.0812,
        "volume": 43936000,
        "category": "g",
        "source": "tv",
        "shortable": true,
        "exchange_name": "NASD",
        "market_cap": 19.75206,
        "existing": false
    },
    {
        "symbol": "HE",
        "company": "Hawaiian Electric Industries, Inc.",
        "change_pct": 15.88,
        "premarket": 13.94,
        "volume": 2518000,
        "category": "g",
        "source": "tv",
        "shortable": true,
        "exchange_name": "NYSE",
        "market_cap": 1318.628,
        "existing": false
    },
    {
        "symbol": "NBSE",
        "company": "NeuBase Therapeutics, Inc.",
        "change_pct": 15.67,
        "premarket": 0.775,
        "volume": 202590,
        "category": "g",
        "source": "tv",
        "shortable": true,
        "exchange_name": "NASD",
        "market_cap": 1.58279,
        "existing": false
    },
    {
        "symbol": "DRTS",
        "company": "Alpha Tau Medical Ltd.",
        "change_pct": 15.28,
        "premarket": 4.15,
        "volume": 563100,
        "category": "g",
        "source": "tv",
        "shortable": false,
        "exchange_name": "NASD",
        "market_cap": 249.3922,
        "existing": false
    },
    {
        "symbol": "NETC",
        "company": "Nabors Energy Transition Corp.",
        "change_pct": 14.02,
        "premarket": 12.35,
        "volume": 1428,
        "category": "g",
        "source": "tv",
        "shortable": false,
        "exchange_name": "NYSE",
        "market_cap": 181.4094,
        "existing": false
    },
    {
        "symbol": "TMBR",
        "company": "Timber Pharmaceuticals, Inc.",
        "change_pct": 13.53,
        "premarket": 1.72,
        "volume": 400,
        "category": "g",
        "source": "tv",
        "shortable": true,
        "exchange_name": "AMEX",
        "market_cap": 34.02019,
        "existing": false
    },
    {
        "symbol": "TCON",
        "company": "TRACON Pharmaceuticals, Inc.",
        "change_pct": 12.68,
        "premarket": 0.231,
        "volume": 14210,
        "category": "g",
        "source": "tv",
        "shortable": true,
        "exchange_name": "NASD",
        "market_cap": 5.80708,
        "existing": false
    },
    {
        "symbol": "AVTX",
        "company": "Avalo Therapeutics, Inc.",
        "change_pct": 12.35,
        "premarket": 0.1647,
        "volume": 17369000,
        "category": "g",
        "source": "tv",
        "shortable": true,
        "exchange_name": "NASD",
        "market_cap": 2.96857,
        "existing": false
    },
    {
        "symbol": "LFLY",
        "company": "Leafly Holdings, Inc.",
        "change_pct": 12.29,
        "premarket": 0.35,
        "volume": 2150,
        "category": "g",
        "source": "tv",
        "shortable": true,
        "exchange_name": "NASD",
        "market_cap": 13.86899,
        "existing": false
    },
    {
        "symbol": "CHSN",
        "company": "Chanson International Holding",
        "change_pct": 11.8,
        "premarket": 1.91,
        "volume": 20733,
        "category": "g",
        "source": "tv",
        "shortable": true,
        "exchange_name": "NASD",
        "market_cap": 21.16708,
        "existing": false
    },
    {
        "symbol": "LSDI",
        "company": "Lucy Scientific Discovery Inc.",
        "change_pct": 11.35,
        "premarket": 0.785,
        "volume": 127,
        "category": "g",
        "source": "tv",
        "shortable": true,
        "exchange_name": "NASD",
        "market_cap": 11.52069,
        "existing": false
    },
    {
        "symbol": "INBS",
        "company": "Intelligent Bio Solutions Inc.",
        "change_pct": 10.12,
        "premarket": 1.85,
        "volume": 200,
        "category": "g",
        "source": "tv",
        "shortable": false,
        "exchange_name": "NASD",
        "market_cap": 3.91507,
        "existing": false
    },
    {
        "symbol": "PROK",
        "company": "ProKidney Corp.",
        "change_pct": 9.42,
        "premarket": 10.69,
        "volume": 1000,
        "category": "g",
        "source": "tv",
        "shortable": false,
        "exchange_name": "NASD",
        "market_cap": 2298.428,
        "existing": false
    },
    {
        "symbol": "AXTI",
        "company": "AXT Inc",
        "change_pct": 9.24,
        "premarket": 2.6,
        "volume": 100,
        "category": "g",
        "source": "tv",
        "shortable": true,
        "exchange_name": "NASD",
        "market_cap": 103.9033,
        "existing": false
    },
    {
        "symbol": "VIRI",
        "company": "Virios Therapeutics, Inc.",
        "change_pct": 9.09,
        "premarket": 1.31,
        "volume": 47998,
        "category": "g",
        "source": "tv",
        "shortable": false,
        "exchange_name": "NASD",
        "market_cap": 23.09692,
        "existing": false
    },
    {
        "symbol": "SNMP",
        "company": "Evolve Transition Infrastructure LP",
        "change_pct": 8.85,
        "premarket": 3.32,
        "volume": 600,
        "category": "g",
        "source": "tv",
        "shortable": true,
        "exchange_name": "AMEX",
        "market_cap": 4.15858,
        "existing": false
    },
    {
        "symbol": "AIHS",
        "company": "Senmiao Technology Limited",
        "change_pct": 8.67,
        "premarket": 0.4988,
        "volume": 299,
        "category": "g",
        "source": "tv",
        "shortable": false,
        "exchange_name": "NASD",
        "market_cap": 3.70323,
        "existing": false
    },
    {
        "symbol": "LASE",
        "company": "Laser Photonics Corporation",
        "change_pct": 8.64,
        "premarket": 1.76,
        "volume": 2072,
        "category": "g",
        "source": "tv",
        "shortable": false,
        "exchange_name": "NASD",
        "market_cap": 13.37054,
        "existing": false
    },
    {
        "symbol": "ACRX",
        "company": "AcelRx Pharmaceuticals, Inc.",
        "change_pct": 8.6,
        "premarket": 0.9121,
        "volume": 116245,
        "category": "g",
        "source": "tv",
        "shortable": true,
        "exchange_name": "NASD",
        "market_cap": 13.72407,
        "existing": false
    },
    {
        "symbol": "WETG",
        "company": "WeTrade Group Inc.",
        "change_pct": 8.53,
        "premarket": 9.8,
        "volume": 305,
        "category": "g",
        "source": "tv",
        "shortable": false,
        "exchange_name": "NASD",
        "market_cap": 9.52241,
        "existing": false
    },
    {
        "symbol": "MOTS",
        "company": "Motus GI Holdings, Inc.",
        "change_pct": 8.53,
        "premarket": 0.56,
        "volume": 500,
        "category": "g",
        "source": "tv",
        "shortable": false,
        "exchange_name": "NASD",
        "market_cap": 3.04102,
        "existing": false
    },
    {
        "symbol": "IRRX",
        "company": "Integrated Rail and Resources Acquisition Corp.",
        "change_pct": 8.28,
        "premarket": 11.9,
        "volume": 100,
        "category": "g",
        "source": "tv",
        "shortable": false,
        "exchange_name": "NYSE",
        "market_cap": 0.0,
        "existing": false
    },
    {
        "symbol": "SVFD",
        "company": "Save Foods, Inc.",
        "change_pct": 8.07,
        "premarket": 0.7565,
        "volume": 5260,
        "category": "g",
        "source": "tv",
        "shortable": false,
        "exchange_name": "NASD",
        "market_cap": 6.78245,
        "existing": false
    },
    {
        "symbol": "NEOV",
        "company": "NeoVolta Inc.",
        "change_pct": 8.04,
        "premarket": 3.09,
        "volume": 1701,
        "category": "g",
        "source": "tv",
        "shortable": false,
        "exchange_name": "NASD",
        "market_cap": 94.82366,
        "existing": false
    },
    {
        "symbol": "AEVA",
        "company": "Aeva Technologies, Inc.",
        "change_pct": 7.84,
        "premarket": 1.1,
        "volume": 100,
        "category": "g",
        "source": "tv",
        "shortable": true,
        "exchange_name": "NYSE",
        "market_cap": 227.1804,
        "existing": false
    },
    {
        "symbol": "BLMN",
        "company": "Bloomin' Brands, Inc.",
        "change_pct": 7.73,
        "premarket": 27.6,
        "volume": 20730,
        "category": "g",
        "source": "tv",
        "shortable": true,
        "exchange_name": "NASD",
        "market_cap": 2231.432,
        "existing": false
    },
    {
        "symbol": "OBLG",
        "company": "Oblong Inc.",
        "change_pct": 7.69,
        "premarket": 0.84,
        "volume": 200,
        "category": "g",
        "source": "tv",
        "shortable": true,
        "exchange_name": "NASD",
        "market_cap": 2.28471,
        "existing": false
    },
    {
        "symbol": "SQFT",
        "company": "Presidio Property Trust, Inc.",
        "change_pct": 7.58,
        "premarket": 0.8715,
        "volume": 100,
        "category": "g",
        "source": "tv",
        "shortable": false,
        "exchange_name": "NASD",
        "market_cap": 9.59945,
        "existing": false
    },
    {
        "symbol": "STBX",
        "company": "Starbox Group Holdings Ltd.",
        "change_pct": 7.58,
        "premarket": 3.55,
        "volume": 9193,
        "category": "g",
        "source": "tv",
        "shortable": false,
        "exchange_name": "NASD",
        "market_cap": 149.7375,
        "existing": false
    },
    {
        "symbol": "PWM",
        "company": "Prestige Wealth Inc.",
        "change_pct": 7.48,
        "premarket": 6.9,
        "volume": 4270,
        "category": "g",
        "source": "tv",
        "shortable": true,
        "exchange_name": "NASD",
        "market_cap": 58.743,
        "existing": false
    },
    {
        "symbol": "FRBK",
        "company": "Republic First Bancorp, Inc.",
        "change_pct": 7.44,
        "premarket": 0.7006,
        "volume": 420,
        "category": "g",
        "source": "tv",
        "shortable": true,
        "exchange_name": "NASD",
        "market_cap": 41.64773,
        "existing": false
    },
    {
        "symbol": "SLGG",
        "company": "Super League Gaming, Inc.",
        "change_pct": 7.42,
        "premarket": 0.2578,
        "volume": 1700,
        "category": "g",
        "source": "tv",
        "shortable": true,
        "exchange_name": "NASD",
        "market_cap": 12.10229,
        "existing": false
    },
    {
        "symbol": "BFRG",
        "company": "Bullfrog AI Holdings, Inc.",
        "change_pct": 7.37,
        "premarket": 3.35,
        "volume": 12476,
        "category": "g",
        "source": "tv",
        "shortable": true,
        "exchange_name": "NASD",
        "market_cap": 19.01529,
        "existing": false
    },
    {
        "symbol": "SNCE",
        "company": "Science 37 Holdings, Inc.",
        "change_pct": 7.35,
        "premarket": 0.33,
        "volume": 1000,
        "category": "g",
        "source": "tv",
        "shortable": false,
        "exchange_name": "NASD",
        "market_cap": 36.0002,
        "existing": false
    },
    {
        "symbol": "ALVR",
        "company": "AlloVir, Inc.",
        "change_pct": 7.29,
        "premarket": 2.65,
        "volume": 9448,
        "category": "g",
        "source": "tv",
        "shortable": true,
        "exchange_name": "NASD",
        "market_cap": 281.2542,
        "existing": false
    },
    {
        "symbol": "CTM",
        "company": "Castellum, Inc.",
        "change_pct": 7.14,
        "premarket": 0.3719,
        "volume": 39403,
        "category": "g",
        "source": "tv",
        "shortable": false,
        "exchange_name": "AMEX",
        "market_cap": 0.0,
        "existing": false
    },
    {
        "symbol": "BON",
        "company": "Bon Natural Life Limited",
        "change_pct": 7.13,
        "premarket": 0.61,
        "volume": 400,
        "category": "g",
        "source": "tv",
        "shortable": false,
        "exchange_name": "NASD",
        "market_cap": 6.34666,
        "existing": false
    },
    {
        "symbol": "JWEL",
        "company": "Jowell Global Ltd.",
        "change_pct": 7.1,
        "premarket": 0.2266,
        "volume": 200,
        "category": "g",
        "source": "tv",
        "shortable": false,
        "exchange_name": "NASD",
        "market_cap": 7.23058,
        "existing": false
    }
]