[
    {
        "symbol": "NEPT",
        "company": "Neptune Wellness Solutions Inc.",
        "change_pct": 69.52,
        "premarket": 0.2336,
        "volume": 17604000,
        "category": "g",
        "source": "tv",
        "shortable": true,
        "exchange_name": "NASD",
        "market_cap": 1.6531,
        "existing": false
    },
    {
        "symbol": "CRKN",
        "company": "Crown Electrokinetics Corp.",
        "change_pct": 28.7,
        "premarket": 2.13,
        "volume": 3799000,
        "category": "g",
        "source": "tv",
        "shortable": false,
        "exchange_name": "NASD",
        "market_cap": 2.48639,
        "existing": false
    },
    {
        "symbol": "EBET",
        "company": "EBET, INC.",
        "change_pct": 22.34,
        "premarket": 0.0805,
        "volume": 69333000,
        "category": "g",
        "source": "tv",
        "shortable": true,
        "exchange_name": "NASD",
        "market_cap": 19.75206,
        "existing": false
    },
    {
        "symbol": "DRTS",
        "company": "Alpha Tau Medical Ltd.",
        "change_pct": 17.5,
        "premarket": 4.23,
        "volume": 601595,
        "category": "g",
        "source": "tv",
        "shortable": false,
        "exchange_name": "NASD",
        "market_cap": 249.3922,
        "existing": false
    },
    {
        "symbol": "NBSE",
        "company": "NeuBase Therapeutics, Inc.",
        "change_pct": 16.42,
        "premarket": 0.78,
        "volume": 562329,
        "category": "g",
        "source": "tv",
        "shortable": true,
        "exchange_name": "NASD",
        "market_cap": 1.58279,
        "existing": false
    },
    {
        "symbol": "ACRX",
        "company": "AcelRx Pharmaceuticals, Inc.",
        "change_pct": 14.29,
        "premarket": 0.9599,
        "volume": 216507,
        "category": "g",
        "source": "tv",
        "shortable": true,
        "exchange_name": "NASD",
        "market_cap": 13.72407,
        "existing": false
    },
    {
        "symbol": "AVTX",
        "company": "Avalo Therapeutics, Inc.",
        "change_pct": 14.05,
        "premarket": 0.1672,
        "volume": 18627000,
        "category": "g",
        "source": "tv",
        "shortable": true,
        "exchange_name": "NASD",
        "market_cap": 2.96857,
        "existing": false
    },
    {
        "symbol": "TMBR",
        "company": "Timber Pharmaceuticals, Inc.",
        "change_pct": 13.53,
        "premarket": 1.72,
        "volume": 400,
        "category": "g",
        "source": "tv",
        "shortable": true,
        "exchange_name": "AMEX",
        "market_cap": 34.02019,
        "existing": false
    },
    {
        "symbol": "HE",
        "company": "Hawaiian Electric Industries, Inc.",
        "change_pct": 13.45,
        "premarket": 13.65,
        "volume": 3066000,
        "category": "g",
        "source": "tv",
        "shortable": true,
        "exchange_name": "NYSE",
        "market_cap": 1318.628,
        "existing": false
    },
    {
        "symbol": "CHSN",
        "company": "Chanson International Holding",
        "change_pct": 11.8,
        "premarket": 1.91,
        "volume": 20733,
        "category": "g",
        "source": "tv",
        "shortable": true,
        "exchange_name": "NASD",
        "market_cap": 21.16708,
        "existing": false
    },
    {
        "symbol": "TCON",
        "company": "TRACON Pharmaceuticals, Inc.",
        "change_pct": 10.05,
        "premarket": 0.2256,
        "volume": 18310,
        "category": "g",
        "source": "tv",
        "shortable": true,
        "exchange_name": "NASD",
        "market_cap": 5.80708,
        "existing": false
    },
    {
        "symbol": "GTEC",
        "company": "Greenland Technologies Holding Corporation",
        "change_pct": 9.79,
        "premarket": 1.68,
        "volume": 600,
        "category": "g",
        "source": "tv",
        "shortable": true,
        "exchange_name": "NASD",
        "market_cap": 19.85711,
        "existing": false
    },
    {
        "symbol": "GLG",
        "company": "TD Holdings, Inc.",
        "change_pct": 9.62,
        "premarket": 0.5481,
        "volume": 8560,
        "category": "g",
        "source": "tv",
        "shortable": true,
        "exchange_name": "NASD",
        "market_cap": 92.20372,
        "existing": false
    },
    {
        "symbol": "PROK",
        "company": "ProKidney Corp.",
        "change_pct": 9.42,
        "premarket": 10.69,
        "volume": 1000,
        "category": "g",
        "source": "tv",
        "shortable": false,
        "exchange_name": "NASD",
        "market_cap": 2298.428,
        "existing": false
    },
    {
        "symbol": "LFLY",
        "company": "Leafly Holdings, Inc.",
        "change_pct": 9.4,
        "premarket": 0.341,
        "volume": 2250,
        "category": "g",
        "source": "tv",
        "shortable": true,
        "exchange_name": "NASD",
        "market_cap": 13.86899,
        "existing": false
    },
    {
        "symbol": "STRR",
        "company": "Star Equity Holdings, Inc.",
        "change_pct": 9.3,
        "premarket": 1.05,
        "volume": 1830,
        "category": "g",
        "source": "tv",
        "shortable": true,
        "exchange_name": "NASD",
        "market_cap": 14.91111,
        "existing": false
    },
    {
        "symbol": "AXTI",
        "company": "AXT Inc",
        "change_pct": 9.24,
        "premarket": 2.6,
        "volume": 100,
        "category": "g",
        "source": "tv",
        "shortable": true,
        "exchange_name": "NASD",
        "market_cap": 103.9033,
        "existing": false
    },
    {
        "symbol": "AIHS",
        "company": "Senmiao Technology Limited",
        "change_pct": 8.67,
        "premarket": 0.4988,
        "volume": 299,
        "category": "g",
        "source": "tv",
        "shortable": false,
        "exchange_name": "NASD",
        "market_cap": 3.70323,
        "existing": false
    },
    {
        "symbol": "LASE",
        "company": "Laser Photonics Corporation",
        "change_pct": 8.64,
        "premarket": 1.76,
        "volume": 2072,
        "category": "g",
        "source": "tv",
        "shortable": false,
        "exchange_name": "NASD",
        "market_cap": 13.37054,
        "existing": false
    },
    {
        "symbol": "WETG",
        "company": "WeTrade Group Inc.",
        "change_pct": 8.53,
        "premarket": 9.8,
        "volume": 305,
        "category": "g",
        "source": "tv",
        "shortable": false,
        "exchange_name": "NASD",
        "market_cap": 9.52241,
        "existing": false
    },
    {
        "symbol": "MOTS",
        "company": "Motus GI Holdings, Inc.",
        "change_pct": 8.53,
        "premarket": 0.56,
        "volume": 500,
        "category": "g",
        "source": "tv",
        "shortable": false,
        "exchange_name": "NASD",
        "market_cap": 3.04102,
        "existing": false
    },
    {
        "symbol": "SXTC",
        "company": "China SXT Pharmaceuticals, Inc.",
        "change_pct": 8.38,
        "premarket": 0.1539,
        "volume": 6950,
        "category": "g",
        "source": "tv",
        "shortable": false,
        "exchange_name": "NASD",
        "market_cap": 2.00765,
        "existing": false
    },
    {
        "symbol": "VIRI",
        "company": "Virios Therapeutics, Inc.",
        "change_pct": 8.33,
        "premarket": 1.3,
        "volume": 63625,
        "category": "g",
        "source": "tv",
        "shortable": false,
        "exchange_name": "NASD",
        "market_cap": 23.09692,
        "existing": false
    },
    {
        "symbol": "SLGG",
        "company": "Super League Gaming, Inc.",
        "change_pct": 8.33,
        "premarket": 0.26,
        "volume": 3968,
        "category": "g",
        "source": "tv",
        "shortable": true,
        "exchange_name": "NASD",
        "market_cap": 12.10229,
        "existing": false
    },
    {
        "symbol": "IRRX",
        "company": "Integrated Rail and Resources Acquisition Corp.",
        "change_pct": 8.28,
        "premarket": 11.9,
        "volume": 100,
        "category": "g",
        "source": "tv",
        "shortable": false,
        "exchange_name": "NYSE",
        "market_cap": 0.0,
        "existing": false
    },
    {
        "symbol": "CPHI",
        "company": "China Pharma Holdings, Inc.",
        "change_pct": 8.24,
        "premarket": 0.2338,
        "volume": 8961,
        "category": "g",
        "source": "tv",
        "shortable": true,
        "exchange_name": "AMEX",
        "market_cap": 30.28779,
        "existing": false
    },
    {
        "symbol": "SVFD",
        "company": "Save Foods, Inc.",
        "change_pct": 8.07,
        "premarket": 0.7565,
        "volume": 5260,
        "category": "g",
        "source": "tv",
        "shortable": false,
        "exchange_name": "NASD",
        "market_cap": 6.78245,
        "existing": false
    },
    {
        "symbol": "AIMD",
        "company": "Ainos, Inc.",
        "change_pct": 7.85,
        "premarket": 0.687,
        "volume": 100,
        "category": "g",
        "source": "tv",
        "shortable": false,
        "exchange_name": "NASD",
        "market_cap": 12.9264,
        "existing": false
    },
    {
        "symbol": "AEVA",
        "company": "Aeva Technologies, Inc.",
        "change_pct": 7.84,
        "premarket": 1.1,
        "volume": 100,
        "category": "g",
        "source": "tv",
        "shortable": true,
        "exchange_name": "NYSE",
        "market_cap": 227.1804,
        "existing": false
    },
    {
        "symbol": "AMTI",
        "company": "Applied Molecular Transport Inc.",
        "change_pct": 7.83,
        "premarket": 0.27,
        "volume": 458,
        "category": "g",
        "source": "tv",
        "shortable": true,
        "exchange_name": "NASD",
        "market_cap": 9.87307,
        "existing": false
    },
    {
        "symbol": "LSDI",
        "company": "Lucy Scientific Discovery Inc.",
        "change_pct": 7.59,
        "premarket": 0.7585,
        "volume": 1627,
        "category": "g",
        "source": "tv",
        "shortable": true,
        "exchange_name": "NASD",
        "market_cap": 11.52069,
        "existing": false
    },
    {
        "symbol": "SQFT",
        "company": "Presidio Property Trust, Inc.",
        "change_pct": 7.58,
        "premarket": 0.8715,
        "volume": 100,
        "category": "g",
        "source": "tv",
        "shortable": false,
        "exchange_name": "NASD",
        "market_cap": 9.59945,
        "existing": false
    },
    {
        "symbol": "PWM",
        "company": "Prestige Wealth Inc.",
        "change_pct": 7.48,
        "premarket": 6.9,
        "volume": 4370,
        "category": "g",
        "source": "tv",
        "shortable": true,
        "exchange_name": "NASD",
        "market_cap": 58.743,
        "existing": false
    },
    {
        "symbol": "BFRG",
        "company": "Bullfrog AI Holdings, Inc.",
        "change_pct": 7.37,
        "premarket": 3.35,
        "volume": 12476,
        "category": "g",
        "source": "tv",
        "shortable": true,
        "exchange_name": "NASD",
        "market_cap": 19.01529,
        "existing": false
    },
    {
        "symbol": "ADTX",
        "company": "Aditxt, Inc.",
        "change_pct": 7.26,
        "premarket": 17.14,
        "volume": 20515,
        "category": "g",
        "source": "tv",
        "shortable": false,
        "exchange_name": "NASD",
        "market_cap": 3.04049,
        "existing": false
    },
    {
        "symbol": "INBS",
        "company": "Intelligent Bio Solutions Inc.",
        "change_pct": 7.14,
        "premarket": 1.8,
        "volume": 10103,
        "category": "g",
        "source": "tv",
        "shortable": false,
        "exchange_name": "NASD",
        "market_cap": 3.91507,
        "existing": false
    },
    {
        "symbol": "BON",
        "company": "Bon Natural Life Limited",
        "change_pct": 7.13,
        "premarket": 0.61,
        "volume": 400,
        "category": "g",
        "source": "tv",
        "shortable": false,
        "exchange_name": "NASD",
        "market_cap": 6.34666,
        "existing": false
    },
    {
        "symbol": "JWEL",
        "company": "Jowell Global Ltd.",
        "change_pct": 7.1,
        "premarket": 0.2266,
        "volume": 200,
        "category": "g",
        "source": "tv",
        "shortable": false,
        "exchange_name": "NASD",
        "market_cap": 7.23058,
        "existing": false
    },
    {
        "symbol": "DLB",
        "company": "Dolby Laboratories",
        "change_pct": 7.02,
        "premarket": 82.21,
        "volume": 13729,
        "category": "g",
        "source": "tv",
        "shortable": true,
        "exchange_name": "NYSE",
        "market_cap": 7347.16,
        "existing": false
    },
    {
        "symbol": "SISI",
        "company": "Shineco, Inc.",
        "change_pct": 6.85,
        "premarket": 0.1982,
        "volume": 29691,
        "category": "g",
        "source": "tv",
        "shortable": false,
        "exchange_name": "NASD",
        "market_cap": 3.94303,
        "existing": false
    }
]