[
    {
        "symbol": "NIR",
        "company": "Near Intelligence, Inc.",
        "change_pct": 65.45,
        "premarket": 0.3458,
        "volume": 12366000,
        "category": "g",
        "source": "tv",
        "shortable": true,
        "exchange_name": "N/A",
        "market_cap": 0,
        "existing": false
    },
    {
        "symbol": "LIFW",
        "company": "MSP Recovery, Inc.",
        "change_pct": 51.82,
        "premarket": 0.2335,
        "volume": 40277000,
        "category": "g",
        "source": "tv",
        "shortable": true,
        "exchange_name": "N/A",
        "market_cap": 0,
        "existing": false
    },
    {
        "symbol": "MURF",
        "company": "Murphy Canyon Acquisition Corp.",
        "change_pct": 47.12,
        "premarket": 18.89,
        "volume": 81466,
        "category": "g",
        "source": "tv",
        "shortable": true,
        "exchange_name": "N/A",
        "market_cap": 0,
        "existing": false
    },
    {
        "symbol": "AMTI",
        "company": "Applied Molecular Transport Inc.",
        "change_pct": 37.98,
        "premarket": 0.287,
        "volume": 7997000,
        "category": "g",
        "source": "tv",
        "shortable": true,
        "exchange_name": "N/A",
        "market_cap": 0,
        "existing": false
    },
    {
        "symbol": "UPTD",
        "company": "TradeUP Acquisition Corp.",
        "change_pct": 23.76,
        "premarket": 15.16,
        "volume": 147666,
        "category": "g",
        "source": "tv",
        "shortable": true,
        "exchange_name": "N/A",
        "market_cap": 0,
        "existing": false
    },
    {
        "symbol": "JTAI",
        "company": "Jet.AI Inc.",
        "change_pct": 21.51,
        "premarket": 3.05,
        "volume": 300,
        "category": "g",
        "source": "tv",
        "shortable": true,
        "exchange_name": "N/A",
        "market_cap": 0,
        "existing": false
    },
    {
        "symbol": "NEPT",
        "company": "Neptune Wellness Solutions Inc.",
        "change_pct": 21.23,
        "premarket": 4.74,
        "volume": 1574000,
        "category": "g",
        "source": "tv",
        "shortable": true,
        "exchange_name": "N/A",
        "market_cap": 0,
        "existing": false
    },
    {
        "symbol": "SPLK",
        "company": "Splunk Inc.",
        "change_pct": 20.75,
        "premarket": 144.4,
        "volume": 2599000,
        "category": "g",
        "source": "tv",
        "shortable": true,
        "exchange_name": "N/A",
        "market_cap": 0,
        "existing": false
    },
    {
        "symbol": "LVO",
        "company": "LiveOne, Inc.",
        "change_pct": 17.21,
        "premarket": 1.26,
        "volume": 19831,
        "category": "g",
        "source": "tv",
        "shortable": true,
        "exchange_name": "N/A",
        "market_cap": 0,
        "existing": false
    },
    {
        "symbol": "GTHX",
        "company": "G1 Therapeutics, Inc.",
        "change_pct": 15.67,
        "premarket": 1.55,
        "volume": 17119,
        "category": "g",
        "source": "tv",
        "shortable": true,
        "exchange_name": "N/A",
        "market_cap": 0,
        "existing": false
    },
    {
        "symbol": "SGLY",
        "company": "Singularity Future Technology Ltd.",
        "change_pct": 14.11,
        "premarket": 0.659,
        "volume": 2490,
        "category": "g",
        "source": "tv",
        "shortable": true,
        "exchange_name": "N/A",
        "market_cap": 0,
        "existing": false
    },
    {
        "symbol": "AENT",
        "company": "Alliance Entertainment Holding Corporation",
        "change_pct": 11.32,
        "premarket": 1.18,
        "volume": 4275,
        "category": "g",
        "source": "tv",
        "shortable": true,
        "exchange_name": "N/A",
        "market_cap": 0,
        "existing": false
    },
    {
        "symbol": "SLGL",
        "company": "Sol-Gel Technologies Ltd.",
        "change_pct": 10.9,
        "premarket": 2.34,
        "volume": 800,
        "category": "g",
        "source": "tv",
        "shortable": true,
        "exchange_name": "N/A",
        "market_cap": 0,
        "existing": false
    },
    {
        "symbol": "BON",
        "company": "Bon Natural Life Limited",
        "change_pct": 10.9,
        "premarket": 0.4498,
        "volume": 10168,
        "category": "g",
        "source": "tv",
        "shortable": true,
        "exchange_name": "N/A",
        "market_cap": 0,
        "existing": false
    },
    {
        "symbol": "ORGS",
        "company": "Orgenesis Inc.",
        "change_pct": 10.36,
        "premarket": 0.6511,
        "volume": 66745,
        "category": "g",
        "source": "tv",
        "shortable": true,
        "exchange_name": "N/A",
        "market_cap": 0,
        "existing": false
    },
    {
        "symbol": "SGBX",
        "company": "Safe & Green Holdings Corp.",
        "change_pct": 10.13,
        "premarket": 1.74,
        "volume": 448753,
        "category": "g",
        "source": "tv",
        "shortable": true,
        "exchange_name": "N/A",
        "market_cap": 0,
        "existing": false
    },
    {
        "symbol": "INBS",
        "company": "Intelligent Bio Solutions Inc.",
        "change_pct": 9.83,
        "premarket": 1.34,
        "volume": 400,
        "category": "g",
        "source": "tv",
        "shortable": true,
        "exchange_name": "N/A",
        "market_cap": 0,
        "existing": false
    },
    {
        "symbol": "ESGL",
        "company": "ESGL Holdings Limited",
        "change_pct": 9.19,
        "premarket": 0.8877,
        "volume": 110,
        "category": "g",
        "source": "tv",
        "shortable": true,
        "exchange_name": "N/A",
        "market_cap": 0,
        "existing": false
    },
    {
        "symbol": "GBX",
        "company": "Greenbrier Companies, Inc. (The)",
        "change_pct": 9.14,
        "premarket": 42.9,
        "volume": 200,
        "category": "g",
        "source": "tv",
        "shortable": true,
        "exchange_name": "N/A",
        "market_cap": 0,
        "existing": false
    },
    {
        "symbol": "FLGC",
        "company": "Flora Growth Corp.",
        "change_pct": 9.09,
        "premarket": 1.44,
        "volume": 916,
        "category": "g",
        "source": "tv",
        "shortable": true,
        "exchange_name": "N/A",
        "market_cap": 0,
        "existing": false
    },
    {
        "symbol": "DRRX",
        "company": "DURECT Corporation",
        "change_pct": 8.87,
        "premarket": 3.07,
        "volume": 1250,
        "category": "g",
        "source": "tv",
        "shortable": true,
        "exchange_name": "N/A",
        "market_cap": 0,
        "existing": false
    },
    {
        "symbol": "PTN",
        "company": "Palatin Technologies, Inc.",
        "change_pct": 8.81,
        "premarket": 1.73,
        "volume": 1475,
        "category": "g",
        "source": "tv",
        "shortable": true,
        "exchange_name": "N/A",
        "market_cap": 0,
        "existing": false
    },
    {
        "symbol": "DAVE",
        "company": "Dave Inc.",
        "change_pct": 8.65,
        "premarket": 6.66,
        "volume": 700,
        "category": "g",
        "source": "tv",
        "shortable": true,
        "exchange_name": "N/A",
        "market_cap": 0,
        "existing": false
    },
    {
        "symbol": "KORE",
        "company": "KORE Group Holdings, Inc.",
        "change_pct": 8.43,
        "premarket": 0.63,
        "volume": 335,
        "category": "g",
        "source": "tv",
        "shortable": true,
        "exchange_name": "N/A",
        "market_cap": 0,
        "existing": false
    },
    {
        "symbol": "RGLS",
        "company": "Regulus Therapeutics Inc.",
        "change_pct": 8.4,
        "premarket": 1.42,
        "volume": 2000,
        "category": "g",
        "source": "tv",
        "shortable": true,
        "exchange_name": "N/A",
        "market_cap": 0,
        "existing": false
    },
    {
        "symbol": "TVTX",
        "company": "Travere Therapeutics, Inc.",
        "change_pct": -38.74,
        "premarket": 7.89,
        "volume": 1038000,
        "category": "l",
        "source": "tv",
        "shortable": true,
        "exchange_name": "N/A",
        "market_cap": 0,
        "existing": false
    },
    {
        "symbol": "LFLY",
        "company": "Leafly Holdings, Inc.",
        "change_pct": -30.33,
        "premarket": 6.57,
        "volume": 200,
        "category": "l",
        "source": "tv",
        "shortable": true,
        "exchange_name": "N/A",
        "market_cap": 0,
        "existing": false
    },
    {
        "symbol": "SEEL",
        "company": "Seelos Therapeutics, Inc.",
        "change_pct": -23.07,
        "premarket": 0.2347,
        "volume": 1617000,
        "category": "l",
        "source": "tv",
        "shortable": true,
        "exchange_name": "N/A",
        "market_cap": 0,
        "existing": false
    },
    {
        "symbol": "AVGR",
        "company": "Avinger, Inc.",
        "change_pct": -14.5,
        "premarket": 11.79,
        "volume": 182425,
        "category": "l",
        "source": "tv",
        "shortable": true,
        "exchange_name": "N/A",
        "market_cap": 0,
        "existing": false
    },
    {
        "symbol": "BIAF",
        "company": "bioAffinity Technologies, Inc.",
        "change_pct": -14.29,
        "premarket": 1.32,
        "volume": 140,
        "category": "l",
        "source": "tv",
        "shortable": true,
        "exchange_name": "N/A",
        "market_cap": 0,
        "existing": false
    },
    {
        "symbol": "BNRG",
        "company": "Brenmiller Energy Ltd",
        "change_pct": -14.14,
        "premarket": 0.601,
        "volume": 106,
        "category": "l",
        "source": "tv",
        "shortable": true,
        "exchange_name": "N/A",
        "market_cap": 0,
        "existing": false
    },
    {
        "symbol": "RNAZ",
        "company": "TransCode Therapeutics, Inc.",
        "change_pct": -13.94,
        "premarket": 0.568,
        "volume": 468529,
        "category": "l",
        "source": "tv",
        "shortable": true,
        "exchange_name": "N/A",
        "market_cap": 0,
        "existing": false
    },
    {
        "symbol": "CFFE",
        "company": "CF Acquisition Corp. VIII",
        "change_pct": -13.05,
        "premarket": 14.46,
        "volume": 604,
        "category": "l",
        "source": "tv",
        "shortable": true,
        "exchange_name": "N/A",
        "market_cap": 0,
        "existing": false
    },
    {
        "symbol": "EZFL",
        "company": "EzFill Holdings, Inc.",
        "change_pct": -12.68,
        "premarket": 2.41,
        "volume": 2185,
        "category": "l",
        "source": "tv",
        "shortable": true,
        "exchange_name": "N/A",
        "market_cap": 0,
        "existing": false
    },
    {
        "symbol": "TRNS",
        "company": "Transcat, Inc.",
        "change_pct": -12.58,
        "premarket": 95.0,
        "volume": 12931,
        "category": "l",
        "source": "tv",
        "shortable": true,
        "exchange_name": "N/A",
        "market_cap": 0,
        "existing": false
    },
    {
        "symbol": "ARBB",
        "company": "ARB IOT Group Limited",
        "change_pct": -12.56,
        "premarket": 1.81,
        "volume": 194,
        "category": "l",
        "source": "tv",
        "shortable": true,
        "exchange_name": "N/A",
        "market_cap": 0,
        "existing": false
    },
    {
        "symbol": "AWH",
        "company": "Aspira Women's Health Inc.",
        "change_pct": -11.76,
        "premarket": 4.5,
        "volume": 1615,
        "category": "l",
        "source": "tv",
        "shortable": true,
        "exchange_name": "N/A",
        "market_cap": 0,
        "existing": false
    },
    {
        "symbol": "NRDY",
        "company": "Nerdy Inc.",
        "change_pct": -10.57,
        "premarket": 3.12,
        "volume": 274,
        "category": "l",
        "source": "tv",
        "shortable": true,
        "exchange_name": "N/A",
        "market_cap": 0,
        "existing": false
    },
    {
        "symbol": "GEG",
        "company": "Great Elm Group, Inc.",
        "change_pct": -10.09,
        "premarket": 1.96,
        "volume": 500,
        "category": "l",
        "source": "tv",
        "shortable": true,
        "exchange_name": "N/A",
        "market_cap": 0,
        "existing": false
    },
    {
        "symbol": "IKT",
        "company": "Inhibikase Therapeutics, Inc.",
        "change_pct": -10.08,
        "premarket": 1.07,
        "volume": 5463,
        "category": "l",
        "source": "tv",
        "shortable": true,
        "exchange_name": "N/A",
        "market_cap": 0,
        "existing": false
    },
    {
        "symbol": "LVTX",
        "company": "LAVA Therapeutics N.V.",
        "change_pct": -9.52,
        "premarket": 1.52,
        "volume": 9974,
        "category": "l",
        "source": "tv",
        "shortable": true,
        "exchange_name": "N/A",
        "market_cap": 0,
        "existing": false
    },
    {
        "symbol": "RLMD",
        "company": "Relmada Therapeutics, Inc.",
        "change_pct": -9.46,
        "premarket": 2.68,
        "volume": 21544,
        "category": "l",
        "source": "tv",
        "shortable": true,
        "exchange_name": "N/A",
        "market_cap": 0,
        "existing": false
    },
    {
        "symbol": "GWAV",
        "company": "Greenwave Technology Solutions, Inc.",
        "change_pct": -9.38,
        "premarket": 0.6253,
        "volume": 11147,
        "category": "l",
        "source": "tv",
        "shortable": true,
        "exchange_name": "N/A",
        "market_cap": 0,
        "existing": false
    },
    {
        "symbol": "SOND",
        "company": "Sonder Holdings Inc.",
        "change_pct": -9.2,
        "premarket": 5.8,
        "volume": 2890,
        "category": "l",
        "source": "tv",
        "shortable": true,
        "exchange_name": "N/A",
        "market_cap": 0,
        "existing": false
    },
    {
        "symbol": "BIOR",
        "company": "Biora Therapeutics, Inc.",
        "change_pct": -8.73,
        "premarket": 2.09,
        "volume": 5143,
        "category": "l",
        "source": "tv",
        "shortable": true,
        "exchange_name": "N/A",
        "market_cap": 0,
        "existing": false
    },
    {
        "symbol": "LIXT",
        "company": "Lixte Biotechnology Holdings, Inc.",
        "change_pct": -8.72,
        "premarket": 1.78,
        "volume": 1976,
        "category": "l",
        "source": "tv",
        "shortable": true,
        "exchange_name": "N/A",
        "market_cap": 0,
        "existing": false
    },
    {
        "symbol": "LPTV",
        "company": "Loop Media, Inc.",
        "change_pct": -8.16,
        "premarket": 0.5703,
        "volume": 500,
        "category": "l",
        "source": "tv",
        "shortable": true,
        "exchange_name": "N/A",
        "market_cap": 0,
        "existing": false
    },
    {
        "symbol": "EKSO",
        "company": "Ekso Bionics Holdings, Inc.",
        "change_pct": -8.06,
        "premarket": 0.65,
        "volume": 447,
        "category": "l",
        "source": "tv",
        "shortable": true,
        "exchange_name": "N/A",
        "market_cap": 0,
        "existing": false
    },
    {
        "symbol": "MIND",
        "company": "MIND Technology, Inc.",
        "change_pct": -8.02,
        "premarket": 0.5001,
        "volume": 1734,
        "category": "l",
        "source": "tv",
        "shortable": true,
        "exchange_name": "N/A",
        "market_cap": 0,
        "existing": false
    },
    {
        "symbol": "LNZA",
        "company": "LanzaTech Global, Inc.",
        "change_pct": -7.94,
        "premarket": 6.38,
        "volume": 664,
        "category": "l",
        "source": "tv",
        "shortable": true,
        "exchange_name": "N/A",
        "market_cap": 0,
        "existing": false
    }
]