[
    {
        "symbol": "CLRO",
        "company": "ClearOne, Inc.",
        "change_pct": 75.14,
        "premarket": 2.18,
        "volume": 10209100,
        "category": "g",
        "source": "tv",
        "shortable": false,
        "exchange_name": "NASD",
        "market_cap": 29.81774,
        "existing": false
    },
    {
        "symbol": "MTEK",
        "company": "Maris-Tech Ltd.",
        "change_pct": 36.86,
        "premarket": 1.16,
        "volume": 3664100,
        "category": "g",
        "source": "tv",
        "shortable": false,
        "exchange_name": "NASD",
        "market_cap": 6.78014,
        "existing": false
    },
    {
        "symbol": "SLRX",
        "company": "Salarius Pharmaceuticals, Inc.",
        "change_pct": 31.48,
        "premarket": 2.84,
        "volume": 925605,
        "category": "g",
        "source": "tv",
        "shortable": true,
        "exchange_name": "NASD",
        "market_cap": 5.33286,
        "existing": false
    },
    {
        "symbol": "MOBQ",
        "company": "Mobiquity Technologies, Inc.",
        "change_pct": 30.97,
        "premarket": 0.203,
        "volume": 14140100,
        "category": "g",
        "source": "tv",
        "shortable": false,
        "exchange_name": "NASD",
        "market_cap": 2.64304,
        "existing": false
    },
    {
        "symbol": "ENSC",
        "company": "Ensysce Biosciences, Inc.",
        "change_pct": 30.78,
        "premarket": 4.5,
        "volume": 153228,
        "category": "g",
        "source": "tv",
        "shortable": false,
        "exchange_name": "NASD",
        "market_cap": 4.422,
        "existing": false
    },
    {
        "symbol": "GSMG",
        "company": "Glory Star New Media Group Holdings Limited",
        "change_pct": 30.26,
        "premarket": 0.87,
        "volume": 5729100,
        "category": "g",
        "source": "tv",
        "shortable": true,
        "exchange_name": "NASD",
        "market_cap": 45.50029,
        "existing": false
    },
    {
        "symbol": "TRVN",
        "company": "Trevena, Inc.",
        "change_pct": 27.33,
        "premarket": 3.96,
        "volume": 4516100,
        "category": "g",
        "source": "tv",
        "shortable": true,
        "exchange_name": "NASD",
        "market_cap": 29.83756,
        "existing": false
    },
    {
        "symbol": "SYBX",
        "company": "Synlogic, Inc.",
        "change_pct": 23.27,
        "premarket": 0.6903,
        "volume": 3721100,
        "category": "g",
        "source": "tv",
        "shortable": false,
        "exchange_name": "NASD",
        "market_cap": 38.16538,
        "existing": false
    },
    {
        "symbol": "TIVC",
        "company": "Tivic Health Systems, Inc.",
        "change_pct": 21.54,
        "premarket": 0.158,
        "volume": 1925100,
        "category": "g",
        "source": "tv",
        "shortable": false,
        "exchange_name": "NASD",
        "market_cap": 3.85811,
        "existing": false
    },
    {
        "symbol": "STIM",
        "company": "Neuronetics, Inc.",
        "change_pct": 20.45,
        "premarket": 2.65,
        "volume": 22918,
        "category": "g",
        "source": "tv",
        "shortable": false,
        "exchange_name": "NASD",
        "market_cap": 62.59597,
        "existing": false
    },
    {
        "symbol": "GVP",
        "company": "GSE Systems, Inc.",
        "change_pct": 18.05,
        "premarket": 0.7083,
        "volume": 900,
        "category": "g",
        "source": "tv",
        "shortable": false,
        "exchange_name": "NASD",
        "market_cap": 14.11448,
        "existing": false
    },
    {
        "symbol": "HUBC",
        "company": "Hub Cyber Security Ltd.",
        "change_pct": 17.81,
        "premarket": 0.754,
        "volume": 3501100,
        "category": "g",
        "source": "tv",
        "shortable": true,
        "exchange_name": "NASD",
        "market_cap": 65.44927,
        "existing": false
    },
    {
        "symbol": "EVER",
        "company": "EverQuote, Inc.",
        "change_pct": 16.99,
        "premarket": 7.78,
        "volume": 4774,
        "category": "g",
        "source": "tv",
        "shortable": true,
        "exchange_name": "NASD",
        "market_cap": 219.3737,
        "existing": false
    },
    {
        "symbol": "SHLS",
        "company": "Shoals Technologies Group, Inc.",
        "change_pct": 16.63,
        "premarket": 23.0,
        "volume": 76432,
        "category": "g",
        "source": "tv",
        "shortable": true,
        "exchange_name": "NASD",
        "market_cap": 3346.375,
        "existing": false
    },
    {
        "symbol": "PLTR",
        "company": "Palantir Technologies Inc.",
        "change_pct": 15.77,
        "premarket": 8.96,
        "volume": 5496100,
        "category": "g",
        "source": "tv",
        "shortable": true,
        "exchange_name": "NYSE",
        "market_cap": 16393.12,
        "existing": false
    },
    {
        "symbol": "SILO",
        "company": "Silo Pharma, Inc.",
        "change_pct": 15.32,
        "premarket": 2.56,
        "volume": 118042,
        "category": "g",
        "source": "tv",
        "shortable": true,
        "exchange_name": "NASD",
        "market_cap": 7.01253,
        "existing": false
    },
    {
        "symbol": "ALTO",
        "company": "Alto Ingredients, Inc.",
        "change_pct": 14.82,
        "premarket": 1.56,
        "volume": 159995,
        "category": "g",
        "source": "tv",
        "shortable": true,
        "exchange_name": "NASD",
        "market_cap": 103.5037,
        "existing": false
    },
    {
        "symbol": "TCMD",
        "company": "Tactile Systems Technology, Inc.",
        "change_pct": 14.73,
        "premarket": 21.5,
        "volume": 742,
        "category": "g",
        "source": "tv",
        "shortable": true,
        "exchange_name": "NASD",
        "market_cap": 435.3786,
        "existing": false
    },
    {
        "symbol": "FTK",
        "company": "Flotek Industries, Inc.",
        "change_pct": 14.62,
        "premarket": 0.7049,
        "volume": 5517,
        "category": "g",
        "source": "tv",
        "shortable": true,
        "exchange_name": "NYSE",
        "market_cap": 54.124,
        "existing": false
    },
    {
        "symbol": "AWH",
        "company": "Aspira Women's Health Inc.",
        "change_pct": 14.53,
        "premarket": 0.35,
        "volume": 100,
        "category": "g",
        "source": "tv",
        "shortable": true,
        "exchange_name": "NASD",
        "market_cap": 38.18262,
        "existing": false
    },
    {
        "symbol": "AMCX",
        "company": "AMC Networks Inc.",
        "change_pct": 14.2,
        "premarket": 17.45,
        "volume": 3406,
        "category": "g",
        "source": "tv",
        "shortable": true,
        "exchange_name": "NASD",
        "market_cap": 664.7421,
        "existing": false
    },
    {
        "symbol": "BON",
        "company": "Bon Natural Life Limited",
        "change_pct": 13.81,
        "premarket": 0.66,
        "volume": 105587,
        "category": "g",
        "source": "tv",
        "shortable": false,
        "exchange_name": "NASD",
        "market_cap": 6.46371,
        "existing": false
    },
    {
        "symbol": "ARIS",
        "company": "Aris Water Solutions, Inc.",
        "change_pct": 13.73,
        "premarket": 8.2,
        "volume": 2919,
        "category": "g",
        "source": "tv",
        "shortable": true,
        "exchange_name": "NYSE",
        "market_cap": 415.499,
        "existing": false
    },
    {
        "symbol": "AYRO",
        "company": "AYRO, Inc.",
        "change_pct": 12.89,
        "premarket": 0.5799,
        "volume": 1964,
        "category": "g",
        "source": "tv",
        "shortable": true,
        "exchange_name": "NASD",
        "market_cap": 19.18783,
        "existing": false
    },
    {
        "symbol": "SEAT",
        "company": "Vivid Seats Inc.",
        "change_pct": 12.8,
        "premarket": 8.9,
        "volume": 20544,
        "category": "g",
        "source": "tv",
        "shortable": true,
        "exchange_name": "NASD",
        "market_cap": 1544.907,
        "existing": false
    },
    {
        "symbol": "NEO",
        "company": "NeoGenomics, Inc.",
        "change_pct": 12.66,
        "premarket": 17.35,
        "volume": 19250,
        "category": "g",
        "source": "tv",
        "shortable": true,
        "exchange_name": "NASD",
        "market_cap": 1964.342,
        "existing": false
    },
    {
        "symbol": "ISPC",
        "company": "iSpecimen Inc.",
        "change_pct": 12.58,
        "premarket": 1.79,
        "volume": 600,
        "category": "g",
        "source": "tv",
        "shortable": false,
        "exchange_name": "NASD",
        "market_cap": 14.3567,
        "existing": false
    },
    {
        "symbol": "ANGH",
        "company": "Anghami Inc.",
        "change_pct": 12.38,
        "premarket": 1.27,
        "volume": 270,
        "category": "g",
        "source": "tv",
        "shortable": true,
        "exchange_name": "NASD",
        "market_cap": 29.38899,
        "existing": false
    },
    {
        "symbol": "GROM",
        "company": "Grom Social Enterprises Inc.",
        "change_pct": 12.17,
        "premarket": 0.5124,
        "volume": 100,
        "category": "g",
        "source": "tv",
        "shortable": true,
        "exchange_name": "NASD",
        "market_cap": 3.32924,
        "existing": false
    },
    {
        "symbol": "OPRT",
        "company": "Oportun Financial Corporation",
        "change_pct": 11.84,
        "premarket": 4.83,
        "volume": 7072,
        "category": "g",
        "source": "tv",
        "shortable": true,
        "exchange_name": "NASD",
        "market_cap": 146.3804,
        "existing": false
    },
    {
        "symbol": "ASRT",
        "company": "Assertio Holdings, Inc.",
        "change_pct": 11.34,
        "premarket": 6.97,
        "volume": 288903,
        "category": "g",
        "source": "tv",
        "shortable": true,
        "exchange_name": "NASD",
        "market_cap": 348.4585,
        "existing": false
    },
    {
        "symbol": "GRNA",
        "company": "GreenLight Biosciences Holdings, PBC",
        "change_pct": 11.06,
        "premarket": 0.26,
        "volume": 5500,
        "category": "g",
        "source": "tv",
        "shortable": true,
        "exchange_name": "NASD",
        "market_cap": 35.5086,
        "existing": false
    },
    {
        "symbol": "YMAB",
        "company": "Y-mAbs Therapeutics, Inc.",
        "change_pct": 10.93,
        "premarket": 7.51,
        "volume": 500,
        "category": "g",
        "source": "tv",
        "shortable": true,
        "exchange_name": "NASD",
        "market_cap": 295.6961,
        "existing": false
    },
    {
        "symbol": "CREG",
        "company": "Smart Powerr Corp.",
        "change_pct": 10.76,
        "premarket": 1.75,
        "volume": 200,
        "category": "g",
        "source": "tv",
        "shortable": true,
        "exchange_name": "NASD",
        "market_cap": 11.62572,
        "existing": false
    },
    {
        "symbol": "YGMZ",
        "company": "MingZhu Logistics Holdings Limited",
        "change_pct": 10.65,
        "premarket": 1.35,
        "volume": 100,
        "category": "g",
        "source": "tv",
        "shortable": false,
        "exchange_name": "NASD",
        "market_cap": 28.01154,
        "existing": false
    },
    {
        "symbol": "SPPI",
        "company": "Spectrum Pharmaceuticals, Inc.",
        "change_pct": 10.0,
        "premarket": 1.21,
        "volume": 812593,
        "category": "g",
        "source": "tv",
        "shortable": true,
        "exchange_name": "NASD",
        "market_cap": 225.813,
        "existing": false
    },
    {
        "symbol": "HNRG",
        "company": "Hallador Energy Company",
        "change_pct": 9.72,
        "premarket": 8.58,
        "volume": 800,
        "category": "g",
        "source": "tv",
        "shortable": true,
        "exchange_name": "NASD",
        "market_cap": 259.1314,
        "existing": false
    },
    {
        "symbol": "AKAN",
        "company": "Akanda Corp.",
        "change_pct": 9.52,
        "premarket": 1.15,
        "volume": 4790,
        "category": "g",
        "source": "tv",
        "shortable": false,
        "exchange_name": "NASD",
        "market_cap": 4.07903,
        "existing": false
    },
    {
        "symbol": "SGTX",
        "company": "Sigilon Therapeutics, Inc.",
        "change_pct": 9.51,
        "premarket": 0.5963,
        "volume": 100,
        "category": "g",
        "source": "tv",
        "shortable": true,
        "exchange_name": "NASD",
        "market_cap": 17.67814,
        "existing": false
    },
    {
        "symbol": "KSPN",
        "company": "Kaspien Holdings Inc.",
        "change_pct": 9.17,
        "premarket": 0.7,
        "volume": 1240,
        "category": "g",
        "source": "tv",
        "shortable": true,
        "exchange_name": "NASD",
        "market_cap": 3.18356,
        "existing": false
    }
]