[
    {
        "symbol": "VTGN",
        "company": "VistaGen Therapeutics, Inc.",
        "change_pct": 448.81,
        "premarket": 9.22,
        "volume": 2523000,
        "category": "g",
        "source": "tv",
        "shortable": true,
        "exchange_name": "NASD",
        "market_cap": 13.41459,
        "existing": false
    },
    {
        "symbol": "SVFD",
        "company": "Save Foods, Inc.",
        "change_pct": 108.56,
        "premarket": 1.32,
        "volume": 8991000,
        "category": "g",
        "source": "tv",
        "shortable": false,
        "exchange_name": "NASD",
        "market_cap": 4.94242,
        "existing": false
    },
    {
        "symbol": "PRZO",
        "company": "ParaZero Technologies Ltd.",
        "change_pct": 65.1,
        "premarket": 2.46,
        "volume": 7188000,
        "category": "g",
        "source": "tv",
        "shortable": false,
        "exchange_name": "NASD",
        "market_cap": 9.0181,
        "existing": false
    },
    {
        "symbol": "NKTR",
        "company": "Nektar Therapeutics",
        "change_pct": 40.87,
        "premarket": 0.7503,
        "volume": 6218000,
        "category": "g",
        "source": "tv",
        "shortable": true,
        "exchange_name": "NASD",
        "market_cap": 100.7866,
        "existing": false
    },
    {
        "symbol": "AGRI",
        "company": "AgriFORCE Growing Systems Ltd.",
        "change_pct": 39.02,
        "premarket": 0.181,
        "volume": 34257000,
        "category": "g",
        "source": "tv",
        "shortable": false,
        "exchange_name": "NASD",
        "market_cap": 2.41142,
        "existing": false
    },
    {
        "symbol": "TRHC",
        "company": "Tabula Rasa HealthCare, Inc.",
        "change_pct": 31.8,
        "premarket": 10.32,
        "volume": 168776,
        "category": "g",
        "source": "tv",
        "shortable": true,
        "exchange_name": "NASD",
        "market_cap": 210.2458,
        "existing": false
    },
    {
        "symbol": "BSFC",
        "company": "Blue Star Foods Corp.",
        "change_pct": 26.84,
        "premarket": 1.11,
        "volume": 1904000,
        "category": "g",
        "source": "tv",
        "shortable": false,
        "exchange_name": "NASD",
        "market_cap": 2.30476,
        "existing": false
    },
    {
        "symbol": "TTOO",
        "company": "T2 Biosystems, Inc.",
        "change_pct": 25.36,
        "premarket": 0.3134,
        "volume": 25499000,
        "category": "g",
        "source": "tv",
        "shortable": true,
        "exchange_name": "NASD",
        "market_cap": 72.54893,
        "existing": false
    },
    {
        "symbol": "SOVO",
        "company": "Sovos Brands, Inc.",
        "change_pct": 24.86,
        "premarket": 22.5,
        "volume": 832424,
        "category": "g",
        "source": "tv",
        "shortable": true,
        "exchange_name": "NASD",
        "market_cap": 1824.101,
        "existing": false
    },
    {
        "symbol": "FOXO",
        "company": "FOXO Technologies Inc.",
        "change_pct": 21.81,
        "premarket": 0.229,
        "volume": 9140000,
        "category": "g",
        "source": "tv",
        "shortable": false,
        "exchange_name": "AMEX",
        "market_cap": 130.5116,
        "existing": false
    },
    {
        "symbol": "VRTV",
        "company": "Veritiv Corporation",
        "change_pct": 18.42,
        "premarket": 167.22,
        "volume": 36290,
        "category": "g",
        "source": "tv",
        "shortable": true,
        "exchange_name": "NYSE",
        "market_cap": 1912.912,
        "existing": false
    },
    {
        "symbol": "RBT",
        "company": "Rubicon Technologies, Inc.",
        "change_pct": 17.63,
        "premarket": 1.2,
        "volume": 933315,
        "category": "g",
        "source": "tv",
        "shortable": false,
        "exchange_name": "NYSE",
        "market_cap": 195.2501,
        "existing": false
    },
    {
        "symbol": "PLX",
        "company": "Protalix BioTherapeutics, Inc. (DE)",
        "change_pct": 16.89,
        "premarket": 1.94,
        "volume": 1389000,
        "category": "g",
        "source": "tv",
        "shortable": true,
        "exchange_name": "AMEX",
        "market_cap": 420.41199,
        "existing": false
    },
    {
        "symbol": "EAST",
        "company": "Eastside Distilling, Inc.",
        "change_pct": 15.06,
        "premarket": 3.59,
        "volume": 300,
        "category": "g",
        "source": "tv",
        "shortable": true,
        "exchange_name": "NASD",
        "market_cap": 2.59899,
        "existing": false
    },
    {
        "symbol": "GNS",
        "company": "Genius Group Limited",
        "change_pct": 14.94,
        "premarket": 0.62,
        "volume": 656421,
        "category": "g",
        "source": "tv",
        "shortable": true,
        "exchange_name": "AMEX",
        "market_cap": 0.0,
        "existing": false
    },
    {
        "symbol": "ATNF",
        "company": "180 Life Sciences Corp.",
        "change_pct": 13.61,
        "premarket": 0.92,
        "volume": 14107,
        "category": "g",
        "source": "tv",
        "shortable": true,
        "exchange_name": "NASD",
        "market_cap": 4.30618,
        "existing": false
    },
    {
        "symbol": "XGN",
        "company": "Exagen Inc.",
        "change_pct": 13.15,
        "premarket": 2.84,
        "volume": 880,
        "category": "g",
        "source": "tv",
        "shortable": false,
        "exchange_name": "NASD",
        "market_cap": 42.2325,
        "existing": false
    },
    {
        "symbol": "GENI",
        "company": "Genius Sports Limited",
        "change_pct": 12.84,
        "premarket": 8.35,
        "volume": 76156,
        "category": "g",
        "source": "tv",
        "shortable": true,
        "exchange_name": "NYSE",
        "market_cap": 1676.448,
        "existing": false
    },
    {
        "symbol": "RAD",
        "company": "Rite Aid Corporation",
        "change_pct": 11.57,
        "premarket": 2.99,
        "volume": 965949,
        "category": "g",
        "source": "tv",
        "shortable": true,
        "exchange_name": "NYSE",
        "market_cap": 151.9462,
        "existing": false
    },
    {
        "symbol": "MOXC",
        "company": "Moxian (BVI) Inc",
        "change_pct": 11.45,
        "premarket": 1.46,
        "volume": 32778,
        "category": "g",
        "source": "tv",
        "shortable": false,
        "exchange_name": "NASD",
        "market_cap": 46.57663,
        "existing": false
    },
    {
        "symbol": "CSLR",
        "company": "Complete Solaria, Inc.",
        "change_pct": 11.22,
        "premarket": 3.37,
        "volume": 11368,
        "category": "g",
        "source": "tv",
        "shortable": true,
        "exchange_name": "NASD",
        "market_cap": 132.6521,
        "existing": false
    },
    {
        "symbol": "MNK",
        "company": "Mallinckrodt plc",
        "change_pct": 10.95,
        "premarket": 1.52,
        "volume": 121553,
        "category": "g",
        "source": "tv",
        "shortable": false,
        "exchange_name": "AMEX",
        "market_cap": 63.44173,
        "existing": false
    },
    {
        "symbol": "CDIO",
        "company": "Cardio Diagnostics Holdings Inc.",
        "change_pct": 10.55,
        "premarket": 1.1,
        "volume": 7999,
        "category": "g",
        "source": "tv",
        "shortable": true,
        "exchange_name": "NASD",
        "market_cap": 9.9279,
        "existing": false
    },
    {
        "symbol": "MAX",
        "company": "MediaAlpha, Inc.",
        "change_pct": 10.37,
        "premarket": 9.9,
        "volume": 1726,
        "category": "g",
        "source": "tv",
        "shortable": true,
        "exchange_name": "NYSE",
        "market_cap": 569.8251,
        "existing": false
    },
    {
        "symbol": "RMED",
        "company": "Ra Medical Systems, Inc.",
        "change_pct": 9.89,
        "premarket": 0.6902,
        "volume": 364635,
        "category": "g",
        "source": "tv",
        "shortable": true,
        "exchange_name": "AMEX",
        "market_cap": 22.00214,
        "existing": false
    },
    {
        "symbol": "TSN",
        "company": "Tyson Foods, Inc.",
        "change_pct": -8.8,
        "premarket": 51.49,
        "volume": 161887,
        "category": "l",
        "source": "tv",
        "shortable": true,
        "exchange_name": "NYSE",
        "market_cap": 20077.78,
        "existing": false
    },
    {
        "symbol": "IEP",
        "company": "Icahn Enterprises L.P. - Depositary",
        "change_pct": -4.15,
        "premarket": 24.05,
        "volume": 60075,
        "category": "l",
        "source": "tv",
        "shortable": true,
        "exchange_name": "NASD",
        "market_cap": 9263.163,
        "existing": false
    },
    {
        "symbol": "NVST",
        "company": "Envista Holdings Corporation",
        "change_pct": -4.16,
        "premarket": 32.25,
        "volume": 15214,
        "category": "l",
        "source": "tv",
        "shortable": true,
        "exchange_name": "NYSE",
        "market_cap": 5508.574,
        "existing": false
    },
    {
        "symbol": "FLR",
        "company": "Fluor Corporation",
        "change_pct": -4.56,
        "premarket": 34.3,
        "volume": 18788,
        "category": "l",
        "source": "tv",
        "shortable": true,
        "exchange_name": "NYSE",
        "market_cap": 5147.95,
        "existing": false
    },
    {
        "symbol": "APLS",
        "company": "Apellis Pharmaceuticals, Inc.",
        "change_pct": -14.8,
        "premarket": 20.9,
        "volume": 678375,
        "category": "l",
        "source": "tv",
        "shortable": true,
        "exchange_name": "NASD",
        "market_cap": 2888.096,
        "existing": false
    },
    {
        "symbol": "TNDM",
        "company": "Tandem Diabetes Care, Inc.",
        "change_pct": -3.9,
        "premarket": 32.11,
        "volume": 300,
        "category": "l",
        "source": "tv",
        "shortable": true,
        "exchange_name": "NASD",
        "market_cap": 2159.016,
        "existing": false
    },
    {
        "symbol": "SAGE",
        "company": "Sage Therapeutics, Inc.",
        "change_pct": -46.9,
        "premarket": 19.17,
        "volume": 2114000,
        "category": "l",
        "source": "tv",
        "shortable": true,
        "exchange_name": "NASD",
        "market_cap": 2157.412,
        "existing": false
    },
    {
        "symbol": "GOGO",
        "company": "Gogo Inc.",
        "change_pct": -6.76,
        "premarket": 14.34,
        "volume": 742,
        "category": "l",
        "source": "tv",
        "shortable": true,
        "exchange_name": "NASD",
        "market_cap": 1977.653,
        "existing": false
    },
    {
        "symbol": "VIR",
        "company": "Vir Biotechnology, Inc.",
        "change_pct": -4.12,
        "premarket": 13.06,
        "volume": 100,
        "category": "l",
        "source": "tv",
        "shortable": true,
        "exchange_name": "NASD",
        "market_cap": 1824.76,
        "existing": false
    },
    {
        "symbol": "VSCO",
        "company": "Victorias Secret & Co.",
        "change_pct": -3.71,
        "premarket": 19.65,
        "volume": 200,
        "category": "l",
        "source": "tv",
        "shortable": false,
        "exchange_name": "NYSE",
        "market_cap": 1574.617,
        "existing": false
    },
    {
        "symbol": "NTB",
        "company": "Bank of N.T. Butterfield & Son Limited (The) Voting",
        "change_pct": -4.98,
        "premarket": 29.4,
        "volume": 100,
        "category": "l",
        "source": "tv",
        "shortable": true,
        "exchange_name": "NYSE",
        "market_cap": 1539.486,
        "existing": false
    },
    {
        "symbol": "RSKD",
        "company": "Riskified Ltd.",
        "change_pct": -5.26,
        "premarket": 4.5,
        "volume": 100,
        "category": "l",
        "source": "tv",
        "shortable": true,
        "exchange_name": "NYSE",
        "market_cap": 836.0708,
        "existing": false
    },
    {
        "symbol": "CCO",
        "company": "Clear Channel Outdoor Holdings, Inc.",
        "change_pct": -14.29,
        "premarket": 1.44,
        "volume": 13545,
        "category": "l",
        "source": "tv",
        "shortable": true,
        "exchange_name": "NYSE",
        "market_cap": 811.1763,
        "existing": false
    },
    {
        "symbol": "ADTN",
        "company": "ADTRAN Holdings, Inc.",
        "change_pct": -17.13,
        "premarket": 7.5,
        "volume": 105652,
        "category": "l",
        "source": "tv",
        "shortable": true,
        "exchange_name": "NASD",
        "market_cap": 711.8307,
        "existing": false
    },
    {
        "symbol": "PIII",
        "company": "P3 Health Partners Inc.",
        "change_pct": -4.95,
        "premarket": 2.11,
        "volume": 500,
        "category": "l",
        "source": "tv",
        "shortable": false,
        "exchange_name": "NASD",
        "market_cap": 694.3293,
        "existing": false
    },
    {
        "symbol": "NCMI",
        "company": "National CineMedia, Inc.",
        "change_pct": -4.49,
        "premarket": 3.04,
        "volume": 1086,
        "category": "l",
        "source": "tv",
        "shortable": true,
        "exchange_name": "NASD",
        "market_cap": 553.5295,
        "existing": false
    },
    {
        "symbol": "SHYF",
        "company": "The Shyft Group, Inc.",
        "change_pct": -4.97,
        "premarket": 14.92,
        "volume": 400,
        "category": "l",
        "source": "tv",
        "shortable": true,
        "exchange_name": "NASD",
        "market_cap": 548.8891,
        "existing": false
    },
    {
        "symbol": "GCI",
        "company": "Gannett Co., Inc.",
        "change_pct": -6.83,
        "premarket": 3.0,
        "volume": 3537,
        "category": "l",
        "source": "tv",
        "shortable": true,
        "exchange_name": "NYSE",
        "market_cap": 479.802,
        "existing": false
    },
    {
        "symbol": "QSI",
        "company": "Quantum-Si Incorporated",
        "change_pct": -22.73,
        "premarket": 2.62,
        "volume": 720594,
        "category": "l",
        "source": "tv",
        "shortable": true,
        "exchange_name": "NASD",
        "market_cap": 479.6743,
        "existing": false
    },
    {
        "symbol": "TRC",
        "company": "Tejon Ranch Co",
        "change_pct": -12.68,
        "premarket": 15.57,
        "volume": 200,
        "category": "l",
        "source": "tv",
        "shortable": true,
        "exchange_name": "NYSE",
        "market_cap": 476.247,
        "existing": false
    },
    {
        "symbol": "CERS",
        "company": "Cerus Corporation",
        "change_pct": -4.12,
        "premarket": 2.33,
        "volume": 200,
        "category": "l",
        "source": "tv",
        "shortable": true,
        "exchange_name": "NASD",
        "market_cap": 438.7418,
        "existing": false
    },
    {
        "symbol": "LEU",
        "company": "Centrus Energy Corp.",
        "change_pct": -6.51,
        "premarket": 39.5,
        "volume": 632,
        "category": "l",
        "source": "tv",
        "shortable": true,
        "exchange_name": "AMEX",
        "market_cap": 434.8185,
        "existing": false
    },
    {
        "symbol": "ORIC",
        "company": "Oric Pharmaceuticals, Inc.",
        "change_pct": -4.82,
        "premarket": 7.3,
        "volume": 100,
        "category": "l",
        "source": "tv",
        "shortable": true,
        "exchange_name": "NASD",
        "market_cap": 345.8647,
        "existing": false
    },
    {
        "symbol": "POL",
        "company": "Polished Inc.",
        "change_pct": -9.65,
        "premarket": 0.2069,
        "volume": 2327000,
        "category": "l",
        "source": "tv",
        "shortable": true,
        "exchange_name": "AMEX",
        "market_cap": 326.6091,
        "existing": false
    },
    {
        "symbol": "IBIO",
        "company": "iBio, Inc.",
        "change_pct": -9.87,
        "premarket": 0.6066,
        "volume": 103144,
        "category": "l",
        "source": "tv",
        "shortable": true,
        "exchange_name": "AMEX",
        "market_cap": 278.8484,
        "existing": false
    }
]