[
    {
        "symbol": "VCIG",
        "company": "VCI Global Limited",
        "premarket": 2.73,
        "change_pct": 33.82,
        "volume": 804380,
        "category": "g",
        "source": "cnn",
        "fails": [],
        "shortable": false,
        "exchange_name": "NASD",
        "market_cap": 75.48887,
        "tradeable": true
    },
    {
        "symbol": "PRST",
        "company": "Presto Automation, Inc.",
        "premarket": 3.21,
        "change_pct": 21.13,
        "volume": 1100100,
        "category": "g",
        "source": "cnn",
        "fails": [],
        "shortable": true,
        "exchange_name": "NASD",
        "market_cap": 136.1166,
        "tradeable": true
    },
    {
        "symbol": "WISH",
        "company": "ContextLogic, Inc. Class A",
        "premarket": 8.5,
        "change_pct": 18.38,
        "volume": 482440,
        "category": "g",
        "source": "cnn",
        "fails": [],
        "shortable": true,
        "exchange_name": "NASD",
        "market_cap": 166.3606,
        "tradeable": true
    },
    {
        "symbol": "GDTC",
        "company": "CytoMed Therapeutics Limited",
        "premarket": 3.91,
        "change_pct": 17.42,
        "volume": 4010,
        "category": "g",
        "source": "cnn",
        "fails": [],
        "shortable": false,
        "exchange_name": "NASD",
        "market_cap": 36.4296,
        "tradeable": true
    },
    {
        "symbol": "NEOV",
        "company": "NeoVolta Inc",
        "premarket": 2.39,
        "change_pct": 14.9,
        "volume": 10,
        "category": "g",
        "source": "cnn",
        "fails": [
            "shares_value"
        ],
        "shortable": false,
        "exchange_name": "NASD",
        "market_cap": 68.94237,
        "tradeable": false
    },
    {
        "symbol": "OMQS",
        "company": "OMNIQ Corp",
        "premarket": 5.16,
        "change_pct": 14.67,
        "volume": 100,
        "category": "g",
        "source": "cnn",
        "fails": [
            "shares_value"
        ],
        "shortable": true,
        "exchange_name": "NASD",
        "market_cap": 35.47183,
        "tradeable": false
    },
    {
        "symbol": "NVX",
        "company": "NOVONIX Ltd Sponsored ADR",
        "premarket": 2.99,
        "change_pct": 13.26,
        "volume": 94,
        "category": "g",
        "source": "cnn",
        "fails": [
            "shares_value"
        ],
        "shortable": true,
        "exchange_name": "NASD",
        "market_cap": 0.0,
        "tradeable": false
    },
    {
        "symbol": "CREX",
        "company": "Creative Realities, Inc.",
        "premarket": 2.68,
        "change_pct": 12.13,
        "volume": 20,
        "category": "g",
        "source": "cnn",
        "fails": [
            "shares_value"
        ],
        "shortable": true,
        "exchange_name": "NASD",
        "market_cap": 17.67263,
        "tradeable": false
    },
    {
        "symbol": "SPRB",
        "company": "Spruce Biosciences, Inc.",
        "premarket": 2.34,
        "change_pct": 10.9,
        "volume": 124,
        "category": "g",
        "source": "cnn",
        "fails": [
            "shares_value"
        ],
        "shortable": false,
        "exchange_name": "NASD",
        "market_cap": 83.8643,
        "tradeable": false
    },
    {
        "symbol": "GLSI",
        "company": "Greenwich LifeSciences, Inc.",
        "premarket": 12.0,
        "change_pct": 10.7,
        "volume": 11,
        "category": "g",
        "source": "cnn",
        "fails": [
            "shares_value"
        ],
        "shortable": true,
        "exchange_name": "NASD",
        "market_cap": 139.2741,
        "tradeable": false
    },
    {
        "symbol": "BWEN",
        "company": "Broadwind, Inc.",
        "premarket": 5.1,
        "change_pct": 10.39,
        "volume": 15560,
        "category": "g",
        "source": "cnn",
        "fails": [],
        "shortable": true,
        "exchange_name": "NASD",
        "market_cap": 96.6569,
        "tradeable": true
    },
    {
        "symbol": "UCAR",
        "company": "U Power Limited",
        "premarket": 25.89,
        "change_pct": -40.04,
        "volume": 175330,
        "category": "l",
        "source": "cnn",
        "fails": [],
        "shortable": true,
        "exchange_name": "NASD",
        "market_cap": 2266.95,
        "tradeable": true
    },
    {
        "symbol": "DFFN",
        "company": "Diffusion Pharmaceuticals Inc.",
        "premarket": 3.88,
        "change_pct": -12.81,
        "volume": 25,
        "category": "l",
        "source": "cnn",
        "fails": [
            "shares_value"
        ],
        "shortable": true,
        "exchange_name": "NASD",
        "market_cap": 9.07746,
        "tradeable": false
    },
    {
        "symbol": "RGA",
        "company": "Reinsurance Group of America, Incorporated",
        "premarket": 123.85,
        "change_pct": -12.66,
        "volume": 7,
        "category": "l",
        "source": "cnn",
        "fails": [
            "shares_value"
        ],
        "shortable": true,
        "exchange_name": "NYSE",
        "market_cap": 9436.104,
        "tradeable": false
    },
    {
        "symbol": "BFIN",
        "company": "BankFinancial Corporation",
        "premarket": 7.8,
        "change_pct": -12.36,
        "volume": 414,
        "category": "l",
        "source": "cnn",
        "fails": [
            "shares_value"
        ],
        "shortable": true,
        "exchange_name": "NASD",
        "market_cap": 112.9765,
        "tradeable": false
    },
    {
        "symbol": "EVOK",
        "company": "Evoke Pharma, Inc.",
        "premarket": 1.9,
        "change_pct": -11.21,
        "volume": 1230,
        "category": "l",
        "source": "cnn",
        "fails": [
            "shares_value"
        ],
        "shortable": true,
        "exchange_name": "NASD",
        "market_cap": 7.15417,
        "tradeable": false
    },
    {
        "symbol": "GBRG",
        "company": "Goldenbridge Acquisition Limited",
        "premarket": 7.8,
        "change_pct": -10.86,
        "volume": 16,
        "category": "l",
        "source": "cnn",
        "fails": [
            "shares_value",
            "is_shortable"
        ],
        "shortable": false,
        "exchange_name": "NASD",
        "market_cap": 31.1663,
        "tradeable": false
    },
    {
        "symbol": "AGBA",
        "company": "AGBA Group Holding Limited",
        "premarket": 1.81,
        "change_pct": -9.5,
        "volume": 1380,
        "category": "l",
        "source": "cnn",
        "fails": [
            "shares_value"
        ],
        "shortable": true,
        "exchange_name": "NASD",
        "market_cap": 119.154,
        "tradeable": false
    },
    {
        "symbol": "EVBG",
        "company": "Everbridge, Inc.",
        "premarket": 27.5,
        "change_pct": -9.45,
        "volume": 12820,
        "category": "l",
        "source": "cnn",
        "fails": [],
        "shortable": true,
        "exchange_name": "NASD",
        "market_cap": 1228.015,
        "tradeable": true
    },
    {
        "symbol": "NERV",
        "company": "Minerva Neurosciences Inc",
        "premarket": 2.6,
        "change_pct": -9.41,
        "volume": 112,
        "category": "l",
        "source": "cnn",
        "fails": [
            "shares_value"
        ],
        "shortable": true,
        "exchange_name": "NASD",
        "market_cap": 15.32635,
        "tradeable": false
    },
    {
        "symbol": "IONM",
        "company": "Assure Holdings Corp.",
        "premarket": 3.08,
        "change_pct": -8.88,
        "volume": 3160,
        "category": "l",
        "source": "cnn",
        "fails": [
            "shares_value"
        ],
        "shortable": true,
        "exchange_name": "NASD",
        "market_cap": 3.72171,
        "tradeable": false
    },
    {
        "symbol": "APM",
        "company": "Aptorum Group Limited Class A",
        "premarket": 2.68,
        "change_pct": -8.06,
        "volume": 110,
        "category": "l",
        "source": "cnn",
        "fails": [
            "shares_value"
        ],
        "shortable": true,
        "exchange_name": "NASD",
        "market_cap": 10.41103,
        "tradeable": false
    }
]