[
    {
        "symbol": "INKT",
        "company": "MiNK Therapeutics, Inc.",
        "change_pct": 185.9,
        "premarket": 22.1,
        "volume": 1960000,
        "category": "g",
        "source": "tv",
        "shortable": true,
        "exchange_name": "NASDAQ",
        "market_cap": 29021960,
        "existing": false
    },
    {
        "symbol": "SGN",
        "company": "Signing Day Sports, Inc.",
        "change_pct": 176.4,
        "premarket": 3.4,
        "volume": 48760000,
        "category": "g",
        "source": "tv",
        "shortable": true,
        "exchange_name": "NYSE American",
        "market_cap": 4057416,
        "existing": false
    },
    {
        "symbol": "ABVE",
        "company": "Above Food Ingredients Inc.",
        "change_pct": 156.11,
        "premarket": 3.97,
        "volume": 65040000,
        "category": "g",
        "source": "tv",
        "shortable": false,
        "exchange_name": "NASDAQ",
        "market_cap": 18685024,
        "existing": false
    },
    {
        "symbol": "FTFT",
        "company": "Future FinTech Group Inc.",
        "change_pct": 54.97,
        "premarket": 2.34,
        "volume": 26810000,
        "category": "g",
        "source": "tv",
        "shortable": true,
        "exchange_name": "NASDAQ",
        "market_cap": 7003098,
        "existing": false
    },
    {
        "symbol": "BTOG",
        "company": "Bit Origin Limited",
        "change_pct": 48.48,
        "premarket": 0.4306,
        "volume": 70940000,
        "category": "g",
        "source": "tv",
        "shortable": true,
        "exchange_name": "NASDAQ",
        "market_cap": 11495028,
        "existing": false
    },
    {
        "symbol": "HOLO",
        "company": "MicroCloud Hologram Inc.",
        "change_pct": 45.53,
        "premarket": 8.79,
        "volume": 10580000,
        "category": "g",
        "source": "tv",
        "shortable": true,
        "exchange_name": "NASDAQ",
        "market_cap": 25897593,
        "existing": false
    },
    {
        "symbol": "WLGS",
        "company": "Wang & Lee Group, Inc.",
        "change_pct": 42.68,
        "premarket": 0.0672,
        "volume": 162940000,
        "category": "g",
        "source": "tv",
        "shortable": true,
        "exchange_name": "NASDAQ",
        "market_cap": 1444756,
        "existing": false
    },
    {
        "symbol": "ZBAI",
        "company": "ATIF Holdings Limited",
        "change_pct": 34.78,
        "premarket": 0.527,
        "volume": 40890000,
        "category": "g",
        "source": "tv",
        "shortable": true,
        "exchange_name": "NASDAQ",
        "market_cap": 5884452,
        "existing": false
    },
    {
        "symbol": "LMFA",
        "company": "LM Funding America, Inc.",
        "change_pct": 23.55,
        "premarket": 2.99,
        "volume": 26160000,
        "category": "g",
        "source": "tv",
        "shortable": true,
        "exchange_name": "NASDAQ",
        "market_cap": 11550177,
        "existing": false
    },
    {
        "symbol": "BTCT",
        "company": "BTC Digital Ltd.",
        "change_pct": 16.53,
        "premarket": 4.37,
        "volume": 2360000,
        "category": "g",
        "source": "tv",
        "shortable": true,
        "exchange_name": "NASDAQ",
        "market_cap": 26008733,
        "existing": false
    },
    {
        "symbol": "MB",
        "company": "MasterBeef Group",
        "change_pct": 16.41,
        "premarket": 12.98,
        "volume": 1420,
        "category": "g",
        "source": "tv",
        "shortable": true,
        "exchange_name": "NASDAQ",
        "market_cap": 170692250,
        "existing": false
    },
    {
        "symbol": "GAUZ",
        "company": "Gauzy Ltd.",
        "change_pct": 16.13,
        "premarket": 6.91,
        "volume": 2500000,
        "category": "g",
        "source": "tv",
        "shortable": true,
        "exchange_name": "NASDAQ",
        "market_cap": 107579613,
        "existing": false
    },
    {
        "symbol": "RCAT",
        "company": "Red Cat Holdings, Inc.",
        "change_pct": 15.78,
        "premarket": 7.85,
        "volume": 867540,
        "category": "g",
        "source": "tv",
        "shortable": true,
        "exchange_name": "NASDAQ",
        "market_cap": 678142207,
        "existing": false
    },
    {
        "symbol": "ZENA",
        "company": "ZenaTech, Inc.",
        "change_pct": 13.56,
        "premarket": 4.78,
        "volume": 173750,
        "category": "g",
        "source": "tv",
        "shortable": true,
        "exchange_name": "NASDAQ",
        "market_cap": 99432772,
        "existing": false
    },
    {
        "symbol": "BMNR",
        "company": "BitMine Immersion Technologies, Inc.",
        "change_pct": 12.69,
        "premarket": 51.85,
        "volume": 327960,
        "category": "g",
        "source": "tv",
        "shortable": true,
        "exchange_name": "NYSE American",
        "market_cap": 309638579,
        "existing": false
    },
    {
        "symbol": "UAVS",
        "company": "AgEagle Aerial Systems, Inc.",
        "change_pct": 12.1,
        "premarket": 1.39,
        "volume": 468960,
        "category": "g",
        "source": "tv",
        "shortable": true,
        "exchange_name": "NYSE American",
        "market_cap": 16710872,
        "existing": false
    },
    {
        "symbol": "SGLY",
        "company": "Singularity Future Technology Ltd.",
        "change_pct": 11.46,
        "premarket": 1.07,
        "volume": 9350,
        "category": "g",
        "source": "tv",
        "shortable": true,
        "exchange_name": "NASDAQ",
        "market_cap": 4098404,
        "existing": false
    },
    {
        "symbol": "EGG",
        "company": "Enigmatig Limited",
        "change_pct": 11.35,
        "premarket": 8.46,
        "volume": 2200,
        "category": "g",
        "source": "tv",
        "shortable": true,
        "exchange_name": "NYSE American",
        "market_cap": 245605604,
        "existing": false
    },
    {
        "symbol": "UMAC",
        "company": "Unusual Machines, Inc.",
        "change_pct": 11.28,
        "premarket": 9.67,
        "volume": 275440,
        "category": "g",
        "source": "tv",
        "shortable": true,
        "exchange_name": "NYSE American",
        "market_cap": 201191882,
        "existing": false
    },
    {
        "symbol": "DGNX",
        "company": "Diginex Limited",
        "change_pct": 10.74,
        "premarket": 69.79,
        "volume": 560,
        "category": "g",
        "source": "tv",
        "shortable": true,
        "exchange_name": "NASDAQ",
        "market_cap": 1253160083,
        "existing": false
    },
    {
        "symbol": "ALB",
        "company": "Albemarle Corporation",
        "change_pct": -3.74,
        "premarket": 71.49,
        "volume": 52080,
        "category": "l",
        "source": "tv",
        "shortable": true,
        "exchange_name": "NYSE",
        "market_cap": 8329216102,
        "existing": false
    },
    {
        "symbol": "PSIX",
        "company": "Power Solutions International, Inc.",
        "change_pct": -4.75,
        "premarket": 65.14,
        "volume": 1140,
        "category": "l",
        "source": "tv",
        "shortable": true,
        "exchange_name": "NASDAQ",
        "market_cap": 1603463131,
        "existing": false
    },
    {
        "symbol": "UP",
        "company": "Wheels Up Experience Inc.",
        "change_pct": -4.67,
        "premarket": 1.43,
        "volume": 5070,
        "category": "l",
        "source": "tv",
        "shortable": true,
        "exchange_name": "NYSE",
        "market_cap": 915525234,
        "existing": false
    },
    {
        "symbol": "AMPX",
        "company": "Amprius Technologies, Inc.",
        "change_pct": -3.85,
        "premarket": 6.25,
        "volume": 317760,
        "category": "l",
        "source": "tv",
        "shortable": true,
        "exchange_name": "NYSE",
        "market_cap": 718454618,
        "existing": false
    },
    {
        "symbol": "CIGL",
        "company": "Concorde International Group Ltd",
        "change_pct": -24.73,
        "premarket": 4.26,
        "volume": 149990,
        "category": "l",
        "source": "tv",
        "shortable": true,
        "exchange_name": "NASDAQ",
        "market_cap": 629157557,
        "existing": false
    },
    {
        "symbol": "PROK",
        "company": "ProKidney Corp.",
        "change_pct": -5.6,
        "premarket": 4.89,
        "volume": 722870,
        "category": "l",
        "source": "tv",
        "shortable": true,
        "exchange_name": "NASDAQ",
        "market_cap": 579038273,
        "existing": false
    },
    {
        "symbol": "CAPR",
        "company": "Capricor Therapeutics, Inc.",
        "change_pct": -38.51,
        "premarket": 7.01,
        "volume": 3050000,
        "category": "l",
        "source": "tv",
        "shortable": true,
        "exchange_name": "NASDAQ",
        "market_cap": 521983292,
        "existing": false
    },
    {
        "symbol": "NWTN",
        "company": "NWTN Inc.",
        "change_pct": -7.48,
        "premarket": 1.6,
        "volume": 500,
        "category": "l",
        "source": "tv",
        "shortable": true,
        "exchange_name": "NASDAQ",
        "market_cap": 499661475,
        "existing": false
    },
    {
        "symbol": "CIVB",
        "company": "Civista Bancshares, Inc.",
        "change_pct": -12.97,
        "premarket": 21.6,
        "volume": 10270,
        "category": "l",
        "source": "tv",
        "shortable": true,
        "exchange_name": "NASDAQ",
        "market_cap": 383631459,
        "existing": false
    },
    {
        "symbol": "RHLD",
        "company": "Resolute Holdings Management",
        "change_pct": -9.7,
        "premarket": 36.01,
        "volume": 422,
        "category": "l",
        "source": "tv",
        "shortable": true,
        "exchange_name": "NASDAQ",
        "market_cap": 329188782,
        "existing": false
    },
    {
        "symbol": "CTOR",
        "company": "Citius Oncology, Inc.",
        "change_pct": -6.15,
        "premarket": 3.05,
        "volume": 10480,
        "category": "l",
        "source": "tv",
        "shortable": true,
        "exchange_name": "NASDAQ",
        "market_cap": 310537424,
        "existing": false
    },
    {
        "symbol": "ANNX",
        "company": "Annexon, Inc.",
        "change_pct": -7.14,
        "premarket": 2.6,
        "volume": 2120,
        "category": "l",
        "source": "tv",
        "shortable": true,
        "exchange_name": "NASDAQ",
        "market_cap": 303908899,
        "existing": false
    },
    {
        "symbol": "AREN",
        "company": "The Arena Group Holdings, Inc.",
        "change_pct": -5.31,
        "premarket": 5.89,
        "volume": 150,
        "category": "l",
        "source": "tv",
        "shortable": true,
        "exchange_name": "NYSE American",
        "market_cap": 294877902,
        "existing": false
    },
    {
        "symbol": "ZYBT",
        "company": "Zhengye Biotechnology Holding Limited",
        "change_pct": -6.57,
        "premarket": 6.26,
        "volume": 1000,
        "category": "l",
        "source": "tv",
        "shortable": true,
        "exchange_name": "NASDAQ",
        "market_cap": 288613479,
        "existing": false
    },
    {
        "symbol": "NPWR",
        "company": "NET Power Inc.",
        "change_pct": -3.9,
        "premarket": 3.2,
        "volume": 2270,
        "category": "l",
        "source": "tv",
        "shortable": true,
        "exchange_name": "NYSE",
        "market_cap": 258053148,
        "existing": false
    },
    {
        "symbol": "EAF",
        "company": "GrafTech International Ltd.",
        "change_pct": -4.76,
        "premarket": 1.0,
        "volume": 524,
        "category": "l",
        "source": "tv",
        "shortable": true,
        "exchange_name": "NYSE",
        "market_cap": 243023768,
        "existing": false
    },
    {
        "symbol": "CV",
        "company": "CapsoVision, Inc.",
        "change_pct": -6.0,
        "premarket": 4.23,
        "volume": 7570,
        "category": "l",
        "source": "tv",
        "shortable": true,
        "exchange_name": "NASDAQ",
        "market_cap": 226622551,
        "existing": false
    },
    {
        "symbol": "FEIM",
        "company": "Frequency Electronics, Inc.",
        "change_pct": -5.21,
        "premarket": 21.49,
        "volume": 1110,
        "category": "l",
        "source": "tv",
        "shortable": true,
        "exchange_name": "NASDAQ",
        "market_cap": 220092288,
        "existing": false
    },
    {
        "symbol": "TIL",
        "company": "Instil Bio, Inc.",
        "change_pct": -6.2,
        "premarket": 25.1,
        "volume": 2290,
        "category": "l",
        "source": "tv",
        "shortable": true,
        "exchange_name": "NASDAQ",
        "market_cap": 168130929,
        "existing": false
    },
    {
        "symbol": "MIST",
        "company": "Milestone Pharmaceuticals Inc.",
        "change_pct": -32.03,
        "premarket": 1.74,
        "volume": 824410,
        "category": "l",
        "source": "tv",
        "shortable": true,
        "exchange_name": "NASDAQ",
        "market_cap": 159299671,
        "existing": false
    }
]