[
    {
        "symbol": "VTAK",
        "company": "Catheter Precision, Inc.",
        "change_pct": 228.71,
        "premarket": 0.7442,
        "volume": 145920000,
        "category": "g",
        "source": "tv",
        "shortable": true,
        "exchange_name": "NYSE American",
        "market_cap": 2474485,
        "existing": false
    },
    {
        "symbol": "HSDT",
        "company": "Helius Medical Technologies, Inc.",
        "change_pct": 90.53,
        "premarket": 1.61,
        "volume": 36750000,
        "category": "g",
        "source": "tv",
        "shortable": true,
        "exchange_name": "NASDAQ",
        "market_cap": 456773,
        "existing": false
    },
    {
        "symbol": "INEO",
        "company": "INNEOVA Holdings Limited",
        "change_pct": 48.28,
        "premarket": 1.72,
        "volume": 26140000,
        "category": "g",
        "source": "tv",
        "shortable": true,
        "exchange_name": "NASDAQ",
        "market_cap": 18434511,
        "existing": false
    },
    {
        "symbol": "VXRT",
        "company": "Vaxart, Inc. - Common Stock",
        "change_pct": 43.29,
        "premarket": 0.563,
        "volume": 38930000,
        "category": "g",
        "source": "tv",
        "shortable": true,
        "exchange_name": "NASDAQ",
        "market_cap": 90627334,
        "existing": false
    },
    {
        "symbol": "HCTI",
        "company": "Healthcare Triangle, Inc.",
        "change_pct": 41.67,
        "premarket": 0.0102,
        "volume": 315680000,
        "category": "g",
        "source": "tv",
        "shortable": true,
        "exchange_name": "NASDAQ",
        "market_cap": 2981652,
        "existing": false
    },
    {
        "symbol": "NAOV",
        "company": "NanoVibronix, Inc.",
        "change_pct": 40.14,
        "premarket": 1.14,
        "volume": 9430000,
        "category": "g",
        "source": "tv",
        "shortable": true,
        "exchange_name": "NASDAQ",
        "market_cap": 2292231,
        "existing": false
    },
    {
        "symbol": "KBSX",
        "company": "FST Corp.",
        "change_pct": 33.33,
        "premarket": 2.08,
        "volume": 9100000,
        "category": "g",
        "source": "tv",
        "shortable": true,
        "exchange_name": "NASDAQ",
        "market_cap": 97895089,
        "existing": false
    },
    {
        "symbol": "CNET",
        "company": "ZW Data Action Technologies Inc.",
        "change_pct": 26.48,
        "premarket": 1.6,
        "volume": 5350000,
        "category": "g",
        "source": "tv",
        "shortable": true,
        "exchange_name": "NASDAQ",
        "market_cap": 2899518,
        "existing": false
    },
    {
        "symbol": "CLRB",
        "company": "Cellectar Biosciences, Inc.",
        "change_pct": 19.43,
        "premarket": 0.437,
        "volume": 4360000,
        "category": "g",
        "source": "tv",
        "shortable": true,
        "exchange_name": "NASDAQ",
        "market_cap": 16358355,
        "existing": false
    },
    {
        "symbol": "TRNR",
        "company": "Interactive Strength Inc.",
        "change_pct": 18.98,
        "premarket": 0.9577,
        "volume": 10920000,
        "category": "g",
        "source": "tv",
        "shortable": true,
        "exchange_name": "NASDAQ",
        "market_cap": 7923858,
        "existing": false
    },
    {
        "symbol": "SFIX",
        "company": "Stitch Fix, Inc.",
        "change_pct": 17.95,
        "premarket": 5.65,
        "volume": 314760,
        "category": "g",
        "source": "tv",
        "shortable": true,
        "exchange_name": "NASDAQ",
        "market_cap": 609209091,
        "existing": false
    },
    {
        "symbol": "GNLN",
        "company": "Greenlane Holdings, Inc.",
        "change_pct": 16.2,
        "premarket": 0.0083,
        "volume": 135620000,
        "category": "g",
        "source": "tv",
        "shortable": true,
        "exchange_name": "NASDAQ",
        "market_cap": 6634073,
        "existing": false
    },
    {
        "symbol": "OUST",
        "company": "Ouster, Inc.",
        "change_pct": 16.03,
        "premarket": 18.6,
        "volume": 1080000,
        "category": "g",
        "source": "tv",
        "shortable": true,
        "exchange_name": "NASDAQ",
        "market_cap": 816876619,
        "existing": false
    },
    {
        "symbol": "SLDP",
        "company": "Solid Power, Inc.",
        "change_pct": 14.11,
        "premarket": 1.86,
        "volume": 2280000,
        "category": "g",
        "source": "tv",
        "shortable": true,
        "exchange_name": "NASDAQ",
        "market_cap": 281598462,
        "existing": false
    },
    {
        "symbol": "SSII",
        "company": "SS Innovations International Inc.",
        "change_pct": 13.66,
        "premarket": 4.77,
        "volume": 6150,
        "category": "g",
        "source": "tv",
        "shortable": true,
        "exchange_name": "NASDAQ",
        "market_cap": 886706182,
        "existing": false
    },
    {
        "symbol": "MFH",
        "company": "Mercurity Fintech Holding Inc. - American",
        "change_pct": 13.53,
        "premarket": 4.7,
        "volume": 1820000,
        "category": "g",
        "source": "tv",
        "shortable": true,
        "exchange_name": "NASDAQ",
        "market_cap": 267483564,
        "existing": false
    },
    {
        "symbol": "BMR",
        "company": "Beamr Imaging Ltd.",
        "change_pct": 12.76,
        "premarket": 3.8,
        "volume": 5630000,
        "category": "g",
        "source": "tv",
        "shortable": true,
        "exchange_name": "NASDAQ",
        "market_cap": 53539839,
        "existing": false
    },
    {
        "symbol": "QUBT",
        "company": "Quantum Computing Inc.",
        "change_pct": 12.1,
        "premarket": 16.96,
        "volume": 2560000,
        "category": "g",
        "source": "tv",
        "shortable": true,
        "exchange_name": "NASDAQ",
        "market_cap": 2020556706,
        "existing": false
    },
    {
        "symbol": "ABCL",
        "company": "AbCellera Biologics Inc.",
        "change_pct": 11.94,
        "premarket": 3.38,
        "volume": 598140,
        "category": "g",
        "source": "tv",
        "shortable": true,
        "exchange_name": "NASDAQ",
        "market_cap": 749196506,
        "existing": false
    },
    {
        "symbol": "TOPP",
        "company": "Toppoint Holdings Inc.",
        "change_pct": 11.7,
        "premarket": 2.1,
        "volume": 4680,
        "category": "g",
        "source": "tv",
        "shortable": true,
        "exchange_name": "NYSE American",
        "market_cap": 27900000,
        "existing": false
    },
    {
        "symbol": "NUE",
        "company": "Nucor Corporation",
        "change_pct": -3.98,
        "premarket": 119.72,
        "volume": 14230,
        "category": "l",
        "source": "tv",
        "shortable": true,
        "exchange_name": "NYSE",
        "market_cap": 28273859500,
        "existing": false
    },
    {
        "symbol": "CHWY",
        "company": "Chewy, Inc.",
        "change_pct": -5.24,
        "premarket": 43.39,
        "volume": 503060,
        "category": "l",
        "source": "tv",
        "shortable": true,
        "exchange_name": "NYSE",
        "market_cap": 19300841888,
        "existing": false
    },
    {
        "symbol": "THC",
        "company": "Tenet Healthcare Corporation",
        "change_pct": -4.16,
        "premarket": 150.05,
        "volume": 194790,
        "category": "l",
        "source": "tv",
        "shortable": true,
        "exchange_name": "NYSE",
        "market_cap": 15436558150,
        "existing": false
    },
    {
        "symbol": "GTLB",
        "company": "GitLab Inc.",
        "change_pct": -13.11,
        "premarket": 42.15,
        "volume": 1180000,
        "category": "l",
        "source": "tv",
        "shortable": true,
        "exchange_name": "NASDAQ",
        "market_cap": 8029867381,
        "existing": false
    },
    {
        "symbol": "ETSY",
        "company": "Etsy, Inc.",
        "change_pct": -4.41,
        "premarket": 59.1,
        "volume": 97170,
        "category": "l",
        "source": "tv",
        "shortable": true,
        "exchange_name": "NASDAQ",
        "market_cap": 6661550513,
        "existing": false
    },
    {
        "symbol": "MP",
        "company": "MP Materials Corp.",
        "change_pct": -7.12,
        "premarket": 25.29,
        "volume": 322030,
        "category": "l",
        "source": "tv",
        "shortable": true,
        "exchange_name": "NYSE",
        "market_cap": 4526104891,
        "existing": false
    },
    {
        "symbol": "CLF",
        "company": "Cleveland-Cliffs Inc.",
        "change_pct": -3.99,
        "premarket": 7.7,
        "volume": 454960,
        "category": "l",
        "source": "tv",
        "shortable": true,
        "exchange_name": "NYSE",
        "market_cap": 3848425259,
        "existing": false
    },
    {
        "symbol": "IREN",
        "company": "IREN Limited",
        "change_pct": -4.39,
        "premarket": 10.03,
        "volume": 1650000,
        "category": "l",
        "source": "tv",
        "shortable": true,
        "exchange_name": "NASDAQ",
        "market_cap": 2500903001,
        "existing": false
    },
    {
        "symbol": "FIHL",
        "company": "Fidelis Insurance Holdings Limited",
        "change_pct": -4.07,
        "premarket": 16.25,
        "volume": 2400,
        "category": "l",
        "source": "tv",
        "shortable": true,
        "exchange_name": "NYSE",
        "market_cap": 1904383152,
        "existing": false
    },
    {
        "symbol": "RUN",
        "company": "Sunrun Inc.",
        "change_pct": -3.95,
        "premarket": 8.51,
        "volume": 531930,
        "category": "l",
        "source": "tv",
        "shortable": true,
        "exchange_name": "NASDAQ",
        "market_cap": 1889583106,
        "existing": false
    },
    {
        "symbol": "AMSC",
        "company": "American Superconductor Corporation",
        "change_pct": -17.56,
        "premarket": 28.4,
        "volume": 509320,
        "category": "l",
        "source": "tv",
        "shortable": true,
        "exchange_name": "NASDAQ",
        "market_cap": 1307143217,
        "existing": false
    },
    {
        "symbol": "BY",
        "company": "Byline Bancorp, Inc.",
        "change_pct": -5.5,
        "premarket": 25.25,
        "volume": 47090,
        "category": "l",
        "source": "tv",
        "shortable": true,
        "exchange_name": "NYSE",
        "market_cap": 1224881696,
        "existing": false
    },
    {
        "symbol": "USAR",
        "company": "USA Rare Earth, Inc.",
        "change_pct": -8.98,
        "premarket": 11.65,
        "volume": 149870,
        "category": "l",
        "source": "tv",
        "shortable": true,
        "exchange_name": "NASDAQ",
        "market_cap": 1190761043,
        "existing": false
    },
    {
        "symbol": "KRT",
        "company": "Karat Packaging Inc.",
        "change_pct": -10.85,
        "premarket": 27.6,
        "volume": 8380,
        "category": "l",
        "source": "tv",
        "shortable": true,
        "exchange_name": "NASDAQ",
        "market_cap": 627543336,
        "existing": false
    },
    {
        "symbol": "TWNP",
        "company": "Twin Hospitality Group Inc.",
        "change_pct": -4.51,
        "premarket": 6.14,
        "volume": 1250,
        "category": "l",
        "source": "tv",
        "shortable": true,
        "exchange_name": "NASDAQ",
        "market_cap": 363332326,
        "existing": false
    },
    {
        "symbol": "JILL",
        "company": "J. Jill, Inc.",
        "change_pct": -15.44,
        "premarket": 14.24,
        "volume": 24030,
        "category": "l",
        "source": "tv",
        "shortable": true,
        "exchange_name": "NYSE",
        "market_cap": 261510162,
        "existing": false
    },
    {
        "symbol": "ARAI",
        "company": "Arrive AI Inc.",
        "change_pct": -10.73,
        "premarket": 9.15,
        "volume": 252760,
        "category": "l",
        "source": "tv",
        "shortable": true,
        "exchange_name": "NASDAQ",
        "market_cap": 207669343,
        "existing": false
    },
    {
        "symbol": "SDM",
        "company": "Smart Digital Group Limited",
        "change_pct": -4.5,
        "premarket": 7.0,
        "volume": 506,
        "category": "l",
        "source": "tv",
        "shortable": true,
        "exchange_name": "NASDAQ",
        "market_cap": 197765000,
        "existing": false
    },
    {
        "symbol": "NA",
        "company": "Nano Labs Ltd",
        "change_pct": -5.34,
        "premarket": 11.0,
        "volume": 3380,
        "category": "l",
        "source": "tv",
        "shortable": true,
        "exchange_name": "NASDAQ",
        "market_cap": 192526386,
        "existing": false
    },
    {
        "symbol": "TGE",
        "company": "The Generation Essentials Group",
        "change_pct": -3.85,
        "premarket": 11.0,
        "volume": 6200,
        "category": "l",
        "source": "tv",
        "shortable": true,
        "exchange_name": "NYSE",
        "market_cap": 184365000,
        "existing": false
    }
]