[
    {
        "symbol": "NA",
        "company": "Nano Labs Ltd",
        "change_pct": 166.0,
        "premarket": 28.97,
        "volume": 3880000,
        "category": "g",
        "source": "tv",
        "shortable": false,
        "exchange_name": "NASDAQ",
        "market_cap": 207165881,
        "existing": false
    },
    {
        "symbol": "NKTR",
        "company": "Nektar Therapeutics",
        "change_pct": 117.4,
        "premarket": 20.74,
        "volume": 2910000,
        "category": "g",
        "source": "tv",
        "shortable": true,
        "exchange_name": "NASDAQ",
        "market_cap": 105582821,
        "existing": false
    },
    {
        "symbol": "INM",
        "company": "InMed Pharmaceuticals Inc.",
        "change_pct": 73.88,
        "premarket": 4.26,
        "volume": 23300000,
        "category": "g",
        "source": "tv",
        "shortable": true,
        "exchange_name": "NASDAQ",
        "market_cap": 3005893,
        "existing": false
    },
    {
        "symbol": "ONMD",
        "company": "OneMedNet Corp",
        "change_pct": 57.71,
        "premarket": 0.5362,
        "volume": 42450000,
        "category": "g",
        "source": "tv",
        "shortable": true,
        "exchange_name": "NASDAQ",
        "market_cap": 10972589,
        "existing": false
    },
    {
        "symbol": "IBIO",
        "company": "iBio, Inc.",
        "change_pct": 43.18,
        "premarket": 1.02,
        "volume": 35480000,
        "category": "g",
        "source": "tv",
        "shortable": true,
        "exchange_name": "NASDAQ",
        "market_cap": 12505065,
        "existing": false
    },
    {
        "symbol": "CERO",
        "company": "CERo Therapeutics Holdings, Inc.",
        "change_pct": 20.47,
        "premarket": 9.83,
        "volume": 209800,
        "category": "g",
        "source": "tv",
        "shortable": true,
        "exchange_name": "NASDAQ",
        "market_cap": 4123580,
        "existing": false
    },
    {
        "symbol": "RAIN",
        "company": "Rain Enhancement Technologies Holdco, Inc.",
        "change_pct": 18.47,
        "premarket": 3.4,
        "volume": 2000,
        "category": "g",
        "source": "tv",
        "shortable": true,
        "exchange_name": "NASDAQ",
        "market_cap": 21849157,
        "existing": false
    },
    {
        "symbol": "XBIO",
        "company": "Xenetic Biosciences, Inc.",
        "change_pct": 18.25,
        "premarket": 3.24,
        "volume": 109190,
        "category": "g",
        "source": "tv",
        "shortable": true,
        "exchange_name": "NASDAQ",
        "market_cap": 4287146,
        "existing": false
    },
    {
        "symbol": "PSTV",
        "company": "PLUS THERAPEUTICS, Inc.",
        "change_pct": 17.47,
        "premarket": 0.2165,
        "volume": 58870000,
        "category": "g",
        "source": "tv",
        "shortable": true,
        "exchange_name": "NASDAQ",
        "market_cap": 3297927,
        "existing": false
    },
    {
        "symbol": "SRFM",
        "company": "Surf Air Mobility Inc.",
        "change_pct": 17.28,
        "premarket": 2.24,
        "volume": 785450,
        "category": "g",
        "source": "tv",
        "shortable": true,
        "exchange_name": "NYSE",
        "market_cap": 37024896,
        "existing": false
    },
    {
        "symbol": "GIBO",
        "company": "GIBO Holdings Limited",
        "change_pct": 13.07,
        "premarket": 0.64,
        "volume": 12560000,
        "category": "g",
        "source": "tv",
        "shortable": true,
        "exchange_name": "NASDAQ",
        "market_cap": 693232945,
        "existing": false
    },
    {
        "symbol": "FWRD",
        "company": "Forward Air Corporation",
        "change_pct": 12.44,
        "premarket": 24.86,
        "volume": 948,
        "category": "g",
        "source": "tv",
        "shortable": true,
        "exchange_name": "NASDAQ",
        "market_cap": 674787041,
        "existing": false
    },
    {
        "symbol": "RZLV",
        "company": "Rezolve AI PLC",
        "change_pct": 12.01,
        "premarket": 2.29,
        "volume": 2330000,
        "category": "g",
        "source": "tv",
        "shortable": true,
        "exchange_name": "NASDAQ",
        "market_cap": 477337678,
        "existing": false
    },
    {
        "symbol": "LIMN",
        "company": "Liminatus Pharma, Inc.",
        "change_pct": 11.97,
        "premarket": 22.39,
        "volume": 8330,
        "category": "g",
        "source": "tv",
        "shortable": true,
        "exchange_name": "NASDAQ",
        "market_cap": 375391154,
        "existing": false
    },
    {
        "symbol": "OSTX",
        "company": "OS Therapies Incorporated",
        "change_pct": 11.76,
        "premarket": 1.9,
        "volume": 341530,
        "category": "g",
        "source": "tv",
        "shortable": true,
        "exchange_name": "NYSE American",
        "market_cap": 50013900,
        "existing": false
    },
    {
        "symbol": "EYEN",
        "company": "Eyenovia, Inc.",
        "change_pct": 11.13,
        "premarket": 6.09,
        "volume": 114280,
        "category": "g",
        "source": "tv",
        "shortable": true,
        "exchange_name": "NASDAQ",
        "market_cap": 12136621,
        "existing": false
    },
    {
        "symbol": "CTSO",
        "company": "Cytosorbents Corporation",
        "change_pct": 11.11,
        "premarket": 1.4,
        "volume": 12020,
        "category": "g",
        "source": "tv",
        "shortable": true,
        "exchange_name": "NASDAQ",
        "market_cap": 73880243,
        "existing": false
    },
    {
        "symbol": "THAR",
        "company": "Tharimmune, Inc.",
        "change_pct": 10.69,
        "premarket": 1.45,
        "volume": 8370,
        "category": "g",
        "source": "tv",
        "shortable": true,
        "exchange_name": "NASDAQ",
        "market_cap": 3565374,
        "existing": false
    },
    {
        "symbol": "KNW",
        "company": "Know Labs, Inc.",
        "change_pct": 9.97,
        "premarket": 2.96,
        "volume": 51150,
        "category": "g",
        "source": "tv",
        "shortable": true,
        "exchange_name": "NYSE American",
        "market_cap": 26917633,
        "existing": false
    },
    {
        "symbol": "ONDS",
        "company": "Ondas Holdings Inc.",
        "change_pct": 9.79,
        "premarket": 1.57,
        "volume": 874740,
        "category": "g",
        "source": "tv",
        "shortable": true,
        "exchange_name": "NASDAQ",
        "market_cap": 276121901,
        "existing": false
    },
    {
        "symbol": "CRCL",
        "company": "Circle Internet Group, Inc.",
        "change_pct": -7.36,
        "premarket": 244.07,
        "volume": 2760000,
        "category": "l",
        "source": "tv",
        "shortable": true,
        "exchange_name": "NYSE",
        "market_cap": 54697366832,
        "existing": false
    },
    {
        "symbol": "RGC",
        "company": "Regencell Bioscience Holdings Limited",
        "change_pct": -4.18,
        "premarket": 22.71,
        "volume": 42180,
        "category": "l",
        "source": "tv",
        "shortable": true,
        "exchange_name": "NASDAQ",
        "market_cap": 18795523393,
        "existing": false
    },
    {
        "symbol": "RVMD",
        "company": "Revolution Medicines, Inc.",
        "change_pct": -4.3,
        "premarket": 38.32,
        "volume": 44580,
        "category": "l",
        "source": "tv",
        "shortable": true,
        "exchange_name": "NASDAQ",
        "market_cap": 7387370795,
        "existing": false
    },
    {
        "symbol": "ESBA",
        "company": "Empire State Realty OP, L.P. Series ES Operating Partnership",
        "change_pct": -4.43,
        "premarket": 7.98,
        "volume": 305,
        "category": "l",
        "source": "tv",
        "shortable": true,
        "exchange_name": "NYSE Arca",
        "market_cap": 2360321130,
        "existing": false
    },
    {
        "symbol": "ARDT",
        "company": "Ardent Health, Inc.",
        "change_pct": -4.95,
        "premarket": 12.3,
        "volume": 100,
        "category": "l",
        "source": "tv",
        "shortable": true,
        "exchange_name": "NYSE",
        "market_cap": 1865289339,
        "existing": false
    },
    {
        "symbol": "SSII",
        "company": "SS Innovations International Inc.",
        "change_pct": -6.19,
        "premarket": 5.3,
        "volume": 12390,
        "category": "l",
        "source": "tv",
        "shortable": true,
        "exchange_name": "NASDAQ",
        "market_cap": 1339739472,
        "existing": false
    },
    {
        "symbol": "ARRY",
        "company": "Array Technologies, Inc.",
        "change_pct": -15.02,
        "premarket": 6.28,
        "volume": 284860,
        "category": "l",
        "source": "tv",
        "shortable": true,
        "exchange_name": "NASDAQ",
        "market_cap": 1128848081,
        "existing": false
    },
    {
        "symbol": "DFDV",
        "company": "DeFi Development Corp.",
        "change_pct": -26.04,
        "premarket": 18.35,
        "volume": 474020,
        "category": "l",
        "source": "tv",
        "shortable": true,
        "exchange_name": "NASDAQ",
        "market_cap": 366537957,
        "existing": false
    },
    {
        "symbol": "UPXI",
        "company": "Upexi, Inc.",
        "change_pct": -61.0,
        "premarket": 3.9,
        "volume": 540130,
        "category": "l",
        "source": "tv",
        "shortable": true,
        "exchange_name": "NASDAQ",
        "market_cap": 344593700,
        "existing": false
    },
    {
        "symbol": "WTI",
        "company": "W&T Offshore, Inc.",
        "change_pct": -4.88,
        "premarket": 1.95,
        "volume": 84900,
        "category": "l",
        "source": "tv",
        "shortable": true,
        "exchange_name": "NYSE",
        "market_cap": 317451404,
        "existing": false
    },
    {
        "symbol": "BIOX",
        "company": "Bioceres Crop Solutions Corp.",
        "change_pct": -4.18,
        "premarket": 4.36,
        "volume": 119,
        "category": "l",
        "source": "tv",
        "shortable": true,
        "exchange_name": "NASDAQ",
        "market_cap": 284707245,
        "existing": false
    },
    {
        "symbol": "IHRT",
        "company": "iHeartMedia, Inc.",
        "change_pct": -4.6,
        "premarket": 1.66,
        "volume": 150,
        "category": "l",
        "source": "tv",
        "shortable": true,
        "exchange_name": "NASDAQ",
        "market_cap": 255640125,
        "existing": false
    },
    {
        "symbol": "AARD",
        "company": "Aardvark Therapeutics, Inc.",
        "change_pct": -4.35,
        "premarket": 12.75,
        "volume": 977,
        "category": "l",
        "source": "tv",
        "shortable": true,
        "exchange_name": "NASDAQ",
        "market_cap": 241475589,
        "existing": false
    },
    {
        "symbol": "CDXS",
        "company": "Codexis, Inc.",
        "change_pct": -4.66,
        "premarket": 2.25,
        "volume": 800,
        "category": "l",
        "source": "tv",
        "shortable": true,
        "exchange_name": "NASDAQ",
        "market_cap": 189714704,
        "existing": false
    },
    {
        "symbol": "GEOS",
        "company": "Geospace Technologies Corporation",
        "change_pct": -5.38,
        "premarket": 17.41,
        "volume": 28890,
        "category": "l",
        "source": "tv",
        "shortable": true,
        "exchange_name": "NASDAQ",
        "market_cap": 147151878,
        "existing": false
    },
    {
        "symbol": "FTRK",
        "company": "FAST TRACK GROUP",
        "change_pct": -3.96,
        "premarket": 6.06,
        "volume": 200,
        "category": "l",
        "source": "tv",
        "shortable": true,
        "exchange_name": "NASDAQ",
        "market_cap": 136000000,
        "existing": false
    },
    {
        "symbol": "VGZ",
        "company": "Vista Gold Corp",
        "change_pct": -3.92,
        "premarket": 0.98,
        "volume": 100,
        "category": "l",
        "source": "tv",
        "shortable": true,
        "exchange_name": "NYSE American",
        "market_cap": 124143934,
        "existing": false
    },
    {
        "symbol": "IMPP",
        "company": "Imperial Petroleum Inc.",
        "change_pct": -7.12,
        "premarket": 3.13,
        "volume": 70130,
        "category": "l",
        "source": "tv",
        "shortable": true,
        "exchange_name": "NASDAQ",
        "market_cap": 117700103,
        "existing": false
    },
    {
        "symbol": "MAPS",
        "company": "WM Technology, Inc.",
        "change_pct": -14.09,
        "premarket": 0.91,
        "volume": 58400,
        "category": "l",
        "source": "tv",
        "shortable": true,
        "exchange_name": "NASDAQ",
        "market_cap": 107154841,
        "existing": false
    },
    {
        "symbol": "LSE",
        "company": "Leishen Energy Holding Co., Ltd.",
        "change_pct": -8.8,
        "premarket": 5.7,
        "volume": 16110,
        "category": "l",
        "source": "tv",
        "shortable": true,
        "exchange_name": "NASDAQ",
        "market_cap": 103001250,
        "existing": false
    }
]