[
    {
        "symbol": "ZYNE",
        "company": "Zynerba Pharmaceuticals, Inc.",
        "change_pct": 289.38,
        "premarket": 1.32,
        "volume": 4210000,
        "category": "g",
        "source": "tv",
        "shortable": true,
        "exchange_name": "NASD",
        "market_cap": 18.18819,
        "existing": false
    },
    {
        "symbol": "TSHA",
        "company": "Taysha Gene Therapies, Inc.",
        "change_pct": 102.98,
        "premarket": 1.5,
        "volume": 16514000,
        "category": "g",
        "source": "tv",
        "shortable": true,
        "exchange_name": "NASD",
        "market_cap": 47.42796,
        "existing": false
    },
    {
        "symbol": "AGBA",
        "company": "AGBA Group Holding Limited",
        "change_pct": 37.93,
        "premarket": 1.2,
        "volume": 4032000,
        "category": "g",
        "source": "tv",
        "shortable": true,
        "exchange_name": "NASD",
        "market_cap": 54.68028,
        "existing": false
    },
    {
        "symbol": "X",
        "company": "United States Steel Corporation",
        "change_pct": 25.53,
        "premarket": 28.52,
        "volume": 4341000,
        "category": "g",
        "source": "tv",
        "shortable": true,
        "exchange_name": "NYSE",
        "market_cap": 5065.737,
        "existing": false
    },
    {
        "symbol": "GGE",
        "company": "Green Giant Inc.",
        "change_pct": 24.3,
        "premarket": 1.72,
        "volume": 591501,
        "category": "g",
        "source": "tv",
        "shortable": true,
        "exchange_name": "NASD",
        "market_cap": 77.20114,
        "existing": false
    },
    {
        "symbol": "TMC",
        "company": "TMC the metals company Inc.",
        "change_pct": 23.64,
        "premarket": 1.36,
        "volume": 3253000,
        "category": "g",
        "source": "tv",
        "shortable": true,
        "exchange_name": "NASD",
        "market_cap": 308.7038,
        "existing": false
    },
    {
        "symbol": "FRGT",
        "company": "Freight Technologies, Inc.",
        "change_pct": 22.38,
        "premarket": 0.6853,
        "volume": 5877000,
        "category": "g",
        "source": "tv",
        "shortable": true,
        "exchange_name": "NASD",
        "market_cap": 1.83198,
        "existing": false
    },
    {
        "symbol": "GNS",
        "company": "Genius Group Limited",
        "change_pct": 21.01,
        "premarket": 1.44,
        "volume": 4360000,
        "category": "g",
        "source": "tv",
        "shortable": true,
        "exchange_name": "AMEX",
        "market_cap": 0.0,
        "existing": false
    },
    {
        "symbol": "VEDU",
        "company": "Visionary Education Technology Holdings Group Inc.",
        "change_pct": 20.18,
        "premarket": 0.3132,
        "volume": 109153,
        "category": "g",
        "source": "tv",
        "shortable": false,
        "exchange_name": "NASD",
        "market_cap": 10.22855,
        "existing": false
    },
    {
        "symbol": "ASNS",
        "company": "Actelis Networks, Inc.",
        "change_pct": 19.29,
        "premarket": 1.67,
        "volume": 1805000,
        "category": "g",
        "source": "tv",
        "shortable": false,
        "exchange_name": "NASD",
        "market_cap": 2.73417,
        "existing": false
    },
    {
        "symbol": "PTRA",
        "company": "Proterra Inc",
        "change_pct": 16.71,
        "premarket": 0.1383,
        "volume": 15121000,
        "category": "g",
        "source": "tv",
        "shortable": true,
        "exchange_name": "NASD",
        "market_cap": 26.95609,
        "existing": false
    },
    {
        "symbol": "VIRI",
        "company": "Virios Therapeutics, Inc.",
        "change_pct": 16.19,
        "premarket": 0.9999,
        "volume": 157610,
        "category": "g",
        "source": "tv",
        "shortable": false,
        "exchange_name": "NASD",
        "market_cap": 15.77513,
        "existing": false
    },
    {
        "symbol": "CURO",
        "company": "CURO Group Holdings Corp.",
        "change_pct": 15.7,
        "premarket": 1.62,
        "volume": 38889,
        "category": "g",
        "source": "tv",
        "shortable": true,
        "exchange_name": "NYSE",
        "market_cap": 57.74994,
        "existing": false
    },
    {
        "symbol": "NIR",
        "company": "Near Intelligence, Inc.",
        "change_pct": 14.29,
        "premarket": 0.64,
        "volume": 535050,
        "category": "g",
        "source": "tv",
        "shortable": true,
        "exchange_name": "NASD",
        "market_cap": 28.97614,
        "existing": false
    },
    {
        "symbol": "PNAC",
        "company": "Prime Number Acquisition I Corp.",
        "change_pct": 14.22,
        "premarket": 9.17,
        "volume": 4696,
        "category": "g",
        "source": "tv",
        "shortable": false,
        "exchange_name": "NASD",
        "market_cap": 0.0,
        "existing": false
    },
    {
        "symbol": "HOFV",
        "company": "Hall of Fame Resort & Entertainment Company",
        "change_pct": 13.5,
        "premarket": 9.55,
        "volume": 434,
        "category": "g",
        "source": "tv",
        "shortable": true,
        "exchange_name": "NASD",
        "market_cap": 47.57539,
        "existing": false
    },
    {
        "symbol": "RCRT",
        "company": "Recruiter.com Group, Inc.",
        "change_pct": 12.45,
        "premarket": 0.2069,
        "volume": 19322,
        "category": "g",
        "source": "tv",
        "shortable": false,
        "exchange_name": "NASD",
        "market_cap": 3.16666,
        "existing": false
    },
    {
        "symbol": "YVR",
        "company": "Liquid Media Group Ltd.",
        "change_pct": 11.88,
        "premarket": 0.65,
        "volume": 115601,
        "category": "g",
        "source": "tv",
        "shortable": true,
        "exchange_name": "NASD",
        "market_cap": 2.80519,
        "existing": false
    },
    {
        "symbol": "AMRS",
        "company": "Amyris, Inc.",
        "change_pct": 11.83,
        "premarket": 0.1531,
        "volume": 20466000,
        "category": "g",
        "source": "tv",
        "shortable": true,
        "exchange_name": "NASD",
        "market_cap": 50.56889,
        "existing": false
    },
    {
        "symbol": "ATMV",
        "company": "AlphaVest Acquisition Corp",
        "change_pct": 11.64,
        "premarket": 11.7,
        "volume": 100,
        "category": "g",
        "source": "tv",
        "shortable": false,
        "exchange_name": "NASD",
        "market_cap": 96.21164,
        "existing": false
    },
    {
        "symbol": "WE",
        "company": "WeWork Inc.",
        "change_pct": 11.61,
        "premarket": 0.2278,
        "volume": 12873000,
        "category": "g",
        "source": "tv",
        "shortable": true,
        "exchange_name": "NYSE",
        "market_cap": 434.7247,
        "existing": false
    },
    {
        "symbol": "NMRD",
        "company": "Nemaura Medical Inc.",
        "change_pct": 11.54,
        "premarket": 0.87,
        "volume": 9116,
        "category": "g",
        "source": "tv",
        "shortable": true,
        "exchange_name": "NASD",
        "market_cap": 22.54153,
        "existing": false
    },
    {
        "symbol": "MKTW",
        "company": "MarketWise, Inc.",
        "change_pct": 11.17,
        "premarket": 1.94,
        "volume": 6480,
        "category": "g",
        "source": "tv",
        "shortable": true,
        "exchange_name": "NASD",
        "market_cap": 569.7808,
        "existing": false
    },
    {
        "symbol": "RVNC",
        "company": "Revance Therapeutics, Inc.",
        "change_pct": 11.16,
        "premarket": 21.02,
        "volume": 37492,
        "category": "g",
        "source": "tv",
        "shortable": true,
        "exchange_name": "NASD",
        "market_cap": 1663.134,
        "existing": false
    },
    {
        "symbol": "MIGI",
        "company": "Mawson Infrastructure Group Inc.",
        "change_pct": 10.81,
        "premarket": 1.23,
        "volume": 10200,
        "category": "g",
        "source": "tv",
        "shortable": true,
        "exchange_name": "NASD",
        "market_cap": 17.99093,
        "existing": false
    },
    {
        "symbol": "ONB",
        "company": "Old National Bancorp",
        "change_pct": -5.21,
        "premarket": 16.01,
        "volume": 252,
        "category": "l",
        "source": "tv",
        "shortable": true,
        "exchange_name": "NASD",
        "market_cap": 4941.828,
        "existing": false
    },
    {
        "symbol": "IMGN",
        "company": "ImmunoGen, Inc.",
        "change_pct": -4.45,
        "premarket": 13.73,
        "volume": 497,
        "category": "l",
        "source": "tv",
        "shortable": true,
        "exchange_name": "NASD",
        "market_cap": 3577.317,
        "existing": false
    },
    {
        "symbol": "HE",
        "company": "Hawaiian Electric Industries, Inc.",
        "change_pct": -22.47,
        "premarket": 25.12,
        "volume": 60566,
        "category": "l",
        "source": "tv",
        "shortable": true,
        "exchange_name": "NYSE",
        "market_cap": 3551.416,
        "existing": false
    },
    {
        "symbol": "FIBK",
        "company": "First Interstate BancSystem, Inc.",
        "change_pct": -4.97,
        "premarket": 27.35,
        "volume": 100,
        "category": "l",
        "source": "tv",
        "shortable": true,
        "exchange_name": "NASD",
        "market_cap": 3022.427,
        "existing": false
    },
    {
        "symbol": "AMC",
        "company": "AMC Entertainment Holdings, Inc.",
        "change_pct": -35.74,
        "premarket": 3.38,
        "volume": 17128000,
        "category": "l",
        "source": "tv",
        "shortable": true,
        "exchange_name": "NYSE",
        "market_cap": 2730.952,
        "existing": false
    },
    {
        "symbol": "FTRE",
        "company": "Fortrea Holdings Inc.",
        "change_pct": -11.88,
        "premarket": 27.0,
        "volume": 61765,
        "category": "l",
        "source": "tv",
        "shortable": true,
        "exchange_name": "NASD",
        "market_cap": 2714.704,
        "existing": false
    },
    {
        "symbol": "MORF",
        "company": "Morphic Holding, Inc.",
        "change_pct": -7.41,
        "premarket": 50.0,
        "volume": 100,
        "category": "l",
        "source": "tv",
        "shortable": true,
        "exchange_name": "NASD",
        "market_cap": 2587.816,
        "existing": false
    },
    {
        "symbol": "DAN",
        "company": "Dana Incorporated",
        "change_pct": -5.04,
        "premarket": 15.62,
        "volume": 100,
        "category": "l",
        "source": "tv",
        "shortable": true,
        "exchange_name": "NYSE",
        "market_cap": 2374.341,
        "existing": false
    },
    {
        "symbol": "NKLA",
        "company": "Nikola Corporation",
        "change_pct": -17.44,
        "premarket": 1.61,
        "volume": 6109000,
        "category": "l",
        "source": "tv",
        "shortable": true,
        "exchange_name": "NASD",
        "market_cap": 1519.942,
        "existing": false
    },
    {
        "symbol": "NEXT",
        "company": "NextDecade Corporation",
        "change_pct": -4.45,
        "premarket": 5.37,
        "volume": 200,
        "category": "l",
        "source": "tv",
        "shortable": true,
        "exchange_name": "NASD",
        "market_cap": 1186.654,
        "existing": false
    },
    {
        "symbol": "ALTI",
        "company": "AlTi Global, Inc.",
        "change_pct": -6.27,
        "premarket": 7.48,
        "volume": 400,
        "category": "l",
        "source": "tv",
        "shortable": true,
        "exchange_name": "NASD",
        "market_cap": 901.9672,
        "existing": false
    },
    {
        "symbol": "NEXA",
        "company": "Nexa Resources S.A.",
        "change_pct": -4.19,
        "premarket": 5.01,
        "volume": 784,
        "category": "l",
        "source": "tv",
        "shortable": true,
        "exchange_name": "NYSE",
        "market_cap": 692.6539,
        "existing": false
    },
    {
        "symbol": "TNGX",
        "company": "Tango Therapeutics, Inc.",
        "change_pct": -4.26,
        "premarket": 7.19,
        "volume": 23934,
        "category": "l",
        "source": "tv",
        "shortable": false,
        "exchange_name": "NASD",
        "market_cap": 664.3892,
        "existing": false
    },
    {
        "symbol": "EOLS",
        "company": "Evolus, Inc. Common Stock",
        "change_pct": -4.06,
        "premarket": 9.45,
        "volume": 100,
        "category": "l",
        "source": "tv",
        "shortable": true,
        "exchange_name": "NASD",
        "market_cap": 561.1699,
        "existing": false
    },
    {
        "symbol": "WULF",
        "company": "TeraWulf Inc.",
        "change_pct": -5.1,
        "premarket": 2.42,
        "volume": 124498,
        "category": "l",
        "source": "tv",
        "shortable": true,
        "exchange_name": "NASD",
        "market_cap": 540.6828,
        "existing": false
    },
    {
        "symbol": "BLND",
        "company": "Blend Labs, Inc.",
        "change_pct": -4.67,
        "premarket": 1.43,
        "volume": 2076,
        "category": "l",
        "source": "tv",
        "shortable": false,
        "exchange_name": "NYSE",
        "market_cap": 365.7765,
        "existing": false
    },
    {
        "symbol": "AURC",
        "company": "Aurora Acquisition Corp.",
        "change_pct": -23.33,
        "premarket": 27.5,
        "volume": 2299,
        "category": "l",
        "source": "tv",
        "shortable": true,
        "exchange_name": "NASD",
        "market_cap": 322.7909,
        "existing": false
    },
    {
        "symbol": "LTRY",
        "company": "Lottery.com, Inc.",
        "change_pct": -7.27,
        "premarket": 5.87,
        "volume": 1064,
        "category": "l",
        "source": "tv",
        "shortable": false,
        "exchange_name": "NASD",
        "market_cap": 322.357,
        "existing": false
    },
    {
        "symbol": "HYZN",
        "company": "Hyzon Motors Inc.",
        "change_pct": -4.07,
        "premarket": 1.18,
        "volume": 7885,
        "category": "l",
        "source": "tv",
        "shortable": true,
        "exchange_name": "NASD",
        "market_cap": 301.0025,
        "existing": false
    },
    {
        "symbol": "TPIC",
        "company": "TPI Composites, Inc.",
        "change_pct": -4.39,
        "premarket": 6.1,
        "volume": 15331,
        "category": "l",
        "source": "tv",
        "shortable": true,
        "exchange_name": "NASD",
        "market_cap": 271.5895,
        "existing": false
    },
    {
        "symbol": "DSKE",
        "company": "Daseke, Inc.",
        "change_pct": -4.92,
        "premarket": 5.41,
        "volume": 166,
        "category": "l",
        "source": "tv",
        "shortable": true,
        "exchange_name": "NASD",
        "market_cap": 260.9036,
        "existing": false
    },
    {
        "symbol": "VLN",
        "company": "Valens Semiconductor Ltd.",
        "change_pct": -4.69,
        "premarket": 2.44,
        "volume": 9768,
        "category": "l",
        "source": "tv",
        "shortable": true,
        "exchange_name": "NYSE",
        "market_cap": 260.7183,
        "existing": false
    },
    {
        "symbol": "TUSK",
        "company": "Mammoth Energy Services, Inc.",
        "change_pct": -7.66,
        "premarket": 5.0,
        "volume": 1539,
        "category": "l",
        "source": "tv",
        "shortable": false,
        "exchange_name": "NASD",
        "market_cap": 258.3677,
        "existing": false
    },
    {
        "symbol": "BSAQ",
        "company": "Black Spade Acquisition Co",
        "change_pct": -23.41,
        "premarket": 11.35,
        "volume": 49126,
        "category": "l",
        "source": "tv",
        "shortable": false,
        "exchange_name": "AMEX",
        "market_cap": 218.2213,
        "existing": false
    },
    {
        "symbol": "BTAI",
        "company": "BioXcel Therapeutics, Inc.",
        "change_pct": -35.54,
        "premarket": 4.77,
        "volume": 522773,
        "category": "l",
        "source": "tv",
        "shortable": true,
        "exchange_name": "NASD",
        "market_cap": 215.7813,
        "existing": false
    }
]