{
    "OMEX": {
        "symbol": "OMEX",
        "company": "Odyssey Marine Exploration, Inc.",
        "change_pct": 72.51,
        "premarket": 1.47,
        "volume": 59,
        "category": "g"
    },
    "AGMH": {
        "symbol": "AGMH",
        "company": "AGM Group Holdings Inc.",
        "change_pct": 49.49,
        "premarket": 0.0583,
        "volume": 138,
        "category": "g"
    },
    "SES": {
        "symbol": "SES",
        "company": "SES AI Corporation",
        "change_pct": 32.35,
        "premarket": 1.15,
        "volume": 16,
        "category": "g"
    },
    "KITT": {
        "symbol": "KITT",
        "company": "Nauticus Robotics, Inc.",
        "change_pct": 26.8,
        "premarket": 1.42,
        "volume": 6,
        "category": "g"
    },
    "AZTR": {
        "symbol": "AZTR",
        "company": "Azitra Inc",
        "change_pct": 24.48,
        "premarket": 0.3809,
        "volume": 23,
        "category": "g"
    },
    "CEP": {
        "symbol": "CEP",
        "company": "Cantor Equity Partners, Inc.",
        "change_pct": 22.78,
        "premarket": 30.45,
        "volume": 1,
        "category": "g"
    },
    "OLB": {
        "symbol": "OLB",
        "company": "The OLB Group, Inc.",
        "change_pct": 18.02,
        "premarket": 1.67,
        "volume": 8,
        "category": "g"
    },
    "ZBAI": {
        "symbol": "ZBAI",
        "company": "ATIF Holdings Limited",
        "change_pct": 15.3,
        "premarket": 1.01,
        "volume": 600,
        "category": "g"
    },
    "LSF": {
        "symbol": "LSF",
        "company": "Laird Superfood, Inc.",
        "change_pct": 15.04,
        "premarket": 6.5,
        "volume": 702,
        "category": "g"
    },
    "OVID": {
        "symbol": "OVID",
        "company": "Ovid Therapeutics Inc.",
        "change_pct": 13.84,
        "premarket": 0.3834,
        "volume": 9,
        "category": "g"
    },
    "WAI": {
        "symbol": "WAI",
        "company": "Top KingWin Ltd",
        "change_pct": 13.81,
        "premarket": 0.1698,
        "volume": 101,
        "category": "g"
    },
    "ATXG": {
        "symbol": "ATXG",
        "company": "Addentax Group Corp.",
        "change_pct": 13.16,
        "premarket": 0.737,
        "volume": 210,
        "category": "g"
    },
    "SPHR": {
        "symbol": "SPHR",
        "company": "Sphere Entertainment Co.",
        "change_pct": 12.43,
        "premarket": 29.76,
        "volume": 79,
        "category": "g"
    },
    "QTTB": {
        "symbol": "QTTB",
        "company": "Q32 Bio Inc.",
        "change_pct": 11.89,
        "premarket": 2.07,
        "volume": 350,
        "category": "g"
    },
    "KAPA": {
        "symbol": "KAPA",
        "company": "Kairos Pharma, Ltd.",
        "change_pct": 11.37,
        "premarket": 0.95,
        "volume": 2,
        "category": "g"
    },
    "HONE": {
        "symbol": "HONE",
        "company": "HarborOne Bancorp, Inc.",
        "change_pct": 11.33,
        "premarket": 11.2,
        "volume": 1,
        "category": "g"
    },
    "IFBD": {
        "symbol": "IFBD",
        "company": "Infobird Co., Ltd",
        "change_pct": 10.88,
        "premarket": 1.12,
        "volume": 311,
        "category": "g"
    },
    "ALEC": {
        "symbol": "ALEC",
        "company": "Alector, Inc.",
        "change_pct": 10.13,
        "premarket": 1.3,
        "volume": 500,
        "category": "g"
    },
    "OPTT": {
        "symbol": "OPTT",
        "company": "Ocean Power Technologies, Inc.",
        "change_pct": 9.94,
        "premarket": 0.469,
        "volume": 1,
        "category": "g"
    },
    "GUTS": {
        "symbol": "GUTS",
        "company": "Fractyl Health, Inc.",
        "change_pct": 9.37,
        "premarket": 1.4,
        "volume": 200,
        "category": "g"
    },
    "COEP": {
        "symbol": "COEP",
        "company": "Coeptis Therapeutics Holdings, Inc.",
        "change_pct": 9.35,
        "premarket": 13.64,
        "volume": 91,
        "category": "g"
    },
    "FIX": {
        "symbol": "FIX",
        "company": "Comfort Systems USA, Inc.",
        "change_pct": 9.22,
        "premarket": 410.9,
        "volume": 135,
        "category": "g"
    },
    "AREB": {
        "symbol": "AREB",
        "company": "American Rebel Holdings, Inc.",
        "change_pct": 9.18,
        "premarket": 4.28,
        "volume": 3,
        "category": "g"
    },
    "MAZE": {
        "symbol": "MAZE",
        "company": "Maze Therapeutics, Inc.",
        "change_pct": 8.96,
        "premarket": 8.39,
        "volume": 100,
        "category": "g"
    },
    "BKYI": {
        "symbol": "BKYI",
        "company": "BIO-key International, Inc.",
        "change_pct": 8.88,
        "premarket": 0.8155,
        "volume": 605,
        "category": "g"
    },
    "BDMD": {
        "symbol": "BDMD",
        "company": "Baird Medical Investment Holdings Ltd",
        "change_pct": 8.77,
        "premarket": 6.7,
        "volume": 100,
        "category": "g"
    },
    "BIYA": {
        "symbol": "BIYA",
        "company": "Baiya International Group Inc.",
        "change_pct": 8.74,
        "premarket": 4.73,
        "volume": 6,
        "category": "g"
    },
    "TARA": {
        "symbol": "TARA",
        "company": "Protara Therapeutics, Inc.",
        "change_pct": 8.52,
        "premarket": 4.46,
        "volume": 100,
        "category": "g"
    },
    "TMDE": {
        "symbol": "TMDE",
        "company": "TMD Energy Limited",
        "change_pct": 8.46,
        "premarket": 1.41,
        "volume": 385,
        "category": "g"
    },
    "DYN": {
        "symbol": "DYN",
        "company": "Dyne Therapeutics, Inc.",
        "change_pct": 8.37,
        "premarket": 12.04,
        "volume": 100,
        "category": "g"
    },
    "BW": {
        "symbol": "BW",
        "company": "Babcock & Wilcox Enterprises, Inc.",
        "change_pct": 8.36,
        "premarket": 0.4536,
        "volume": 48,
        "category": "g"
    },
    "XTNT": {
        "symbol": "XTNT",
        "company": "Xtant Medical Holdings, Inc.",
        "change_pct": 8.31,
        "premarket": 0.5199,
        "volume": 120,
        "category": "g"
    },
    "JNVR": {
        "symbol": "JNVR",
        "company": "Janover Inc.",
        "change_pct": 8.19,
        "premarket": 53.7,
        "volume": 627,
        "category": "g"
    },
    "HSDT": {
        "symbol": "HSDT",
        "company": "Helius Medical Technologies, Inc.",
        "change_pct": 8.11,
        "premarket": 0.32,
        "volume": 1,
        "category": "g"
    },
    "JYD": {
        "symbol": "JYD",
        "company": "Jayud Global Logistics Limited",
        "change_pct": 8.04,
        "premarket": 0.2431,
        "volume": 9,
        "category": "g"
    },
    "ANRO": {
        "symbol": "ANRO",
        "company": "Alto Neuroscience, Inc.",
        "change_pct": 7.89,
        "premarket": 2.46,
        "volume": 275,
        "category": "g"
    },
    "AMIX": {
        "symbol": "AMIX",
        "company": "Autonomix Medical, Inc.",
        "change_pct": 7.83,
        "premarket": 2.12,
        "volume": 480,
        "category": "g"
    },
    "EFSI": {
        "symbol": "EFSI",
        "company": "Eagle Financial Services Inc",
        "change_pct": 7.83,
        "premarket": 35.0,
        "volume": 100,
        "category": "g"
    },
    "CDXS": {
        "symbol": "CDXS",
        "company": "Codexis, Inc.",
        "change_pct": 7.82,
        "premarket": 2.48,
        "volume": 100,
        "category": "g"
    },
    "UBX": {
        "symbol": "UBX",
        "company": "Unity Biotechnology, Inc.",
        "change_pct": 7.76,
        "premarket": 1.06,
        "volume": 3,
        "category": "g"
    },
    "LNKS": {
        "symbol": "LNKS",
        "company": "Linkers Industries Limited",
        "change_pct": 7.72,
        "premarket": 0.6797,
        "volume": 3,
        "category": "g"
    },
    "FNGR": {
        "symbol": "FNGR",
        "company": "FingerMotion, Inc.",
        "change_pct": 7.4,
        "premarket": 1.96,
        "volume": 61,
        "category": "g"
    },
    "OCX": {
        "symbol": "OCX",
        "company": "Oncocyte Corporation",
        "change_pct": 7.37,
        "premarket": 3.64,
        "volume": 130,
        "category": "g"
    },
    "PBM": {
        "symbol": "PBM",
        "company": "Psyence Biomedical Ltd.",
        "change_pct": 7.12,
        "premarket": 0.4949,
        "volume": 1,
        "category": "g"
    },
    "PTIX": {
        "symbol": "PTIX",
        "company": "Protagenic Therapeutics, Inc.",
        "change_pct": 7.08,
        "premarket": 0.23,
        "volume": 8,
        "category": "g"
    },
    "IRWD": {
        "symbol": "IRWD",
        "company": "Ironwood Pharmaceuticals, Inc.",
        "change_pct": 6.96,
        "premarket": 0.9399,
        "volume": 192,
        "category": "g"
    },
    "CRDF": {
        "symbol": "CRDF",
        "company": "Cardiff Oncology, Inc.",
        "change_pct": 6.74,
        "premarket": 3.1,
        "volume": 4,
        "category": "g"
    },
    "INBK": {
        "symbol": "INBK",
        "company": "First Internet Bancorp",
        "change_pct": 6.53,
        "premarket": 21.69,
        "volume": 300,
        "category": "g"
    },
    "MODV": {
        "symbol": "MODV",
        "company": "ModivCare Inc.",
        "change_pct": 6.46,
        "premarket": 1.64,
        "volume": 6,
        "category": "g"
    },
    "OPRX": {
        "symbol": "OPRX",
        "company": "OptimizeRx Corporation",
        "change_pct": 6.44,
        "premarket": 8.92,
        "volume": 1,
        "category": "g"
    },
    "VFF": {
        "symbol": "VFF",
        "company": "Village Farms International, Inc.",
        "change_pct": 6.35,
        "premarket": 0.71,
        "volume": 65,
        "category": "g"
    },
    "CRIS": {
        "symbol": "CRIS",
        "company": "Curis, Inc.",
        "change_pct": 6.33,
        "premarket": 1.68,
        "volume": 500,
        "category": "g"
    },
    "HCTI": {
        "symbol": "HCTI",
        "company": "Healthcare Triangle, Inc.",
        "change_pct": 6.22,
        "premarket": 0.1913,
        "volume": 7,
        "category": "g"
    },
    "JUNS": {
        "symbol": "JUNS",
        "company": "Jupiter Neurosciences, Inc.",
        "change_pct": 6.15,
        "premarket": 0.6972,
        "volume": 18,
        "category": "g"
    },
    "FFAI": {
        "symbol": "FFAI",
        "company": "Faraday Future Intelligent Electric Inc.",
        "change_pct": 6.14,
        "premarket": 1.21,
        "volume": 1,
        "category": "g"
    },
    "NMTC": {
        "symbol": "NMTC",
        "company": "NeuroOne Medical Technologies Corporation",
        "change_pct": 6.13,
        "premarket": 0.6405,
        "volume": 160,
        "category": "g"
    },
    "ELPW": {
        "symbol": "ELPW",
        "company": "Elong Power Holding Limited",
        "change_pct": 6.08,
        "premarket": 3.14,
        "volume": 100,
        "category": "g"
    },
    "TRUG": {
        "symbol": "TRUG",
        "company": "TruGolf Holdings, Inc.",
        "change_pct": 6.07,
        "premarket": 0.2997,
        "volume": 24,
        "category": "g"
    },
    "FLGC": {
        "symbol": "FLGC",
        "company": "Flora Growth Corp.",
        "change_pct": 6.05,
        "premarket": 0.6151,
        "volume": 225,
        "category": "g"
    },
    "NNVC": {
        "symbol": "NNVC",
        "company": "NanoViricides, Inc.",
        "change_pct": 5.93,
        "premarket": 1.43,
        "volume": 10,
        "category": "g"
    },
    "GPRO": {
        "symbol": "GPRO",
        "company": "GoPro, Inc.",
        "change_pct": 5.82,
        "premarket": 0.68,
        "volume": 69,
        "category": "g"
    },
    "PRZO": {
        "symbol": "PRZO",
        "company": "ParaZero Technologies Ltd.",
        "change_pct": 5.81,
        "premarket": 0.65,
        "volume": 13,
        "category": "g"
    },
    "VCIG": {
        "symbol": "VCIG",
        "company": "VCI Global Limited",
        "change_pct": 5.71,
        "premarket": 5.0,
        "volume": 1,
        "category": "g"
    },
    "ASNS": {
        "symbol": "ASNS",
        "company": "Actelis Networks, Inc.",
        "change_pct": 5.62,
        "premarket": 0.7499,
        "volume": 1,
        "category": "g"
    },
    "GELS": {
        "symbol": "GELS",
        "company": "Gelteq Limited",
        "change_pct": 5.6,
        "premarket": 2.45,
        "volume": 15,
        "category": "g"
    },
    "HMST": {
        "symbol": "HMST",
        "company": "HomeStreet, Inc.",
        "change_pct": 5.59,
        "premarket": 11.9,
        "volume": 500,
        "category": "g"
    },
    "RAIL": {
        "symbol": "RAIL",
        "company": "Freightcar America, Inc.",
        "change_pct": 5.58,
        "premarket": 6.81,
        "volume": 2,
        "category": "g"
    },
    "UCTT": {
        "symbol": "UCTT",
        "company": "Ultra Clean Holdings, Inc.",
        "change_pct": 5.55,
        "premarket": 23.4,
        "volume": 300,
        "category": "g"
    },
    "TCX": {
        "symbol": "TCX",
        "company": "Tucows Inc.",
        "change_pct": 5.54,
        "premarket": 17.9,
        "volume": 200,
        "category": "g"
    },
    "GRYP": {
        "symbol": "GRYP",
        "company": "Gryphon Digital Mining, Inc",
        "change_pct": 5.49,
        "premarket": 0.2499,
        "volume": 33,
        "category": "g"
    },
    "AMRX": {
        "symbol": "AMRX",
        "company": "Amneal Pharmaceuticals, Inc.",
        "change_pct": 5.39,
        "premarket": 7.82,
        "volume": 500,
        "category": "g"
    },
    "SERA": {
        "symbol": "SERA",
        "company": "Sera Prognostics, Inc.",
        "change_pct": 5.37,
        "premarket": 3.53,
        "volume": 200,
        "category": "g"
    },
    "PROP": {
        "symbol": "PROP",
        "company": "Prairie Operating Co.",
        "change_pct": 5.26,
        "premarket": 3.8,
        "volume": 250,
        "category": "g"
    },
    "SGLY": {
        "symbol": "SGLY",
        "company": "Singularity Future Technology Ltd.",
        "change_pct": 5.26,
        "premarket": 0.73,
        "volume": 1,
        "category": "g"
    },
    "SPCB": {
        "symbol": "SPCB",
        "company": "SuperCom, Ltd.",
        "change_pct": 5.25,
        "premarket": 8.12,
        "volume": 14,
        "category": "g"
    },
    "JAGX": {
        "symbol": "JAGX",
        "company": "Jaguar Health, Inc.",
        "change_pct": 5.19,
        "premarket": 8.48,
        "volume": 1,
        "category": "g"
    },
    "SCNX": {
        "symbol": "SCNX",
        "company": "Scienture Holdings, Inc.",
        "change_pct": 5.19,
        "premarket": 0.9992,
        "volume": 3,
        "category": "g"
    },
    "EPSM": {
        "symbol": "EPSM",
        "company": "Epsium Enterprise Limited",
        "change_pct": 5.19,
        "premarket": 7.3,
        "volume": 10,
        "category": "g"
    },
    "BLZE": {
        "symbol": "BLZE",
        "company": "Backblaze, Inc.",
        "change_pct": 5.15,
        "premarket": 4.7,
        "volume": 200,
        "category": "g"
    },
    "LIDR": {
        "symbol": "LIDR",
        "company": "AEye, Inc.",
        "change_pct": 5.13,
        "premarket": 0.7374,
        "volume": 301,
        "category": "g"
    },
    "EPSN": {
        "symbol": "EPSN",
        "company": "Epsilon Energy Ltd.",
        "change_pct": 5.08,
        "premarket": 7.45,
        "volume": 200,
        "category": "g"
    },
    "MAGN": {
        "symbol": "MAGN",
        "company": "Magnera Corporation",
        "change_pct": 5.04,
        "premarket": 15.2,
        "volume": 100,
        "category": "g"
    },
    "HCWC": {
        "symbol": "HCWC",
        "company": "Healthy Choice Wellness Corp.",
        "change_pct": 5.03,
        "premarket": 0.4466,
        "volume": 500,
        "category": "g"
    },
    "UGRO": {
        "symbol": "UGRO",
        "company": "urban-gro, Inc.",
        "change_pct": 5.01,
        "premarket": 0.5198,
        "volume": 4,
        "category": "g"
    },
    "ZJYL": {
        "symbol": "ZJYL",
        "company": "JIN MEDICAL INTERNATIONAL LTD.",
        "change_pct": 5.0,
        "premarket": 0.903,
        "volume": 27,
        "category": "g"
    },
    "GOVX": {
        "symbol": "GOVX",
        "company": "GeoVax Labs, Inc.",
        "change_pct": 5.0,
        "premarket": 1.05,
        "volume": 9,
        "category": "g"
    },
    "GGR": {
        "symbol": "GGR",
        "company": "Gogoro Inc.",
        "change_pct": 5.0,
        "premarket": 0.273,
        "volume": 965,
        "category": "g"
    },
    "CNVS": {
        "symbol": "CNVS",
        "company": "Cineverse Corp.",
        "change_pct": 5.0,
        "premarket": 3.15,
        "volume": 200,
        "category": "g"
    },
    "NINE": {
        "symbol": "NINE",
        "company": "Nine Energy Service, Inc.",
        "change_pct": 5.0,
        "premarket": 0.84,
        "volume": 6,
        "category": "g"
    },
    "NRIM": {
        "symbol": "NRIM",
        "company": "Northrim BanCorp Inc",
        "change_pct": 5.0,
        "premarket": 79.83,
        "volume": 131,
        "category": "g"
    },
    "CLSD": {
        "symbol": "CLSD",
        "company": "Clearside Biomedical, Inc.",
        "change_pct": 5.0,
        "premarket": 0.8909,
        "volume": 1,
        "category": "g"
    },
    "ILAG": {
        "symbol": "ILAG",
        "company": "Intelligent Living Application Group Inc.",
        "change_pct": 4.99,
        "premarket": 0.4184,
        "volume": 3,
        "category": "g"
    },
    "GREE": {
        "symbol": "GREE",
        "company": "Greenidge Generation Holdings Inc.",
        "change_pct": 4.97,
        "premarket": 0.9,
        "volume": 43,
        "category": "g"
    },
    "TELA": {
        "symbol": "TELA",
        "company": "TELA Bio, Inc.",
        "change_pct": 4.94,
        "premarket": 1.02,
        "volume": 100,
        "category": "g"
    },
    "CVRX": {
        "symbol": "CVRX",
        "company": "CVRx, Inc.",
        "change_pct": 4.94,
        "premarket": 6.8,
        "volume": 500,
        "category": "g"
    },
    "MBOT": {
        "symbol": "MBOT",
        "company": "Microbot Medical Inc.",
        "change_pct": 4.94,
        "premarket": 2.55,
        "volume": 442,
        "category": "g"
    },
    "COUR": {
        "symbol": "COUR",
        "company": "Coursera, Inc.",
        "change_pct": 4.94,
        "premarket": 8.08,
        "volume": 150,
        "category": "g"
    },
    "CYRX": {
        "symbol": "CYRX",
        "company": "CryoPort, Inc.",
        "change_pct": 4.92,
        "premarket": 6.18,
        "volume": 100,
        "category": "g"
    },
    "CVAC": {
        "symbol": "CVAC",
        "company": "CureVac N.V.",
        "change_pct": 4.92,
        "premarket": 3.42,
        "volume": 4,
        "category": "g"
    },
    "VYX": {
        "symbol": "VYX",
        "company": "NCR Voyix Corporation",
        "change_pct": 4.91,
        "premarket": 8.97,
        "volume": 500,
        "category": "g"
    },
    "INTS": {
        "symbol": "INTS",
        "company": "Intensity Therapeutics, Inc.",
        "change_pct": -34.06,
        "premarket": 0.5935,
        "volume": 427,
        "category": "l"
    },
    "EGAN": {
        "symbol": "EGAN",
        "company": "eGain Corporation",
        "change_pct": -28.57,
        "premarket": 3.5,
        "volume": 100,
        "category": "l"
    },
    "SAIA": {
        "symbol": "SAIA",
        "company": "Saia, Inc.",
        "change_pct": -22.79,
        "premarket": 273.5,
        "volume": 32,
        "category": "l"
    },
    "TVRD": {
        "symbol": "TVRD",
        "company": "Tvardi Therapeutics, Inc.",
        "change_pct": -21.35,
        "premarket": 14.0,
        "volume": 100,
        "category": "l"
    },
    "FTHM": {
        "symbol": "FTHM",
        "company": "Fathom Holdings Inc.",
        "change_pct": -21.27,
        "premarket": 0.6646,
        "volume": 200,
        "category": "l"
    },
    "VYNE": {
        "symbol": "VYNE",
        "company": "VYNE Therapeutics Inc.",
        "change_pct": -20.21,
        "premarket": 1.5,
        "volume": 360,
        "category": "l"
    },
    "ALXO": {
        "symbol": "ALXO",
        "company": "ALX Oncology Holdings Inc.",
        "change_pct": -19.63,
        "premarket": 0.483,
        "volume": 68,
        "category": "l"
    },
    "LEXX": {
        "symbol": "LEXX",
        "company": "Lexaria Bioscience Corp.",
        "change_pct": -18.93,
        "premarket": 1.37,
        "volume": 75,
        "category": "l"
    },
    "SLE": {
        "symbol": "SLE",
        "company": "Super League Enterprise, Inc.",
        "change_pct": -18.35,
        "premarket": 0.2825,
        "volume": 3,
        "category": "l"
    },
    "PODC": {
        "symbol": "PODC",
        "company": "PodcastOne, Inc.",
        "change_pct": -17.13,
        "premarket": 1.5,
        "volume": 100,
        "category": "l"
    },
    "SMHI": {
        "symbol": "SMHI",
        "company": "SEACOR Marine Holdings Inc.",
        "change_pct": -16.33,
        "premarket": 4.2,
        "volume": 100,
        "category": "l"
    },
    "ATLN": {
        "symbol": "ATLN",
        "company": "Atlantic International Corp.",
        "change_pct": -16.11,
        "premarket": 3.8,
        "volume": 100,
        "category": "l"
    },
    "ACOG": {
        "symbol": "ACOG",
        "company": "Alpha Cognition Inc.",
        "change_pct": -16.01,
        "premarket": 4.25,
        "volume": 100,
        "category": "l"
    },
    "PET": {
        "symbol": "PET",
        "company": "Wag! Group Co.",
        "change_pct": -15.08,
        "premarket": 0.1295,
        "volume": 1,
        "category": "l"
    },
    "WYY": {
        "symbol": "WYY",
        "company": "WidePoint Corporation",
        "change_pct": -13.85,
        "premarket": 2.8,
        "volume": 100,
        "category": "l"
    },
    "TBI": {
        "symbol": "TBI",
        "company": "TrueBlue, Inc.",
        "change_pct": -12.75,
        "premarket": 3.9,
        "volume": 100,
        "category": "l"
    },
    "XELB": {
        "symbol": "XELB",
        "company": "Xcel Brands, Inc",
        "change_pct": -12.6,
        "premarket": 2.62,
        "volume": 10,
        "category": "l"
    },
    "STSS": {
        "symbol": "STSS",
        "company": "Sharps Technology Inc.",
        "change_pct": -11.92,
        "premarket": 0.0189,
        "volume": 14,
        "category": "l"
    },
    "JZXN": {
        "symbol": "JZXN",
        "company": "Jiuzi Holdings, Inc.",
        "change_pct": -11.86,
        "premarket": 2.08,
        "volume": 119,
        "category": "l"
    },
    "SCYX": {
        "symbol": "SCYX",
        "company": "SCYNEXIS, Inc.",
        "change_pct": -11.69,
        "premarket": 0.94,
        "volume": 1,
        "category": "l"
    },
    "GNLN": {
        "symbol": "GNLN",
        "company": "Greenlane Holdings, Inc.",
        "change_pct": -11.33,
        "premarket": 0.0133,
        "volume": 129,
        "category": "l"
    },
    "AVTR": {
        "symbol": "AVTR",
        "company": "Avantor, Inc.",
        "change_pct": -11.29,
        "premarket": 13.75,
        "volume": 228,
        "category": "l"
    },
    "KNSL": {
        "symbol": "KNSL",
        "company": "Kinsale Capital Group, Inc.",
        "change_pct": -11.15,
        "premarket": 446.0,
        "volume": 858,
        "category": "l"
    },
    "CPOP": {
        "symbol": "CPOP",
        "company": "Pop Culture Group Co., Ltd",
        "change_pct": -11.12,
        "premarket": 0.59,
        "volume": 54,
        "category": "l"
    },
    "PLRZ": {
        "symbol": "PLRZ",
        "company": "Polyrizon Ltd.",
        "change_pct": -10.89,
        "premarket": 0.311,
        "volume": 2,
        "category": "l"
    },
    "PRPO": {
        "symbol": "PRPO",
        "company": "Precipio, Inc.",
        "change_pct": -10.85,
        "premarket": 6.0,
        "volume": 100,
        "category": "l"
    },
    "RVSN": {
        "symbol": "RVSN",
        "company": "Rail Vision Ltd.",
        "change_pct": -10.72,
        "premarket": 0.3892,
        "volume": 368,
        "category": "l"
    },
    "GORV": {
        "symbol": "GORV",
        "company": "Lazydays Holdings, Inc.",
        "change_pct": -10.31,
        "premarket": 0.2202,
        "volume": 3,
        "category": "l"
    },
    "CERO": {
        "symbol": "CERO",
        "company": "CERo Therapeutics Holdings, Inc.",
        "change_pct": -9.91,
        "premarket": 1.0,
        "volume": 202,
        "category": "l"
    },
    "ZEO": {
        "symbol": "ZEO",
        "company": "Zeo Energy Corporation",
        "change_pct": -9.55,
        "premarket": 1.61,
        "volume": 407,
        "category": "l"
    },
    "SAGT": {
        "symbol": "SAGT",
        "company": "SAGTEC GLOBAL LIMITED",
        "change_pct": -9.06,
        "premarket": 3.11,
        "volume": 100,
        "category": "l"
    },
    "RVYL": {
        "symbol": "RVYL",
        "company": "Ryvyl Inc.",
        "change_pct": -8.67,
        "premarket": 0.895,
        "volume": 200,
        "category": "l"
    },
    "XPO": {
        "symbol": "XPO",
        "company": "XPO, Inc.",
        "change_pct": -8.41,
        "premarket": 95.0,
        "volume": 17,
        "category": "l"
    },
    "STGW": {
        "symbol": "STGW",
        "company": "Stagwell Inc.",
        "change_pct": -8.23,
        "premarket": 5.13,
        "volume": 200,
        "category": "l"
    },
    "AARD": {
        "symbol": "AARD",
        "company": "Aardvark Therapeutics, Inc.",
        "change_pct": -8.15,
        "premarket": 7.55,
        "volume": 200,
        "category": "l"
    },
    "EAF": {
        "symbol": "EAF",
        "company": "GrafTech International Ltd.",
        "change_pct": -8.14,
        "premarket": 0.6001,
        "volume": 77,
        "category": "l"
    },
    "CNEY": {
        "symbol": "CNEY",
        "company": "CN Energy Group Inc.",
        "change_pct": -7.62,
        "premarket": 0.1285,
        "volume": 1,
        "category": "l"
    },
    "SBCF": {
        "symbol": "SBCF",
        "company": "Seacoast Banking Corporation of Florida",
        "change_pct": -7.42,
        "premarket": 22.1,
        "volume": 100,
        "category": "l"
    },
    "REPL": {
        "symbol": "REPL",
        "company": "Replimune Group, Inc.",
        "change_pct": -7.28,
        "premarket": 8.4,
        "volume": 200,
        "category": "l"
    },
    "INTC": {
        "symbol": "INTC",
        "company": "Intel Corporation",
        "change_pct": -7.21,
        "premarket": 19.94,
        "volume": 6,
        "category": "l"
    },
    "XBP": {
        "symbol": "XBP",
        "company": "XBP Europe Holdings, Inc.",
        "change_pct": -7.14,
        "premarket": 1.17,
        "volume": 175,
        "category": "l"
    },
    "AIRJ": {
        "symbol": "AIRJ",
        "company": "AirJoule Technologies Corporation",
        "change_pct": -7.0,
        "premarket": 4.65,
        "volume": 593,
        "category": "l"
    },
    "WNEB": {
        "symbol": "WNEB",
        "company": "Western New England Bancorp, Inc.",
        "change_pct": -6.85,
        "premarket": 8.57,
        "volume": 200,
        "category": "l"
    },
    "SGMT": {
        "symbol": "SGMT",
        "company": "Sagimet Biosciences Inc. - Series A",
        "change_pct": -6.73,
        "premarket": 2.91,
        "volume": 4,
        "category": "l"
    },
    "CELC": {
        "symbol": "CELC",
        "company": "Celcuity Inc.",
        "change_pct": -6.7,
        "premarket": 10.3,
        "volume": 700,
        "category": "l"
    },
    "HOLO": {
        "symbol": "HOLO",
        "company": "MicroCloud Hologram Inc.",
        "change_pct": -6.69,
        "premarket": 13.67,
        "volume": 34,
        "category": "l"
    },
    "PAL": {
        "symbol": "PAL",
        "company": "Proficient Auto Logistics, Inc.",
        "change_pct": -6.69,
        "premarket": 8.51,
        "volume": 100,
        "category": "l"
    },
    "FULT": {
        "symbol": "FULT",
        "company": "Fulton Financial Corporation",
        "change_pct": -6.69,
        "premarket": 15.49,
        "volume": 199,
        "category": "l"
    },
    "PMTS": {
        "symbol": "PMTS",
        "company": "CPI Card Group Inc.",
        "change_pct": -6.65,
        "premarket": 24.3,
        "volume": 100,
        "category": "l"
    },
    "FAMI": {
        "symbol": "FAMI",
        "company": "Farmmi, Inc. Ordinary Shares",
        "change_pct": -6.36,
        "premarket": 1.62,
        "volume": 3,
        "category": "l"
    },
    "GTI": {
        "symbol": "GTI",
        "company": "Graphjet Technology",
        "change_pct": -6.33,
        "premarket": 0.1124,
        "volume": 33,
        "category": "l"
    },
    "SNSE": {
        "symbol": "SNSE",
        "company": "Sensei Biotherapeutics, Inc.",
        "change_pct": -6.31,
        "premarket": 0.3551,
        "volume": 580,
        "category": "l"
    },
    "TXMD": {
        "symbol": "TXMD",
        "company": "TherapeuticsMD, Inc.",
        "change_pct": -6.25,
        "premarket": 1.07,
        "volume": 213,
        "category": "l"
    },
    "TROO": {
        "symbol": "TROO",
        "company": "TROOPS, Inc.",
        "change_pct": -6.02,
        "premarket": 0.5122,
        "volume": 320,
        "category": "l"
    },
    "SMMT": {
        "symbol": "SMMT",
        "company": "Summit Therapeutics Inc.",
        "change_pct": -5.99,
        "premarket": 34.5,
        "volume": 135,
        "category": "l"
    },
    "MMSI": {
        "symbol": "MMSI",
        "company": "Merit Medical Systems, Inc.",
        "change_pct": -5.98,
        "premarket": 89.01,
        "volume": 200,
        "category": "l"
    },
    "BALY": {
        "symbol": "BALY",
        "company": "Bally's Corporation",
        "change_pct": -5.96,
        "premarket": 13.25,
        "volume": 100,
        "category": "l"
    },
    "GIFT": {
        "symbol": "GIFT",
        "company": "Giftify, Inc.",
        "change_pct": -5.95,
        "premarket": 1.74,
        "volume": 1,
        "category": "l"
    },
    "TMUS": {
        "symbol": "TMUS",
        "company": "T-Mobile US, Inc.",
        "change_pct": -5.9,
        "premarket": 246.71,
        "volume": 114,
        "category": "l"
    },
    "SKX": {
        "symbol": "SKX",
        "company": "Skechers U.S.A., Inc.",
        "change_pct": -5.88,
        "premarket": 47.52,
        "volume": 145,
        "category": "l"
    },
    "GLXG": {
        "symbol": "GLXG",
        "company": "Galaxy Payroll Group Limited",
        "change_pct": -5.74,
        "premarket": 0.575,
        "volume": 6,
        "category": "l"
    },
    "SSNC": {
        "symbol": "SSNC",
        "company": "SS&C Technologies Holdings, Inc.",
        "change_pct": -5.72,
        "premarket": 73.0,
        "volume": 12,
        "category": "l"
    },
    "LICN": {
        "symbol": "LICN",
        "company": "Lichen International Limited",
        "change_pct": -5.71,
        "premarket": 3.3,
        "volume": 100,
        "category": "l"
    },
    "MBIO": {
        "symbol": "MBIO",
        "company": "Mustang Bio, Inc.",
        "change_pct": -5.65,
        "premarket": 1.17,
        "volume": 139,
        "category": "l"
    },
    "LOBO": {
        "symbol": "LOBO",
        "company": "LOBO EV TECHNOLOGIES LTD.",
        "change_pct": -5.62,
        "premarket": 0.6644,
        "volume": 7,
        "category": "l"
    },
    "CETY": {
        "symbol": "CETY",
        "company": "Clean Energy Technologies, Inc.",
        "change_pct": -5.6,
        "premarket": 0.3879,
        "volume": 199,
        "category": "l"
    },
    "LGCB": {
        "symbol": "LGCB",
        "company": "Linkage Global Inc",
        "change_pct": -5.58,
        "premarket": 1.86,
        "volume": 49,
        "category": "l"
    },
    "ODFL": {
        "symbol": "ODFL",
        "company": "Old Dominion Freight Line, Inc.",
        "change_pct": -5.56,
        "premarket": 150.06,
        "volume": 4,
        "category": "l"
    },
    "REBN": {
        "symbol": "REBN",
        "company": "Reborn Coffee, Inc.",
        "change_pct": -5.54,
        "premarket": 2.56,
        "volume": 2,
        "category": "l"
    },
    "FLL": {
        "symbol": "FLL",
        "company": "Full House Resorts, Inc.",
        "change_pct": -5.52,
        "premarket": 2.91,
        "volume": 418,
        "category": "l"
    },
    "BLIV": {
        "symbol": "BLIV",
        "company": "BeLive Holdings",
        "change_pct": -5.47,
        "premarket": 4.32,
        "volume": 200,
        "category": "l"
    },
    "CETX": {
        "symbol": "CETX",
        "company": "Cemtrex Inc.",
        "change_pct": -5.4,
        "premarket": 1.27,
        "volume": 590,
        "category": "l"
    },
    "AMOD": {
        "symbol": "AMOD",
        "company": "Alpha Modus Holdings, Inc.",
        "change_pct": -5.38,
        "premarket": 1.23,
        "volume": 7,
        "category": "l"
    },
    "KIDS": {
        "symbol": "KIDS",
        "company": "OrthoPediatrics Corp.",
        "change_pct": -5.38,
        "premarket": 20.59,
        "volume": 600,
        "category": "l"
    },
    "WORX": {
        "symbol": "WORX",
        "company": "SCWorx Corp.",
        "change_pct": -5.31,
        "premarket": 0.6155,
        "volume": 3,
        "category": "l"
    },
    "EHLD": {
        "symbol": "EHLD",
        "company": "Euroholdings Ltd.",
        "change_pct": -5.22,
        "premarket": 4.54,
        "volume": 487,
        "category": "l"
    },
    "BOWN": {
        "symbol": "BOWN",
        "company": "Bowen Acquisition Corp",
        "change_pct": -5.16,
        "premarket": 10.29,
        "volume": 1,
        "category": "l"
    },
    "HURA": {
        "symbol": "HURA",
        "company": "TuHURA Biosciences, Inc.",
        "change_pct": -5.16,
        "premarket": 4.01,
        "volume": 510,
        "category": "l"
    },
    "FBGL": {
        "symbol": "FBGL",
        "company": "FBS Global Limited",
        "change_pct": -5.15,
        "premarket": 0.661,
        "volume": 9,
        "category": "l"
    },
    "TMC": {
        "symbol": "TMC",
        "company": "TMC the metals company Inc.",
        "change_pct": -5.15,
        "premarket": 3.5,
        "volume": 937,
        "category": "l"
    },
    "WW": {
        "symbol": "WW",
        "company": "WW International, Inc.",
        "change_pct": -5.15,
        "premarket": 0.14,
        "volume": 46,
        "category": "l"
    },
    "EPWK": {
        "symbol": "EPWK",
        "company": "EPWK Holdings Ltd.",
        "change_pct": -5.14,
        "premarket": 10.34,
        "volume": 6,
        "category": "l"
    },
    "SXTC": {
        "symbol": "SXTC",
        "company": "China SXT Pharmaceuticals, Inc.",
        "change_pct": -5.06,
        "premarket": 1.5,
        "volume": 22,
        "category": "l"
    },
    "RLMD": {
        "symbol": "RLMD",
        "company": "Relmada Therapeutics, Inc.",
        "change_pct": -5.03,
        "premarket": 0.7002,
        "volume": 86,
        "category": "l"
    },
    "ESTA": {
        "symbol": "ESTA",
        "company": "Establishment Labs Holdings Inc.",
        "change_pct": -5.0,
        "premarket": 28.3,
        "volume": 600,
        "category": "l"
    },
    "CLIR": {
        "symbol": "CLIR",
        "company": "ClearSign Technologies Corporation",
        "change_pct": -4.99,
        "premarket": 0.5578,
        "volume": 271,
        "category": "l"
    },
    "PSFE": {
        "symbol": "PSFE",
        "company": "Paysafe Limited",
        "change_pct": -4.99,
        "premarket": 14.48,
        "volume": 100,
        "category": "l"
    },
    "GLAD": {
        "symbol": "GLAD",
        "company": "Gladstone Capital Corporation",
        "change_pct": -4.98,
        "premarket": 24.02,
        "volume": 200,
        "category": "l"
    },
    "GURE": {
        "symbol": "GURE",
        "company": "Gulf Resources, Inc.",
        "change_pct": -4.98,
        "premarket": 0.685,
        "volume": 1,
        "category": "l"
    },
    "CSIQ": {
        "symbol": "CSIQ",
        "company": "Canadian Solar Inc.",
        "change_pct": -4.96,
        "premarket": 8.82,
        "volume": 62,
        "category": "l"
    },
    "RNA": {
        "symbol": "RNA",
        "company": "Avidity Biosciences, Inc.",
        "change_pct": -4.95,
        "premarket": 29.4,
        "volume": 600,
        "category": "l"
    },
    "IBTA": {
        "symbol": "IBTA",
        "company": "Ibotta, Inc.",
        "change_pct": -4.93,
        "premarket": 46.08,
        "volume": 300,
        "category": "l"
    },
    "DOMO": {
        "symbol": "DOMO",
        "company": "Domo, Inc.",
        "change_pct": -4.92,
        "premarket": 6.96,
        "volume": 100,
        "category": "l"
    },
    "MB": {
        "symbol": "MB",
        "company": "MasterBeef Group",
        "change_pct": -4.92,
        "premarket": 2.9,
        "volume": 100,
        "category": "l"
    },
    "PCB": {
        "symbol": "PCB",
        "company": "PCB Bancorp",
        "change_pct": -4.91,
        "premarket": 18.03,
        "volume": 100,
        "category": "l"
    },
    "ARCB": {
        "symbol": "ARCB",
        "company": "ArcBest Corporation",
        "change_pct": -4.9,
        "premarket": 61.5,
        "volume": 1,
        "category": "l"
    },
    "SNYR": {
        "symbol": "SNYR",
        "company": "Synergy CHC Corp.",
        "change_pct": -4.86,
        "premarket": 1.76,
        "volume": 4,
        "category": "l"
    },
    "ENSC": {
        "symbol": "ENSC",
        "company": "Ensysce Biosciences, Inc.",
        "change_pct": -4.83,
        "premarket": 3.15,
        "volume": 22,
        "category": "l"
    },
    "TLSA": {
        "symbol": "TLSA",
        "company": "Tiziana Life Sciences Ltd",
        "change_pct": -4.83,
        "premarket": 1.37,
        "volume": 3,
        "category": "l"
    },
    "NRXP": {
        "symbol": "NRXP",
        "company": "NRX Pharmaceuticals, Inc.",
        "change_pct": -4.83,
        "premarket": 1.97,
        "volume": 100,
        "category": "l"
    }
}