[
    {
        "symbol": "WLGS",
        "company": "Wang & Lee Group, Inc.",
        "change_pct": 73.48,
        "premarket": 2.29,
        "volume": 4249099,
        "category": "g",
        "source": "tv",
        "shortable": false,
        "exchange_name": "NASD",
        "market_cap": 19.8,
        "existing": false
    },
    {
        "symbol": "ICU",
        "company": "SeaStar Medical Holding Corporation",
        "change_pct": 53.41,
        "premarket": 0.9051,
        "volume": 8276100,
        "category": "g",
        "source": "tv",
        "shortable": false,
        "exchange_name": "NASD",
        "market_cap": 7.84494,
        "existing": false
    },
    {
        "symbol": "CWD",
        "company": "CaliberCos Inc.",
        "change_pct": 38.33,
        "premarket": 8.3,
        "volume": 735823,
        "category": "g",
        "source": "tv",
        "shortable": false,
        "exchange_name": "NASD",
        "market_cap": 168.1998,
        "existing": false
    },
    {
        "symbol": "ENVB",
        "company": "Enveric Biosciences, Inc.",
        "change_pct": 36.84,
        "premarket": 2.08,
        "volume": 2036100,
        "category": "g",
        "source": "tv",
        "shortable": true,
        "exchange_name": "NASD",
        "market_cap": 3.15897,
        "existing": false
    },
    {
        "symbol": "ALIM",
        "company": "Alimera Sciences, Inc.",
        "change_pct": 34.95,
        "premarket": 2.78,
        "volume": 4762099,
        "category": "g",
        "source": "tv",
        "shortable": true,
        "exchange_name": "NASD",
        "market_cap": 15.22668,
        "existing": false
    },
    {
        "symbol": "MOBQ",
        "company": "Mobiquity Technologies, Inc.",
        "change_pct": 30.33,
        "premarket": 0.1928,
        "volume": 3700100,
        "category": "g",
        "source": "tv",
        "shortable": false,
        "exchange_name": "NASD",
        "market_cap": 2.52259,
        "existing": false
    },
    {
        "symbol": "SCPL",
        "company": "SciPlay Corporation",
        "change_pct": 26.93,
        "premarket": 19.75,
        "volume": 113196,
        "category": "g",
        "source": "tv",
        "shortable": true,
        "exchange_name": "NASD",
        "market_cap": 1941.725,
        "existing": false
    },
    {
        "symbol": "IFBD",
        "company": "Infobird Co., Ltd",
        "change_pct": 26.45,
        "premarket": 1.53,
        "volume": 2472100,
        "category": "g",
        "source": "tv",
        "shortable": true,
        "exchange_name": "NASD",
        "market_cap": 5.55131,
        "existing": false
    },
    {
        "symbol": "ELTK",
        "company": "Eltek Ltd.",
        "change_pct": 23.8,
        "premarket": 4.89,
        "volume": 93931,
        "category": "g",
        "source": "tv",
        "shortable": true,
        "exchange_name": "NASD",
        "market_cap": 23.10623,
        "existing": false
    },
    {
        "symbol": "FRGT",
        "company": "Freight Technologies, Inc.",
        "change_pct": 23.08,
        "premarket": 1.6,
        "volume": 337300,
        "category": "g",
        "source": "tv",
        "shortable": true,
        "exchange_name": "NASD",
        "market_cap": 4.2528,
        "existing": false
    },
    {
        "symbol": "SFR",
        "company": "Appreciate Holdings, Inc.",
        "change_pct": 19.6,
        "premarket": 0.299,
        "volume": 14108,
        "category": "g",
        "source": "tv",
        "shortable": false,
        "exchange_name": "NASD",
        "market_cap": 13.91153,
        "existing": false
    },
    {
        "symbol": "HILS",
        "company": "Hillstream BioPharma, Inc.",
        "change_pct": 17.82,
        "premarket": 0.4879,
        "volume": 2613100,
        "category": "g",
        "source": "tv",
        "shortable": false,
        "exchange_name": "NASD",
        "market_cap": 6.96274,
        "existing": false
    },
    {
        "symbol": "PRFX",
        "company": "PainReform Ltd.",
        "change_pct": 16.97,
        "premarket": 0.7252,
        "volume": 51940,
        "category": "g",
        "source": "tv",
        "shortable": false,
        "exchange_name": "NASD",
        "market_cap": 6.6471,
        "existing": false
    },
    {
        "symbol": "ARMP",
        "company": "Armata Pharmaceuticals, Inc.",
        "change_pct": 16.8,
        "premarket": 1.46,
        "volume": 655,
        "category": "g",
        "source": "tv",
        "shortable": true,
        "exchange_name": "AMEX",
        "market_cap": 92.26996,
        "existing": false
    },
    {
        "symbol": "MBOT",
        "company": "Microbot Medical Inc.",
        "change_pct": 15.13,
        "premarket": 1.37,
        "volume": 107,
        "category": "g",
        "source": "tv",
        "shortable": true,
        "exchange_name": "NASD",
        "market_cap": 9.67545,
        "existing": false
    },
    {
        "symbol": "CGTX",
        "company": "Cognition Therapeutics, Inc.",
        "change_pct": 13.79,
        "premarket": 1.98,
        "volume": 35128,
        "category": "g",
        "source": "tv",
        "shortable": false,
        "exchange_name": "NASD",
        "market_cap": 50.94237,
        "existing": false
    },
    {
        "symbol": "CREC",
        "company": "Crescera Capital Acquisition Corp",
        "change_pct": 13.78,
        "premarket": 11.97,
        "volume": 23899,
        "category": "g",
        "source": "tv",
        "shortable": false,
        "exchange_name": "NASD",
        "market_cap": 282.2867,
        "existing": false
    },
    {
        "symbol": "SQZ",
        "company": "SQZ Biotechnologies Company",
        "change_pct": 12.81,
        "premarket": 0.6719,
        "volume": 1067,
        "category": "g",
        "source": "tv",
        "shortable": true,
        "exchange_name": "NYSE",
        "market_cap": 17.56491,
        "existing": false
    },
    {
        "symbol": "DLO",
        "company": "DLocal Limited",
        "change_pct": 12.5,
        "premarket": 15.75,
        "volume": 22245,
        "category": "g",
        "source": "tv",
        "shortable": true,
        "exchange_name": "NASD",
        "market_cap": 4113.146,
        "existing": false
    },
    {
        "symbol": "BBWI",
        "company": "Bath & Body Works, Inc.",
        "change_pct": 12.46,
        "premarket": 38.26,
        "volume": 194183,
        "category": "g",
        "source": "tv",
        "shortable": true,
        "exchange_name": "NYSE",
        "market_cap": 7788.899,
        "existing": false
    },
    {
        "symbol": "SABS",
        "company": "SAB Biotherapeutics, Inc.",
        "change_pct": 12.29,
        "premarket": 0.9555,
        "volume": 2820,
        "category": "g",
        "source": "tv",
        "shortable": false,
        "exchange_name": "NASD",
        "market_cap": 42.88346,
        "existing": false
    },
    {
        "symbol": "LICN",
        "company": "Lichen China Limited",
        "change_pct": 11.65,
        "premarket": 2.69,
        "volume": 1200,
        "category": "g",
        "source": "tv",
        "shortable": true,
        "exchange_name": "NASD",
        "market_cap": 63.865,
        "existing": false
    },
    {
        "symbol": "TTWO",
        "company": "Take-Two Interactive Software, Inc.",
        "change_pct": 11.27,
        "premarket": 139.11,
        "volume": 205338,
        "category": "g",
        "source": "tv",
        "shortable": true,
        "exchange_name": "NASD",
        "market_cap": 21087.69,
        "existing": false
    },
    {
        "symbol": "SISI",
        "company": "Shineco, Inc.",
        "change_pct": 11.26,
        "premarket": 0.5899,
        "volume": 100,
        "category": "g",
        "source": "tv",
        "shortable": false,
        "exchange_name": "NASD",
        "market_cap": 11.18109,
        "existing": false
    },
    {
        "symbol": "CLRO",
        "company": "ClearOne, Inc.",
        "change_pct": 11.21,
        "premarket": 2.48,
        "volume": 182250,
        "category": "g",
        "source": "tv",
        "shortable": false,
        "exchange_name": "NASD",
        "market_cap": 53.42136,
        "existing": false
    },
    {
        "symbol": "DMS",
        "company": "Digital Media Solutions, Inc.",
        "change_pct": 11.07,
        "premarket": 0.4998,
        "volume": 311,
        "category": "g",
        "source": "tv",
        "shortable": true,
        "exchange_name": "NYSE",
        "market_cap": 29.58322,
        "existing": false
    },
    {
        "symbol": "AVRO",
        "company": "AVROBIO, Inc.",
        "change_pct": 11.06,
        "premarket": 0.6419,
        "volume": 543836,
        "category": "g",
        "source": "tv",
        "shortable": true,
        "exchange_name": "NASD",
        "market_cap": 25.49274,
        "existing": false
    },
    {
        "symbol": "JWAC",
        "company": "Jupiter Wellness Acquisition Corp.",
        "change_pct": 10.58,
        "premarket": 6.48,
        "volume": 202,
        "category": "g",
        "source": "tv",
        "shortable": false,
        "exchange_name": "NASD",
        "market_cap": 106.3883,
        "existing": false
    },
    {
        "symbol": "WE",
        "company": "WeWork Inc.",
        "change_pct": 10.06,
        "premarket": 0.29,
        "volume": 797632,
        "category": "g",
        "source": "tv",
        "shortable": true,
        "exchange_name": "NYSE",
        "market_cap": 561.1979,
        "existing": false
    },
    {
        "symbol": "NEXI",
        "company": "NexImmune, Inc.",
        "change_pct": 10.03,
        "premarket": 0.3301,
        "volume": 2800,
        "category": "g",
        "source": "tv",
        "shortable": false,
        "exchange_name": "NASD",
        "market_cap": 7.82354,
        "existing": false
    },
    {
        "symbol": "OWLT",
        "company": "Owlet, Inc.",
        "change_pct": 10.0,
        "premarket": 0.2793,
        "volume": 300,
        "category": "g",
        "source": "tv",
        "shortable": false,
        "exchange_name": "NYSE",
        "market_cap": 29.87698,
        "existing": false
    },
    {
        "symbol": "KPRX",
        "company": "Kiora Pharmaceuticals, Inc.",
        "change_pct": 9.59,
        "premarket": 2.4,
        "volume": 2064,
        "category": "g",
        "source": "tv",
        "shortable": true,
        "exchange_name": "NASD",
        "market_cap": 4.43315,
        "existing": false
    },
    {
        "symbol": "LEXX",
        "company": "Lexaria Bioscience Corp.",
        "change_pct": 9.57,
        "premarket": 0.8093,
        "volume": 65942,
        "category": "g",
        "source": "tv",
        "shortable": false,
        "exchange_name": "NASD",
        "market_cap": 4.421,
        "existing": false
    },
    {
        "symbol": "IDYA",
        "company": "IDEAYA Biosciences, Inc.",
        "change_pct": 9.07,
        "premarket": 23.08,
        "volume": 550,
        "category": "g",
        "source": "tv",
        "shortable": true,
        "exchange_name": "NASD",
        "market_cap": 1212.26,
        "existing": false
    },
    {
        "symbol": "HSTO",
        "company": "Histogen Inc.",
        "change_pct": 8.83,
        "premarket": 0.838,
        "volume": 7790,
        "category": "g",
        "source": "tv",
        "shortable": true,
        "exchange_name": "NASD",
        "market_cap": 3.28925,
        "existing": false
    },
    {
        "symbol": "XELA",
        "company": "Exela Technologies, Inc.",
        "change_pct": 8.7,
        "premarket": 7.23,
        "volume": 264745,
        "category": "g",
        "source": "tv",
        "shortable": true,
        "exchange_name": "NASD",
        "market_cap": 42.36729,
        "existing": false
    },
    {
        "symbol": "EYPT",
        "company": "EyePoint Pharmaceuticals, Inc.",
        "change_pct": 8.58,
        "premarket": 6.96,
        "volume": 32223,
        "category": "g",
        "source": "tv",
        "shortable": true,
        "exchange_name": "NASD",
        "market_cap": 219.8754,
        "existing": false
    },
    {
        "symbol": "PYPD",
        "company": "PolyPid Ltd.",
        "change_pct": 8.57,
        "premarket": 0.38,
        "volume": 259,
        "category": "g",
        "source": "tv",
        "shortable": false,
        "exchange_name": "NASD",
        "market_cap": 12.78011,
        "existing": false
    },
    {
        "symbol": "ONCS",
        "company": "OncoSec Medical Incorporated",
        "change_pct": 8.51,
        "premarket": 0.5697,
        "volume": 28102,
        "category": "g",
        "source": "tv",
        "shortable": true,
        "exchange_name": "NASD",
        "market_cap": 2.39094,
        "existing": false
    },
    {
        "symbol": "EFSH",
        "company": "1847 Holdings LLC",
        "change_pct": 8.47,
        "premarket": 0.64,
        "volume": 3585,
        "category": "g",
        "source": "tv",
        "shortable": false,
        "exchange_name": "AMEX",
        "market_cap": 5.99428,
        "existing": false
    }
]