[
    {
        "symbol": "FOXO",
        "company": "FOXO Technologies Inc.",
        "change_pct": 113.32,
        "premarket": 0.285,
        "volume": 26880000,
        "category": "g",
        "source": "tv",
        "shortable": false,
        "exchange_name": "AMEX",
        "market_cap": 130.5116,
        "existing": false
    },
    {
        "symbol": "CHNR",
        "company": "China Natural Resources, Inc.",
        "change_pct": 42.86,
        "premarket": 2.8,
        "volume": 729325,
        "category": "g",
        "source": "tv",
        "shortable": false,
        "exchange_name": "NASD",
        "market_cap": 16.06788,
        "existing": false
    },
    {
        "symbol": "BRSH",
        "company": "Bruush Oral Care Inc.",
        "change_pct": 40.63,
        "premarket": 0.1845,
        "volume": 4306000,
        "category": "g",
        "source": "tv",
        "shortable": false,
        "exchange_name": "NASD",
        "market_cap": 1.06939,
        "existing": false
    },
    {
        "symbol": "CNXA",
        "company": "Connexa Sports Technologies Inc.",
        "change_pct": 30.0,
        "premarket": 0.169,
        "volume": 12249000,
        "category": "g",
        "source": "tv",
        "shortable": false,
        "exchange_name": "NASD",
        "market_cap": 2.52128,
        "existing": false
    },
    {
        "symbol": "ALLR",
        "company": "Allarity Therapeutics, Inc.",
        "change_pct": 27.76,
        "premarket": 3.36,
        "volume": 4671000,
        "category": "g",
        "source": "tv",
        "shortable": false,
        "exchange_name": "NASD",
        "market_cap": 2.26388,
        "existing": false
    },
    {
        "symbol": "EJH",
        "company": "E-Home Household Service Holdings Limited",
        "change_pct": 26.42,
        "premarket": 0.1517,
        "volume": 5297000,
        "category": "g",
        "source": "tv",
        "shortable": true,
        "exchange_name": "NASD",
        "market_cap": 16.14792,
        "existing": false
    },
    {
        "symbol": "AURC",
        "company": "Aurora Acquisition Corp.",
        "change_pct": 19.3,
        "premarket": 52.55,
        "volume": 50636,
        "category": "g",
        "source": "tv",
        "shortable": true,
        "exchange_name": "NASD",
        "market_cap": 396.402,
        "existing": false
    },
    {
        "symbol": "BNED",
        "company": "Barnes & Noble Education, Inc",
        "change_pct": 18.4,
        "premarket": 1.48,
        "volume": 703310,
        "category": "g",
        "source": "tv",
        "shortable": true,
        "exchange_name": "NYSE",
        "market_cap": 65.75534,
        "existing": false
    },
    {
        "symbol": "BTTX",
        "company": "Better Therapeutics, Inc.",
        "change_pct": 17.73,
        "premarket": 0.7299,
        "volume": 460852,
        "category": "g",
        "source": "tv",
        "shortable": true,
        "exchange_name": "NASD",
        "market_cap": 25.11741,
        "existing": false
    },
    {
        "symbol": "SPCB",
        "company": "SuperCom, Ltd.",
        "change_pct": 17.0,
        "premarket": 1.17,
        "volume": 3616000,
        "category": "g",
        "source": "tv",
        "shortable": true,
        "exchange_name": "NASD",
        "market_cap": 5.94271,
        "existing": false
    },
    {
        "symbol": "CISS",
        "company": "C3is Inc.",
        "change_pct": 15.38,
        "premarket": 0.6999,
        "volume": 137342,
        "category": "g",
        "source": "tv",
        "shortable": true,
        "exchange_name": "NASD",
        "market_cap": 0.0,
        "existing": false
    },
    {
        "symbol": "YELL",
        "company": "Yellow Corporation",
        "change_pct": 14.71,
        "premarket": 0.8109,
        "volume": 2775000,
        "category": "g",
        "source": "tv",
        "shortable": true,
        "exchange_name": "NASD",
        "market_cap": 36.745,
        "existing": false
    },
    {
        "symbol": "SLNG",
        "company": "Stabilis Solutions, Inc.",
        "change_pct": 14.56,
        "premarket": 4.72,
        "volume": 100,
        "category": "g",
        "source": "tv",
        "shortable": false,
        "exchange_name": "NASD",
        "market_cap": 76.13278,
        "existing": false
    },
    {
        "symbol": "NEWR",
        "company": "New Relic, Inc.",
        "change_pct": 13.46,
        "premarket": 84.02,
        "volume": 133077,
        "category": "g",
        "source": "tv",
        "shortable": true,
        "exchange_name": "NYSE",
        "market_cap": 5199.971,
        "existing": false
    },
    {
        "symbol": "XTNT",
        "company": "Xtant Medical Holdings, Inc.",
        "change_pct": 12.94,
        "premarket": 0.96,
        "volume": 38910,
        "category": "g",
        "source": "tv",
        "shortable": false,
        "exchange_name": "AMEX",
        "market_cap": 107.517,
        "existing": false
    },
    {
        "symbol": "NBRV",
        "company": "Nabriva Therapeutics plc",
        "change_pct": 12.68,
        "premarket": 1.6,
        "volume": 206592,
        "category": "g",
        "source": "tv",
        "shortable": true,
        "exchange_name": "NASD",
        "market_cap": 4.54607,
        "existing": false
    },
    {
        "symbol": "SOFI",
        "company": "SoFi Technologies, Inc.",
        "change_pct": 11.82,
        "premarket": 10.68,
        "volume": 15294000,
        "category": "g",
        "source": "tv",
        "shortable": true,
        "exchange_name": "NASD",
        "market_cap": 8985.553,
        "existing": false
    },
    {
        "symbol": "EOSE",
        "company": "Eos Energy Enterprises, Inc.",
        "change_pct": 11.73,
        "premarket": 2.53,
        "volume": 376783,
        "category": "g",
        "source": "tv",
        "shortable": true,
        "exchange_name": "NASD",
        "market_cap": 287.4233,
        "existing": false
    },
    {
        "symbol": "ACHR",
        "company": "Archer Aviation Inc.",
        "change_pct": 11.72,
        "premarket": 5.34,
        "volume": 946618,
        "category": "g",
        "source": "tv",
        "shortable": true,
        "exchange_name": "NYSE",
        "market_cap": 1182.799,
        "existing": false
    },
    {
        "symbol": "CMPX",
        "company": "Compass Therapeutics, Inc.",
        "change_pct": 11.24,
        "premarket": 2.97,
        "volume": 12219,
        "category": "g",
        "source": "tv",
        "shortable": false,
        "exchange_name": "NASD",
        "market_cap": 337.775,
        "existing": false
    },
    {
        "symbol": "CTM",
        "company": "Castellum, Inc.",
        "change_pct": 11.18,
        "premarket": 0.4892,
        "volume": 7922,
        "category": "g",
        "source": "tv",
        "shortable": false,
        "exchange_name": "AMEX",
        "market_cap": 0.0,
        "existing": false
    },
    {
        "symbol": "SDOT",
        "company": "Sadot Group Inc.",
        "change_pct": 10.58,
        "premarket": 1.15,
        "volume": 8944,
        "category": "g",
        "source": "tv",
        "shortable": false,
        "exchange_name": "NASD",
        "market_cap": 33.48495,
        "existing": false
    },
    {
        "symbol": "INVZ",
        "company": "Innoviz Technologies Ltd.",
        "change_pct": 10.56,
        "premarket": 3.77,
        "volume": 96682,
        "category": "g",
        "source": "tv",
        "shortable": true,
        "exchange_name": "NASD",
        "market_cap": 464.8566,
        "existing": false
    },
    {
        "symbol": "BNMV",
        "company": "BitNile Metaverse, Inc.",
        "change_pct": 10.19,
        "premarket": 0.8,
        "volume": 450,
        "category": "g",
        "source": "tv",
        "shortable": false,
        "exchange_name": "NASD",
        "market_cap": 1.83156,
        "existing": false
    },
    {
        "symbol": "VVOS",
        "company": "Vivos Therapeutics, Inc.",
        "change_pct": 10.16,
        "premarket": 0.31,
        "volume": 21260,
        "category": "g",
        "source": "tv",
        "shortable": false,
        "exchange_name": "NASD",
        "market_cap": 8.42196,
        "existing": false
    },
    {
        "symbol": "WRK",
        "company": "Westrock Company",
        "change_pct": -3.39,
        "premarket": 31.88,
        "volume": 200,
        "category": "l",
        "source": "tv",
        "shortable": true,
        "exchange_name": "NYSE",
        "market_cap": 8452.298,
        "existing": false
    },
    {
        "symbol": "QS",
        "company": "QuantumScape Corporation",
        "change_pct": -4.45,
        "premarket": 12.68,
        "volume": 458789,
        "category": "l",
        "source": "tv",
        "shortable": true,
        "exchange_name": "NYSE",
        "market_cap": 5887.396,
        "existing": false
    },
    {
        "symbol": "ALIT",
        "company": "Alight, Inc.",
        "change_pct": -3.16,
        "premarket": 9.5,
        "volume": 359,
        "category": "l",
        "source": "tv",
        "shortable": true,
        "exchange_name": "NYSE",
        "market_cap": 4882.011,
        "existing": false
    },
    {
        "symbol": "TIGO",
        "company": "Millicom International Cellular S.A.",
        "change_pct": -2.98,
        "premarket": 15.28,
        "volume": 390,
        "category": "l",
        "source": "tv",
        "shortable": true,
        "exchange_name": "NASD",
        "market_cap": 2710.517,
        "existing": false
    },
    {
        "symbol": "CAMT",
        "company": "Camtek Ltd.",
        "change_pct": -3.34,
        "premarket": 45.71,
        "volume": 20356,
        "category": "l",
        "source": "tv",
        "shortable": true,
        "exchange_name": "NASD",
        "market_cap": 2107.851,
        "existing": false
    },
    {
        "symbol": "ECX",
        "company": "ECARX Holdings Inc.",
        "change_pct": -3.85,
        "premarket": 5.0,
        "volume": 173,
        "category": "l",
        "source": "tv",
        "shortable": true,
        "exchange_name": "NASD",
        "market_cap": 1754.456,
        "existing": false
    },
    {
        "symbol": "EYE",
        "company": "National Vision Holdings, Inc.",
        "change_pct": -3.04,
        "premarket": 20.07,
        "volume": 200,
        "category": "l",
        "source": "tv",
        "shortable": true,
        "exchange_name": "NASD",
        "market_cap": 1616.396,
        "existing": false
    },
    {
        "symbol": "HTLD",
        "company": "Heartland Express, Inc.",
        "change_pct": -7.65,
        "premarket": 15.69,
        "volume": 2201,
        "category": "l",
        "source": "tv",
        "shortable": true,
        "exchange_name": "NASD",
        "market_cap": 1342.012,
        "existing": false
    },
    {
        "symbol": "GRND",
        "company": "Grindr Inc.",
        "change_pct": -3.23,
        "premarket": 5.69,
        "volume": 645,
        "category": "l",
        "source": "tv",
        "shortable": true,
        "exchange_name": "NYSE",
        "market_cap": 1022.209,
        "existing": false
    },
    {
        "symbol": "RTC",
        "company": "Baijiayun Group Ltd - Class",
        "change_pct": -4.17,
        "premarket": 7.59,
        "volume": 321,
        "category": "l",
        "source": "tv",
        "shortable": true,
        "exchange_name": "NASD",
        "market_cap": 663.5836,
        "existing": false
    },
    {
        "symbol": "JOUT",
        "company": "Johnson Outdoors Inc.",
        "change_pct": -3.24,
        "premarket": 57.0,
        "volume": 3245,
        "category": "l",
        "source": "tv",
        "shortable": true,
        "exchange_name": "NASD",
        "market_cap": 604.0314,
        "existing": false
    },
    {
        "symbol": "TTI",
        "company": "Tetra Technologies, Inc.",
        "change_pct": -3.88,
        "premarket": 4.21,
        "volume": 4100,
        "category": "l",
        "source": "tv",
        "shortable": true,
        "exchange_name": "NYSE",
        "market_cap": 566.7693,
        "existing": false
    },
    {
        "symbol": "SWIM",
        "company": "Latham Group, Inc.",
        "change_pct": -4.76,
        "premarket": 3.8,
        "volume": 100,
        "category": "l",
        "source": "tv",
        "shortable": true,
        "exchange_name": "NASD",
        "market_cap": 458.0082,
        "existing": false
    },
    {
        "symbol": "EYPT",
        "company": "EyePoint Pharmaceuticals, Inc.",
        "change_pct": -5.18,
        "premarket": 11.23,
        "volume": 780,
        "category": "l",
        "source": "tv",
        "shortable": true,
        "exchange_name": "NASD",
        "market_cap": 406.1348,
        "existing": false
    },
    {
        "symbol": "POL",
        "company": "Polished Inc.",
        "change_pct": -21.58,
        "premarket": 0.4862,
        "volume": 73849,
        "category": "l",
        "source": "tv",
        "shortable": true,
        "exchange_name": "AMEX",
        "market_cap": 326.6091,
        "existing": false
    },
    {
        "symbol": "BLND",
        "company": "Blend Labs, Inc.",
        "change_pct": -6.11,
        "premarket": 1.23,
        "volume": 1650,
        "category": "l",
        "source": "tv",
        "shortable": false,
        "exchange_name": "NYSE",
        "market_cap": 319.4448,
        "existing": false
    },
    {
        "symbol": "BHIL",
        "company": "Benson Hill, Inc.",
        "change_pct": -3.05,
        "premarket": 1.27,
        "volume": 17706,
        "category": "l",
        "source": "tv",
        "shortable": true,
        "exchange_name": "NYSE",
        "market_cap": 271.7821,
        "existing": false
    },
    {
        "symbol": "SILC",
        "company": "Silicom Ltd",
        "change_pct": -25.22,
        "premarket": 29.2,
        "volume": 36776,
        "category": "l",
        "source": "tv",
        "shortable": true,
        "exchange_name": "NASD",
        "market_cap": 263.8331,
        "existing": false
    },
    {
        "symbol": "OVID",
        "company": "Ovid Therapeutics Inc.",
        "change_pct": -3.98,
        "premarket": 3.38,
        "volume": 100,
        "category": "l",
        "source": "tv",
        "shortable": true,
        "exchange_name": "NASD",
        "market_cap": 248.2351,
        "existing": false
    },
    {
        "symbol": "VRCA",
        "company": "Verrica Pharmaceuticals Inc.",
        "change_pct": -4.48,
        "premarket": 5.52,
        "volume": 424,
        "category": "l",
        "source": "tv",
        "shortable": true,
        "exchange_name": "NASD",
        "market_cap": 242.5126,
        "existing": false
    },
    {
        "symbol": "ADVM",
        "company": "Adverum Biotechnologies, Inc.",
        "change_pct": -6.73,
        "premarket": 1.94,
        "volume": 685,
        "category": "l",
        "source": "tv",
        "shortable": true,
        "exchange_name": "NASD",
        "market_cap": 209.1959,
        "existing": false
    },
    {
        "symbol": "CCCC",
        "company": "C4 Therapeutics, Inc.",
        "change_pct": -3.46,
        "premarket": 3.63,
        "volume": 100,
        "category": "l",
        "source": "tv",
        "shortable": true,
        "exchange_name": "NASD",
        "market_cap": 184.4797,
        "existing": false
    },
    {
        "symbol": "CTXR",
        "company": "Citius Pharmaceuticals, Inc.",
        "change_pct": -15.58,
        "premarket": 0.95,
        "volume": 1203000,
        "category": "l",
        "source": "tv",
        "shortable": true,
        "exchange_name": "NASD",
        "market_cap": 177.9207,
        "existing": false
    },
    {
        "symbol": "YCBD",
        "company": "cbdMD, Inc.",
        "change_pct": -4.9,
        "premarket": 1.36,
        "volume": 4214,
        "category": "l",
        "source": "tv",
        "shortable": true,
        "exchange_name": "AMEX",
        "market_cap": 134.5935,
        "existing": false
    },
    {
        "symbol": "LL",
        "company": "LL Flooring Holdings, Inc.",
        "change_pct": -3.06,
        "premarket": 3.8,
        "volume": 302,
        "category": "l",
        "source": "tv",
        "shortable": true,
        "exchange_name": "NYSE",
        "market_cap": 119.5443,
        "existing": false
    }
]