[
    {
        "symbol": "FOXO",
        "company": "FOXO Technologies Inc.",
        "change_pct": 118.56,
        "premarket": 0.292,
        "volume": 30434000,
        "category": "g",
        "source": "tv",
        "shortable": false,
        "exchange_name": "AMEX",
        "market_cap": 130.5116,
        "existing": false
    },
    {
        "symbol": "BRSH",
        "company": "Bruush Oral Care Inc.",
        "change_pct": 37.27,
        "premarket": 0.1801,
        "volume": 4610000,
        "category": "g",
        "source": "tv",
        "shortable": false,
        "exchange_name": "NASD",
        "market_cap": 1.06939,
        "existing": false
    },
    {
        "symbol": "EJH",
        "company": "E-Home Household Service Holdings Limited",
        "change_pct": 36.67,
        "premarket": 0.164,
        "volume": 6178000,
        "category": "g",
        "source": "tv",
        "shortable": true,
        "exchange_name": "NASD",
        "market_cap": 16.14792,
        "existing": false
    },
    {
        "symbol": "CHNR",
        "company": "China Natural Resources, Inc.",
        "change_pct": 34.18,
        "premarket": 2.63,
        "volume": 850544,
        "category": "g",
        "source": "tv",
        "shortable": false,
        "exchange_name": "NASD",
        "market_cap": 16.06788,
        "existing": false
    },
    {
        "symbol": "CNXA",
        "company": "Connexa Sports Technologies Inc.",
        "change_pct": 26.38,
        "premarket": 0.1643,
        "volume": 12697000,
        "category": "g",
        "source": "tv",
        "shortable": false,
        "exchange_name": "NASD",
        "market_cap": 2.52128,
        "existing": false
    },
    {
        "symbol": "ALLR",
        "company": "Allarity Therapeutics, Inc.",
        "change_pct": 25.1,
        "premarket": 3.29,
        "volume": 4944000,
        "category": "g",
        "source": "tv",
        "shortable": false,
        "exchange_name": "NASD",
        "market_cap": 2.26388,
        "existing": false
    },
    {
        "symbol": "EOSE",
        "company": "Eos Energy Enterprises, Inc.",
        "change_pct": 20.29,
        "premarket": 2.72,
        "volume": 460960,
        "category": "g",
        "source": "tv",
        "shortable": true,
        "exchange_name": "NASD",
        "market_cap": 287.4233,
        "existing": false
    },
    {
        "symbol": "AURC",
        "company": "Aurora Acquisition Corp.",
        "change_pct": 18.16,
        "premarket": 52.05,
        "volume": 52739,
        "category": "g",
        "source": "tv",
        "shortable": true,
        "exchange_name": "NASD",
        "market_cap": 396.402,
        "existing": false
    },
    {
        "symbol": "IONM",
        "company": "Assure Holdings Corp.",
        "change_pct": 17.33,
        "premarket": 0.88,
        "volume": 12678,
        "category": "g",
        "source": "tv",
        "shortable": true,
        "exchange_name": "NASD",
        "market_cap": 0.8262,
        "existing": false
    },
    {
        "symbol": "CISS",
        "company": "C3is Inc.",
        "change_pct": 17.03,
        "premarket": 0.7099,
        "volume": 187528,
        "category": "g",
        "source": "tv",
        "shortable": true,
        "exchange_name": "NASD",
        "market_cap": 0.0,
        "existing": false
    },
    {
        "symbol": "BTTX",
        "company": "Better Therapeutics, Inc.",
        "change_pct": 15.06,
        "premarket": 0.7134,
        "volume": 493295,
        "category": "g",
        "source": "tv",
        "shortable": true,
        "exchange_name": "NASD",
        "market_cap": 25.11741,
        "existing": false
    },
    {
        "symbol": "SLNG",
        "company": "Stabilis Solutions, Inc.",
        "change_pct": 14.56,
        "premarket": 4.72,
        "volume": 100,
        "category": "g",
        "source": "tv",
        "shortable": false,
        "exchange_name": "NASD",
        "market_cap": 76.13278,
        "existing": false
    },
    {
        "symbol": "NEWR",
        "company": "New Relic, Inc.",
        "change_pct": 13.71,
        "premarket": 84.2,
        "volume": 314585,
        "category": "g",
        "source": "tv",
        "shortable": true,
        "exchange_name": "NYSE",
        "market_cap": 5199.971,
        "existing": false
    },
    {
        "symbol": "BNED",
        "company": "Barnes & Noble Education, Inc",
        "change_pct": 13.6,
        "premarket": 1.42,
        "volume": 1008000,
        "category": "g",
        "source": "tv",
        "shortable": true,
        "exchange_name": "NYSE",
        "market_cap": 65.75534,
        "existing": false
    },
    {
        "symbol": "YELL",
        "company": "Yellow Corporation",
        "change_pct": 13.17,
        "premarket": 0.8,
        "volume": 3538000,
        "category": "g",
        "source": "tv",
        "shortable": true,
        "exchange_name": "NASD",
        "market_cap": 36.745,
        "existing": false
    },
    {
        "symbol": "SPCB",
        "company": "SuperCom, Ltd.",
        "change_pct": 13.0,
        "premarket": 1.13,
        "volume": 3841000,
        "category": "g",
        "source": "tv",
        "shortable": true,
        "exchange_name": "NASD",
        "market_cap": 5.94271,
        "existing": false
    },
    {
        "symbol": "GDRX",
        "company": "GoodRx Holdings, Inc.",
        "change_pct": 12.74,
        "premarket": 7.61,
        "volume": 193659,
        "category": "g",
        "source": "tv",
        "shortable": true,
        "exchange_name": "NASD",
        "market_cap": 2678.861,
        "existing": false
    },
    {
        "symbol": "SDPI",
        "company": "Superior Drilling Products, Inc.",
        "change_pct": 11.28,
        "premarket": 1.48,
        "volume": 12986,
        "category": "g",
        "source": "tv",
        "shortable": false,
        "exchange_name": "AMEX",
        "market_cap": 18.69058,
        "existing": false
    },
    {
        "symbol": "INVZ",
        "company": "Innoviz Technologies Ltd.",
        "change_pct": 10.85,
        "premarket": 3.78,
        "volume": 136729,
        "category": "g",
        "source": "tv",
        "shortable": true,
        "exchange_name": "NASD",
        "market_cap": 464.8566,
        "existing": false
    },
    {
        "symbol": "ACHR",
        "company": "Archer Aviation Inc.",
        "change_pct": 10.67,
        "premarket": 5.29,
        "volume": 1071000,
        "category": "g",
        "source": "tv",
        "shortable": true,
        "exchange_name": "NYSE",
        "market_cap": 1182.799,
        "existing": false
    },
    {
        "symbol": "BNMV",
        "company": "BitNile Metaverse, Inc.",
        "change_pct": 10.19,
        "premarket": 0.8,
        "volume": 450,
        "category": "g",
        "source": "tv",
        "shortable": false,
        "exchange_name": "NASD",
        "market_cap": 1.83156,
        "existing": false
    },
    {
        "symbol": "VVOS",
        "company": "Vivos Therapeutics, Inc.",
        "change_pct": 10.16,
        "premarket": 0.31,
        "volume": 22160,
        "category": "g",
        "source": "tv",
        "shortable": false,
        "exchange_name": "NASD",
        "market_cap": 8.42196,
        "existing": false
    },
    {
        "symbol": "SG",
        "company": "Sweetgreen, Inc.",
        "change_pct": 10.07,
        "premarket": 15.52,
        "volume": 74636,
        "category": "g",
        "source": "tv",
        "shortable": false,
        "exchange_name": "NYSE",
        "market_cap": 1571.444,
        "existing": false
    },
    {
        "symbol": "APLT",
        "company": "Applied Therapeutics, Inc.",
        "change_pct": 10.03,
        "premarket": 1.64,
        "volume": 14818,
        "category": "g",
        "source": "tv",
        "shortable": true,
        "exchange_name": "NASD",
        "market_cap": 86.19545,
        "existing": false
    },
    {
        "symbol": "EGRX",
        "company": "Eagle Pharmaceuticals, Inc.",
        "change_pct": 9.84,
        "premarket": 20.43,
        "volume": 2552,
        "category": "g",
        "source": "tv",
        "shortable": true,
        "exchange_name": "NASD",
        "market_cap": 243.499,
        "existing": false
    },
    {
        "symbol": "QS",
        "company": "QuantumScape Corporation",
        "change_pct": -3.01,
        "premarket": 12.87,
        "volume": 544709,
        "category": "l",
        "source": "tv",
        "shortable": true,
        "exchange_name": "NYSE",
        "market_cap": 5887.396,
        "existing": false
    },
    {
        "symbol": "EXPI",
        "company": "eXp World Holdings, Inc.",
        "change_pct": -3.29,
        "premarket": 23.48,
        "volume": 1645,
        "category": "l",
        "source": "tv",
        "shortable": true,
        "exchange_name": "NASD",
        "market_cap": 3725.582,
        "existing": false
    },
    {
        "symbol": "LTH",
        "company": "Life Time Group Holdings, Inc.",
        "change_pct": -3.94,
        "premarket": 17.32,
        "volume": 5817,
        "category": "l",
        "source": "tv",
        "shortable": true,
        "exchange_name": "NYSE",
        "market_cap": 3534.439,
        "existing": false
    },
    {
        "symbol": "NOVA",
        "company": "Sunnova Energy International Inc.",
        "change_pct": -3.12,
        "premarket": 17.38,
        "volume": 11521,
        "category": "l",
        "source": "tv",
        "shortable": true,
        "exchange_name": "NYSE",
        "market_cap": 2088.235,
        "existing": false
    },
    {
        "symbol": "ECX",
        "company": "ECARX Holdings Inc.",
        "change_pct": -3.85,
        "premarket": 5.0,
        "volume": 273,
        "category": "l",
        "source": "tv",
        "shortable": true,
        "exchange_name": "NASD",
        "market_cap": 1754.456,
        "existing": false
    },
    {
        "symbol": "HTLD",
        "company": "Heartland Express, Inc.",
        "change_pct": -4.41,
        "premarket": 16.24,
        "volume": 3390,
        "category": "l",
        "source": "tv",
        "shortable": true,
        "exchange_name": "NASD",
        "market_cap": 1342.012,
        "existing": false
    },
    {
        "symbol": "GRND",
        "company": "Grindr Inc.",
        "change_pct": -3.23,
        "premarket": 5.69,
        "volume": 645,
        "category": "l",
        "source": "tv",
        "shortable": true,
        "exchange_name": "NYSE",
        "market_cap": 1022.209,
        "existing": false
    },
    {
        "symbol": "RTC",
        "company": "Baijiayun Group Ltd - Class",
        "change_pct": -4.17,
        "premarket": 7.59,
        "volume": 321,
        "category": "l",
        "source": "tv",
        "shortable": true,
        "exchange_name": "NASD",
        "market_cap": 663.5836,
        "existing": false
    },
    {
        "symbol": "AMCX",
        "company": "AMC Networks Inc.",
        "change_pct": -3.02,
        "premarket": 12.83,
        "volume": 5451,
        "category": "l",
        "source": "tv",
        "shortable": true,
        "exchange_name": "NASD",
        "market_cap": 575.5588,
        "existing": false
    },
    {
        "symbol": "TTI",
        "company": "Tetra Technologies, Inc.",
        "change_pct": -3.88,
        "premarket": 4.21,
        "volume": 17589,
        "category": "l",
        "source": "tv",
        "shortable": true,
        "exchange_name": "NYSE",
        "market_cap": 566.7693,
        "existing": false
    },
    {
        "symbol": "SWIM",
        "company": "Latham Group, Inc.",
        "change_pct": -4.76,
        "premarket": 3.8,
        "volume": 100,
        "category": "l",
        "source": "tv",
        "shortable": true,
        "exchange_name": "NASD",
        "market_cap": 458.0082,
        "existing": false
    },
    {
        "symbol": "LEU",
        "company": "Centrus Energy Corp.",
        "change_pct": -2.97,
        "premarket": 34.35,
        "volume": 1233,
        "category": "l",
        "source": "tv",
        "shortable": true,
        "exchange_name": "AMEX",
        "market_cap": 434.8185,
        "existing": false
    },
    {
        "symbol": "POL",
        "company": "Polished Inc.",
        "change_pct": -10.5,
        "premarket": 0.5549,
        "volume": 127965,
        "category": "l",
        "source": "tv",
        "shortable": true,
        "exchange_name": "AMEX",
        "market_cap": 326.6091,
        "existing": false
    },
    {
        "symbol": "BHIL",
        "company": "Benson Hill, Inc.",
        "change_pct": -3.05,
        "premarket": 1.27,
        "volume": 17706,
        "category": "l",
        "source": "tv",
        "shortable": true,
        "exchange_name": "NYSE",
        "market_cap": 271.7821,
        "existing": false
    },
    {
        "symbol": "SILC",
        "company": "Silicom Ltd",
        "change_pct": -20.72,
        "premarket": 30.96,
        "volume": 64355,
        "category": "l",
        "source": "tv",
        "shortable": true,
        "exchange_name": "NASD",
        "market_cap": 263.8331,
        "existing": false
    },
    {
        "symbol": "OVID",
        "company": "Ovid Therapeutics Inc.",
        "change_pct": -3.98,
        "premarket": 3.38,
        "volume": 100,
        "category": "l",
        "source": "tv",
        "shortable": true,
        "exchange_name": "NASD",
        "market_cap": 248.2351,
        "existing": false
    },
    {
        "symbol": "VRCA",
        "company": "Verrica Pharmaceuticals Inc.",
        "change_pct": -4.48,
        "premarket": 5.52,
        "volume": 424,
        "category": "l",
        "source": "tv",
        "shortable": true,
        "exchange_name": "NASD",
        "market_cap": 242.5126,
        "existing": false
    },
    {
        "symbol": "ADVM",
        "company": "Adverum Biotechnologies, Inc.",
        "change_pct": -6.73,
        "premarket": 1.94,
        "volume": 685,
        "category": "l",
        "source": "tv",
        "shortable": true,
        "exchange_name": "NASD",
        "market_cap": 209.1959,
        "existing": false
    },
    {
        "symbol": "CTXR",
        "company": "Citius Pharmaceuticals, Inc.",
        "change_pct": -19.64,
        "premarket": 0.9,
        "volume": 1362000,
        "category": "l",
        "source": "tv",
        "shortable": true,
        "exchange_name": "NASD",
        "market_cap": 177.9207,
        "existing": false
    },
    {
        "symbol": "LRMR",
        "company": "Larimar Therapeutics, Inc.",
        "change_pct": -3.02,
        "premarket": 3.86,
        "volume": 5309,
        "category": "l",
        "source": "tv",
        "shortable": true,
        "exchange_name": "NASD",
        "market_cap": 172.2114,
        "existing": false
    },
    {
        "symbol": "YCBD",
        "company": "cbdMD, Inc.",
        "change_pct": -4.9,
        "premarket": 1.36,
        "volume": 4214,
        "category": "l",
        "source": "tv",
        "shortable": true,
        "exchange_name": "AMEX",
        "market_cap": 134.5935,
        "existing": false
    },
    {
        "symbol": "LL",
        "company": "LL Flooring Holdings, Inc.",
        "change_pct": -3.06,
        "premarket": 3.8,
        "volume": 302,
        "category": "l",
        "source": "tv",
        "shortable": true,
        "exchange_name": "NYSE",
        "market_cap": 119.5443,
        "existing": false
    },
    {
        "symbol": "NKTX",
        "company": "Nkarta, Inc.",
        "change_pct": -3.72,
        "premarket": 2.07,
        "volume": 499,
        "category": "l",
        "source": "tv",
        "shortable": false,
        "exchange_name": "NASD",
        "market_cap": 105.2101,
        "existing": false
    },
    {
        "symbol": "HMAC",
        "company": "Hainan Manaslu Acquisition Corp.",
        "change_pct": -6.09,
        "premarket": 10.02,
        "volume": 580,
        "category": "l",
        "source": "tv",
        "shortable": false,
        "exchange_name": "NASD",
        "market_cap": 95.67256,
        "existing": false
    },
    {
        "symbol": "HYMC",
        "company": "Hycroft Mining Holding Corporation",
        "change_pct": -3.06,
        "premarket": 0.434,
        "volume": 62285,
        "category": "l",
        "source": "tv",
        "shortable": false,
        "exchange_name": "NASD",
        "market_cap": 90.41482,
        "existing": false
    }
]