[
    {
        "symbol": "FOXO",
        "company": "FOXO Technologies Inc.",
        "change_pct": 108.31,
        "premarket": 0.2783,
        "volume": 28120000,
        "category": "g",
        "source": "tv",
        "shortable": false,
        "exchange_name": "AMEX",
        "market_cap": 130.5116,
        "existing": false
    },
    {
        "symbol": "CHNR",
        "company": "China Natural Resources, Inc.",
        "change_pct": 43.88,
        "premarket": 2.82,
        "volume": 743371,
        "category": "g",
        "source": "tv",
        "shortable": false,
        "exchange_name": "NASD",
        "market_cap": 16.06788,
        "existing": false
    },
    {
        "symbol": "BRSH",
        "company": "Bruush Oral Care Inc.",
        "change_pct": 43.06,
        "premarket": 0.1877,
        "volume": 4404000,
        "category": "g",
        "source": "tv",
        "shortable": false,
        "exchange_name": "NASD",
        "market_cap": 1.06939,
        "existing": false
    },
    {
        "symbol": "CNXA",
        "company": "Connexa Sports Technologies Inc.",
        "change_pct": 28.46,
        "premarket": 0.167,
        "volume": 12300000,
        "category": "g",
        "source": "tv",
        "shortable": false,
        "exchange_name": "NASD",
        "market_cap": 2.52128,
        "existing": false
    },
    {
        "symbol": "EJH",
        "company": "E-Home Household Service Holdings Limited",
        "change_pct": 24.83,
        "premarket": 0.1498,
        "volume": 5525000,
        "category": "g",
        "source": "tv",
        "shortable": true,
        "exchange_name": "NASD",
        "market_cap": 16.14792,
        "existing": false
    },
    {
        "symbol": "ALLR",
        "company": "Allarity Therapeutics, Inc.",
        "change_pct": 24.71,
        "premarket": 3.28,
        "volume": 4723000,
        "category": "g",
        "source": "tv",
        "shortable": false,
        "exchange_name": "NASD",
        "market_cap": 2.26388,
        "existing": false
    },
    {
        "symbol": "BNED",
        "company": "Barnes & Noble Education, Inc",
        "change_pct": 21.48,
        "premarket": 1.52,
        "volume": 835137,
        "category": "g",
        "source": "tv",
        "shortable": true,
        "exchange_name": "NYSE",
        "market_cap": 65.75534,
        "existing": false
    },
    {
        "symbol": "YELL",
        "company": "Yellow Corporation",
        "change_pct": 20.57,
        "premarket": 0.8523,
        "volume": 3004000,
        "category": "g",
        "source": "tv",
        "shortable": true,
        "exchange_name": "NASD",
        "market_cap": 36.745,
        "existing": false
    },
    {
        "symbol": "AURC",
        "company": "Aurora Acquisition Corp.",
        "change_pct": 17.55,
        "premarket": 51.78,
        "volume": 51306,
        "category": "g",
        "source": "tv",
        "shortable": true,
        "exchange_name": "NASD",
        "market_cap": 396.402,
        "existing": false
    },
    {
        "symbol": "CISS",
        "company": "C3is Inc.",
        "change_pct": 17.05,
        "premarket": 0.71,
        "volume": 149723,
        "category": "g",
        "source": "tv",
        "shortable": true,
        "exchange_name": "NASD",
        "market_cap": 0.0,
        "existing": false
    },
    {
        "symbol": "BTTX",
        "company": "Better Therapeutics, Inc.",
        "change_pct": 14.84,
        "premarket": 0.712,
        "volume": 469993,
        "category": "g",
        "source": "tv",
        "shortable": true,
        "exchange_name": "NASD",
        "market_cap": 25.11741,
        "existing": false
    },
    {
        "symbol": "SLNG",
        "company": "Stabilis Solutions, Inc.",
        "change_pct": 14.56,
        "premarket": 4.72,
        "volume": 100,
        "category": "g",
        "source": "tv",
        "shortable": false,
        "exchange_name": "NASD",
        "market_cap": 76.13278,
        "existing": false
    },
    {
        "symbol": "SPCB",
        "company": "SuperCom, Ltd.",
        "change_pct": 14.0,
        "premarket": 1.14,
        "volume": 3700000,
        "category": "g",
        "source": "tv",
        "shortable": true,
        "exchange_name": "NASD",
        "market_cap": 5.94271,
        "existing": false
    },
    {
        "symbol": "NEWR",
        "company": "New Relic, Inc.",
        "change_pct": 13.63,
        "premarket": 84.14,
        "volume": 160753,
        "category": "g",
        "source": "tv",
        "shortable": true,
        "exchange_name": "NYSE",
        "market_cap": 5199.971,
        "existing": false
    },
    {
        "symbol": "XTNT",
        "company": "Xtant Medical Holdings, Inc.",
        "change_pct": 12.94,
        "premarket": 0.96,
        "volume": 38910,
        "category": "g",
        "source": "tv",
        "shortable": false,
        "exchange_name": "AMEX",
        "market_cap": 107.517,
        "existing": false
    },
    {
        "symbol": "NBRV",
        "company": "Nabriva Therapeutics plc",
        "change_pct": 12.68,
        "premarket": 1.6,
        "volume": 206742,
        "category": "g",
        "source": "tv",
        "shortable": true,
        "exchange_name": "NASD",
        "market_cap": 4.54607,
        "existing": false
    },
    {
        "symbol": "SOFI",
        "company": "SoFi Technologies, Inc.",
        "change_pct": 11.83,
        "premarket": 10.68,
        "volume": 16891000,
        "category": "g",
        "source": "tv",
        "shortable": true,
        "exchange_name": "NASD",
        "market_cap": 8985.553,
        "existing": false
    },
    {
        "symbol": "EOSE",
        "company": "Eos Energy Enterprises, Inc.",
        "change_pct": 11.5,
        "premarket": 2.52,
        "volume": 378298,
        "category": "g",
        "source": "tv",
        "shortable": true,
        "exchange_name": "NASD",
        "market_cap": 287.4233,
        "existing": false
    },
    {
        "symbol": "CMPX",
        "company": "Compass Therapeutics, Inc.",
        "change_pct": 11.24,
        "premarket": 2.97,
        "volume": 12219,
        "category": "g",
        "source": "tv",
        "shortable": false,
        "exchange_name": "NASD",
        "market_cap": 337.775,
        "existing": false
    },
    {
        "symbol": "CTM",
        "company": "Castellum, Inc.",
        "change_pct": 11.18,
        "premarket": 0.4892,
        "volume": 7922,
        "category": "g",
        "source": "tv",
        "shortable": false,
        "exchange_name": "AMEX",
        "market_cap": 0.0,
        "existing": false
    },
    {
        "symbol": "ACHR",
        "company": "Archer Aviation Inc.",
        "change_pct": 11.12,
        "premarket": 5.31,
        "volume": 971489,
        "category": "g",
        "source": "tv",
        "shortable": true,
        "exchange_name": "NYSE",
        "market_cap": 1182.799,
        "existing": false
    },
    {
        "symbol": "SDOT",
        "company": "Sadot Group Inc.",
        "change_pct": 10.58,
        "premarket": 1.15,
        "volume": 8944,
        "category": "g",
        "source": "tv",
        "shortable": false,
        "exchange_name": "NASD",
        "market_cap": 33.48495,
        "existing": false
    },
    {
        "symbol": "INVZ",
        "company": "Innoviz Technologies Ltd.",
        "change_pct": 10.56,
        "premarket": 3.77,
        "volume": 100153,
        "category": "g",
        "source": "tv",
        "shortable": true,
        "exchange_name": "NASD",
        "market_cap": 464.8566,
        "existing": false
    },
    {
        "symbol": "BNMV",
        "company": "BitNile Metaverse, Inc.",
        "change_pct": 10.19,
        "premarket": 0.8,
        "volume": 450,
        "category": "g",
        "source": "tv",
        "shortable": false,
        "exchange_name": "NASD",
        "market_cap": 1.83156,
        "existing": false
    },
    {
        "symbol": "VVOS",
        "company": "Vivos Therapeutics, Inc.",
        "change_pct": 10.16,
        "premarket": 0.31,
        "volume": 21260,
        "category": "g",
        "source": "tv",
        "shortable": false,
        "exchange_name": "NASD",
        "market_cap": 8.42196,
        "existing": false
    },
    {
        "symbol": "AVTR",
        "company": "Avantor, Inc.",
        "change_pct": -3.2,
        "premarket": 20.6,
        "volume": 5413,
        "category": "l",
        "source": "tv",
        "shortable": true,
        "exchange_name": "NYSE",
        "market_cap": 14366.29,
        "existing": false
    },
    {
        "symbol": "WRK",
        "company": "Westrock Company",
        "change_pct": -3.39,
        "premarket": 31.88,
        "volume": 200,
        "category": "l",
        "source": "tv",
        "shortable": true,
        "exchange_name": "NYSE",
        "market_cap": 8452.298,
        "existing": false
    },
    {
        "symbol": "QS",
        "company": "QuantumScape Corporation",
        "change_pct": -5.05,
        "premarket": 12.6,
        "volume": 488135,
        "category": "l",
        "source": "tv",
        "shortable": true,
        "exchange_name": "NYSE",
        "market_cap": 5887.396,
        "existing": false
    },
    {
        "symbol": "APLS",
        "company": "Apellis Pharmaceuticals, Inc.",
        "change_pct": -3.19,
        "premarket": 31.0,
        "volume": 1496000,
        "category": "l",
        "source": "tv",
        "shortable": true,
        "exchange_name": "NASD",
        "market_cap": 3728.953,
        "existing": false
    },
    {
        "symbol": "TIGO",
        "company": "Millicom International Cellular S.A.",
        "change_pct": -2.98,
        "premarket": 15.28,
        "volume": 390,
        "category": "l",
        "source": "tv",
        "shortable": true,
        "exchange_name": "NASD",
        "market_cap": 2710.517,
        "existing": false
    },
    {
        "symbol": "CAMT",
        "company": "Camtek Ltd.",
        "change_pct": -3.57,
        "premarket": 45.6,
        "volume": 22046,
        "category": "l",
        "source": "tv",
        "shortable": true,
        "exchange_name": "NASD",
        "market_cap": 2107.851,
        "existing": false
    },
    {
        "symbol": "ECX",
        "company": "ECARX Holdings Inc.",
        "change_pct": -3.85,
        "premarket": 5.0,
        "volume": 273,
        "category": "l",
        "source": "tv",
        "shortable": true,
        "exchange_name": "NASD",
        "market_cap": 1754.456,
        "existing": false
    },
    {
        "symbol": "EYE",
        "company": "National Vision Holdings, Inc.",
        "change_pct": -3.04,
        "premarket": 20.07,
        "volume": 200,
        "category": "l",
        "source": "tv",
        "shortable": true,
        "exchange_name": "NASD",
        "market_cap": 1616.396,
        "existing": false
    },
    {
        "symbol": "HTLD",
        "company": "Heartland Express, Inc.",
        "change_pct": -7.65,
        "premarket": 15.69,
        "volume": 2201,
        "category": "l",
        "source": "tv",
        "shortable": true,
        "exchange_name": "NASD",
        "market_cap": 1342.012,
        "existing": false
    },
    {
        "symbol": "GRND",
        "company": "Grindr Inc.",
        "change_pct": -3.23,
        "premarket": 5.69,
        "volume": 645,
        "category": "l",
        "source": "tv",
        "shortable": true,
        "exchange_name": "NYSE",
        "market_cap": 1022.209,
        "existing": false
    },
    {
        "symbol": "RTC",
        "company": "Baijiayun Group Ltd - Class",
        "change_pct": -4.17,
        "premarket": 7.59,
        "volume": 321,
        "category": "l",
        "source": "tv",
        "shortable": true,
        "exchange_name": "NASD",
        "market_cap": 663.5836,
        "existing": false
    },
    {
        "symbol": "JOUT",
        "company": "Johnson Outdoors Inc.",
        "change_pct": -3.24,
        "premarket": 57.0,
        "volume": 3245,
        "category": "l",
        "source": "tv",
        "shortable": true,
        "exchange_name": "NASD",
        "market_cap": 604.0314,
        "existing": false
    },
    {
        "symbol": "TTI",
        "company": "Tetra Technologies, Inc.",
        "change_pct": -5.69,
        "premarket": 4.13,
        "volume": 5800,
        "category": "l",
        "source": "tv",
        "shortable": true,
        "exchange_name": "NYSE",
        "market_cap": 566.7693,
        "existing": false
    },
    {
        "symbol": "SWIM",
        "company": "Latham Group, Inc.",
        "change_pct": -4.76,
        "premarket": 3.8,
        "volume": 100,
        "category": "l",
        "source": "tv",
        "shortable": true,
        "exchange_name": "NASD",
        "market_cap": 458.0082,
        "existing": false
    },
    {
        "symbol": "LEU",
        "company": "Centrus Energy Corp.",
        "change_pct": -2.97,
        "premarket": 34.35,
        "volume": 1233,
        "category": "l",
        "source": "tv",
        "shortable": true,
        "exchange_name": "AMEX",
        "market_cap": 434.8185,
        "existing": false
    },
    {
        "symbol": "EYPT",
        "company": "EyePoint Pharmaceuticals, Inc.",
        "change_pct": -5.18,
        "premarket": 11.23,
        "volume": 780,
        "category": "l",
        "source": "tv",
        "shortable": true,
        "exchange_name": "NASD",
        "market_cap": 406.1348,
        "existing": false
    },
    {
        "symbol": "POL",
        "company": "Polished Inc.",
        "change_pct": -16.1,
        "premarket": 0.5202,
        "volume": 106751,
        "category": "l",
        "source": "tv",
        "shortable": true,
        "exchange_name": "AMEX",
        "market_cap": 326.6091,
        "existing": false
    },
    {
        "symbol": "BLND",
        "company": "Blend Labs, Inc.",
        "change_pct": -6.11,
        "premarket": 1.23,
        "volume": 1650,
        "category": "l",
        "source": "tv",
        "shortable": false,
        "exchange_name": "NYSE",
        "market_cap": 319.4448,
        "existing": false
    },
    {
        "symbol": "BHIL",
        "company": "Benson Hill, Inc.",
        "change_pct": -3.05,
        "premarket": 1.27,
        "volume": 17706,
        "category": "l",
        "source": "tv",
        "shortable": true,
        "exchange_name": "NYSE",
        "market_cap": 271.7821,
        "existing": false
    },
    {
        "symbol": "SILC",
        "company": "Silicom Ltd",
        "change_pct": -24.2,
        "premarket": 29.6,
        "volume": 37863,
        "category": "l",
        "source": "tv",
        "shortable": true,
        "exchange_name": "NASD",
        "market_cap": 263.8331,
        "existing": false
    },
    {
        "symbol": "OVID",
        "company": "Ovid Therapeutics Inc.",
        "change_pct": -3.98,
        "premarket": 3.38,
        "volume": 100,
        "category": "l",
        "source": "tv",
        "shortable": true,
        "exchange_name": "NASD",
        "market_cap": 248.2351,
        "existing": false
    },
    {
        "symbol": "VRCA",
        "company": "Verrica Pharmaceuticals Inc.",
        "change_pct": -4.48,
        "premarket": 5.52,
        "volume": 424,
        "category": "l",
        "source": "tv",
        "shortable": true,
        "exchange_name": "NASD",
        "market_cap": 242.5126,
        "existing": false
    },
    {
        "symbol": "ADVM",
        "company": "Adverum Biotechnologies, Inc.",
        "change_pct": -6.73,
        "premarket": 1.94,
        "volume": 685,
        "category": "l",
        "source": "tv",
        "shortable": true,
        "exchange_name": "NASD",
        "market_cap": 209.1959,
        "existing": false
    },
    {
        "symbol": "CCCC",
        "company": "C4 Therapeutics, Inc.",
        "change_pct": -3.46,
        "premarket": 3.63,
        "volume": 100,
        "category": "l",
        "source": "tv",
        "shortable": true,
        "exchange_name": "NASD",
        "market_cap": 184.4797,
        "existing": false
    },
    {
        "symbol": "CTXR",
        "company": "Citius Pharmaceuticals, Inc.",
        "change_pct": -16.47,
        "premarket": 0.94,
        "volume": 1239000,
        "category": "l",
        "source": "tv",
        "shortable": true,
        "exchange_name": "NASD",
        "market_cap": 177.9207,
        "existing": false
    }
]