[
    {
        "symbol": "FOXO",
        "company": "FOXO Technologies Inc.",
        "change_pct": 111.08,
        "premarket": 0.282,
        "volume": 29500000,
        "category": "g",
        "source": "tv",
        "shortable": false,
        "exchange_name": "AMEX",
        "market_cap": 130.5116,
        "existing": false
    },
    {
        "symbol": "CHNR",
        "company": "China Natural Resources, Inc.",
        "change_pct": 41.84,
        "premarket": 2.78,
        "volume": 782859,
        "category": "g",
        "source": "tv",
        "shortable": false,
        "exchange_name": "NASD",
        "market_cap": 16.06788,
        "existing": false
    },
    {
        "symbol": "BRSH",
        "company": "Bruush Oral Care Inc.",
        "change_pct": 41.69,
        "premarket": 0.1859,
        "volume": 4514000,
        "category": "g",
        "source": "tv",
        "shortable": false,
        "exchange_name": "NASD",
        "market_cap": 1.06939,
        "existing": false
    },
    {
        "symbol": "EJH",
        "company": "E-Home Household Service Holdings Limited",
        "change_pct": 39.92,
        "premarket": 0.1679,
        "volume": 5773000,
        "category": "g",
        "source": "tv",
        "shortable": true,
        "exchange_name": "NASD",
        "market_cap": 16.14792,
        "existing": false
    },
    {
        "symbol": "ALLR",
        "company": "Allarity Therapeutics, Inc.",
        "change_pct": 23.96,
        "premarket": 3.26,
        "volume": 4901000,
        "category": "g",
        "source": "tv",
        "shortable": false,
        "exchange_name": "NASD",
        "market_cap": 2.26388,
        "existing": false
    },
    {
        "symbol": "CNXA",
        "company": "Connexa Sports Technologies Inc.",
        "change_pct": 23.08,
        "premarket": 0.16,
        "volume": 12599000,
        "category": "g",
        "source": "tv",
        "shortable": false,
        "exchange_name": "NASD",
        "market_cap": 2.52128,
        "existing": false
    },
    {
        "symbol": "BTTX",
        "company": "Better Therapeutics, Inc.",
        "change_pct": 17.26,
        "premarket": 0.727,
        "volume": 487542,
        "category": "g",
        "source": "tv",
        "shortable": true,
        "exchange_name": "NASD",
        "market_cap": 25.11741,
        "existing": false
    },
    {
        "symbol": "AURC",
        "company": "Aurora Acquisition Corp.",
        "change_pct": 16.92,
        "premarket": 51.5,
        "volume": 52260,
        "category": "g",
        "source": "tv",
        "shortable": true,
        "exchange_name": "NASD",
        "market_cap": 396.402,
        "existing": false
    },
    {
        "symbol": "CISS",
        "company": "C3is Inc.",
        "change_pct": 15.4,
        "premarket": 0.7,
        "volume": 173003,
        "category": "g",
        "source": "tv",
        "shortable": true,
        "exchange_name": "NASD",
        "market_cap": 0.0,
        "existing": false
    },
    {
        "symbol": "BNED",
        "company": "Barnes & Noble Education, Inc",
        "change_pct": 15.2,
        "premarket": 1.44,
        "volume": 974988,
        "category": "g",
        "source": "tv",
        "shortable": true,
        "exchange_name": "NYSE",
        "market_cap": 65.75534,
        "existing": false
    },
    {
        "symbol": "SLNG",
        "company": "Stabilis Solutions, Inc.",
        "change_pct": 14.56,
        "premarket": 4.72,
        "volume": 100,
        "category": "g",
        "source": "tv",
        "shortable": false,
        "exchange_name": "NASD",
        "market_cap": 76.13278,
        "existing": false
    },
    {
        "symbol": "YELL",
        "company": "Yellow Corporation",
        "change_pct": 14.37,
        "premarket": 0.8085,
        "volume": 3353000,
        "category": "g",
        "source": "tv",
        "shortable": true,
        "exchange_name": "NASD",
        "market_cap": 36.745,
        "existing": false
    },
    {
        "symbol": "NEWR",
        "company": "New Relic, Inc.",
        "change_pct": 14.33,
        "premarket": 84.66,
        "volume": 223436,
        "category": "g",
        "source": "tv",
        "shortable": true,
        "exchange_name": "NYSE",
        "market_cap": 5199.971,
        "existing": false
    },
    {
        "symbol": "EOSE",
        "company": "Eos Energy Enterprises, Inc.",
        "change_pct": 13.27,
        "premarket": 2.56,
        "volume": 420047,
        "category": "g",
        "source": "tv",
        "shortable": true,
        "exchange_name": "NASD",
        "market_cap": 287.4233,
        "existing": false
    },
    {
        "symbol": "SPCB",
        "company": "SuperCom, Ltd.",
        "change_pct": 13.0,
        "premarket": 1.13,
        "volume": 3751000,
        "category": "g",
        "source": "tv",
        "shortable": true,
        "exchange_name": "NASD",
        "market_cap": 5.94271,
        "existing": false
    },
    {
        "symbol": "INVZ",
        "company": "Innoviz Technologies Ltd.",
        "change_pct": 12.57,
        "premarket": 3.84,
        "volume": 134409,
        "category": "g",
        "source": "tv",
        "shortable": true,
        "exchange_name": "NASD",
        "market_cap": 464.8566,
        "existing": false
    },
    {
        "symbol": "IONM",
        "company": "Assure Holdings Corp.",
        "change_pct": 11.33,
        "premarket": 0.835,
        "volume": 3798,
        "category": "g",
        "source": "tv",
        "shortable": true,
        "exchange_name": "NASD",
        "market_cap": 0.8262,
        "existing": false
    },
    {
        "symbol": "ACHR",
        "company": "Archer Aviation Inc.",
        "change_pct": 11.28,
        "premarket": 5.32,
        "volume": 1025000,
        "category": "g",
        "source": "tv",
        "shortable": true,
        "exchange_name": "NYSE",
        "market_cap": 1182.799,
        "existing": false
    },
    {
        "symbol": "NBRV",
        "company": "Nabriva Therapeutics plc",
        "change_pct": 11.27,
        "premarket": 1.58,
        "volume": 212628,
        "category": "g",
        "source": "tv",
        "shortable": true,
        "exchange_name": "NASD",
        "market_cap": 4.54607,
        "existing": false
    },
    {
        "symbol": "CMPX",
        "company": "Compass Therapeutics, Inc.",
        "change_pct": 11.24,
        "premarket": 2.97,
        "volume": 12219,
        "category": "g",
        "source": "tv",
        "shortable": false,
        "exchange_name": "NASD",
        "market_cap": 337.775,
        "existing": false
    },
    {
        "symbol": "MNK",
        "company": "Mallinckrodt plc",
        "change_pct": 11.17,
        "premarket": 1.2,
        "volume": 348012,
        "category": "g",
        "source": "tv",
        "shortable": false,
        "exchange_name": "AMEX",
        "market_cap": 63.44173,
        "existing": false
    },
    {
        "symbol": "GDRX",
        "company": "GoodRx Holdings, Inc.",
        "change_pct": 10.52,
        "premarket": 7.46,
        "volume": 174583,
        "category": "g",
        "source": "tv",
        "shortable": true,
        "exchange_name": "NASD",
        "market_cap": 2678.861,
        "existing": false
    },
    {
        "symbol": "SOFI",
        "company": "SoFi Technologies, Inc.",
        "change_pct": 10.47,
        "premarket": 10.55,
        "volume": 18478000,
        "category": "g",
        "source": "tv",
        "shortable": true,
        "exchange_name": "NASD",
        "market_cap": 8985.553,
        "existing": false
    },
    {
        "symbol": "BNMV",
        "company": "BitNile Metaverse, Inc.",
        "change_pct": 10.19,
        "premarket": 0.8,
        "volume": 450,
        "category": "g",
        "source": "tv",
        "shortable": false,
        "exchange_name": "NASD",
        "market_cap": 1.83156,
        "existing": false
    },
    {
        "symbol": "VVOS",
        "company": "Vivos Therapeutics, Inc.",
        "change_pct": 10.16,
        "premarket": 0.31,
        "volume": 22160,
        "category": "g",
        "source": "tv",
        "shortable": false,
        "exchange_name": "NASD",
        "market_cap": 8.42196,
        "existing": false
    },
    {
        "symbol": "WRK",
        "company": "Westrock Company",
        "change_pct": -3.39,
        "premarket": 31.88,
        "volume": 200,
        "category": "l",
        "source": "tv",
        "shortable": true,
        "exchange_name": "NYSE",
        "market_cap": 8452.298,
        "existing": false
    },
    {
        "symbol": "CVNA",
        "company": "Carvana Co.",
        "change_pct": -2.89,
        "premarket": 42.75,
        "volume": 321459,
        "category": "l",
        "source": "tv",
        "shortable": true,
        "exchange_name": "NYSE",
        "market_cap": 8339.331,
        "existing": false
    },
    {
        "symbol": "QS",
        "company": "QuantumScape Corporation",
        "change_pct": -3.62,
        "premarket": 12.79,
        "volume": 516392,
        "category": "l",
        "source": "tv",
        "shortable": true,
        "exchange_name": "NYSE",
        "market_cap": 5887.396,
        "existing": false
    },
    {
        "symbol": "APLS",
        "company": "Apellis Pharmaceuticals, Inc.",
        "change_pct": -2.81,
        "premarket": 31.12,
        "volume": 1549000,
        "category": "l",
        "source": "tv",
        "shortable": true,
        "exchange_name": "NASD",
        "market_cap": 3728.953,
        "existing": false
    },
    {
        "symbol": "ECX",
        "company": "ECARX Holdings Inc.",
        "change_pct": -3.85,
        "premarket": 5.0,
        "volume": 273,
        "category": "l",
        "source": "tv",
        "shortable": true,
        "exchange_name": "NASD",
        "market_cap": 1754.456,
        "existing": false
    },
    {
        "symbol": "EYE",
        "company": "National Vision Holdings, Inc.",
        "change_pct": -3.04,
        "premarket": 20.07,
        "volume": 200,
        "category": "l",
        "source": "tv",
        "shortable": true,
        "exchange_name": "NASD",
        "market_cap": 1616.396,
        "existing": false
    },
    {
        "symbol": "CMRE",
        "company": "Costamare Inc.",
        "change_pct": -4.31,
        "premarket": 11.09,
        "volume": 12494,
        "category": "l",
        "source": "tv",
        "shortable": true,
        "exchange_name": "NYSE",
        "market_cap": 1417.477,
        "existing": false
    },
    {
        "symbol": "HTLD",
        "company": "Heartland Express, Inc.",
        "change_pct": -6.65,
        "premarket": 15.86,
        "volume": 3201,
        "category": "l",
        "source": "tv",
        "shortable": true,
        "exchange_name": "NASD",
        "market_cap": 1342.012,
        "existing": false
    },
    {
        "symbol": "GRND",
        "company": "Grindr Inc.",
        "change_pct": -3.23,
        "premarket": 5.69,
        "volume": 645,
        "category": "l",
        "source": "tv",
        "shortable": true,
        "exchange_name": "NYSE",
        "market_cap": 1022.209,
        "existing": false
    },
    {
        "symbol": "RTC",
        "company": "Baijiayun Group Ltd - Class",
        "change_pct": -4.17,
        "premarket": 7.59,
        "volume": 321,
        "category": "l",
        "source": "tv",
        "shortable": true,
        "exchange_name": "NASD",
        "market_cap": 663.5836,
        "existing": false
    },
    {
        "symbol": "JOUT",
        "company": "Johnson Outdoors Inc.",
        "change_pct": -3.24,
        "premarket": 57.0,
        "volume": 3245,
        "category": "l",
        "source": "tv",
        "shortable": true,
        "exchange_name": "NASD",
        "market_cap": 604.0314,
        "existing": false
    },
    {
        "symbol": "TTI",
        "company": "Tetra Technologies, Inc.",
        "change_pct": -3.88,
        "premarket": 4.21,
        "volume": 10156,
        "category": "l",
        "source": "tv",
        "shortable": true,
        "exchange_name": "NYSE",
        "market_cap": 566.7693,
        "existing": false
    },
    {
        "symbol": "SWIM",
        "company": "Latham Group, Inc.",
        "change_pct": -4.76,
        "premarket": 3.8,
        "volume": 100,
        "category": "l",
        "source": "tv",
        "shortable": true,
        "exchange_name": "NASD",
        "market_cap": 458.0082,
        "existing": false
    },
    {
        "symbol": "LEU",
        "company": "Centrus Energy Corp.",
        "change_pct": -2.97,
        "premarket": 34.35,
        "volume": 1233,
        "category": "l",
        "source": "tv",
        "shortable": true,
        "exchange_name": "AMEX",
        "market_cap": 434.8185,
        "existing": false
    },
    {
        "symbol": "EYPT",
        "company": "EyePoint Pharmaceuticals, Inc.",
        "change_pct": -5.18,
        "premarket": 11.23,
        "volume": 780,
        "category": "l",
        "source": "tv",
        "shortable": true,
        "exchange_name": "NASD",
        "market_cap": 406.1348,
        "existing": false
    },
    {
        "symbol": "POL",
        "company": "Polished Inc.",
        "change_pct": -13.39,
        "premarket": 0.537,
        "volume": 126793,
        "category": "l",
        "source": "tv",
        "shortable": true,
        "exchange_name": "AMEX",
        "market_cap": 326.6091,
        "existing": false
    },
    {
        "symbol": "BHIL",
        "company": "Benson Hill, Inc.",
        "change_pct": -3.05,
        "premarket": 1.27,
        "volume": 17706,
        "category": "l",
        "source": "tv",
        "shortable": true,
        "exchange_name": "NYSE",
        "market_cap": 271.7821,
        "existing": false
    },
    {
        "symbol": "SILC",
        "company": "Silicom Ltd",
        "change_pct": -21.13,
        "premarket": 30.8,
        "volume": 59658,
        "category": "l",
        "source": "tv",
        "shortable": true,
        "exchange_name": "NASD",
        "market_cap": 263.8331,
        "existing": false
    },
    {
        "symbol": "OVID",
        "company": "Ovid Therapeutics Inc.",
        "change_pct": -3.98,
        "premarket": 3.38,
        "volume": 100,
        "category": "l",
        "source": "tv",
        "shortable": true,
        "exchange_name": "NASD",
        "market_cap": 248.2351,
        "existing": false
    },
    {
        "symbol": "VRCA",
        "company": "Verrica Pharmaceuticals Inc.",
        "change_pct": -4.48,
        "premarket": 5.52,
        "volume": 424,
        "category": "l",
        "source": "tv",
        "shortable": true,
        "exchange_name": "NASD",
        "market_cap": 242.5126,
        "existing": false
    },
    {
        "symbol": "ADVM",
        "company": "Adverum Biotechnologies, Inc.",
        "change_pct": -6.73,
        "premarket": 1.94,
        "volume": 685,
        "category": "l",
        "source": "tv",
        "shortable": true,
        "exchange_name": "NASD",
        "market_cap": 209.1959,
        "existing": false
    },
    {
        "symbol": "CTXR",
        "company": "Citius Pharmaceuticals, Inc.",
        "change_pct": -17.89,
        "premarket": 0.92,
        "volume": 1286000,
        "category": "l",
        "source": "tv",
        "shortable": true,
        "exchange_name": "NASD",
        "market_cap": 177.9207,
        "existing": false
    },
    {
        "symbol": "YCBD",
        "company": "cbdMD, Inc.",
        "change_pct": -4.9,
        "premarket": 1.36,
        "volume": 4214,
        "category": "l",
        "source": "tv",
        "shortable": true,
        "exchange_name": "AMEX",
        "market_cap": 134.5935,
        "existing": false
    },
    {
        "symbol": "LL",
        "company": "LL Flooring Holdings, Inc.",
        "change_pct": -3.06,
        "premarket": 3.8,
        "volume": 302,
        "category": "l",
        "source": "tv",
        "shortable": true,
        "exchange_name": "NYSE",
        "market_cap": 119.5443,
        "existing": false
    },
    {
        "symbol": "NKTX",
        "company": "Nkarta, Inc.",
        "change_pct": -3.72,
        "premarket": 2.07,
        "volume": 499,
        "category": "l",
        "source": "tv",
        "shortable": false,
        "exchange_name": "NASD",
        "market_cap": 105.2101,
        "existing": false
    }
]