[
    {
        "symbol": "TUP",
        "company": "Tupperware Brands Corporation",
        "change_pct": 53.98,
        "premarket": 5.42,
        "volume": 9166000,
        "category": "g",
        "source": "tv",
        "shortable": true,
        "exchange_name": "NYSE",
        "market_cap": 156.5627,
        "existing": false
    },
    {
        "symbol": "TKAT",
        "company": "Takung Art Co., Ltd.",
        "change_pct": 40.26,
        "premarket": 0.27,
        "volume": 371490,
        "category": "g",
        "source": "tv",
        "shortable": false,
        "exchange_name": "AMEX",
        "market_cap": 101.6234,
        "existing": false
    },
    {
        "symbol": "USM",
        "company": "United States Cellular Corporation",
        "change_pct": 32.23,
        "premarket": 23.14,
        "volume": 120396,
        "category": "g",
        "source": "tv",
        "shortable": true,
        "exchange_name": "NYSE",
        "market_cap": 1482.574,
        "existing": false
    },
    {
        "symbol": "TMPO",
        "company": "Tempo Automation Holdings, Inc.",
        "change_pct": 27.21,
        "premarket": 0.3202,
        "volume": 980497,
        "category": "g",
        "source": "tv",
        "shortable": true,
        "exchange_name": "NASD",
        "market_cap": 7.74188,
        "existing": false
    },
    {
        "symbol": "POL",
        "company": "Polished Inc.",
        "change_pct": 26.2,
        "premarket": 0.2587,
        "volume": 6088000,
        "category": "g",
        "source": "tv",
        "shortable": true,
        "exchange_name": "AMEX",
        "market_cap": 326.6091,
        "existing": false
    },
    {
        "symbol": "AAOI",
        "company": "Applied Optoelectronics, Inc.",
        "change_pct": 25.03,
        "premarket": 8.24,
        "volume": 579674,
        "category": "g",
        "source": "tv",
        "shortable": true,
        "exchange_name": "NASD",
        "market_cap": 209.4633,
        "existing": false
    },
    {
        "symbol": "TDS",
        "company": "Telephone and Data Systems, Inc.",
        "change_pct": 23.54,
        "premarket": 9.76,
        "volume": 113739,
        "category": "g",
        "source": "tv",
        "shortable": true,
        "exchange_name": "NYSE",
        "market_cap": 830.5357,
        "existing": false
    },
    {
        "symbol": "FUBO",
        "company": "fuboTV Inc.",
        "change_pct": 20.87,
        "premarket": 3.88,
        "volume": 7164000,
        "category": "g",
        "source": "tv",
        "shortable": true,
        "exchange_name": "NYSE",
        "market_cap": 936.8386,
        "existing": false
    },
    {
        "symbol": "TEAM",
        "company": "Atlassian Corporation",
        "change_pct": 20.84,
        "premarket": 205.01,
        "volume": 37399,
        "category": "g",
        "source": "tv",
        "shortable": true,
        "exchange_name": "NASD",
        "market_cap": 43601.28,
        "existing": false
    },
    {
        "symbol": "TIVC",
        "company": "Tivic Health Systems, Inc.",
        "change_pct": 20.8,
        "premarket": 0.0697,
        "volume": 20595000,
        "category": "g",
        "source": "tv",
        "shortable": false,
        "exchange_name": "NASD",
        "market_cap": 6.54478,
        "existing": false
    },
    {
        "symbol": "BIGC",
        "company": "BigCommerce Holdings, Inc. - Series 1",
        "change_pct": 17.0,
        "premarket": 11.15,
        "volume": 47915,
        "category": "g",
        "source": "tv",
        "shortable": true,
        "exchange_name": "NASD",
        "market_cap": 710.46,
        "existing": false
    },
    {
        "symbol": "YELL",
        "company": "Yellow Corporation",
        "change_pct": 16.94,
        "premarket": 4.21,
        "volume": 2050000,
        "category": "g",
        "source": "tv",
        "shortable": true,
        "exchange_name": "NASD",
        "market_cap": 187.1297,
        "existing": false
    },
    {
        "symbol": "BNIX",
        "company": "Bannix Acquisition Corp.",
        "change_pct": 16.78,
        "premarket": 12.39,
        "volume": 620,
        "category": "g",
        "source": "tv",
        "shortable": false,
        "exchange_name": "NASD",
        "market_cap": 57.96893,
        "existing": false
    },
    {
        "symbol": "DBGI",
        "company": "Digital Brands Group, Inc.",
        "change_pct": 16.08,
        "premarket": 0.5689,
        "volume": 1665,
        "category": "g",
        "source": "tv",
        "shortable": false,
        "exchange_name": "NASD",
        "market_cap": 3.88529,
        "existing": false
    },
    {
        "symbol": "TOPS",
        "company": "TOP Ships Inc.",
        "change_pct": 16.01,
        "premarket": 0.79,
        "volume": 2386000,
        "category": "g",
        "source": "tv",
        "shortable": true,
        "exchange_name": "NASD",
        "market_cap": 13.85569,
        "existing": false
    },
    {
        "symbol": "JEWL",
        "company": "Adamas One Corp.",
        "change_pct": 15.29,
        "premarket": 1.96,
        "volume": 60074,
        "category": "g",
        "source": "tv",
        "shortable": true,
        "exchange_name": "NASD",
        "market_cap": 39.28959,
        "existing": false
    },
    {
        "symbol": "SNMP",
        "company": "Evolve Transition Infrastructure LP",
        "change_pct": 15.09,
        "premarket": 6.33,
        "volume": 9947,
        "category": "g",
        "source": "tv",
        "shortable": false,
        "exchange_name": "AMEX",
        "market_cap": 4.15858,
        "existing": false
    },
    {
        "symbol": "DKNG",
        "company": "DraftKings Inc.",
        "change_pct": 12.5,
        "premarket": 33.74,
        "volume": 374611,
        "category": "g",
        "source": "tv",
        "shortable": true,
        "exchange_name": "NASD",
        "market_cap": 13851.36,
        "existing": false
    },
    {
        "symbol": "ACMR",
        "company": "ACM Research, Inc.",
        "change_pct": 12.36,
        "premarket": 13.45,
        "volume": 36365,
        "category": "g",
        "source": "tv",
        "shortable": true,
        "exchange_name": "NASD",
        "market_cap": 716.6977,
        "existing": false
    },
    {
        "symbol": "SRTS",
        "company": "Sensus Healthcare, Inc.",
        "change_pct": 12.13,
        "premarket": 3.05,
        "volume": 5100,
        "category": "g",
        "source": "tv",
        "shortable": true,
        "exchange_name": "NASD",
        "market_cap": 44.5992,
        "existing": false
    },
    {
        "symbol": "XPOF",
        "company": "Xponential Fitness, Inc.",
        "change_pct": 12.07,
        "premarket": 23.12,
        "volume": 6817,
        "category": "g",
        "source": "tv",
        "shortable": true,
        "exchange_name": "NYSE",
        "market_cap": 1022.358,
        "existing": false
    },
    {
        "symbol": "CASA",
        "company": "Casa Systems, Inc.",
        "change_pct": 11.76,
        "premarket": 1.14,
        "volume": 100,
        "category": "g",
        "source": "tv",
        "shortable": true,
        "exchange_name": "NASD",
        "market_cap": 98.65053,
        "existing": false
    },
    {
        "symbol": "GMBL",
        "company": "Esports Entertainment Group Inc.",
        "change_pct": 10.97,
        "premarket": 0.3782,
        "volume": 1900000,
        "category": "g",
        "source": "tv",
        "shortable": true,
        "exchange_name": "NASD",
        "market_cap": 1.13813,
        "existing": false
    },
    {
        "symbol": "EMKR",
        "company": "EMCORE Corporation",
        "change_pct": 10.79,
        "premarket": 0.77,
        "volume": 5794,
        "category": "g",
        "source": "tv",
        "shortable": true,
        "exchange_name": "NASD",
        "market_cap": 37.48391,
        "existing": false
    },
    {
        "symbol": "NRSN",
        "company": "NeuroSense Therapeutics Ltd.",
        "change_pct": 10.78,
        "premarket": 1.13,
        "volume": 200,
        "category": "g",
        "source": "tv",
        "shortable": true,
        "exchange_name": "NASD",
        "market_cap": 13.3742,
        "existing": false
    },
    {
        "symbol": "PANW",
        "company": "Palo Alto Networks, Inc.",
        "change_pct": -4.65,
        "premarket": 226.4,
        "volume": 68966,
        "category": "l",
        "source": "tv",
        "shortable": true,
        "exchange_name": "NASD",
        "market_cap": 72625.23,
        "existing": false
    },
    {
        "symbol": "FTNT",
        "company": "Fortinet, Inc.",
        "change_pct": -18.16,
        "premarket": 62.0,
        "volume": 355195,
        "category": "l",
        "source": "tv",
        "shortable": true,
        "exchange_name": "NASD",
        "market_cap": 59486.46,
        "existing": false
    },
    {
        "symbol": "MCHP",
        "company": "Microchip Technology Incorporated",
        "change_pct": -5.74,
        "premarket": 84.38,
        "volume": 46224,
        "category": "l",
        "source": "tv",
        "shortable": true,
        "exchange_name": "NASD",
        "market_cap": 48728.78,
        "existing": false
    },
    {
        "symbol": "SQ",
        "company": "Block, Inc.",
        "change_pct": -6.87,
        "premarket": 68.49,
        "volume": 311139,
        "category": "l",
        "source": "tv",
        "shortable": true,
        "exchange_name": "NYSE",
        "market_cap": 44490.07,
        "existing": false
    },
    {
        "symbol": "RMD",
        "company": "ResMed Inc.",
        "change_pct": -8.3,
        "premarket": 201.69,
        "volume": 1928,
        "category": "l",
        "source": "tv",
        "shortable": true,
        "exchange_name": "NYSE",
        "market_cap": 32317.4,
        "existing": false
    },
    {
        "symbol": "LYB",
        "company": "LyondellBasell Industries NV",
        "change_pct": -4.08,
        "premarket": 92.5,
        "volume": 4334,
        "category": "l",
        "source": "tv",
        "shortable": true,
        "exchange_name": "NYSE",
        "market_cap": 31366.19,
        "existing": false
    },
    {
        "symbol": "IEP",
        "company": "Icahn Enterprises L.P. - Depositary",
        "change_pct": -30.08,
        "premarket": 22.85,
        "volume": 1213000,
        "category": "l",
        "source": "tv",
        "shortable": true,
        "exchange_name": "NASD",
        "market_cap": 12065.37,
        "existing": false
    },
    {
        "symbol": "MTZ",
        "company": "MasTec, Inc.",
        "change_pct": -11.78,
        "premarket": 106.71,
        "volume": 9890,
        "category": "l",
        "source": "tv",
        "shortable": true,
        "exchange_name": "NYSE",
        "market_cap": 9538.808,
        "existing": false
    },
    {
        "symbol": "TXG",
        "company": "10x Genomics, Inc.",
        "change_pct": -4.26,
        "premarket": 56.0,
        "volume": 684,
        "category": "l",
        "source": "tv",
        "shortable": true,
        "exchange_name": "NASD",
        "market_cap": 6796.077,
        "existing": false
    },
    {
        "symbol": "OMF",
        "company": "OneMain Holdings, Inc.",
        "change_pct": -3.97,
        "premarket": 43.5,
        "volume": 139,
        "category": "l",
        "source": "tv",
        "shortable": true,
        "exchange_name": "NYSE",
        "market_cap": 5454.956,
        "existing": false
    },
    {
        "symbol": "DOCN",
        "company": "DigitalOcean Holdings, Inc.",
        "change_pct": -18.59,
        "premarket": 38.0,
        "volume": 123958,
        "category": "l",
        "source": "tv",
        "shortable": true,
        "exchange_name": "NYSE",
        "market_cap": 4145.768,
        "existing": false
    },
    {
        "symbol": "QS",
        "company": "QuantumScape Corporation",
        "change_pct": -10.44,
        "premarket": 7.89,
        "volume": 6505000,
        "category": "l",
        "source": "tv",
        "shortable": true,
        "exchange_name": "NYSE",
        "market_cap": 3943.875,
        "existing": false
    },
    {
        "symbol": "SYNA",
        "company": "Synaptics Incorporated",
        "change_pct": -10.95,
        "premarket": 79.95,
        "volume": 586,
        "category": "l",
        "source": "tv",
        "shortable": true,
        "exchange_name": "NASD",
        "market_cap": 3548.46,
        "existing": false
    },
    {
        "symbol": "HAYW",
        "company": "Hayward Holdings, Inc.",
        "change_pct": -4.83,
        "premarket": 13.98,
        "volume": 233934,
        "category": "l",
        "source": "tv",
        "shortable": true,
        "exchange_name": "NYSE",
        "market_cap": 3126.146,
        "existing": false
    },
    {
        "symbol": "OPEN",
        "company": "Opendoor Technologies Inc",
        "change_pct": -11.34,
        "premarket": 4.26,
        "volume": 504553,
        "category": "l",
        "source": "tv",
        "shortable": true,
        "exchange_name": "NASD",
        "market_cap": 3117.375,
        "existing": false
    },
    {
        "symbol": "SPT",
        "company": "Sprout Social, Inc",
        "change_pct": -8.21,
        "premarket": 49.0,
        "volume": 200,
        "category": "l",
        "source": "tv",
        "shortable": true,
        "exchange_name": "NASD",
        "market_cap": 2957.132,
        "existing": false
    },
    {
        "symbol": "TMDX",
        "company": "TransMedics Group, Inc.",
        "change_pct": -11.16,
        "premarket": 77.76,
        "volume": 3374,
        "category": "l",
        "source": "tv",
        "shortable": true,
        "exchange_name": "NASD",
        "market_cap": 2849.421,
        "existing": false
    },
    {
        "symbol": "IHS",
        "company": "IHS Holding Limited",
        "change_pct": -3.84,
        "premarket": 8.02,
        "volume": 7944,
        "category": "l",
        "source": "tv",
        "shortable": true,
        "exchange_name": "NYSE",
        "market_cap": 2768.213,
        "existing": false
    },
    {
        "symbol": "MWA",
        "company": "MUELLER WATER PRODUCTS",
        "change_pct": -13.99,
        "premarket": 13.65,
        "volume": 1241,
        "category": "l",
        "source": "tv",
        "shortable": true,
        "exchange_name": "NYSE",
        "market_cap": 2482.411,
        "existing": false
    },
    {
        "symbol": "CARG",
        "company": "CarGurus, Inc.",
        "change_pct": -9.17,
        "premarket": 19.52,
        "volume": 853,
        "category": "l",
        "source": "tv",
        "shortable": true,
        "exchange_name": "NASD",
        "market_cap": 2435.209,
        "existing": false
    },
    {
        "symbol": "NKLA",
        "company": "Nikola Corporation",
        "change_pct": -8.98,
        "premarket": 3.09,
        "volume": 22949000,
        "category": "l",
        "source": "tv",
        "shortable": true,
        "exchange_name": "NASD",
        "market_cap": 2433.491,
        "existing": false
    },
    {
        "symbol": "TNDM",
        "company": "Tandem Diabetes Care, Inc.",
        "change_pct": -12.5,
        "premarket": 27.99,
        "volume": 6885,
        "category": "l",
        "source": "tv",
        "shortable": true,
        "exchange_name": "NASD",
        "market_cap": 2067.253,
        "existing": false
    },
    {
        "symbol": "ABCL",
        "company": "AbCellera Biologics Inc.",
        "change_pct": -7.17,
        "premarket": 6.47,
        "volume": 14890,
        "category": "l",
        "source": "tv",
        "shortable": true,
        "exchange_name": "NASD",
        "market_cap": 2012.435,
        "existing": false
    },
    {
        "symbol": "RDFN",
        "company": "Redfin Corporation",
        "change_pct": -10.8,
        "premarket": 12.8,
        "volume": 67124,
        "category": "l",
        "source": "tv",
        "shortable": true,
        "exchange_name": "NASD",
        "market_cap": 1590.054,
        "existing": false
    },
    {
        "symbol": "NTB",
        "company": "Bank of N.T. Butterfield & Son Limited (The) Voting",
        "change_pct": -4.99,
        "premarket": 29.35,
        "volume": 100,
        "category": "l",
        "source": "tv",
        "shortable": true,
        "exchange_name": "NYSE",
        "market_cap": 1536.998,
        "existing": false
    }
]