[
    {
        "symbol": "VVPR",
        "company": "VivoPower International PLC",
        "change_pct": 58.01,
        "premarket": 0.73,
        "volume": 3691100,
        "category": "g",
        "source": "tv",
        "shortable": false,
        "exchange_name": "NASD",
        "market_cap": 10.93543,
        "existing": false
    },
    {
        "symbol": "GDC",
        "company": "GD Culture Group Limited",
        "change_pct": 51.84,
        "premarket": 6.59,
        "volume": 3638100,
        "category": "g",
        "source": "tv",
        "shortable": true,
        "exchange_name": "NASD",
        "market_cap": 6.19624,
        "existing": false
    },
    {
        "symbol": "APLD",
        "company": "Applied Digital Corporation",
        "change_pct": 43.19,
        "premarket": 4.89,
        "volume": 5202100,
        "category": "g",
        "source": "tv",
        "shortable": false,
        "exchange_name": "NASD",
        "market_cap": 324.0887,
        "existing": false
    },
    {
        "symbol": "TRKA",
        "company": "Troika Media Group, Inc.",
        "change_pct": 34.02,
        "premarket": 0.2651,
        "volume": 14074100,
        "category": "g",
        "source": "tv",
        "shortable": false,
        "exchange_name": "NASD",
        "market_cap": 79.59255,
        "existing": false
    },
    {
        "symbol": "MICS",
        "company": "The Singing Machine Company, Inc.",
        "change_pct": 29.52,
        "premarket": 1.36,
        "volume": 2321100,
        "category": "g",
        "source": "tv",
        "shortable": false,
        "exchange_name": "NASD",
        "market_cap": 3.31092,
        "existing": false
    },
    {
        "symbol": "ASPI",
        "company": "ASP Isotopes Inc.",
        "change_pct": 25.56,
        "premarket": 0.5501,
        "volume": 1353100,
        "category": "g",
        "source": "tv",
        "shortable": false,
        "exchange_name": "NASD",
        "market_cap": 16.37867,
        "existing": false
    },
    {
        "symbol": "PHIO",
        "company": "Phio Pharmaceuticals Corp.",
        "change_pct": 25.22,
        "premarket": 4.22,
        "volume": 1575100,
        "category": "g",
        "source": "tv",
        "shortable": true,
        "exchange_name": "NASD",
        "market_cap": 5.07038,
        "existing": false
    },
    {
        "symbol": "BEEM",
        "company": "Beam Global",
        "change_pct": 20.44,
        "premarket": 12.08,
        "volume": 82848,
        "category": "g",
        "source": "tv",
        "shortable": true,
        "exchange_name": "NASD",
        "market_cap": 107.9248,
        "existing": false
    },
    {
        "symbol": "SNAX",
        "company": "Stryve Foods, Inc.",
        "change_pct": 19.49,
        "premarket": 0.4899,
        "volume": 510,
        "category": "g",
        "source": "tv",
        "shortable": false,
        "exchange_name": "NASD",
        "market_cap": 13.20299,
        "existing": false
    },
    {
        "symbol": "TCJH",
        "company": "Top KingWin Ltd",
        "change_pct": 19.44,
        "premarket": 7.62,
        "volume": 25076,
        "category": "g",
        "source": "tv",
        "shortable": true,
        "exchange_name": "NASD",
        "market_cap": 94.105,
        "existing": false
    },
    {
        "symbol": "COYA",
        "company": "Coya Therapeutics, Inc.",
        "change_pct": 17.92,
        "premarket": 6.25,
        "volume": 107940,
        "category": "g",
        "source": "tv",
        "shortable": true,
        "exchange_name": "NASD",
        "market_cap": 52.72395,
        "existing": false
    },
    {
        "symbol": "CTIB",
        "company": "Yunhong CTI Ltd.",
        "change_pct": 17.65,
        "premarket": 2.2,
        "volume": 3469,
        "category": "g",
        "source": "tv",
        "shortable": true,
        "exchange_name": "NASD",
        "market_cap": 37.34718,
        "existing": false
    },
    {
        "symbol": "XFOR",
        "company": "X4 Pharmaceuticals, Inc.",
        "change_pct": 16.45,
        "premarket": 1.77,
        "volume": 2053100,
        "category": "g",
        "source": "tv",
        "shortable": true,
        "exchange_name": "NASD",
        "market_cap": 185.7554,
        "existing": false
    },
    {
        "symbol": "YS",
        "company": "YS Biopharma Co., Ltd.",
        "change_pct": 15.32,
        "premarket": 1.43,
        "volume": 984693,
        "category": "g",
        "source": "tv",
        "shortable": false,
        "exchange_name": "NASD",
        "market_cap": 115.3922,
        "existing": false
    },
    {
        "symbol": "UIHC",
        "company": "United Insurance Holdings Corp.",
        "change_pct": 14.43,
        "premarket": 4.68,
        "volume": 22190,
        "category": "g",
        "source": "tv",
        "shortable": true,
        "exchange_name": "NASD",
        "market_cap": 176.9881,
        "existing": false
    },
    {
        "symbol": "MOVE",
        "company": "Movano Inc.",
        "change_pct": 14.16,
        "premarket": 1.29,
        "volume": 500,
        "category": "g",
        "source": "tv",
        "shortable": true,
        "exchange_name": "NASD",
        "market_cap": 46.83473,
        "existing": false
    },
    {
        "symbol": "AREB",
        "company": "American Rebel Holdings, Inc.",
        "change_pct": 13.39,
        "premarket": 0.1643,
        "volume": 296908,
        "category": "g",
        "source": "tv",
        "shortable": false,
        "exchange_name": "NASD",
        "market_cap": 2.45323,
        "existing": false
    },
    {
        "symbol": "BKYI",
        "company": "BIO-key International, Inc.",
        "change_pct": 12.32,
        "premarket": 0.7302,
        "volume": 21606,
        "category": "g",
        "source": "tv",
        "shortable": true,
        "exchange_name": "NASD",
        "market_cap": 5.97475,
        "existing": false
    },
    {
        "symbol": "TBMC",
        "company": "Trailblazer Merger Corporation I",
        "change_pct": 12.18,
        "premarket": 11.33,
        "volume": 200,
        "category": "g",
        "source": "tv",
        "shortable": false,
        "exchange_name": "NASD",
        "market_cap": 0.0,
        "existing": false
    },
    {
        "symbol": "LMDX",
        "company": "LumiraDx Limited",
        "change_pct": 12.07,
        "premarket": 0.5996,
        "volume": 2000,
        "category": "g",
        "source": "tv",
        "shortable": true,
        "exchange_name": "NASD",
        "market_cap": 87.91214,
        "existing": false
    },
    {
        "symbol": "SHPH",
        "company": "Shuttle Pharmaceuticals Holdings, Inc.",
        "change_pct": 12.04,
        "premarket": 1.21,
        "volume": 2401,
        "category": "g",
        "source": "tv",
        "shortable": false,
        "exchange_name": "NASD",
        "market_cap": 14.74646,
        "existing": false
    },
    {
        "symbol": "VTSI",
        "company": "VirTra, Inc.",
        "change_pct": 11.99,
        "premarket": 6.63,
        "volume": 42196,
        "category": "g",
        "source": "tv",
        "shortable": true,
        "exchange_name": "NASD",
        "market_cap": 64.67437,
        "existing": false
    },
    {
        "symbol": "BRDS",
        "company": "Bird Global, Inc.",
        "change_pct": 11.87,
        "premarket": 0.1235,
        "volume": 513406,
        "category": "g",
        "source": "tv",
        "shortable": false,
        "exchange_name": "NYSE",
        "market_cap": 35.47747,
        "existing": false
    },
    {
        "symbol": "MBRX",
        "company": "Moleculin Biotech, Inc.",
        "change_pct": 11.65,
        "premarket": 0.688,
        "volume": 200,
        "category": "g",
        "source": "tv",
        "shortable": true,
        "exchange_name": "NASD",
        "market_cap": 18.28605,
        "existing": false
    },
    {
        "symbol": "ALTI",
        "company": "AlTi Global, Inc.",
        "change_pct": 10.91,
        "premarket": 6.0,
        "volume": 17258,
        "category": "g",
        "source": "tv",
        "shortable": true,
        "exchange_name": "NASD",
        "market_cap": 611.4841,
        "existing": false
    },
    {
        "symbol": "GLMD",
        "company": "Galmed Pharmaceuticals Ltd.",
        "change_pct": 10.58,
        "premarket": 4.6,
        "volume": 800,
        "category": "g",
        "source": "tv",
        "shortable": true,
        "exchange_name": "NASD",
        "market_cap": 104.8461,
        "existing": false
    },
    {
        "symbol": "MWG",
        "company": "Multi Ways Holdings Limited",
        "change_pct": 10.41,
        "premarket": 0.7795,
        "volume": 1448100,
        "category": "g",
        "source": "tv",
        "shortable": true,
        "exchange_name": "AMEX",
        "market_cap": 0.0,
        "existing": false
    },
    {
        "symbol": "AUID",
        "company": "authID Inc.",
        "change_pct": 10.3,
        "premarket": 0.4305,
        "volume": 975,
        "category": "g",
        "source": "tv",
        "shortable": true,
        "exchange_name": "NASD",
        "market_cap": 10.09489,
        "existing": false
    },
    {
        "symbol": "AUUD",
        "company": "Auddia Inc.",
        "change_pct": 10.2,
        "premarket": 0.54,
        "volume": 33182,
        "category": "g",
        "source": "tv",
        "shortable": false,
        "exchange_name": "NASD",
        "market_cap": 6.29685,
        "existing": false
    },
    {
        "symbol": "APRN",
        "company": "Blue Apron Holdings, Inc.",
        "change_pct": 9.68,
        "premarket": 0.5042,
        "volume": 906499,
        "category": "g",
        "source": "tv",
        "shortable": true,
        "exchange_name": "NYSE",
        "market_cap": 33.40598,
        "existing": false
    },
    {
        "symbol": "NDRA",
        "company": "ENDRA Life Sciences Inc.",
        "change_pct": 9.38,
        "premarket": 1.4,
        "volume": 3450,
        "category": "g",
        "source": "tv",
        "shortable": true,
        "exchange_name": "NASD",
        "market_cap": 8.85645,
        "existing": false
    },
    {
        "symbol": "EBET",
        "company": "EBET, INC.",
        "change_pct": 8.74,
        "premarket": 0.291,
        "volume": 3358,
        "category": "g",
        "source": "tv",
        "shortable": true,
        "exchange_name": "NASD",
        "market_cap": 6.72872,
        "existing": false
    },
    {
        "symbol": "HTCR",
        "company": "Heartcore Enterprises, Inc.",
        "change_pct": 8.69,
        "premarket": 1.043,
        "volume": 100,
        "category": "g",
        "source": "tv",
        "shortable": false,
        "exchange_name": "NASD",
        "market_cap": 20.00065,
        "existing": false
    },
    {
        "symbol": "SCOR",
        "company": "comScore, Inc.",
        "change_pct": 8.37,
        "premarket": 0.893,
        "volume": 2462,
        "category": "g",
        "source": "tv",
        "shortable": true,
        "exchange_name": "NASD",
        "market_cap": 77.03943,
        "existing": false
    },
    {
        "symbol": "RETO",
        "company": "ReTo Eco-Solutions, Inc.",
        "change_pct": 8.22,
        "premarket": 2.66,
        "volume": 67912,
        "category": "g",
        "source": "tv",
        "shortable": false,
        "exchange_name": "NASD",
        "market_cap": 10.66745,
        "existing": false
    },
    {
        "symbol": "DFLI",
        "company": "Dragonfly Energy Holdings Corp",
        "change_pct": 7.82,
        "premarket": 3.17,
        "volume": 3773,
        "category": "g",
        "source": "tv",
        "shortable": true,
        "exchange_name": "NASD",
        "market_cap": 134.713,
        "existing": false
    },
    {
        "symbol": "SYTA",
        "company": "Siyata Mobile, Inc.",
        "change_pct": 7.53,
        "premarket": 0.14,
        "volume": 214383,
        "category": "g",
        "source": "tv",
        "shortable": false,
        "exchange_name": "NASD",
        "market_cap": 8.19107,
        "existing": false
    },
    {
        "symbol": "VKTX",
        "company": "Viking Therapeutics, Inc.",
        "change_pct": 7.32,
        "premarket": 23.6,
        "volume": 1312100,
        "category": "g",
        "source": "tv",
        "shortable": true,
        "exchange_name": "NASD",
        "market_cap": 2195.468,
        "existing": false
    },
    {
        "symbol": "LLAP",
        "company": "Terran Orbital Corporation",
        "change_pct": 7.15,
        "premarket": 1.65,
        "volume": 167061,
        "category": "g",
        "source": "tv",
        "shortable": true,
        "exchange_name": "NYSE",
        "market_cap": 223.3286,
        "existing": false
    },
    {
        "symbol": "BFI",
        "company": "BurgerFi International Inc",
        "change_pct": 7.14,
        "premarket": 1.35,
        "volume": 2133,
        "category": "g",
        "source": "tv",
        "shortable": true,
        "exchange_name": "NASD",
        "market_cap": 30.01711,
        "existing": false
    }
]