[
    {
        "symbol": "TMBR",
        "company": "Timber Pharmaceuticals, Inc.",
        "change_pct": 116.2,
        "premarket": 3.07,
        "volume": 2946000,
        "category": "g",
        "source": "tv",
        "shortable": true,
        "exchange_name": "AMEX",
        "market_cap": 34.02019,
        "existing": false
    },
    {
        "symbol": "SXTC",
        "company": "China SXT Pharmaceuticals, Inc.",
        "change_pct": 75.69,
        "premarket": 0.2609,
        "volume": 28587000,
        "category": "g",
        "source": "tv",
        "shortable": false,
        "exchange_name": "NASD",
        "market_cap": 2.09954,
        "existing": false
    },
    {
        "symbol": "CPHI",
        "company": "China Pharma Holdings, Inc.",
        "change_pct": 31.96,
        "premarket": 0.289,
        "volume": 5687000,
        "category": "g",
        "source": "tv",
        "shortable": true,
        "exchange_name": "AMEX",
        "market_cap": 30.28779,
        "existing": false
    },
    {
        "symbol": "TIRX",
        "company": "TIAN RUIXIANG Holdings Ltd",
        "change_pct": 30.28,
        "premarket": 1.42,
        "volume": 4707000,
        "category": "g",
        "source": "tv",
        "shortable": false,
        "exchange_name": "NASD",
        "market_cap": 3.56947,
        "existing": false
    },
    {
        "symbol": "GFGD",
        "company": "The Growth for Good Acquisition Corporation",
        "change_pct": 23.67,
        "premarket": 10.45,
        "volume": 31078,
        "category": "g",
        "source": "tv",
        "shortable": false,
        "exchange_name": "NASD",
        "market_cap": 273.9912,
        "existing": false
    },
    {
        "symbol": "ELIQ",
        "company": "Electriq Power Holdings, Inc.",
        "change_pct": 22.01,
        "premarket": 1.94,
        "volume": 1522000,
        "category": "g",
        "source": "tv",
        "shortable": true,
        "exchange_name": "NYSE",
        "market_cap": 60.61229,
        "existing": false
    },
    {
        "symbol": "SLNA",
        "company": "Selina Hospitality PLC",
        "change_pct": 18.6,
        "premarket": 0.51,
        "volume": 118904,
        "category": "g",
        "source": "tv",
        "shortable": false,
        "exchange_name": "NASD",
        "market_cap": 42.86829,
        "existing": false
    },
    {
        "symbol": "SHPW",
        "company": "Shapeways Holdings, Inc.",
        "change_pct": 18.46,
        "premarket": 3.53,
        "volume": 50288,
        "category": "g",
        "source": "tv",
        "shortable": false,
        "exchange_name": "NASD",
        "market_cap": 19.19545,
        "existing": false
    },
    {
        "symbol": "GRRR",
        "company": "Gorilla Technology Group Inc.",
        "change_pct": 18.3,
        "premarket": 1.81,
        "volume": 2281000,
        "category": "g",
        "source": "tv",
        "shortable": true,
        "exchange_name": "NASD",
        "market_cap": 103.4303,
        "existing": false
    },
    {
        "symbol": "ANEB",
        "company": "Anebulo Pharmaceuticals, Inc.",
        "change_pct": 16.79,
        "premarket": 3.27,
        "volume": 4545,
        "category": "g",
        "source": "tv",
        "shortable": false,
        "exchange_name": "NASD",
        "market_cap": 71.77301,
        "existing": false
    },
    {
        "symbol": "IFBD",
        "company": "Infobird Co., Ltd",
        "change_pct": 16.1,
        "premarket": 0.31,
        "volume": 70301,
        "category": "g",
        "source": "tv",
        "shortable": true,
        "exchange_name": "NASD",
        "market_cap": 36.66538,
        "existing": false
    },
    {
        "symbol": "SOPA",
        "company": "Society Pass Incorporated",
        "change_pct": 15.84,
        "premarket": 0.5097,
        "volume": 1585000,
        "category": "g",
        "source": "tv",
        "shortable": false,
        "exchange_name": "NASD",
        "market_cap": 12.52119,
        "existing": false
    },
    {
        "symbol": "SSKN",
        "company": "Strata Skin Sciences, Inc.",
        "change_pct": 15.74,
        "premarket": 0.7301,
        "volume": 2397,
        "category": "g",
        "source": "tv",
        "shortable": false,
        "exchange_name": "NASD",
        "market_cap": 22.02368,
        "existing": false
    },
    {
        "symbol": "ALBT",
        "company": "Avalon GloboCare Corp.",
        "change_pct": 14.67,
        "premarket": 1.33,
        "volume": 81975,
        "category": "g",
        "source": "tv",
        "shortable": true,
        "exchange_name": "NASD",
        "market_cap": 11.87555,
        "existing": false
    },
    {
        "symbol": "LTBR",
        "company": "Lightbridge Corporation",
        "change_pct": 14.64,
        "premarket": 5.48,
        "volume": 425,
        "category": "g",
        "source": "tv",
        "shortable": true,
        "exchange_name": "NASD",
        "market_cap": 60.08162,
        "existing": false
    },
    {
        "symbol": "NAOV",
        "company": "NanoVibronix, Inc.",
        "change_pct": 14.55,
        "premarket": 2.44,
        "volume": 203,
        "category": "g",
        "source": "tv",
        "shortable": true,
        "exchange_name": "NASD",
        "market_cap": 3.54076,
        "existing": false
    },
    {
        "symbol": "IE",
        "company": "Ivanhoe Electric Inc.",
        "change_pct": 14.5,
        "premarket": 16.66,
        "volume": 200,
        "category": "g",
        "source": "tv",
        "shortable": false,
        "exchange_name": "AMEX",
        "market_cap": 0.0,
        "existing": false
    },
    {
        "symbol": "FAZE",
        "company": "FaZe Holdings Inc.",
        "change_pct": 14.28,
        "premarket": 0.3697,
        "volume": 513629,
        "category": "g",
        "source": "tv",
        "shortable": true,
        "exchange_name": "NASD",
        "market_cap": 24.69265,
        "existing": false
    },
    {
        "symbol": "BCEL",
        "company": "Atreca, Inc.",
        "change_pct": 14.21,
        "premarket": 0.45,
        "volume": 1392,
        "category": "g",
        "source": "tv",
        "shortable": true,
        "exchange_name": "NASD",
        "market_cap": 15.48249,
        "existing": false
    },
    {
        "symbol": "CHNR",
        "company": "China Natural Resources, Inc.",
        "change_pct": 13.61,
        "premarket": 2.17,
        "volume": 900,
        "category": "g",
        "source": "tv",
        "shortable": false,
        "exchange_name": "NASD",
        "market_cap": 15.65798,
        "existing": false
    },
    {
        "symbol": "GNS",
        "company": "Genius Group Limited",
        "change_pct": 13.56,
        "premarket": 1.34,
        "volume": 1476000,
        "category": "g",
        "source": "tv",
        "shortable": true,
        "exchange_name": "AMEX",
        "market_cap": 0.0,
        "existing": false
    },
    {
        "symbol": "VEDU",
        "company": "Visionary Education Technology Holdings Group Inc.",
        "change_pct": 13.54,
        "premarket": 0.2616,
        "volume": 1155000,
        "category": "g",
        "source": "tv",
        "shortable": false,
        "exchange_name": "NASD",
        "market_cap": 9.0432,
        "existing": false
    },
    {
        "symbol": "NEPT",
        "company": "Neptune Wellness Solutions Inc.",
        "change_pct": 13.09,
        "premarket": 0.2738,
        "volume": 8622000,
        "category": "g",
        "source": "tv",
        "shortable": true,
        "exchange_name": "NASD",
        "market_cap": 2.90433,
        "existing": false
    },
    {
        "symbol": "OXBR",
        "company": "Oxbridge Re Holdings Limited",
        "change_pct": 12.6,
        "premarket": 1.43,
        "volume": 1739,
        "category": "g",
        "source": "tv",
        "shortable": true,
        "exchange_name": "NASD",
        "market_cap": 7.4552,
        "existing": false
    },
    {
        "symbol": "EOSE",
        "company": "Eos Energy Enterprises, Inc.",
        "change_pct": 12.37,
        "premarket": 3.36,
        "volume": 222264,
        "category": "g",
        "source": "tv",
        "shortable": true,
        "exchange_name": "NASD",
        "market_cap": 400.6436,
        "existing": false
    },
    {
        "symbol": "PANW",
        "company": "Palo Alto Networks, Inc.",
        "change_pct": 12.31,
        "premarket": 235.51,
        "volume": 233476,
        "category": "g",
        "source": "tv",
        "shortable": true,
        "exchange_name": "NASD",
        "market_cap": 64134.7,
        "existing": false
    },
    {
        "symbol": "PHIO",
        "company": "Phio Pharmaceuticals Corp.",
        "change_pct": 12.27,
        "premarket": 2.65,
        "volume": 100,
        "category": "g",
        "source": "tv",
        "shortable": true,
        "exchange_name": "NASD",
        "market_cap": 5.24358,
        "existing": false
    },
    {
        "symbol": "FSRX",
        "company": "FinServ Acquisition Corp. II",
        "change_pct": 11.98,
        "premarket": 11.5,
        "volume": 900,
        "category": "g",
        "source": "tv",
        "shortable": false,
        "exchange_name": "NASD",
        "market_cap": 136.17,
        "existing": false
    },
    {
        "symbol": "MIRA",
        "company": "MIRA Pharmaceuticals, Inc.",
        "change_pct": 11.82,
        "premarket": 7.0,
        "volume": 4111,
        "category": "g",
        "source": "tv",
        "shortable": false,
        "exchange_name": "NASD",
        "market_cap": 92.30476,
        "existing": false
    },
    {
        "symbol": "HEPA",
        "company": "Hepion Pharmaceuticals, Inc.",
        "change_pct": 11.75,
        "premarket": 7.99,
        "volume": 1000,
        "category": "g",
        "source": "tv",
        "shortable": true,
        "exchange_name": "NASD",
        "market_cap": 27.44377,
        "existing": false
    },
    {
        "symbol": "JCSE",
        "company": "JE Cleantech Holdings Limited",
        "change_pct": 10.94,
        "premarket": 0.4107,
        "volume": 200,
        "category": "g",
        "source": "tv",
        "shortable": false,
        "exchange_name": "NASD",
        "market_cap": 5.5604,
        "existing": false
    },
    {
        "symbol": "CVV",
        "company": "CVD Equipment Corporation",
        "change_pct": 10.93,
        "premarket": 6.09,
        "volume": 770,
        "category": "g",
        "source": "tv",
        "shortable": true,
        "exchange_name": "NASD",
        "market_cap": 37.40912,
        "existing": false
    },
    {
        "symbol": "GTEC",
        "company": "Greenland Technologies Holding Corporation",
        "change_pct": 10.76,
        "premarket": 1.75,
        "volume": 59737,
        "category": "g",
        "source": "tv",
        "shortable": true,
        "exchange_name": "NASD",
        "market_cap": 20.50604,
        "existing": false
    },
    {
        "symbol": "ICU",
        "company": "SeaStar Medical Holding Corporation",
        "change_pct": 10.7,
        "premarket": 0.3113,
        "volume": 27478,
        "category": "g",
        "source": "tv",
        "shortable": false,
        "exchange_name": "NASD",
        "market_cap": 5.22216,
        "existing": false
    },
    {
        "symbol": "CRGO",
        "company": "Freightos Limited",
        "change_pct": 10.69,
        "premarket": 2.9,
        "volume": 1000,
        "category": "g",
        "source": "tv",
        "shortable": true,
        "exchange_name": "NASD",
        "market_cap": 124.2806,
        "existing": false
    },
    {
        "symbol": "FLAG",
        "company": "First Light Acquisition Group, Inc.",
        "change_pct": 10.52,
        "premarket": 10.51,
        "volume": 7304,
        "category": "g",
        "source": "tv",
        "shortable": false,
        "exchange_name": "AMEX",
        "market_cap": 288.3625,
        "existing": false
    },
    {
        "symbol": "ONFO",
        "company": "Onfolio Holdings Inc.",
        "change_pct": 10.49,
        "premarket": 1.0,
        "volume": 2445,
        "category": "g",
        "source": "tv",
        "shortable": false,
        "exchange_name": "NASD",
        "market_cap": 4.62524,
        "existing": false
    },
    {
        "symbol": "SPRU",
        "company": "Spruce Power Holding Corporation",
        "change_pct": 10.39,
        "premarket": 0.85,
        "volume": 100,
        "category": "g",
        "source": "tv",
        "shortable": true,
        "exchange_name": "NYSE",
        "market_cap": 113.3636,
        "existing": false
    },
    {
        "symbol": "SFR",
        "company": "Appreciate Holdings, Inc.",
        "change_pct": 9.48,
        "premarket": 0.3175,
        "volume": 1700,
        "category": "g",
        "source": "tv",
        "shortable": false,
        "exchange_name": "NASD",
        "market_cap": 16.13737,
        "existing": false
    },
    {
        "symbol": "CRVS",
        "company": "Corvus Pharmaceuticals, Inc.",
        "change_pct": 9.25,
        "premarket": 2.36,
        "volume": 949,
        "category": "g",
        "source": "tv",
        "shortable": true,
        "exchange_name": "NASD",
        "market_cap": 105.7663,
        "existing": false
    }
]