[
    {
        "symbol": "UTRS",
        "company": "Minerva Surgical, Inc.",
        "change_pct": 210.45,
        "premarket": 0.5647,
        "volume": 13664100,
        "category": "g",
        "source": "tv",
        "shortable": false,
        "exchange_name": "NASD",
        "market_cap": 32.16765,
        "existing": false
    },
    {
        "symbol": "GCT",
        "company": "GigaCloud Technology Inc",
        "change_pct": 89.93,
        "premarket": 10.75,
        "volume": 6853099,
        "category": "g",
        "source": "tv",
        "shortable": false,
        "exchange_name": "NASD",
        "market_cap": 196.9534,
        "existing": false
    },
    {
        "symbol": "EEIQ",
        "company": "EpicQuest Education Group International Limited",
        "change_pct": 68.49,
        "premarket": 2.46,
        "volume": 3476100,
        "category": "g",
        "source": "tv",
        "shortable": false,
        "exchange_name": "NASD",
        "market_cap": 16.70124,
        "existing": false
    },
    {
        "symbol": "APGN",
        "company": "Apexigen, Inc.",
        "change_pct": 40.81,
        "premarket": 0.5628,
        "volume": 2206100,
        "category": "g",
        "source": "tv",
        "shortable": true,
        "exchange_name": "NASD",
        "market_cap": 9.85684,
        "existing": false
    },
    {
        "symbol": "ENVB",
        "company": "Enveric Biosciences, Inc.",
        "change_pct": 29.84,
        "premarket": 4.09,
        "volume": 1897100,
        "category": "g",
        "source": "tv",
        "shortable": true,
        "exchange_name": "NASD",
        "market_cap": 6.54655,
        "existing": false
    },
    {
        "symbol": "UFAB",
        "company": "Unique Fabricating, Inc.",
        "change_pct": 27.92,
        "premarket": 0.307,
        "volume": 7252100,
        "category": "g",
        "source": "tv",
        "shortable": true,
        "exchange_name": "AMEX",
        "market_cap": 25.81695,
        "existing": false
    },
    {
        "symbol": "SMFL",
        "company": "Smart for Life, Inc.",
        "change_pct": 22.93,
        "premarket": 2.52,
        "volume": 1434100,
        "category": "g",
        "source": "tv",
        "shortable": true,
        "exchange_name": "NASD",
        "market_cap": 4.22949,
        "existing": false
    },
    {
        "symbol": "ZURA",
        "company": "Zura Bio Limited",
        "change_pct": 22.43,
        "premarket": 6.55,
        "volume": 592985,
        "category": "g",
        "source": "tv",
        "shortable": true,
        "exchange_name": "NASD",
        "market_cap": 147.404,
        "existing": false
    },
    {
        "symbol": "CYTO",
        "company": "Altamira Therapeutics Ltd.",
        "change_pct": 20.93,
        "premarket": 1.04,
        "volume": 1770100,
        "category": "g",
        "source": "tv",
        "shortable": false,
        "exchange_name": "NASD",
        "market_cap": 6.01054,
        "existing": false
    },
    {
        "symbol": "XPON",
        "company": "Expion360 Inc.",
        "change_pct": 19.75,
        "premarket": 4.79,
        "volume": 4940,
        "category": "g",
        "source": "tv",
        "shortable": false,
        "exchange_name": "NASD",
        "market_cap": 27.64287,
        "existing": false
    },
    {
        "symbol": "IPW",
        "company": "iPower Inc.",
        "change_pct": 19.69,
        "premarket": 0.5987,
        "volume": 3774,
        "category": "g",
        "source": "tv",
        "shortable": false,
        "exchange_name": "NASD",
        "market_cap": 14.87547,
        "existing": false
    },
    {
        "symbol": "ANF",
        "company": "Abercrombie & Fitch Company",
        "change_pct": 16.82,
        "premarket": 26.88,
        "volume": 162055,
        "category": "g",
        "source": "tv",
        "shortable": true,
        "exchange_name": "NYSE",
        "market_cap": 1151.764,
        "existing": false
    },
    {
        "symbol": "VTVT",
        "company": "vTv Therapeutics Inc.",
        "change_pct": 16.44,
        "premarket": 1.02,
        "volume": 292052,
        "category": "g",
        "source": "tv",
        "shortable": true,
        "exchange_name": "NASD",
        "market_cap": 91.61101,
        "existing": false
    },
    {
        "symbol": "CPIX",
        "company": "Cumberland Pharmaceuticals Inc.",
        "change_pct": 13.22,
        "premarket": 1.97,
        "volume": 5161,
        "category": "g",
        "source": "tv",
        "shortable": true,
        "exchange_name": "NASD",
        "market_cap": 25.14145,
        "existing": false
    },
    {
        "symbol": "URBN",
        "company": "Urban Outfitters, Inc.",
        "change_pct": 13.05,
        "premarket": 30.14,
        "volume": 147487,
        "category": "g",
        "source": "tv",
        "shortable": true,
        "exchange_name": "NASD",
        "market_cap": 2468.357,
        "existing": false
    },
    {
        "symbol": "KSS",
        "company": "Kohl's Corporation",
        "change_pct": 12.92,
        "premarket": 21.76,
        "volume": 903982,
        "category": "g",
        "source": "tv",
        "shortable": true,
        "exchange_name": "NYSE",
        "market_cap": 2134.052,
        "existing": false
    },
    {
        "symbol": "PHIO",
        "company": "Phio Pharmaceuticals Corp.",
        "change_pct": 12.9,
        "premarket": 4.9,
        "volume": 457889,
        "category": "g",
        "source": "tv",
        "shortable": true,
        "exchange_name": "NASD",
        "market_cap": 6.52981,
        "existing": false
    },
    {
        "symbol": "ONVO",
        "company": "Organovo Holdings, Inc.",
        "change_pct": 12.78,
        "premarket": 2.03,
        "volume": 100,
        "category": "g",
        "source": "tv",
        "shortable": false,
        "exchange_name": "NASD",
        "market_cap": 15.68626,
        "existing": false
    },
    {
        "symbol": "FPAY",
        "company": "FlexShopper, Inc.",
        "change_pct": 12.4,
        "premarket": 1.36,
        "volume": 1247,
        "category": "g",
        "source": "tv",
        "shortable": false,
        "exchange_name": "NASD",
        "market_cap": 26.32029,
        "existing": false
    },
    {
        "symbol": "KMDA",
        "company": "Kamada Ltd.",
        "change_pct": 12.18,
        "premarket": 5.25,
        "volume": 22674,
        "category": "g",
        "source": "tv",
        "shortable": true,
        "exchange_name": "NASD",
        "market_cap": 209.7574,
        "existing": false
    },
    {
        "symbol": "VCNX",
        "company": "Vaccinex, Inc.",
        "change_pct": 11.41,
        "premarket": 0.449,
        "volume": 11045,
        "category": "g",
        "source": "tv",
        "shortable": true,
        "exchange_name": "NASD",
        "market_cap": 22.10712,
        "existing": false
    },
    {
        "symbol": "VGAS",
        "company": "Verde Clean Fuels, Inc.",
        "change_pct": 11.28,
        "premarket": 7.99,
        "volume": 100,
        "category": "g",
        "source": "tv",
        "shortable": true,
        "exchange_name": "NASD",
        "market_cap": 228.7449,
        "existing": false
    },
    {
        "symbol": "RETA",
        "company": "Reata Pharmaceuticals, Inc.",
        "change_pct": 11.08,
        "premarket": 88.0,
        "volume": 27052,
        "category": "g",
        "source": "tv",
        "shortable": true,
        "exchange_name": "NASD",
        "market_cap": 2974.825,
        "existing": false
    },
    {
        "symbol": "ORGO",
        "company": "Organogenesis Holdings Inc.",
        "change_pct": 10.47,
        "premarket": 3.8,
        "volume": 80594,
        "category": "g",
        "source": "tv",
        "shortable": true,
        "exchange_name": "NASD",
        "market_cap": 451.5407,
        "existing": false
    },
    {
        "symbol": "INO",
        "company": "Inovio Pharmaceuticals, Inc.",
        "change_pct": 10.37,
        "premarket": 0.73,
        "volume": 622796,
        "category": "g",
        "source": "tv",
        "shortable": true,
        "exchange_name": "NASD",
        "market_cap": 173.7778,
        "existing": false
    },
    {
        "symbol": "NBSE",
        "company": "NeuBase Therapeutics, Inc.",
        "change_pct": 10.34,
        "premarket": 0.224,
        "volume": 8471,
        "category": "g",
        "source": "tv",
        "shortable": true,
        "exchange_name": "NASD",
        "market_cap": 6.8635,
        "existing": false
    },
    {
        "symbol": "OCX",
        "company": "Oncocyte Corporation",
        "change_pct": 10.09,
        "premarket": 0.24,
        "volume": 1913,
        "category": "g",
        "source": "tv",
        "shortable": true,
        "exchange_name": "NASD",
        "market_cap": 35.93099,
        "existing": false
    },
    {
        "symbol": "NXTP",
        "company": "NextPlay Technologies, Inc.",
        "change_pct": 9.73,
        "premarket": 1.24,
        "volume": 700,
        "category": "g",
        "source": "tv",
        "shortable": true,
        "exchange_name": "NASD",
        "market_cap": 6.71208,
        "existing": false
    },
    {
        "symbol": "LICN",
        "company": "Lichen China Limited",
        "change_pct": 9.17,
        "premarket": 2.5,
        "volume": 450,
        "category": "g",
        "source": "tv",
        "shortable": true,
        "exchange_name": "NASD",
        "market_cap": 60.685,
        "existing": false
    },
    {
        "symbol": "ETAO",
        "company": "Etao International Co., Ltd.",
        "change_pct": 9.14,
        "premarket": 0.5599,
        "volume": 4398,
        "category": "g",
        "source": "tv",
        "shortable": true,
        "exchange_name": "NASD",
        "market_cap": 52.47831,
        "existing": false
    },
    {
        "symbol": "PLAB",
        "company": "Photronics, Inc.",
        "change_pct": 8.43,
        "premarket": 18.66,
        "volume": 22809,
        "category": "g",
        "source": "tv",
        "shortable": true,
        "exchange_name": "NASD",
        "market_cap": 1075.188,
        "existing": false
    },
    {
        "symbol": "VATE",
        "company": "INNOVATE Corp.",
        "change_pct": 8.39,
        "premarket": 1.55,
        "volume": 10692,
        "category": "g",
        "source": "tv",
        "shortable": true,
        "exchange_name": "NYSE",
        "market_cap": 113.0407,
        "existing": false
    },
    {
        "symbol": "PALI",
        "company": "Palisade Bio, Inc.",
        "change_pct": 8.28,
        "premarket": 1.7,
        "volume": 294528,
        "category": "g",
        "source": "tv",
        "shortable": true,
        "exchange_name": "NASD",
        "market_cap": 10.51426,
        "existing": false
    },
    {
        "symbol": "ACCD",
        "company": "Accolade, Inc.",
        "change_pct": 7.67,
        "premarket": 11.93,
        "volume": 4868,
        "category": "g",
        "source": "tv",
        "shortable": true,
        "exchange_name": "NASD",
        "market_cap": 815.8652,
        "existing": false
    },
    {
        "symbol": "INBS",
        "company": "Intelligent Bio Solutions Inc.",
        "change_pct": 7.61,
        "premarket": 2.97,
        "volume": 2589,
        "category": "g",
        "source": "tv",
        "shortable": false,
        "exchange_name": "NASD",
        "market_cap": 4.78188,
        "existing": false
    },
    {
        "symbol": "TIVC",
        "company": "Tivic Health Systems, Inc.",
        "change_pct": 7.55,
        "premarket": 0.1296,
        "volume": 1383100,
        "category": "g",
        "source": "tv",
        "shortable": false,
        "exchange_name": "NASD",
        "market_cap": 3.57617,
        "existing": false
    },
    {
        "symbol": "WETG",
        "company": "WeTrade Group Inc.",
        "change_pct": 7.53,
        "premarket": 0.05,
        "volume": 1690100,
        "category": "g",
        "source": "tv",
        "shortable": false,
        "exchange_name": "NASD",
        "market_cap": 9.07017,
        "existing": false
    },
    {
        "symbol": "ENG",
        "company": "ENGlobal Corporation",
        "change_pct": 7.53,
        "premarket": 0.5,
        "volume": 23104,
        "category": "g",
        "source": "tv",
        "shortable": false,
        "exchange_name": "NASD",
        "market_cap": 18.48854,
        "existing": false
    },
    {
        "symbol": "HPCO",
        "company": "Hempacco Co., Inc.",
        "change_pct": 7.45,
        "premarket": 0.6099,
        "volume": 200,
        "category": "g",
        "source": "tv",
        "shortable": false,
        "exchange_name": "NASD",
        "market_cap": 16.05258,
        "existing": false
    },
    {
        "symbol": "ADIL",
        "company": "Adial Pharmaceuticals, Inc",
        "change_pct": 7.44,
        "premarket": 0.325,
        "volume": 3552,
        "category": "g",
        "source": "tv",
        "shortable": false,
        "exchange_name": "NASD",
        "market_cap": 8.62626,
        "existing": false
    }
]