[
    {
        "symbol": "YS",
        "company": "YS Biopharma Co., Ltd.",
        "change_pct": 77.15,
        "premarket": 1.38,
        "volume": 10443000,
        "category": "g",
        "source": "tv",
        "shortable": true,
        "exchange_name": "NASD",
        "market_cap": 72.49234,
        "existing": false
    },
    {
        "symbol": "CMRA",
        "company": "Comera Life Sciences Holdings, Inc.",
        "change_pct": 22.04,
        "premarket": 0.609,
        "volume": 19541,
        "category": "g",
        "source": "tv",
        "shortable": false,
        "exchange_name": "NASD",
        "market_cap": 13.5608,
        "existing": false
    },
    {
        "symbol": "BKTI",
        "company": "BK Technologies Corporation",
        "change_pct": 16.8,
        "premarket": 13.45,
        "volume": 100,
        "category": "g",
        "source": "tv",
        "shortable": true,
        "exchange_name": "AMEX",
        "market_cap": 53.54645,
        "existing": false
    },
    {
        "symbol": "MGLD",
        "company": "The Marygold Companies, Inc.",
        "change_pct": 14.68,
        "premarket": 1.25,
        "volume": 235,
        "category": "g",
        "source": "tv",
        "shortable": false,
        "exchange_name": "AMEX",
        "market_cap": 112.606,
        "existing": false
    },
    {
        "symbol": "CNVS",
        "company": "Cineverse Corp.",
        "change_pct": 14.55,
        "premarket": 1.26,
        "volume": 1150,
        "category": "g",
        "source": "tv",
        "shortable": false,
        "exchange_name": "NASD",
        "market_cap": 13.51506,
        "existing": false
    },
    {
        "symbol": "TTOO",
        "company": "T2 Biosystems, Inc.",
        "change_pct": 14.52,
        "premarket": 0.403,
        "volume": 18416000,
        "category": "g",
        "source": "tv",
        "shortable": true,
        "exchange_name": "NASD",
        "market_cap": 117.3868,
        "existing": false
    },
    {
        "symbol": "MBRX",
        "company": "Moleculin Biotech, Inc.",
        "change_pct": 14.27,
        "premarket": 0.64,
        "volume": 300,
        "category": "g",
        "source": "tv",
        "shortable": true,
        "exchange_name": "NASD",
        "market_cap": 16.69683,
        "existing": false
    },
    {
        "symbol": "CRKN",
        "company": "Crown Electrokinetics Corp.",
        "change_pct": 13.6,
        "premarket": 1.42,
        "volume": 1086000,
        "category": "g",
        "source": "tv",
        "shortable": false,
        "exchange_name": "NASD",
        "market_cap": 1.87794,
        "existing": false
    },
    {
        "symbol": "VFS",
        "company": "VinFast Auto Ltd.",
        "change_pct": 12.92,
        "premarket": 55.33,
        "volume": 303501,
        "category": "g",
        "source": "tv",
        "shortable": true,
        "exchange_name": "NASD",
        "market_cap": 113051.4,
        "existing": false
    },
    {
        "symbol": "SCLX",
        "company": "Scilex Holding Company",
        "change_pct": 12.24,
        "premarket": 3.85,
        "volume": 3774,
        "category": "g",
        "source": "tv",
        "shortable": true,
        "exchange_name": "NASD",
        "market_cap": 511.2599,
        "existing": false
    },
    {
        "symbol": "BETR",
        "company": "Better Home & Finance Holding Company",
        "change_pct": 11.3,
        "premarket": 1.28,
        "volume": 14579000,
        "category": "g",
        "source": "tv",
        "shortable": true,
        "exchange_name": "NASD",
        "market_cap": 18.49386,
        "existing": false
    },
    {
        "symbol": "MIGI",
        "company": "Mawson Infrastructure Group Inc.",
        "change_pct": 10.9,
        "premarket": 0.7041,
        "volume": 2489,
        "category": "g",
        "source": "tv",
        "shortable": true,
        "exchange_name": "NASD",
        "market_cap": 10.48731,
        "existing": false
    },
    {
        "symbol": "OMGA",
        "company": "Omega Therapeutics, Inc.",
        "change_pct": 10.82,
        "premarket": 3.99,
        "volume": 526,
        "category": "g",
        "source": "tv",
        "shortable": true,
        "exchange_name": "NASD",
        "market_cap": 198.4993,
        "existing": false
    },
    {
        "symbol": "MOVE",
        "company": "Movano Inc.",
        "change_pct": 10.58,
        "premarket": 1.15,
        "volume": 2100,
        "category": "g",
        "source": "tv",
        "shortable": true,
        "exchange_name": "NASD",
        "market_cap": 52.67253,
        "existing": false
    },
    {
        "symbol": "HIBB",
        "company": "Hibbett, Inc.",
        "change_pct": 10.47,
        "premarket": 40.72,
        "volume": 15922,
        "category": "g",
        "source": "tv",
        "shortable": true,
        "exchange_name": "NASD",
        "market_cap": 469.8365,
        "existing": false
    },
    {
        "symbol": "YGMZ",
        "company": "MingZhu Logistics Holdings Limited",
        "change_pct": 10.09,
        "premarket": 0.6,
        "volume": 100,
        "category": "g",
        "source": "tv",
        "shortable": false,
        "exchange_name": "NASD",
        "market_cap": 12.51335,
        "existing": false
    },
    {
        "symbol": "AMPG",
        "company": "Amplitech Group, Inc.",
        "change_pct": 9.88,
        "premarket": 2.0,
        "volume": 100,
        "category": "g",
        "source": "tv",
        "shortable": false,
        "exchange_name": "NASD",
        "market_cap": 17.5441,
        "existing": false
    },
    {
        "symbol": "CYCN",
        "company": "Cyclerion Therapeutics, Inc.",
        "change_pct": 9.74,
        "premarket": 3.83,
        "volume": 1500,
        "category": "g",
        "source": "tv",
        "shortable": true,
        "exchange_name": "NASD",
        "market_cap": 8.41368,
        "existing": false
    },
    {
        "symbol": "LDWY",
        "company": "Lendway, Inc.",
        "change_pct": 9.63,
        "premarket": 4.44,
        "volume": 395,
        "category": "g",
        "source": "tv",
        "shortable": false,
        "exchange_name": "NASD",
        "market_cap": 7.28052,
        "existing": false
    },
    {
        "symbol": "PIK",
        "company": "Kidpik Corp.",
        "change_pct": 9.47,
        "premarket": 0.6568,
        "volume": 8759,
        "category": "g",
        "source": "tv",
        "shortable": false,
        "exchange_name": "NASD",
        "market_cap": 4.68502,
        "existing": false
    },
    {
        "symbol": "LODE",
        "company": "Comstock Inc.",
        "change_pct": 9.01,
        "premarket": 0.484,
        "volume": 10842,
        "category": "g",
        "source": "tv",
        "shortable": false,
        "exchange_name": "AMEX",
        "market_cap": 164.6328,
        "existing": false
    },
    {
        "symbol": "LGVN",
        "company": "Longeveron Inc.",
        "change_pct": 8.33,
        "premarket": 2.73,
        "volume": 100,
        "category": "g",
        "source": "tv",
        "shortable": true,
        "exchange_name": "NASD",
        "market_cap": 53.34151,
        "existing": false
    },
    {
        "symbol": "SNTI",
        "company": "Senti Biosciences, Inc.",
        "change_pct": 7.81,
        "premarket": 0.69,
        "volume": 300,
        "category": "g",
        "source": "tv",
        "shortable": true,
        "exchange_name": "NASD",
        "market_cap": 28.50892,
        "existing": false
    },
    {
        "symbol": "AFRM",
        "company": "Affirm Holdings, Inc.",
        "change_pct": 7.75,
        "premarket": 14.88,
        "volume": 560147,
        "category": "g",
        "source": "tv",
        "shortable": true,
        "exchange_name": "NASD",
        "market_cap": 4083.417,
        "existing": false
    },
    {
        "symbol": "CERS",
        "company": "Cerus Corporation",
        "change_pct": 7.69,
        "premarket": 1.82,
        "volume": 120,
        "category": "g",
        "source": "tv",
        "shortable": true,
        "exchange_name": "NASD",
        "market_cap": 305.5588,
        "existing": false
    },
    {
        "symbol": "ORIC",
        "company": "Oric Pharmaceuticals, Inc.",
        "change_pct": 7.59,
        "premarket": 9.5,
        "volume": 400,
        "category": "g",
        "source": "tv",
        "shortable": true,
        "exchange_name": "NASD",
        "market_cap": 481.523,
        "existing": false
    },
    {
        "symbol": "TPET",
        "company": "Trio Petroleum Corp.",
        "change_pct": 7.46,
        "premarket": 0.5588,
        "volume": 6394,
        "category": "g",
        "source": "tv",
        "shortable": true,
        "exchange_name": "AMEX",
        "market_cap": 0.0,
        "existing": false
    },
    {
        "symbol": "AEHL",
        "company": "Antelope Enterprise Holdings Limited",
        "change_pct": 7.28,
        "premarket": 0.5879,
        "volume": 100,
        "category": "g",
        "source": "tv",
        "shortable": false,
        "exchange_name": "NASD",
        "market_cap": 10.27087,
        "existing": false
    },
    {
        "symbol": "TRNR",
        "company": "Interactive Strength Inc.",
        "change_pct": 7.2,
        "premarket": 1.34,
        "volume": 700,
        "category": "g",
        "source": "tv",
        "shortable": true,
        "exchange_name": "NASD",
        "market_cap": 17.89148,
        "existing": false
    },
    {
        "symbol": "OCUP",
        "company": "Ocuphire Pharma, Inc.",
        "change_pct": 7.01,
        "premarket": 4.12,
        "volume": 110,
        "category": "g",
        "source": "tv",
        "shortable": true,
        "exchange_name": "NASD",
        "market_cap": 80.88094,
        "existing": false
    },
    {
        "symbol": "CZOO",
        "company": "Cazoo Group Ltd",
        "change_pct": 7.0,
        "premarket": 1.07,
        "volume": 228,
        "category": "g",
        "source": "tv",
        "shortable": true,
        "exchange_name": "NYSE",
        "market_cap": 38.76423,
        "existing": false
    },
    {
        "symbol": "MESA",
        "company": "Mesa Air Group, Inc.",
        "change_pct": 6.94,
        "premarket": 1.54,
        "volume": 150,
        "category": "g",
        "source": "tv",
        "shortable": true,
        "exchange_name": "NASD",
        "market_cap": 58.79606,
        "existing": false
    },
    {
        "symbol": "APAC",
        "company": "StoneBridge Acquisition Corporation",
        "change_pct": 6.85,
        "premarket": 11.7,
        "volume": 100,
        "category": "g",
        "source": "tv",
        "shortable": false,
        "exchange_name": "NASD",
        "market_cap": 81.31436,
        "existing": false
    },
    {
        "symbol": "IGIC",
        "company": "International General Insurance Holdings Ltd.",
        "change_pct": 6.54,
        "premarket": 11.41,
        "volume": 500,
        "category": "g",
        "source": "tv",
        "shortable": false,
        "exchange_name": "NASD",
        "market_cap": 499.02,
        "existing": false
    },
    {
        "symbol": "ADD",
        "company": "Color Star Technology Co., Ltd.",
        "change_pct": 6.51,
        "premarket": 1.32,
        "volume": 100,
        "category": "g",
        "source": "tv",
        "shortable": true,
        "exchange_name": "NASD",
        "market_cap": 11.85973,
        "existing": false
    },
    {
        "symbol": "DTSS",
        "company": "Datasea Inc.",
        "change_pct": 6.36,
        "premarket": 0.49,
        "volume": 725,
        "category": "g",
        "source": "tv",
        "shortable": true,
        "exchange_name": "NASD",
        "market_cap": 12.80015,
        "existing": false
    },
    {
        "symbol": "PSHG",
        "company": "Performance Shipping Inc.",
        "change_pct": 6.29,
        "premarket": 1.52,
        "volume": 10522,
        "category": "g",
        "source": "tv",
        "shortable": false,
        "exchange_name": "NASD",
        "market_cap": 16.35816,
        "existing": false
    },
    {
        "symbol": "MOXC",
        "company": "Moxian (BVI) Inc",
        "change_pct": 6.25,
        "premarket": 1.02,
        "volume": 360,
        "category": "g",
        "source": "tv",
        "shortable": false,
        "exchange_name": "NASD",
        "market_cap": 34.13249,
        "existing": false
    },
    {
        "symbol": "CRDO",
        "company": "Credo Technology Group Holding Ltd",
        "change_pct": 6.18,
        "premarket": 15.8,
        "volume": 7164,
        "category": "g",
        "source": "tv",
        "shortable": true,
        "exchange_name": "NASD",
        "market_cap": 2231.988,
        "existing": false
    },
    {
        "symbol": "PYPD",
        "company": "PolyPid Ltd.",
        "change_pct": 6.14,
        "premarket": 0.33,
        "volume": 100,
        "category": "g",
        "source": "tv",
        "shortable": false,
        "exchange_name": "NASD",
        "market_cap": 15.24924,
        "existing": false
    }
]