[
    {
        "symbol": "MOBQ",
        "company": "Mobiquity Technologies, Inc.",
        "change_pct": 94.87,
        "premarket": 0.2886,
        "volume": 25494100,
        "category": "g",
        "source": "tv",
        "shortable": false,
        "exchange_name": "NASD",
        "market_cap": 2.52539,
        "existing": false
    },
    {
        "symbol": "FARM",
        "company": "Farmer Brothers Company",
        "change_pct": 63.73,
        "premarket": 3.16,
        "volume": 15803100,
        "category": "g",
        "source": "tv",
        "shortable": true,
        "exchange_name": "NASD",
        "market_cap": 38.78919,
        "existing": false
    },
    {
        "symbol": "CJET",
        "company": "Chijet Motor Company, Inc.",
        "change_pct": 29.29,
        "premarket": 5.43,
        "volume": 1883100,
        "category": "g",
        "source": "tv",
        "shortable": false,
        "exchange_name": "NASD",
        "market_cap": 76.251,
        "existing": false
    },
    {
        "symbol": "WEJO",
        "company": "Wejo Group Limited",
        "change_pct": 24.13,
        "premarket": 0.0746,
        "volume": 16259100,
        "category": "g",
        "source": "tv",
        "shortable": false,
        "exchange_name": "NASD",
        "market_cap": 6.60503,
        "existing": false
    },
    {
        "symbol": "YEXT",
        "company": "Yext, Inc.",
        "change_pct": 17.08,
        "premarket": 11.24,
        "volume": 246418,
        "category": "g",
        "source": "tv",
        "shortable": true,
        "exchange_name": "NYSE",
        "market_cap": 1193.389,
        "existing": false
    },
    {
        "symbol": "VRA",
        "company": "Vera Bradley, Inc.",
        "change_pct": 16.6,
        "premarket": 6.11,
        "volume": 61580,
        "category": "g",
        "source": "tv",
        "shortable": true,
        "exchange_name": "NASD",
        "market_cap": 160.7361,
        "existing": false
    },
    {
        "symbol": "FFIE",
        "company": "Faraday Future Intelligent Electric Inc.",
        "change_pct": 15.96,
        "premarket": 0.4148,
        "volume": 23133100,
        "category": "g",
        "source": "tv",
        "shortable": true,
        "exchange_name": "NASD",
        "market_cap": 457.7907,
        "existing": false
    },
    {
        "symbol": "AGMH",
        "company": "AGM Group Holdings Inc.",
        "change_pct": 14.29,
        "premarket": 2.0,
        "volume": 243,
        "category": "g",
        "source": "tv",
        "shortable": true,
        "exchange_name": "NASD",
        "market_cap": 42.44597,
        "existing": false
    },
    {
        "symbol": "FRGT",
        "company": "Freight Technologies, Inc.",
        "change_pct": 14.04,
        "premarket": 1.3,
        "volume": 3638100,
        "category": "g",
        "source": "tv",
        "shortable": true,
        "exchange_name": "NASD",
        "market_cap": 3.72938,
        "existing": false
    },
    {
        "symbol": "AFRM",
        "company": "Affirm Holdings, Inc.",
        "change_pct": 13.02,
        "premarket": 17.88,
        "volume": 1060100,
        "category": "g",
        "source": "tv",
        "shortable": true,
        "exchange_name": "NASD",
        "market_cap": 4677.745,
        "existing": false
    },
    {
        "symbol": "REFR",
        "company": "Research Frontiers Incorporated",
        "change_pct": 12.43,
        "premarket": 1.9,
        "volume": 1000,
        "category": "g",
        "source": "tv",
        "shortable": true,
        "exchange_name": "NASD",
        "market_cap": 56.6307,
        "existing": false
    },
    {
        "symbol": "SIDU",
        "company": "Sidus Space, Inc.",
        "change_pct": 11.93,
        "premarket": 0.2073,
        "volume": 2210100,
        "category": "g",
        "source": "tv",
        "shortable": false,
        "exchange_name": "NASD",
        "market_cap": 9.3216,
        "existing": false
    },
    {
        "symbol": "KNW",
        "company": "Know Labs, Inc.",
        "change_pct": 11.54,
        "premarket": 1.45,
        "volume": 300,
        "category": "g",
        "source": "tv",
        "shortable": false,
        "exchange_name": "AMEX",
        "market_cap": 0.0,
        "existing": false
    },
    {
        "symbol": "COYA",
        "company": "Coya Therapeutics, Inc.",
        "change_pct": 11.52,
        "premarket": 4.84,
        "volume": 110828,
        "category": "g",
        "source": "tv",
        "shortable": true,
        "exchange_name": "NASD",
        "market_cap": 43.17395,
        "existing": false
    },
    {
        "symbol": "ENSV",
        "company": "Enservco Corporation",
        "change_pct": 11.46,
        "premarket": 0.4571,
        "volume": 22620,
        "category": "g",
        "source": "tv",
        "shortable": true,
        "exchange_name": "AMEX",
        "market_cap": 12.91898,
        "existing": false
    },
    {
        "symbol": "CPIX",
        "company": "Cumberland Pharmaceuticals Inc.",
        "change_pct": 11.11,
        "premarket": 1.8,
        "volume": 100,
        "category": "g",
        "source": "tv",
        "shortable": true,
        "exchange_name": "NASD",
        "market_cap": 23.40755,
        "existing": false
    },
    {
        "symbol": "WORX",
        "company": "SCWorx Corp.",
        "change_pct": 11.03,
        "premarket": 0.2356,
        "volume": 125,
        "category": "g",
        "source": "tv",
        "shortable": true,
        "exchange_name": "NASD",
        "market_cap": 2.76321,
        "existing": false
    },
    {
        "symbol": "AVRO",
        "company": "AVROBIO, Inc.",
        "change_pct": 11.01,
        "premarket": 1.21,
        "volume": 696384,
        "category": "g",
        "source": "tv",
        "shortable": true,
        "exchange_name": "NASD",
        "market_cap": 48.07454,
        "existing": false
    },
    {
        "symbol": "MAPS",
        "company": "WM Technology, Inc.",
        "change_pct": 10.55,
        "premarket": 0.9397,
        "volume": 150,
        "category": "g",
        "source": "tv",
        "shortable": true,
        "exchange_name": "NASD",
        "market_cap": 125.8509,
        "existing": false
    },
    {
        "symbol": "HLGN",
        "company": "Heliogen, Inc.",
        "change_pct": 10.51,
        "premarket": 0.2597,
        "volume": 3595100,
        "category": "g",
        "source": "tv",
        "shortable": true,
        "exchange_name": "NYSE",
        "market_cap": 46.25927,
        "existing": false
    },
    {
        "symbol": "CURV",
        "company": "Torrid Holdings Inc.",
        "change_pct": 10.36,
        "premarket": 2.44,
        "volume": 15953,
        "category": "g",
        "source": "tv",
        "shortable": true,
        "exchange_name": "NYSE",
        "market_cap": 229.4592,
        "existing": false
    },
    {
        "symbol": "RBT",
        "company": "Rubicon Technologies, Inc.",
        "change_pct": 10.27,
        "premarket": 0.3145,
        "volume": 35610,
        "category": "g",
        "source": "tv",
        "shortable": false,
        "exchange_name": "NYSE",
        "market_cap": 54.59345,
        "existing": false
    },
    {
        "symbol": "RDW",
        "company": "Redwire Corporation",
        "change_pct": 10.24,
        "premarket": 2.8,
        "volume": 708,
        "category": "g",
        "source": "tv",
        "shortable": true,
        "exchange_name": "NYSE",
        "market_cap": 163.2728,
        "existing": false
    },
    {
        "symbol": "TANH",
        "company": "Tantech Holdings Ltd.",
        "change_pct": 10.13,
        "premarket": 3.01,
        "volume": 9178,
        "category": "g",
        "source": "tv",
        "shortable": false,
        "exchange_name": "NASD",
        "market_cap": 6.05754,
        "existing": false
    },
    {
        "symbol": "VTGN",
        "company": "VistaGen Therapeutics, Inc.",
        "change_pct": 10.11,
        "premarket": 3.29,
        "volume": 44447,
        "category": "g",
        "source": "tv",
        "shortable": true,
        "exchange_name": "NASD",
        "market_cap": 21.82299,
        "existing": false
    },
    {
        "symbol": "CHSN",
        "company": "Chanson International Holding",
        "change_pct": 10.1,
        "premarket": 2.07,
        "volume": 700,
        "category": "g",
        "source": "tv",
        "shortable": false,
        "exchange_name": "NASD",
        "market_cap": 23.2932,
        "existing": false
    },
    {
        "symbol": "AIMD",
        "company": "Ainos, Inc.",
        "change_pct": 9.71,
        "premarket": 0.73,
        "volume": 1937,
        "category": "g",
        "source": "tv",
        "shortable": false,
        "exchange_name": "NASD",
        "market_cap": 13.33526,
        "existing": false
    },
    {
        "symbol": "VNDA",
        "company": "Vanda Pharmaceuticals Inc.",
        "change_pct": 9.6,
        "premarket": 6.85,
        "volume": 1000,
        "category": "g",
        "source": "tv",
        "shortable": true,
        "exchange_name": "NASD",
        "market_cap": 359.0259,
        "existing": false
    },
    {
        "symbol": "QBTS",
        "company": "D-Wave Quantum Inc.",
        "change_pct": 9.33,
        "premarket": 2.46,
        "volume": 549794,
        "category": "g",
        "source": "tv",
        "shortable": true,
        "exchange_name": "NYSE",
        "market_cap": 286.1405,
        "existing": false
    },
    {
        "symbol": "SLNA",
        "company": "Selina Hospitality PLC",
        "change_pct": 9.26,
        "premarket": 1.05,
        "volume": 2621,
        "category": "g",
        "source": "tv",
        "shortable": false,
        "exchange_name": "NASD",
        "market_cap": 94.75223,
        "existing": false
    },
    {
        "symbol": "SFIX",
        "company": "Stitch Fix, Inc.",
        "change_pct": 9.24,
        "premarket": 4.02,
        "volume": 172241,
        "category": "g",
        "source": "tv",
        "shortable": true,
        "exchange_name": "NASD",
        "market_cap": 414.0274,
        "existing": false
    },
    {
        "symbol": "VAPO",
        "company": "Vapotherm, Inc.",
        "change_pct": 9.15,
        "premarket": 0.7002,
        "volume": 23844,
        "category": "g",
        "source": "tv",
        "shortable": true,
        "exchange_name": "NYSE",
        "market_cap": 29.65017,
        "existing": false
    },
    {
        "symbol": "GME",
        "company": "GameStop Corporation",
        "change_pct": 9.07,
        "premarket": 26.93,
        "volume": 493551,
        "category": "g",
        "source": "tv",
        "shortable": true,
        "exchange_name": "NYSE",
        "market_cap": 7523.463,
        "existing": false
    },
    {
        "symbol": "NBSE",
        "company": "NeuBase Therapeutics, Inc.",
        "change_pct": 9.0,
        "premarket": 0.1962,
        "volume": 1000,
        "category": "g",
        "source": "tv",
        "shortable": true,
        "exchange_name": "NASD",
        "market_cap": 6.08586,
        "existing": false
    },
    {
        "symbol": "NOVN",
        "company": "Novan, Inc.",
        "change_pct": 8.95,
        "premarket": 1.0568,
        "volume": 4619,
        "category": "g",
        "source": "tv",
        "shortable": true,
        "exchange_name": "NASD",
        "market_cap": 27.17491,
        "existing": false
    },
    {
        "symbol": "MIMO",
        "company": "Airspan Networks Holdings Inc.",
        "change_pct": 8.91,
        "premarket": 0.1528,
        "volume": 45926,
        "category": "g",
        "source": "tv",
        "shortable": false,
        "exchange_name": "AMEX",
        "market_cap": 123.2392,
        "existing": false
    },
    {
        "symbol": "BTOG",
        "company": "Bit Origin Limited",
        "change_pct": 8.9,
        "premarket": 1.59,
        "volume": 500,
        "category": "g",
        "source": "tv",
        "shortable": false,
        "exchange_name": "NASD",
        "market_cap": 4.89309,
        "existing": false
    },
    {
        "symbol": "CVKD",
        "company": "Cadrenal Therapeutics, Inc.",
        "change_pct": 8.9,
        "premarket": 1.59,
        "volume": 539,
        "category": "g",
        "source": "tv",
        "shortable": true,
        "exchange_name": "NASD",
        "market_cap": 17.11522,
        "existing": false
    },
    {
        "symbol": "CGTX",
        "company": "Cognition Therapeutics, Inc.",
        "change_pct": 8.87,
        "premarket": 3.19,
        "volume": 2133,
        "category": "g",
        "source": "tv",
        "shortable": false,
        "exchange_name": "NASD",
        "market_cap": 85.78228,
        "existing": false
    },
    {
        "symbol": "OCC",
        "company": "Optical Cable Corporation",
        "change_pct": 8.85,
        "premarket": 4.43,
        "volume": 200,
        "category": "g",
        "source": "tv",
        "shortable": true,
        "exchange_name": "NASD",
        "market_cap": 32.02507,
        "existing": false
    }
]