[
    {
        "symbol": "CDT",
        "company": "Conduit Pharmaceuticals Inc.",
        "change_pct": 98.75,
        "premarket": 9.6,
        "volume": 333443,
        "category": "g",
        "source": "tv",
        "shortable": true,
        "exchange_name": "N/A",
        "market_cap": 0,
        "existing": false
    },
    {
        "symbol": "VVOS",
        "company": "Vivos Therapeutics, Inc.",
        "change_pct": 48.86,
        "premarket": 0.2754,
        "volume": 11735000,
        "category": "g",
        "source": "tv",
        "shortable": true,
        "exchange_name": "N/A",
        "market_cap": 0,
        "existing": false
    },
    {
        "symbol": "VINO",
        "company": "Gaucho Group Holdings, Inc.",
        "change_pct": 42.33,
        "premarket": 2.69,
        "volume": 1796000,
        "category": "g",
        "source": "tv",
        "shortable": true,
        "exchange_name": "N/A",
        "market_cap": 0,
        "existing": false
    },
    {
        "symbol": "BCLI",
        "company": "Brainstorm Cell Therapeutics Inc.",
        "change_pct": 37.59,
        "premarket": 0.2339,
        "volume": 20746000,
        "category": "g",
        "source": "tv",
        "shortable": true,
        "exchange_name": "N/A",
        "market_cap": 0,
        "existing": false
    },
    {
        "symbol": "SONX",
        "company": "Sonendo, Inc.",
        "change_pct": 32.31,
        "premarket": 0.4234,
        "volume": 1432000,
        "category": "g",
        "source": "tv",
        "shortable": true,
        "exchange_name": "N/A",
        "market_cap": 0,
        "existing": false
    },
    {
        "symbol": "SNTI",
        "company": "Senti Biosciences, Inc.",
        "change_pct": 22.17,
        "premarket": 0.4899,
        "volume": 6477000,
        "category": "g",
        "source": "tv",
        "shortable": true,
        "exchange_name": "N/A",
        "market_cap": 0,
        "existing": false
    },
    {
        "symbol": "SXTC",
        "company": "China SXT Pharmaceuticals, Inc.",
        "change_pct": 21.3,
        "premarket": 0.1452,
        "volume": 1802000,
        "category": "g",
        "source": "tv",
        "shortable": true,
        "exchange_name": "N/A",
        "market_cap": 0,
        "existing": false
    },
    {
        "symbol": "HSTO",
        "company": "Histogen Inc.",
        "change_pct": 19.8,
        "premarket": 0.6098,
        "volume": 252424,
        "category": "g",
        "source": "tv",
        "shortable": true,
        "exchange_name": "N/A",
        "market_cap": 0,
        "existing": false
    },
    {
        "symbol": "PXLW",
        "company": "Pixelworks, Inc.",
        "change_pct": 18.69,
        "premarket": 1.27,
        "volume": 284650,
        "category": "g",
        "source": "tv",
        "shortable": true,
        "exchange_name": "N/A",
        "market_cap": 0,
        "existing": false
    },
    {
        "symbol": "SYBX",
        "company": "Synlogic, Inc.",
        "change_pct": 17.49,
        "premarket": 3.09,
        "volume": 100,
        "category": "g",
        "source": "tv",
        "shortable": true,
        "exchange_name": "N/A",
        "market_cap": 0,
        "existing": false
    },
    {
        "symbol": "TSBX",
        "company": "Turnstone Biologics Corp.",
        "change_pct": 14.72,
        "premarket": 2.65,
        "volume": 500,
        "category": "g",
        "source": "tv",
        "shortable": true,
        "exchange_name": "N/A",
        "market_cap": 0,
        "existing": false
    },
    {
        "symbol": "AZTR",
        "company": "Azitra Inc",
        "change_pct": 13.95,
        "premarket": 1.64,
        "volume": 176,
        "category": "g",
        "source": "tv",
        "shortable": true,
        "exchange_name": "N/A",
        "market_cap": 0,
        "existing": false
    },
    {
        "symbol": "DESP",
        "company": "Despegar.com, Corp.",
        "change_pct": 13.8,
        "premarket": 7.78,
        "volume": 100,
        "category": "g",
        "source": "tv",
        "shortable": true,
        "exchange_name": "N/A",
        "market_cap": 0,
        "existing": false
    },
    {
        "symbol": "INM",
        "company": "InMed Pharmaceuticals Inc.",
        "change_pct": 13.6,
        "premarket": 0.81,
        "volume": 100,
        "category": "g",
        "source": "tv",
        "shortable": true,
        "exchange_name": "N/A",
        "market_cap": 0,
        "existing": false
    },
    {
        "symbol": "BOF",
        "company": "BranchOut Food Inc.",
        "change_pct": 13.33,
        "premarket": 2.04,
        "volume": 5900,
        "category": "g",
        "source": "tv",
        "shortable": true,
        "exchange_name": "N/A",
        "market_cap": 0,
        "existing": false
    },
    {
        "symbol": "MIRA",
        "company": "MIRA Pharmaceuticals, Inc.",
        "change_pct": 10.64,
        "premarket": 5.2,
        "volume": 100,
        "category": "g",
        "source": "tv",
        "shortable": true,
        "exchange_name": "N/A",
        "market_cap": 0,
        "existing": false
    },
    {
        "symbol": "SALM",
        "company": "Salem Media Group, Inc.",
        "change_pct": 10.61,
        "premarket": 0.74,
        "volume": 2302,
        "category": "g",
        "source": "tv",
        "shortable": true,
        "exchange_name": "N/A",
        "market_cap": 0,
        "existing": false
    },
    {
        "symbol": "AUUD",
        "company": "Auddia Inc.",
        "change_pct": 10.31,
        "premarket": 0.321,
        "volume": 4190,
        "category": "g",
        "source": "tv",
        "shortable": true,
        "exchange_name": "N/A",
        "market_cap": 0,
        "existing": false
    },
    {
        "symbol": "ILAG",
        "company": "Intelligent Living Application Group Inc.",
        "change_pct": 10.23,
        "premarket": 0.97,
        "volume": 2500,
        "category": "g",
        "source": "tv",
        "shortable": true,
        "exchange_name": "N/A",
        "market_cap": 0,
        "existing": false
    },
    {
        "symbol": "YS",
        "company": "YS Biopharma Co., Ltd.",
        "change_pct": 10.05,
        "premarket": 0.81,
        "volume": 16759,
        "category": "g",
        "source": "tv",
        "shortable": true,
        "exchange_name": "N/A",
        "market_cap": 0,
        "existing": false
    },
    {
        "symbol": "CDIO",
        "company": "Cardio Diagnostics Holdings Inc.",
        "change_pct": 10.0,
        "premarket": 0.33,
        "volume": 995,
        "category": "g",
        "source": "tv",
        "shortable": true,
        "exchange_name": "N/A",
        "market_cap": 0,
        "existing": false
    },
    {
        "symbol": "HUBC",
        "company": "Hub Cyber Security Ltd.",
        "change_pct": 10.0,
        "premarket": 0.22,
        "volume": 2526000,
        "category": "g",
        "source": "tv",
        "shortable": true,
        "exchange_name": "N/A",
        "market_cap": 0,
        "existing": false
    },
    {
        "symbol": "SNES",
        "company": "SenesTech, Inc.",
        "change_pct": 9.74,
        "premarket": 0.4247,
        "volume": 2463,
        "category": "g",
        "source": "tv",
        "shortable": true,
        "exchange_name": "N/A",
        "market_cap": 0,
        "existing": false
    },
    {
        "symbol": "LVOX",
        "company": "LiveVox Holdings, Inc.",
        "change_pct": 9.58,
        "premarket": 3.66,
        "volume": 319040,
        "category": "g",
        "source": "tv",
        "shortable": true,
        "exchange_name": "N/A",
        "market_cap": 0,
        "existing": false
    },
    {
        "symbol": "MSGM",
        "company": "Motorsport Games Inc.",
        "change_pct": 9.51,
        "premarket": 3.57,
        "volume": 690,
        "category": "g",
        "source": "tv",
        "shortable": true,
        "exchange_name": "N/A",
        "market_cap": 0,
        "existing": false
    },
    {
        "symbol": "LAC",
        "company": "Lithium Americas Corp.",
        "change_pct": -37.0,
        "premarket": 10.2,
        "volume": 84312,
        "category": "l",
        "source": "tv",
        "shortable": true,
        "exchange_name": "N/A",
        "market_cap": 0,
        "existing": false
    },
    {
        "symbol": "ATEN",
        "company": "A10 Networks, Inc.",
        "change_pct": -28.87,
        "premarket": 10.79,
        "volume": 40182,
        "category": "l",
        "source": "tv",
        "shortable": true,
        "exchange_name": "N/A",
        "market_cap": 0,
        "existing": false
    },
    {
        "symbol": "FEMY",
        "company": "Femasys Inc.",
        "change_pct": -24.9,
        "premarket": 1.87,
        "volume": 2965000,
        "category": "l",
        "source": "tv",
        "shortable": true,
        "exchange_name": "N/A",
        "market_cap": 0,
        "existing": false
    },
    {
        "symbol": "DXYN",
        "company": "The Dixie Group, Inc.",
        "change_pct": -21.97,
        "premarket": 0.561,
        "volume": 6825,
        "category": "l",
        "source": "tv",
        "shortable": true,
        "exchange_name": "N/A",
        "market_cap": 0,
        "existing": false
    },
    {
        "symbol": "KA",
        "company": "Kineta, Inc.",
        "change_pct": -21.77,
        "premarket": 3.09,
        "volume": 8904,
        "category": "l",
        "source": "tv",
        "shortable": true,
        "exchange_name": "N/A",
        "market_cap": 0,
        "existing": false
    },
    {
        "symbol": "MKUL",
        "company": "Molekule Group, Inc.",
        "change_pct": -19.08,
        "premarket": 0.168,
        "volume": 826894,
        "category": "l",
        "source": "tv",
        "shortable": true,
        "exchange_name": "N/A",
        "market_cap": 0,
        "existing": false
    },
    {
        "symbol": "TKNO",
        "company": "Alpha Teknova, Inc.",
        "change_pct": -18.82,
        "premarket": 1.8,
        "volume": 400,
        "category": "l",
        "source": "tv",
        "shortable": true,
        "exchange_name": "N/A",
        "market_cap": 0,
        "existing": false
    },
    {
        "symbol": "EAST",
        "company": "Eastside Distilling, Inc.",
        "change_pct": -14.61,
        "premarket": 1.52,
        "volume": 940,
        "category": "l",
        "source": "tv",
        "shortable": true,
        "exchange_name": "N/A",
        "market_cap": 0,
        "existing": false
    },
    {
        "symbol": "VTAK",
        "company": "Catheter Precision, Inc.",
        "change_pct": -13.99,
        "premarket": 0.3522,
        "volume": 969974,
        "category": "l",
        "source": "tv",
        "shortable": true,
        "exchange_name": "N/A",
        "market_cap": 0,
        "existing": false
    },
    {
        "symbol": "CALM",
        "company": "Cal-Maine Foods, Inc.",
        "change_pct": -12.21,
        "premarket": 41.7,
        "volume": 36470,
        "category": "l",
        "source": "tv",
        "shortable": true,
        "exchange_name": "N/A",
        "market_cap": 0,
        "existing": false
    },
    {
        "symbol": "LAB",
        "company": "Standard BioTools Inc.",
        "change_pct": -11.11,
        "premarket": 2.4,
        "volume": 161696,
        "category": "l",
        "source": "tv",
        "shortable": true,
        "exchange_name": "N/A",
        "market_cap": 0,
        "existing": false
    },
    {
        "symbol": "AGIL",
        "company": "AgileThought, Inc.",
        "change_pct": -11.0,
        "premarket": 0.1513,
        "volume": 567946,
        "category": "l",
        "source": "tv",
        "shortable": true,
        "exchange_name": "N/A",
        "market_cap": 0,
        "existing": false
    },
    {
        "symbol": "SXTP",
        "company": "60 Degrees Pharmaceuticals, Inc.",
        "change_pct": -10.04,
        "premarket": 0.6657,
        "volume": 453,
        "category": "l",
        "source": "tv",
        "shortable": true,
        "exchange_name": "N/A",
        "market_cap": 0,
        "existing": false
    },
    {
        "symbol": "RSLS",
        "company": "ReShape Lifesciences, Inc.",
        "change_pct": -10.03,
        "premarket": 0.296,
        "volume": 14888,
        "category": "l",
        "source": "tv",
        "shortable": true,
        "exchange_name": "N/A",
        "market_cap": 0,
        "existing": false
    },
    {
        "symbol": "SANA",
        "company": "Sana Biotechnology, Inc.",
        "change_pct": -9.93,
        "premarket": 3.25,
        "volume": 100,
        "category": "l",
        "source": "tv",
        "shortable": true,
        "exchange_name": "N/A",
        "market_cap": 0,
        "existing": false
    },
    {
        "symbol": "OCEA",
        "company": "Ocean Biomedical, Inc.",
        "change_pct": -9.8,
        "premarket": 2.47,
        "volume": 211176,
        "category": "l",
        "source": "tv",
        "shortable": true,
        "exchange_name": "N/A",
        "market_cap": 0,
        "existing": false
    },
    {
        "symbol": "VINE",
        "company": "Fresh Vine Wine, Inc.",
        "change_pct": -9.74,
        "premarket": 0.38,
        "volume": 237,
        "category": "l",
        "source": "tv",
        "shortable": true,
        "exchange_name": "N/A",
        "market_cap": 0,
        "existing": false
    },
    {
        "symbol": "NVNI",
        "company": "Nvni Group Limited",
        "change_pct": -9.43,
        "premarket": 4.32,
        "volume": 100,
        "category": "l",
        "source": "tv",
        "shortable": true,
        "exchange_name": "N/A",
        "market_cap": 0,
        "existing": false
    },
    {
        "symbol": "OPGN",
        "company": "OpGen, Inc.",
        "change_pct": -8.87,
        "premarket": 0.335,
        "volume": 45228,
        "category": "l",
        "source": "tv",
        "shortable": true,
        "exchange_name": "N/A",
        "market_cap": 0,
        "existing": false
    },
    {
        "symbol": "ELUT",
        "company": "Elutia, Inc.",
        "change_pct": -8.63,
        "premarket": 1.27,
        "volume": 340,
        "category": "l",
        "source": "tv",
        "shortable": true,
        "exchange_name": "N/A",
        "market_cap": 0,
        "existing": false
    },
    {
        "symbol": "THAR",
        "company": "Tharimmune, Inc.",
        "change_pct": -8.63,
        "premarket": 0.18,
        "volume": 9942,
        "category": "l",
        "source": "tv",
        "shortable": true,
        "exchange_name": "N/A",
        "market_cap": 0,
        "existing": false
    },
    {
        "symbol": "VISL",
        "company": "Vislink Technologies, Inc.",
        "change_pct": -8.57,
        "premarket": 3.2,
        "volume": 861,
        "category": "l",
        "source": "tv",
        "shortable": true,
        "exchange_name": "N/A",
        "market_cap": 0,
        "existing": false
    },
    {
        "symbol": "HELE",
        "company": "Helen of Troy Limited",
        "change_pct": -7.6,
        "premarket": 105.0,
        "volume": 25121,
        "category": "l",
        "source": "tv",
        "shortable": true,
        "exchange_name": "N/A",
        "market_cap": 0,
        "existing": false
    },
    {
        "symbol": "ASNS",
        "company": "Actelis Networks, Inc.",
        "change_pct": -7.5,
        "premarket": 1.11,
        "volume": 4066,
        "category": "l",
        "source": "tv",
        "shortable": true,
        "exchange_name": "N/A",
        "market_cap": 0,
        "existing": false
    },
    {
        "symbol": "TMPO",
        "company": "Tempo Automation Holdings, Inc.",
        "change_pct": -7.47,
        "premarket": 0.1573,
        "volume": 262175,
        "category": "l",
        "source": "tv",
        "shortable": true,
        "exchange_name": "N/A",
        "market_cap": 0,
        "existing": false
    }
]