[
    {
        "symbol": "PWM",
        "company": "Prestige Wealth, Inc.",
        "premarket": 10.43,
        "change_pct": 93.15,
        "volume": 4000099,
        "category": "g",
        "source": "cnn",
        "shortable": false,
        "exchange_name": "NASD",
        "market_cap": 0.0,
        "existing": false
    },
    {
        "symbol": "GRRR",
        "company": "Gorilla Technology Group, Inc.",
        "premarket": 3.51,
        "change_pct": 67.94,
        "volume": 13000100,
        "category": "g",
        "source": "cnn",
        "shortable": true,
        "exchange_name": "NASD",
        "market_cap": 317.7269,
        "existing": false
    },
    {
        "symbol": "CSTL",
        "company": "Castle Biosciences, Inc.",
        "premarket": 20.22,
        "change_pct": 52.26,
        "volume": 2000100,
        "category": "g",
        "source": "cnn",
        "shortable": true,
        "exchange_name": "NASD",
        "market_cap": 541.8331,
        "existing": false
    },
    {
        "symbol": "NUZE",
        "company": "Nuzee Inc",
        "premarket": 10.49,
        "change_pct": 19.89,
        "volume": 169000,
        "category": "g",
        "source": "cnn",
        "shortable": true,
        "exchange_name": "NASD",
        "market_cap": 7.93085,
        "existing": false
    },
    {
        "symbol": "TOP",
        "company": "TOP Financial Group Limited",
        "premarket": 7.7,
        "change_pct": 15.44,
        "volume": 987000,
        "category": "g",
        "source": "cnn",
        "shortable": false,
        "exchange_name": "NASD",
        "market_cap": 251.702,
        "existing": false
    },
    {
        "symbol": "PDEX",
        "company": "Pro-Dex, Inc.",
        "premarket": 20.92,
        "change_pct": 14.44,
        "volume": 41,
        "category": "g",
        "source": "cnn",
        "shortable": true,
        "exchange_name": "NASD",
        "market_cap": 64.95112,
        "existing": false
    },
    {
        "symbol": "MHUA",
        "company": "Meihua International Medical Technologies Co., Ltd.",
        "premarket": 2.85,
        "change_pct": 11.76,
        "volume": 1,
        "category": "g",
        "source": "cnn",
        "shortable": false,
        "exchange_name": "NASD",
        "market_cap": 57.6954,
        "existing": false
    },
    {
        "symbol": "UTME",
        "company": "UTime Limited",
        "premarket": 2.4,
        "change_pct": 11.3,
        "volume": 7,
        "category": "g",
        "source": "cnn",
        "shortable": false,
        "exchange_name": "NASD",
        "market_cap": 16.94898,
        "existing": false
    },
    {
        "symbol": "LPCN",
        "company": "Lipocine Inc",
        "premarket": 4.75,
        "change_pct": 10.44,
        "volume": 13,
        "category": "g",
        "source": "cnn",
        "shortable": true,
        "exchange_name": "NASD",
        "market_cap": 23.01281,
        "existing": false
    },
    {
        "symbol": "NVX",
        "company": "NOVONIX Ltd Sponsored ADR",
        "premarket": 2.82,
        "change_pct": 10.16,
        "volume": 5,
        "category": "g",
        "source": "cnn",
        "shortable": true,
        "exchange_name": "NASD",
        "market_cap": 0.0,
        "existing": false
    },
    {
        "symbol": "FRSX",
        "company": "Foresight Autonomous Holdings Ltd Sponsored ADR",
        "premarket": 2.69,
        "change_pct": 9.8,
        "volume": 182,
        "category": "g",
        "source": "cnn",
        "shortable": true,
        "exchange_name": "NASD",
        "market_cap": 0.0,
        "existing": false
    },
    {
        "symbol": "PWM",
        "company": "Prestige Wealth, Inc.",
        "premarket": 10.43,
        "change_pct": -93.15,
        "volume": 4000099,
        "category": "l",
        "source": "cnn",
        "shortable": false,
        "exchange_name": "NASD",
        "market_cap": 0.0,
        "existing": false
    },
    {
        "symbol": "GRRR",
        "company": "Gorilla Technology Group, Inc.",
        "premarket": 3.51,
        "change_pct": -67.94,
        "volume": 13000100,
        "category": "l",
        "source": "cnn",
        "shortable": true,
        "exchange_name": "NASD",
        "market_cap": 317.7269,
        "existing": false
    },
    {
        "symbol": "CSTL",
        "company": "Castle Biosciences, Inc.",
        "premarket": 20.22,
        "change_pct": -52.26,
        "volume": 2000100,
        "category": "l",
        "source": "cnn",
        "shortable": true,
        "exchange_name": "NASD",
        "market_cap": 541.8331,
        "existing": false
    },
    {
        "symbol": "NUZE",
        "company": "Nuzee Inc",
        "premarket": 10.49,
        "change_pct": -19.89,
        "volume": 169000,
        "category": "l",
        "source": "cnn",
        "shortable": true,
        "exchange_name": "NASD",
        "market_cap": 7.93085,
        "existing": false
    },
    {
        "symbol": "TOP",
        "company": "TOP Financial Group Limited",
        "premarket": 7.7,
        "change_pct": -15.44,
        "volume": 987000,
        "category": "l",
        "source": "cnn",
        "shortable": false,
        "exchange_name": "NASD",
        "market_cap": 251.702,
        "existing": false
    },
    {
        "symbol": "PDEX",
        "company": "Pro-Dex, Inc.",
        "premarket": 20.92,
        "change_pct": -14.44,
        "volume": 41,
        "category": "l",
        "source": "cnn",
        "shortable": true,
        "exchange_name": "NASD",
        "market_cap": 64.95112,
        "existing": false
    },
    {
        "symbol": "MHUA",
        "company": "Meihua International Medical Technologies Co., Ltd.",
        "premarket": 2.85,
        "change_pct": -11.76,
        "volume": 1,
        "category": "l",
        "source": "cnn",
        "shortable": false,
        "exchange_name": "NASD",
        "market_cap": 57.6954,
        "existing": false
    },
    {
        "symbol": "UTME",
        "company": "UTime Limited",
        "premarket": 2.4,
        "change_pct": -11.3,
        "volume": 7,
        "category": "l",
        "source": "cnn",
        "shortable": false,
        "exchange_name": "NASD",
        "market_cap": 16.94898,
        "existing": false
    },
    {
        "symbol": "LPCN",
        "company": "Lipocine Inc",
        "premarket": 4.75,
        "change_pct": -10.44,
        "volume": 13,
        "category": "l",
        "source": "cnn",
        "shortable": true,
        "exchange_name": "NASD",
        "market_cap": 23.01281,
        "existing": false
    },
    {
        "symbol": "NVX",
        "company": "NOVONIX Ltd Sponsored ADR",
        "premarket": 2.82,
        "change_pct": -10.16,
        "volume": 5,
        "category": "l",
        "source": "cnn",
        "shortable": true,
        "exchange_name": "NASD",
        "market_cap": 0.0,
        "existing": false
    },
    {
        "symbol": "FRSX",
        "company": "Foresight Autonomous Holdings Ltd Sponsored ADR",
        "premarket": 2.69,
        "change_pct": -9.8,
        "volume": 182,
        "category": "l",
        "source": "cnn",
        "shortable": true,
        "exchange_name": "NASD",
        "market_cap": 0.0,
        "existing": false
    }
]