[
    {
        "symbol": "WETG",
        "company": "WeTrade Group Inc",
        "premarket": 20.3,
        "change_pct": 140.52,
        "volume": 5000100,
        "category": "g",
        "source": "cnn",
        "shortable": false,
        "exchange_name": "NASD",
        "market_cap": 8.89884,
        "existing": false
    },
    {
        "symbol": "IVA",
        "company": "Inventiva SA ADR",
        "premarket": 4.8,
        "change_pct": 30.79,
        "volume": 2000100,
        "category": "g",
        "source": "cnn",
        "shortable": false,
        "exchange_name": "NASD",
        "market_cap": 0.0,
        "existing": false
    },
    {
        "symbol": "NEXT",
        "company": "NextDecade Corp.",
        "premarket": 6.52,
        "change_pct": 27.1,
        "volume": 1000100,
        "category": "g",
        "source": "cnn",
        "shortable": true,
        "exchange_name": "NASD",
        "market_cap": 772.4068,
        "existing": false
    },
    {
        "symbol": "AKYA",
        "company": "Akoya Biosciences Inc",
        "premarket": 7.79,
        "change_pct": 18.93,
        "volume": 110000,
        "category": "g",
        "source": "cnn",
        "shortable": true,
        "exchange_name": "NASD",
        "market_cap": 251.5565,
        "existing": false
    },
    {
        "symbol": "INDP",
        "company": "Indaptus Therapeutics, Inc.",
        "premarket": 2.31,
        "change_pct": 14.93,
        "volume": 28,
        "category": "g",
        "source": "cnn",
        "shortable": true,
        "exchange_name": "NASD",
        "market_cap": 16.8861,
        "existing": false
    },
    {
        "symbol": "MAXN",
        "company": "Maxeon Solar Technologies, Ltd.",
        "premarket": 32.55,
        "change_pct": 13.81,
        "volume": 48000,
        "category": "g",
        "source": "cnn",
        "shortable": true,
        "exchange_name": "NASD",
        "market_cap": 1502.353,
        "existing": false
    },
    {
        "symbol": "CYH",
        "company": "Community Health Systems, Inc.",
        "premarket": 4.61,
        "change_pct": 12.44,
        "volume": 53000,
        "category": "g",
        "source": "cnn",
        "shortable": true,
        "exchange_name": "NYSE",
        "market_cap": 560.6439,
        "existing": false
    },
    {
        "symbol": "AGRX",
        "company": "Agile Therapeutics, Inc.",
        "premarket": 3.96,
        "change_pct": 10.31,
        "volume": 750000,
        "category": "g",
        "source": "cnn",
        "shortable": true,
        "exchange_name": "NASD",
        "market_cap": 10.51267,
        "existing": false
    },
    {
        "symbol": "BLD",
        "company": "TopBuild Corp.",
        "premarket": 262.39,
        "change_pct": 10.25,
        "volume": 105,
        "category": "g",
        "source": "cnn",
        "shortable": true,
        "exchange_name": "NYSE",
        "market_cap": 7556.338,
        "existing": false
    },
    {
        "symbol": "AEZS",
        "company": "Aeterna Zentaris Inc.",
        "premarket": 3.08,
        "change_pct": 10.0,
        "volume": 373,
        "category": "g",
        "source": "cnn",
        "shortable": true,
        "exchange_name": "NASD",
        "market_cap": 13.64051,
        "existing": false
    },
    {
        "symbol": "LUMN",
        "company": "Lumen Technologies, Inc.",
        "premarket": 2.34,
        "change_pct": 9.86,
        "volume": 2000100,
        "category": "g",
        "source": "cnn",
        "shortable": true,
        "exchange_name": "NYSE",
        "market_cap": 2139.213,
        "existing": false
    },
    {
        "symbol": "WETG",
        "company": "WeTrade Group Inc",
        "premarket": 20.3,
        "change_pct": -140.52,
        "volume": 5000100,
        "category": "l",
        "source": "cnn",
        "shortable": false,
        "exchange_name": "NASD",
        "market_cap": 8.89884,
        "existing": false
    },
    {
        "symbol": "IVA",
        "company": "Inventiva SA ADR",
        "premarket": 4.8,
        "change_pct": -30.79,
        "volume": 2000100,
        "category": "l",
        "source": "cnn",
        "shortable": false,
        "exchange_name": "NASD",
        "market_cap": 0.0,
        "existing": false
    },
    {
        "symbol": "NEXT",
        "company": "NextDecade Corp.",
        "premarket": 6.52,
        "change_pct": -27.1,
        "volume": 1000100,
        "category": "l",
        "source": "cnn",
        "shortable": true,
        "exchange_name": "NASD",
        "market_cap": 772.4068,
        "existing": false
    },
    {
        "symbol": "AKYA",
        "company": "Akoya Biosciences Inc",
        "premarket": 7.79,
        "change_pct": -18.93,
        "volume": 110000,
        "category": "l",
        "source": "cnn",
        "shortable": true,
        "exchange_name": "NASD",
        "market_cap": 251.5565,
        "existing": false
    },
    {
        "symbol": "INDP",
        "company": "Indaptus Therapeutics, Inc.",
        "premarket": 2.31,
        "change_pct": -14.93,
        "volume": 28,
        "category": "l",
        "source": "cnn",
        "shortable": true,
        "exchange_name": "NASD",
        "market_cap": 16.8861,
        "existing": false
    },
    {
        "symbol": "MAXN",
        "company": "Maxeon Solar Technologies, Ltd.",
        "premarket": 32.55,
        "change_pct": -13.81,
        "volume": 48000,
        "category": "l",
        "source": "cnn",
        "shortable": true,
        "exchange_name": "NASD",
        "market_cap": 1502.353,
        "existing": false
    },
    {
        "symbol": "CYH",
        "company": "Community Health Systems, Inc.",
        "premarket": 4.61,
        "change_pct": -12.44,
        "volume": 53000,
        "category": "l",
        "source": "cnn",
        "shortable": true,
        "exchange_name": "NYSE",
        "market_cap": 560.6439,
        "existing": false
    },
    {
        "symbol": "AGRX",
        "company": "Agile Therapeutics, Inc.",
        "premarket": 3.96,
        "change_pct": -10.31,
        "volume": 750000,
        "category": "l",
        "source": "cnn",
        "shortable": true,
        "exchange_name": "NASD",
        "market_cap": 10.51267,
        "existing": false
    },
    {
        "symbol": "BLD",
        "company": "TopBuild Corp.",
        "premarket": 262.39,
        "change_pct": -10.25,
        "volume": 105,
        "category": "l",
        "source": "cnn",
        "shortable": true,
        "exchange_name": "NYSE",
        "market_cap": 7556.338,
        "existing": false
    },
    {
        "symbol": "AEZS",
        "company": "Aeterna Zentaris Inc.",
        "premarket": 3.08,
        "change_pct": -10.0,
        "volume": 373,
        "category": "l",
        "source": "cnn",
        "shortable": true,
        "exchange_name": "NASD",
        "market_cap": 13.64051,
        "existing": false
    },
    {
        "symbol": "LUMN",
        "company": "Lumen Technologies, Inc.",
        "premarket": 2.34,
        "change_pct": -9.86,
        "volume": 2000100,
        "category": "l",
        "source": "cnn",
        "shortable": true,
        "exchange_name": "NYSE",
        "market_cap": 2139.213,
        "existing": false
    }
]