[
    {
        "symbol": "ACER",
        "company": "Acer Therapeutics Inc.",
        "change_pct": 77.11,
        "premarket": 1.0804,
        "volume": 14182000,
        "category": "g",
        "source": "tv",
        "shortable": true,
        "exchange_name": "NASD",
        "market_cap": 14.92287,
        "existing": false
    },
    {
        "symbol": "IFBD",
        "company": "Infobird Co., Ltd",
        "change_pct": 59.14,
        "premarket": 0.4456,
        "volume": 2018000,
        "category": "g",
        "source": "tv",
        "shortable": true,
        "exchange_name": "NASD",
        "market_cap": 38.45059,
        "existing": false
    },
    {
        "symbol": "SATX",
        "company": "SatixFy Communications Ltd.",
        "change_pct": 42.3,
        "premarket": 0.6802,
        "volume": 8985000,
        "category": "g",
        "source": "tv",
        "shortable": true,
        "exchange_name": "AMEX",
        "market_cap": 0.0,
        "existing": false
    },
    {
        "symbol": "NCNC",
        "company": "noco-noco Inc.",
        "change_pct": 40.63,
        "premarket": 2.25,
        "volume": 6574000,
        "category": "g",
        "source": "tv",
        "shortable": false,
        "exchange_name": "NASD",
        "market_cap": 0.0,
        "existing": false
    },
    {
        "symbol": "ICCT",
        "company": "iCoreConnect Inc.",
        "change_pct": 39.74,
        "premarket": 17.16,
        "volume": 1527000,
        "category": "g",
        "source": "tv",
        "shortable": false,
        "exchange_name": "NASD",
        "market_cap": 382.6149,
        "existing": false
    },
    {
        "symbol": "TIO",
        "company": "Tingo Group, Inc.",
        "change_pct": 23.57,
        "premarket": 1.73,
        "volume": 17926000,
        "category": "g",
        "source": "tv",
        "shortable": true,
        "exchange_name": "NASD",
        "market_cap": 229.2183,
        "existing": false
    },
    {
        "symbol": "ALLR",
        "company": "Allarity Therapeutics, Inc.",
        "change_pct": 23.27,
        "premarket": 1.96,
        "volume": 1836000,
        "category": "g",
        "source": "tv",
        "shortable": false,
        "exchange_name": "NASD",
        "market_cap": 4.33883,
        "existing": false
    },
    {
        "symbol": "ALPP",
        "company": "Alpine 4 Holdings, Inc.",
        "change_pct": 21.6,
        "premarket": 1.52,
        "volume": 3701,
        "category": "g",
        "source": "tv",
        "shortable": true,
        "exchange_name": "NASD",
        "market_cap": 30.28082,
        "existing": false
    },
    {
        "symbol": "LGVN",
        "company": "Longeveron Inc.",
        "change_pct": 18.85,
        "premarket": 2.9,
        "volume": 24825,
        "category": "g",
        "source": "tv",
        "shortable": true,
        "exchange_name": "NASD",
        "market_cap": 51.64812,
        "existing": false
    },
    {
        "symbol": "RNAZ",
        "company": "TransCode Therapeutics, Inc.",
        "change_pct": 15.78,
        "premarket": 1.76,
        "volume": 2280,
        "category": "g",
        "source": "tv",
        "shortable": false,
        "exchange_name": "NASD",
        "market_cap": 3.07923,
        "existing": false
    },
    {
        "symbol": "SMX",
        "company": "SMX (Security Matters) Public Limited Company",
        "change_pct": 15.19,
        "premarket": 1.82,
        "volume": 540660,
        "category": "g",
        "source": "tv",
        "shortable": false,
        "exchange_name": "NASD",
        "market_cap": 3.476,
        "existing": false
    },
    {
        "symbol": "NLSP",
        "company": "NLS Pharmaceutics Ltd.",
        "change_pct": 15.0,
        "premarket": 1.15,
        "volume": 141502,
        "category": "g",
        "source": "tv",
        "shortable": false,
        "exchange_name": "NASD",
        "market_cap": 32.42889,
        "existing": false
    },
    {
        "symbol": "RKDA",
        "company": "Arcadia Biosciences, Inc.",
        "change_pct": 14.77,
        "premarket": 4.04,
        "volume": 227,
        "category": "g",
        "source": "tv",
        "shortable": true,
        "exchange_name": "NASD",
        "market_cap": 3.90168,
        "existing": false
    },
    {
        "symbol": "CMRA",
        "company": "Comera Life Sciences Holdings, Inc.",
        "change_pct": 14.5,
        "premarket": 0.5267,
        "volume": 2500,
        "category": "g",
        "source": "tv",
        "shortable": false,
        "exchange_name": "NASD",
        "market_cap": 12.50093,
        "existing": false
    },
    {
        "symbol": "BETR",
        "company": "Better Home & Finance Holding Company",
        "change_pct": 12.64,
        "premarket": 0.98,
        "volume": 2884000,
        "category": "g",
        "source": "tv",
        "shortable": true,
        "exchange_name": "NASD",
        "market_cap": 641.6993,
        "existing": false
    },
    {
        "symbol": "ASO",
        "company": "Academy Sports and Outdoors, Inc.",
        "change_pct": 11.61,
        "premarket": 55.74,
        "volume": 37389,
        "category": "g",
        "source": "tv",
        "shortable": true,
        "exchange_name": "NASD",
        "market_cap": 3818.176,
        "existing": false
    },
    {
        "symbol": "LYRA",
        "company": "Lyra Therapeutics, Inc.",
        "change_pct": 11.61,
        "premarket": 3.75,
        "volume": 1420,
        "category": "g",
        "source": "tv",
        "shortable": true,
        "exchange_name": "NASD",
        "market_cap": 166.4731,
        "existing": false
    },
    {
        "symbol": "MITQ",
        "company": "Moving iMage Technologies, Inc.",
        "change_pct": 11.49,
        "premarket": 0.97,
        "volume": 81246,
        "category": "g",
        "source": "tv",
        "shortable": false,
        "exchange_name": "AMEX",
        "market_cap": 26.83733,
        "existing": false
    },
    {
        "symbol": "AMC",
        "company": "AMC Entertainment Holdings, Inc.",
        "change_pct": 11.31,
        "premarket": 14.17,
        "volume": 2311000,
        "category": "g",
        "source": "tv",
        "shortable": true,
        "exchange_name": "NYSE",
        "market_cap": 2016.152,
        "existing": false
    },
    {
        "symbol": "BREA",
        "company": "Brera Holdings PLC",
        "change_pct": 11.19,
        "premarket": 1.59,
        "volume": 16002,
        "category": "g",
        "source": "tv",
        "shortable": false,
        "exchange_name": "NASD",
        "market_cap": 16.30915,
        "existing": false
    },
    {
        "symbol": "GNS",
        "company": "Genius Group Limited",
        "change_pct": 11.03,
        "premarket": 1.51,
        "volume": 1023000,
        "category": "g",
        "source": "tv",
        "shortable": true,
        "exchange_name": "AMEX",
        "market_cap": 0.0,
        "existing": false
    },
    {
        "symbol": "CIEN",
        "company": "Ciena Corporation",
        "change_pct": 10.7,
        "premarket": 47.78,
        "volume": 46660,
        "category": "g",
        "source": "tv",
        "shortable": true,
        "exchange_name": "NYSE",
        "market_cap": 6452.36,
        "existing": false
    },
    {
        "symbol": "MVST",
        "company": "Microvast Holdings, Inc.",
        "change_pct": 10.5,
        "premarket": 2.0,
        "volume": 350224,
        "category": "g",
        "source": "tv",
        "shortable": true,
        "exchange_name": "NASD",
        "market_cap": 560.0324,
        "existing": false
    },
    {
        "symbol": "CHSN",
        "company": "Chanson International Holding",
        "change_pct": 10.12,
        "premarket": 2.72,
        "volume": 61043,
        "category": "g",
        "source": "tv",
        "shortable": true,
        "exchange_name": "NASD",
        "market_cap": 30.6033,
        "existing": false
    },
    {
        "symbol": "EFSH",
        "company": "1847 Holdings LLC",
        "change_pct": 9.8,
        "premarket": 0.112,
        "volume": 3195000,
        "category": "g",
        "source": "tv",
        "shortable": false,
        "exchange_name": "AMEX",
        "market_cap": 5.99428,
        "existing": false
    },
    {
        "symbol": "OKTA",
        "company": "Okta, Inc.",
        "change_pct": 9.73,
        "premarket": 80.73,
        "volume": 107218,
        "category": "g",
        "source": "tv",
        "shortable": true,
        "exchange_name": "NASD",
        "market_cap": 11944.83,
        "existing": false
    },
    {
        "symbol": "MICS",
        "company": "The Singing Machine Company, Inc.",
        "change_pct": 9.57,
        "premarket": 1.26,
        "volume": 2499,
        "category": "g",
        "source": "tv",
        "shortable": false,
        "exchange_name": "NASD",
        "market_cap": 4.8533,
        "existing": false
    },
    {
        "symbol": "MNTS",
        "company": "Momentus Inc.",
        "change_pct": 8.6,
        "premarket": 9.82,
        "volume": 260,
        "category": "g",
        "source": "tv",
        "shortable": true,
        "exchange_name": "NASD",
        "market_cap": 17.69432,
        "existing": false
    },
    {
        "symbol": "RCRT",
        "company": "Recruiter.com Group, Inc.",
        "change_pct": 8.59,
        "premarket": 1.77,
        "volume": 125,
        "category": "g",
        "source": "tv",
        "shortable": false,
        "exchange_name": "NASD",
        "market_cap": 2.29564,
        "existing": false
    },
    {
        "symbol": "UGI",
        "company": "UGI Corporation",
        "change_pct": 8.48,
        "premarket": 25.08,
        "volume": 28787,
        "category": "g",
        "source": "tv",
        "shortable": true,
        "exchange_name": "NYSE",
        "market_cap": 4843.149,
        "existing": false
    },
    {
        "symbol": "CGRN",
        "company": "Capstone Green Energy Corporation",
        "change_pct": 8.24,
        "premarket": 0.695,
        "volume": 1000,
        "category": "g",
        "source": "tv",
        "shortable": true,
        "exchange_name": "NASD",
        "market_cap": 11.78115,
        "existing": false
    },
    {
        "symbol": "DSKE",
        "company": "Daseke, Inc.",
        "change_pct": 8.03,
        "premarket": 5.74,
        "volume": 800,
        "category": "g",
        "source": "tv",
        "shortable": true,
        "exchange_name": "NASD",
        "market_cap": 243.4794,
        "existing": false
    },
    {
        "symbol": "LINK",
        "company": "Interlink Electronics, Inc.",
        "change_pct": 7.7,
        "premarket": 10.07,
        "volume": 100,
        "category": "g",
        "source": "tv",
        "shortable": false,
        "exchange_name": "NASD",
        "market_cap": 61.63321,
        "existing": false
    },
    {
        "symbol": "SHOP",
        "company": "Shopify Inc.",
        "change_pct": 7.48,
        "premarket": 64.5,
        "volume": 606656,
        "category": "g",
        "source": "tv",
        "shortable": true,
        "exchange_name": "NYSE",
        "market_cap": 76961.05,
        "existing": false
    },
    {
        "symbol": "EDBL",
        "company": "Edible Garden AG Incorporated",
        "change_pct": 7.19,
        "premarket": 1.49,
        "volume": 19943,
        "category": "g",
        "source": "tv",
        "shortable": true,
        "exchange_name": "NASD",
        "market_cap": 3.92964,
        "existing": false
    },
    {
        "symbol": "BTM",
        "company": "Bitcoin Depot Inc.",
        "change_pct": 7.17,
        "premarket": 2.99,
        "volume": 1334,
        "category": "g",
        "source": "tv",
        "shortable": false,
        "exchange_name": "NASD",
        "market_cap": 160.5211,
        "existing": false
    },
    {
        "symbol": "PXMD",
        "company": "PaxMedica, Inc.",
        "change_pct": 7.14,
        "premarket": 0.4799,
        "volume": 350,
        "category": "g",
        "source": "tv",
        "shortable": false,
        "exchange_name": "NASD",
        "market_cap": 7.36191,
        "existing": false
    },
    {
        "symbol": "CAL",
        "company": "Caleres, Inc.",
        "change_pct": 7.12,
        "premarket": 26.49,
        "volume": 300,
        "category": "g",
        "source": "tv",
        "shortable": true,
        "exchange_name": "NYSE",
        "market_cap": 897.0175,
        "existing": false
    },
    {
        "symbol": "ADD",
        "company": "Color Star Technology Co., Ltd.",
        "change_pct": 7.08,
        "premarket": 1.21,
        "volume": 200,
        "category": "g",
        "source": "tv",
        "shortable": true,
        "exchange_name": "NASD",
        "market_cap": 10.81376,
        "existing": false
    },
    {
        "symbol": "AMPE",
        "company": "Ampio Pharmaceuticals, Inc.",
        "change_pct": 7.01,
        "premarket": 0.1892,
        "volume": 28071,
        "category": "g",
        "source": "tv",
        "shortable": true,
        "exchange_name": "AMEX",
        "market_cap": 6.03432,
        "existing": false
    }
]