[
    {
        "symbol": "HLP",
        "company": "Hongli Group, Inc.",
        "premarket": 9.0,
        "change_pct": 114.29,
        "volume": 2000100,
        "category": "g",
        "source": "cnn",
        "fails": [],
        "shortable": false,
        "exchange_name": "NASD",
        "market_cap": 50.6625,
        "tradeable": true
    },
    {
        "symbol": "MDWT",
        "company": "Midwest Holding, Inc.",
        "premarket": 26.07,
        "change_pct": 90.57,
        "volume": 14000,
        "category": "g",
        "source": "cnn",
        "fails": [],
        "shortable": false,
        "exchange_name": "NASD",
        "market_cap": 50.99871,
        "tradeable": true
    },
    {
        "symbol": "GDC",
        "company": "GD Culture Group Limited",
        "premarket": 4.0,
        "change_pct": 60.0,
        "volume": 115000,
        "category": "g",
        "source": "cnn",
        "fails": [],
        "shortable": true,
        "exchange_name": "NASD",
        "market_cap": 4.27886,
        "tradeable": true
    },
    {
        "symbol": "APLM",
        "company": "Apollomics Inc. Class A",
        "premarket": 6.8,
        "change_pct": 46.55,
        "volume": 430000,
        "category": "g",
        "source": "cnn",
        "fails": [],
        "shortable": true,
        "exchange_name": "NASD",
        "market_cap": 402.7327,
        "tradeable": true
    },
    {
        "symbol": "NNOX",
        "company": "NANO-X IMAGING LTD",
        "premarket": 8.94,
        "change_pct": 46.32,
        "volume": 3000100,
        "category": "g",
        "source": "cnn",
        "fails": [],
        "shortable": true,
        "exchange_name": "NASD",
        "market_cap": 336.6258,
        "tradeable": true
    },
    {
        "symbol": "YGF",
        "company": "YanGuFang International Group Co., Ltd.",
        "premarket": 4.88,
        "change_pct": 38.64,
        "volume": 1000100,
        "category": "g",
        "source": "cnn",
        "fails": [],
        "shortable": false,
        "exchange_name": "NASD",
        "market_cap": 112.64,
        "tradeable": true
    },
    {
        "symbol": "XYF",
        "company": "X Financial Sponsored ADR Class A",
        "premarket": 4.72,
        "change_pct": 35.63,
        "volume": 727000,
        "category": "g",
        "source": "cnn",
        "fails": [],
        "shortable": false,
        "exchange_name": "NYSE",
        "market_cap": 190.8884,
        "tradeable": true
    },
    {
        "symbol": "JXJT",
        "company": "JX Luxventure Limited",
        "premarket": 7.19,
        "change_pct": 20.84,
        "volume": 109000,
        "category": "g",
        "source": "cnn",
        "fails": [],
        "shortable": true,
        "exchange_name": "NASD",
        "market_cap": 4.42673,
        "tradeable": true
    },
    {
        "symbol": "ISSC",
        "company": "Innovative Solutions and Support, Inc.",
        "premarket": 7.6,
        "change_pct": 17.83,
        "volume": 247,
        "category": "g",
        "source": "cnn",
        "fails": [
            "shares_value"
        ],
        "shortable": true,
        "exchange_name": "NASD",
        "market_cap": 112.2223,
        "tradeable": false
    },
    {
        "symbol": "NERV",
        "company": "Minerva Neurosciences Inc",
        "premarket": 3.29,
        "change_pct": 17.5,
        "volume": 17000,
        "category": "g",
        "source": "cnn",
        "fails": [],
        "shortable": true,
        "exchange_name": "NASD",
        "market_cap": 14.95254,
        "tradeable": true
    },
    {
        "symbol": "YRD",
        "company": "Yiren Digital Ltd. Sponsored ADR",
        "premarket": 2.47,
        "change_pct": 16.51,
        "volume": 76000,
        "category": "g",
        "source": "cnn",
        "fails": [],
        "shortable": true,
        "exchange_name": "NYSE",
        "market_cap": 199.8693,
        "tradeable": true
    },
    {
        "symbol": "HLP",
        "company": "Hongli Group, Inc.",
        "premarket": 9.0,
        "change_pct": -114.29,
        "volume": 2000100,
        "category": "l",
        "source": "cnn",
        "fails": [
            "is_shortable"
        ],
        "shortable": false,
        "exchange_name": "NASD",
        "market_cap": 50.6625,
        "tradeable": false
    },
    {
        "symbol": "MDWT",
        "company": "Midwest Holding, Inc.",
        "premarket": 26.07,
        "change_pct": -90.57,
        "volume": 14000,
        "category": "l",
        "source": "cnn",
        "fails": [
            "is_shortable"
        ],
        "shortable": false,
        "exchange_name": "NASD",
        "market_cap": 50.99871,
        "tradeable": false
    },
    {
        "symbol": "GDC",
        "company": "GD Culture Group Limited",
        "premarket": 4.0,
        "change_pct": -60.0,
        "volume": 115000,
        "category": "l",
        "source": "cnn",
        "fails": [],
        "shortable": true,
        "exchange_name": "NASD",
        "market_cap": 4.27886,
        "tradeable": true
    },
    {
        "symbol": "APLM",
        "company": "Apollomics Inc. Class A",
        "premarket": 6.8,
        "change_pct": -46.55,
        "volume": 430000,
        "category": "l",
        "source": "cnn",
        "fails": [],
        "shortable": true,
        "exchange_name": "NASD",
        "market_cap": 402.7327,
        "tradeable": true
    },
    {
        "symbol": "NNOX",
        "company": "NANO-X IMAGING LTD",
        "premarket": 8.94,
        "change_pct": -46.32,
        "volume": 3000100,
        "category": "l",
        "source": "cnn",
        "fails": [],
        "shortable": true,
        "exchange_name": "NASD",
        "market_cap": 336.6258,
        "tradeable": true
    },
    {
        "symbol": "YGF",
        "company": "YanGuFang International Group Co., Ltd.",
        "premarket": 4.88,
        "change_pct": -38.64,
        "volume": 1000100,
        "category": "l",
        "source": "cnn",
        "fails": [
            "is_shortable"
        ],
        "shortable": false,
        "exchange_name": "NASD",
        "market_cap": 112.64,
        "tradeable": false
    },
    {
        "symbol": "XYF",
        "company": "X Financial Sponsored ADR Class A",
        "premarket": 4.72,
        "change_pct": -35.63,
        "volume": 727000,
        "category": "l",
        "source": "cnn",
        "fails": [
            "is_shortable"
        ],
        "shortable": false,
        "exchange_name": "NYSE",
        "market_cap": 190.8884,
        "tradeable": false
    },
    {
        "symbol": "JXJT",
        "company": "JX Luxventure Limited",
        "premarket": 7.19,
        "change_pct": -20.84,
        "volume": 109000,
        "category": "l",
        "source": "cnn",
        "fails": [],
        "shortable": true,
        "exchange_name": "NASD",
        "market_cap": 4.42673,
        "tradeable": true
    },
    {
        "symbol": "ISSC",
        "company": "Innovative Solutions and Support, Inc.",
        "premarket": 7.6,
        "change_pct": -17.83,
        "volume": 247,
        "category": "l",
        "source": "cnn",
        "fails": [
            "shares_value"
        ],
        "shortable": true,
        "exchange_name": "NASD",
        "market_cap": 112.2223,
        "tradeable": false
    },
    {
        "symbol": "NERV",
        "company": "Minerva Neurosciences Inc",
        "premarket": 3.29,
        "change_pct": -17.5,
        "volume": 17000,
        "category": "l",
        "source": "cnn",
        "fails": [],
        "shortable": true,
        "exchange_name": "NASD",
        "market_cap": 14.95254,
        "tradeable": true
    },
    {
        "symbol": "YRD",
        "company": "Yiren Digital Ltd. Sponsored ADR",
        "premarket": 2.47,
        "change_pct": -16.51,
        "volume": 76000,
        "category": "l",
        "source": "cnn",
        "fails": [],
        "shortable": true,
        "exchange_name": "NYSE",
        "market_cap": 199.8693,
        "tradeable": true
    }
]