[
    {
        "symbol": "MGRX",
        "company": "Mangoceuticals, Inc.",
        "change_pct": 73.35,
        "premarket": 1.6201,
        "volume": 5757099,
        "category": "g",
        "source": "tv",
        "fails": [],
        "shortable": true,
        "exchange_name": "NASD",
        "market_cap": 14.3134,
        "tradeable": true
    },
    {
        "symbol": "VCIG",
        "company": "VCI Global Limited",
        "change_pct": 35.29,
        "premarket": 2.76,
        "volume": 646251,
        "category": "g",
        "source": "tv",
        "fails": [
            "existing"
        ],
        "shortable": false,
        "exchange_name": "NASD",
        "market_cap": 75.48887,
        "tradeable": false
    },
    {
        "symbol": "MGIH",
        "company": "Millennium Group International Holdings Limited",
        "change_pct": 33.33,
        "premarket": 2.2,
        "volume": 3206100,
        "category": "g",
        "source": "tv",
        "fails": [],
        "shortable": false,
        "exchange_name": "NASD",
        "market_cap": 18.5625,
        "tradeable": true
    },
    {
        "symbol": "NBY",
        "company": "NovaBay Pharmaceuticals, Inc.",
        "change_pct": 27.93,
        "premarket": 1.97,
        "volume": 1863100,
        "category": "g",
        "source": "tv",
        "fails": [],
        "shortable": true,
        "exchange_name": "AMEX",
        "market_cap": 29.78846,
        "tradeable": true
    },
    {
        "symbol": "MULN",
        "company": "Mullen Automotive, Inc.",
        "change_pct": 26.68,
        "premarket": 0.1073,
        "volume": 165693100,
        "category": "g",
        "source": "tv",
        "fails": [
            "premarket"
        ],
        "shortable": true,
        "exchange_name": "NASD",
        "market_cap": 321.197,
        "tradeable": false
    },
    {
        "symbol": "AZYO",
        "company": "Aziyo Biologics, Inc.",
        "change_pct": 21.08,
        "premarket": 2.01,
        "volume": 667123,
        "category": "g",
        "source": "tv",
        "fails": [],
        "shortable": false,
        "exchange_name": "NASD",
        "market_cap": 26.87573,
        "tradeable": true
    },
    {
        "symbol": "ONTX",
        "company": "Onconova Therapeutics, Inc.",
        "change_pct": 19.83,
        "premarket": 0.84,
        "volume": 192871,
        "category": "g",
        "source": "tv",
        "fails": [
            "premarket"
        ],
        "shortable": true,
        "exchange_name": "NASD",
        "market_cap": 14.69966,
        "tradeable": false
    },
    {
        "symbol": "WISH",
        "company": "ContextLogic Inc.",
        "change_pct": 19.08,
        "premarket": 8.55,
        "volume": 353526,
        "category": "g",
        "source": "tv",
        "fails": [
            "existing"
        ],
        "shortable": true,
        "exchange_name": "NASD",
        "market_cap": 166.3606,
        "tradeable": false
    },
    {
        "symbol": "ASTR",
        "company": "Astra Space, Inc.",
        "change_pct": 17.01,
        "premarket": 0.4375,
        "volume": 342672,
        "category": "g",
        "source": "tv",
        "fails": [
            "premarket"
        ],
        "shortable": false,
        "exchange_name": "NASD",
        "market_cap": 101.2414,
        "tradeable": false
    },
    {
        "symbol": "WLGS",
        "company": "Wang & Lee Group, Inc.",
        "change_pct": 16.45,
        "premarket": 3.61,
        "volume": 2078100,
        "category": "g",
        "source": "tv",
        "fails": [],
        "shortable": false,
        "exchange_name": "NASD",
        "market_cap": 0.0,
        "tradeable": true
    },
    {
        "symbol": "PRST",
        "company": "Presto Automation, Inc.",
        "change_pct": 16.23,
        "premarket": 3.08,
        "volume": 1031099,
        "category": "g",
        "source": "tv",
        "fails": [
            "existing"
        ],
        "shortable": true,
        "exchange_name": "NASD",
        "market_cap": 136.1166,
        "tradeable": false
    },
    {
        "symbol": "SPHR",
        "company": "Madison Square Garden Entertainment Corp.",
        "change_pct": -50.46,
        "premarket": 30.0,
        "volume": 677,
        "category": "l",
        "source": "tv",
        "fails": [
            "is_shortable"
        ],
        "shortable": false,
        "exchange_name": "NYSE",
        "market_cap": 2097.077,
        "tradeable": false
    },
    {
        "symbol": "UCAR",
        "company": "U Power Limited",
        "change_pct": -39.67,
        "premarket": 26.05,
        "volume": 72989,
        "category": "l",
        "source": "tv",
        "fails": [
            "existing"
        ],
        "shortable": true,
        "exchange_name": "NASD",
        "market_cap": 2266.95,
        "tradeable": false
    },
    {
        "symbol": "SIDU",
        "company": "Sidus Space, Inc.",
        "change_pct": -29.62,
        "premarket": 0.264,
        "volume": 1427100,
        "category": "l",
        "source": "tv",
        "fails": [
            "premarket",
            "is_shortable"
        ],
        "shortable": false,
        "exchange_name": "NASD",
        "market_cap": 13.2308,
        "tradeable": false
    },
    {
        "symbol": "POAI",
        "company": "Predictive Oncology Inc.",
        "change_pct": -22.35,
        "premarket": 0.215,
        "volume": 549872,
        "category": "l",
        "source": "tv",
        "fails": [
            "premarket"
        ],
        "shortable": true,
        "exchange_name": "NASD",
        "market_cap": 21.98694,
        "tradeable": false
    },
    {
        "symbol": "RCRT",
        "company": "Recruiter.com Group, Inc.",
        "change_pct": -19.64,
        "premarket": 0.2652,
        "volume": 194136,
        "category": "l",
        "source": "tv",
        "fails": [
            "premarket",
            "is_shortable"
        ],
        "shortable": false,
        "exchange_name": "NASD",
        "market_cap": 5.67933,
        "tradeable": false
    },
    {
        "symbol": "SATX",
        "company": "SatixFy Communications Ltd.",
        "change_pct": -17.14,
        "premarket": 1.16,
        "volume": 242251,
        "category": "l",
        "source": "tv",
        "fails": [],
        "shortable": true,
        "exchange_name": "AMEX",
        "market_cap": 0.0,
        "tradeable": true
    },
    {
        "symbol": "CADL",
        "company": "Candel Therapeutics, Inc.",
        "change_pct": -14.89,
        "premarket": 1.2,
        "volume": 172,
        "category": "l",
        "source": "tv",
        "fails": [
            "shares_value"
        ],
        "shortable": true,
        "exchange_name": "NASD",
        "market_cap": 40.77693,
        "tradeable": false
    },
    {
        "symbol": "MOBQ",
        "company": "Mobiquity Technologies, Inc.",
        "change_pct": -14.86,
        "premarket": 0.1856,
        "volume": 693573,
        "category": "l",
        "source": "tv",
        "fails": [
            "premarket",
            "is_shortable"
        ],
        "shortable": false,
        "exchange_name": "NASD",
        "market_cap": 3.71731,
        "tradeable": false
    },
    {
        "symbol": "PEV",
        "company": "Phoenix Motor Inc.",
        "change_pct": -13.83,
        "premarket": 0.81,
        "volume": 27962,
        "category": "l",
        "source": "tv",
        "fails": [
            "premarket",
            "is_shortable"
        ],
        "shortable": false,
        "exchange_name": "NASD",
        "market_cap": 19.91101,
        "tradeable": false
    },
    {
        "symbol": "VLON",
        "company": "Vallon Pharmaceuticals Inc.",
        "change_pct": -13.04,
        "premarket": 0.4,
        "volume": 129841,
        "category": "l",
        "source": "tv",
        "fails": [
            "premarket",
            "is_shortable"
        ],
        "shortable": false,
        "exchange_name": "NASD",
        "market_cap": 6.20188,
        "tradeable": false
    },
    {
        "symbol": "BFIN",
        "company": "BankFinancial Corporation",
        "change_pct": -12.36,
        "premarket": 7.8,
        "volume": 414,
        "category": "l",
        "source": "tv",
        "fails": [
            "shares_value",
            "existing"
        ],
        "shortable": true,
        "exchange_name": "NASD",
        "market_cap": 112.9765,
        "tradeable": false
    }
]