[
    {
        "symbol": "TAOP",
        "company": "Taoping Inc.",
        "change_pct": 133.93,
        "premarket": 5.24,
        "volume": 2250000,
        "category": "g",
        "source": "tv",
        "shortable": true,
        "exchange_name": "NASD",
        "market_cap": 6.70419,
        "existing": false
    },
    {
        "symbol": "MEDS",
        "company": "TRxADE HEALTH, Inc.",
        "change_pct": 74.87,
        "premarket": 13.36,
        "volume": 3095000,
        "category": "g",
        "source": "tv",
        "shortable": false,
        "exchange_name": "NASD",
        "market_cap": 14.4921,
        "existing": false
    },
    {
        "symbol": "NVOS",
        "company": "Novo Integrated Sciences, Inc.",
        "change_pct": 52.14,
        "premarket": 0.213,
        "volume": 43499000,
        "category": "g",
        "source": "tv",
        "shortable": false,
        "exchange_name": "NASD",
        "market_cap": 33.88251,
        "existing": false
    },
    {
        "symbol": "EOSE",
        "company": "Eos Energy Enterprises, Inc.",
        "change_pct": 47.69,
        "premarket": 4.8,
        "volume": 10235000,
        "category": "g",
        "source": "tv",
        "shortable": true,
        "exchange_name": "NASD",
        "market_cap": 515.8788,
        "existing": false
    },
    {
        "symbol": "AXLA",
        "company": "Axcella Health Inc.",
        "change_pct": 27.88,
        "premarket": 0.2954,
        "volume": 19054000,
        "category": "g",
        "source": "tv",
        "shortable": true,
        "exchange_name": "NASD",
        "market_cap": 30.95095,
        "existing": false
    },
    {
        "symbol": "CISS",
        "company": "C3is Inc.",
        "change_pct": 27.13,
        "premarket": 0.5464,
        "volume": 113856,
        "category": "g",
        "source": "tv",
        "shortable": true,
        "exchange_name": "NASD",
        "market_cap": 0.0,
        "existing": false
    },
    {
        "symbol": "EDBL",
        "company": "Edible Garden AG Incorporated",
        "change_pct": 25.58,
        "premarket": 1.62,
        "volume": 473507,
        "category": "g",
        "source": "tv",
        "shortable": true,
        "exchange_name": "NASD",
        "market_cap": 5.62589,
        "existing": false
    },
    {
        "symbol": "VCNX",
        "company": "Vaccinex, Inc.",
        "change_pct": 23.15,
        "premarket": 0.25,
        "volume": 9077,
        "category": "g",
        "source": "tv",
        "shortable": true,
        "exchange_name": "NASD",
        "market_cap": 15.21168,
        "existing": false
    },
    {
        "symbol": "ESTC",
        "company": "Elastic N.V.",
        "change_pct": 17.97,
        "premarket": 73.0,
        "volume": 64499,
        "category": "g",
        "source": "tv",
        "shortable": true,
        "exchange_name": "NYSE",
        "market_cap": 7306.514,
        "existing": false
    },
    {
        "symbol": "KBNT",
        "company": "Kubient, Inc.",
        "change_pct": 16.09,
        "premarket": 0.469,
        "volume": 9670,
        "category": "g",
        "source": "tv",
        "shortable": false,
        "exchange_name": "NASD",
        "market_cap": 6.18536,
        "existing": false
    },
    {
        "symbol": "UGRO",
        "company": "urban-gro, Inc.",
        "change_pct": 16.0,
        "premarket": 1.16,
        "volume": 2483,
        "category": "g",
        "source": "tv",
        "shortable": false,
        "exchange_name": "NASD",
        "market_cap": 15.05505,
        "existing": false
    },
    {
        "symbol": "KEQU",
        "company": "Kewaunee Scientific Corporation",
        "change_pct": 14.76,
        "premarket": 17.8,
        "volume": 3396,
        "category": "g",
        "source": "tv",
        "shortable": true,
        "exchange_name": "NASD",
        "market_cap": 50.79941,
        "existing": false
    },
    {
        "symbol": "UPTD",
        "company": "TradeUP Acquisition Corp.",
        "change_pct": 14.52,
        "premarket": 8.36,
        "volume": 10176,
        "category": "g",
        "source": "tv",
        "shortable": false,
        "exchange_name": "NASD",
        "market_cap": 46.07752,
        "existing": false
    },
    {
        "symbol": "DELL",
        "company": "Dell Technologies Inc.",
        "change_pct": 14.24,
        "premarket": 64.25,
        "volume": 403401,
        "category": "g",
        "source": "tv",
        "shortable": true,
        "exchange_name": "NYSE",
        "market_cap": 49769.77,
        "existing": false
    },
    {
        "symbol": "VRPX",
        "company": "Virpax Pharmaceuticals, Inc.",
        "change_pct": 13.66,
        "premarket": 0.9775,
        "volume": 1110,
        "category": "g",
        "source": "tv",
        "shortable": false,
        "exchange_name": "NASD",
        "market_cap": 10.54286,
        "existing": false
    },
    {
        "symbol": "ME",
        "company": "23andMe Holding Co.",
        "change_pct": 13.64,
        "premarket": 1.25,
        "volume": 3308000,
        "category": "g",
        "source": "tv",
        "shortable": true,
        "exchange_name": "NASD",
        "market_cap": 529.1895,
        "existing": false
    },
    {
        "symbol": "ENVB",
        "company": "Enveric Biosciences, Inc.",
        "change_pct": 13.43,
        "premarket": 2.45,
        "volume": 500,
        "category": "g",
        "source": "tv",
        "shortable": true,
        "exchange_name": "NASD",
        "market_cap": 4.5643,
        "existing": false
    },
    {
        "symbol": "NTNX",
        "company": "Nutanix, Inc.",
        "change_pct": 13.22,
        "premarket": 35.21,
        "volume": 242669,
        "category": "g",
        "source": "tv",
        "shortable": true,
        "exchange_name": "NASD",
        "market_cap": 8228.002,
        "existing": false
    },
    {
        "symbol": "SFWL",
        "company": "Shengfeng Development Limited",
        "change_pct": 12.23,
        "premarket": 6.88,
        "volume": 1258,
        "category": "g",
        "source": "tv",
        "shortable": true,
        "exchange_name": "NASD",
        "market_cap": 540.544,
        "existing": false
    },
    {
        "symbol": "HPCO",
        "company": "Hempacco Co., Inc.",
        "change_pct": 11.88,
        "premarket": 0.3833,
        "volume": 315995,
        "category": "g",
        "source": "tv",
        "shortable": false,
        "exchange_name": "NASD",
        "market_cap": 10.77062,
        "existing": false
    },
    {
        "symbol": "NLSP",
        "company": "NLS Pharmaceutics Ltd.",
        "change_pct": 11.76,
        "premarket": 1.14,
        "volume": 26493,
        "category": "g",
        "source": "tv",
        "shortable": false,
        "exchange_name": "NASD",
        "market_cap": 38.59038,
        "existing": false
    },
    {
        "symbol": "ID",
        "company": "PARTS iD, Inc.",
        "change_pct": 11.58,
        "premarket": 0.2351,
        "volume": 400,
        "category": "g",
        "source": "tv",
        "shortable": false,
        "exchange_name": "AMEX",
        "market_cap": 206.3389,
        "existing": false
    },
    {
        "symbol": "PCSA",
        "company": "Processa Pharmaceuticals, Inc.",
        "change_pct": 11.46,
        "premarket": 0.35,
        "volume": 21318,
        "category": "g",
        "source": "tv",
        "shortable": true,
        "exchange_name": "NASD",
        "market_cap": 8.21804,
        "existing": false
    },
    {
        "symbol": "SNTI",
        "company": "Senti Biosciences, Inc.",
        "change_pct": 11.08,
        "premarket": 0.722,
        "volume": 100,
        "category": "g",
        "source": "tv",
        "shortable": true,
        "exchange_name": "NASD",
        "market_cap": 30.01009,
        "existing": false
    },
    {
        "symbol": "WTER",
        "company": "The Alkaline Water Company Inc.",
        "change_pct": 9.99,
        "premarket": 0.738,
        "volume": 426,
        "category": "g",
        "source": "tv",
        "shortable": true,
        "exchange_name": "NASD",
        "market_cap": 6.96519,
        "existing": false
    },
    {
        "symbol": "VFS",
        "company": "VinFast Auto Ltd.",
        "change_pct": -5.5,
        "premarket": 32.8,
        "volume": 127895,
        "category": "l",
        "source": "tv",
        "shortable": true,
        "exchange_name": "NASD",
        "market_cap": 68050.0,
        "existing": false
    },
    {
        "symbol": "CHTR",
        "company": "Charter Communications, Inc.",
        "change_pct": -3.45,
        "premarket": 423.0,
        "volume": 1670,
        "category": "l",
        "source": "tv",
        "shortable": true,
        "exchange_name": "NASD",
        "market_cap": 63209.03,
        "existing": false
    },
    {
        "symbol": "OLN",
        "company": "Olin Corporation",
        "change_pct": -9.13,
        "premarket": 52.72,
        "volume": 41263,
        "category": "l",
        "source": "tv",
        "shortable": true,
        "exchange_name": "NYSE",
        "market_cap": 6540.448,
        "existing": false
    },
    {
        "symbol": "FCN",
        "company": "FTI Consulting, Inc.",
        "change_pct": -5.0,
        "premarket": 176.53,
        "volume": 130,
        "category": "l",
        "source": "tv",
        "shortable": true,
        "exchange_name": "NYSE",
        "market_cap": 6238.262,
        "existing": false
    },
    {
        "symbol": "DV",
        "company": "DoubleVerify Holdings, Inc.",
        "change_pct": -4.08,
        "premarket": 32.43,
        "volume": 1000,
        "category": "l",
        "source": "tv",
        "shortable": true,
        "exchange_name": "NYSE",
        "market_cap": 5480.781,
        "existing": false
    },
    {
        "symbol": "MLTX",
        "company": "MoonLake Immunotherapeutics",
        "change_pct": -5.18,
        "premarket": 54.59,
        "volume": 500,
        "category": "l",
        "source": "tv",
        "shortable": false,
        "exchange_name": "NASD",
        "market_cap": 2884.544,
        "existing": false
    },
    {
        "symbol": "PD",
        "company": "PagerDuty, Inc.",
        "change_pct": -11.88,
        "premarket": 22.7,
        "volume": 151077,
        "category": "l",
        "source": "tv",
        "shortable": true,
        "exchange_name": "NYSE",
        "market_cap": 2191.721,
        "existing": false
    },
    {
        "symbol": "OXM",
        "company": "Oxford Industries, Inc.",
        "change_pct": -5.83,
        "premarket": 95.1,
        "volume": 7868,
        "category": "l",
        "source": "tv",
        "shortable": true,
        "exchange_name": "NYSE",
        "market_cap": 1604.914,
        "existing": false
    },
    {
        "symbol": "AMPL",
        "company": "Amplitude, Inc.",
        "change_pct": -4.71,
        "premarket": 11.13,
        "volume": 1950,
        "category": "l",
        "source": "tv",
        "shortable": true,
        "exchange_name": "NASD",
        "market_cap": 1427.392,
        "existing": false
    },
    {
        "symbol": "BETR",
        "company": "Better Home & Finance Holding Company",
        "change_pct": -4.22,
        "premarket": 0.886,
        "volume": 659875,
        "category": "l",
        "source": "tv",
        "shortable": true,
        "exchange_name": "NASD",
        "market_cap": 593.6825,
        "existing": false
    },
    {
        "symbol": "CSTL",
        "company": "Castle Biosciences, Inc.",
        "change_pct": -3.41,
        "premarket": 19.25,
        "volume": 599,
        "category": "l",
        "source": "tv",
        "shortable": true,
        "exchange_name": "NASD",
        "market_cap": 527.0792,
        "existing": false
    },
    {
        "symbol": "SCLX",
        "company": "Scilex Holding Company",
        "change_pct": -5.92,
        "premarket": 2.7,
        "volume": 8106,
        "category": "l",
        "source": "tv",
        "shortable": true,
        "exchange_name": "NASD",
        "market_cap": 462.0717,
        "existing": false
    },
    {
        "symbol": "QURE",
        "company": "uniQure N.V.",
        "change_pct": -3.1,
        "premarket": 8.44,
        "volume": 100,
        "category": "l",
        "source": "tv",
        "shortable": true,
        "exchange_name": "NASD",
        "market_cap": 415.9787,
        "existing": false
    },
    {
        "symbol": "LUNG",
        "company": "Pulmonx Corporation",
        "change_pct": -5.35,
        "premarket": 9.9,
        "volume": 6540,
        "category": "l",
        "source": "tv",
        "shortable": true,
        "exchange_name": "NASD",
        "market_cap": 388.6433,
        "existing": false
    },
    {
        "symbol": "SSU",
        "company": "SIGNA Sports",
        "change_pct": -3.64,
        "premarket": 1.06,
        "volume": 5033,
        "category": "l",
        "source": "tv",
        "shortable": true,
        "exchange_name": "NYSE",
        "market_cap": 344.9186,
        "existing": false
    },
    {
        "symbol": "FLAG",
        "company": "First Light Acquisition Group, Inc.",
        "change_pct": -8.06,
        "premarket": 8.44,
        "volume": 3649,
        "category": "l",
        "source": "tv",
        "shortable": false,
        "exchange_name": "AMEX",
        "market_cap": 288.3625,
        "existing": false
    },
    {
        "symbol": "ICCT",
        "company": "iCoreConnect Inc.",
        "change_pct": -24.33,
        "premarket": 9.05,
        "volume": 365582,
        "category": "l",
        "source": "tv",
        "shortable": false,
        "exchange_name": "NASD",
        "market_cap": 272.3171,
        "existing": false
    },
    {
        "symbol": "NCNC",
        "company": "noco-noco Inc.",
        "change_pct": -10.48,
        "premarket": 1.88,
        "volume": 661657,
        "category": "l",
        "source": "tv",
        "shortable": true,
        "exchange_name": "NASD",
        "market_cap": 241.6871,
        "existing": false
    },
    {
        "symbol": "WE",
        "company": "WeWork Inc.",
        "change_pct": -6.36,
        "premarket": 0.1105,
        "volume": 1117000,
        "category": "l",
        "source": "tv",
        "shortable": true,
        "exchange_name": "NYSE",
        "market_cap": 234.3241,
        "existing": false
    },
    {
        "symbol": "TIO",
        "company": "Tingo Group, Inc.",
        "change_pct": -15.5,
        "premarket": 1.09,
        "volume": 2321000,
        "category": "l",
        "source": "tv",
        "shortable": true,
        "exchange_name": "NASD",
        "market_cap": 199.7474,
        "existing": false
    },
    {
        "symbol": "SDC",
        "company": "SmileDirectClub, Inc.",
        "change_pct": -4.0,
        "premarket": 0.48,
        "volume": 13201,
        "category": "l",
        "source": "tv",
        "shortable": true,
        "exchange_name": "NASD",
        "market_cap": 198.0025,
        "existing": false
    },
    {
        "symbol": "BDTX",
        "company": "Black Diamond Therapeutics, Inc.",
        "change_pct": -5.04,
        "premarket": 3.2,
        "volume": 443,
        "category": "l",
        "source": "tv",
        "shortable": true,
        "exchange_name": "NASD",
        "market_cap": 183.6082,
        "existing": false
    },
    {
        "symbol": "VGAS",
        "company": "Verde Clean Fuels, Inc.",
        "change_pct": -3.78,
        "premarket": 4.07,
        "volume": 603,
        "category": "l",
        "source": "tv",
        "shortable": true,
        "exchange_name": "NASD",
        "market_cap": 131.3779,
        "existing": false
    },
    {
        "symbol": "BHIL",
        "company": "Benson Hill, Inc.",
        "change_pct": -4.49,
        "premarket": 0.6102,
        "volume": 791,
        "category": "l",
        "source": "tv",
        "shortable": true,
        "exchange_name": "NYSE",
        "market_cap": 131.1903,
        "existing": false
    },
    {
        "symbol": "FOXO",
        "company": "FOXO Technologies Inc.",
        "change_pct": -3.28,
        "premarket": 0.1415,
        "volume": 63353,
        "category": "l",
        "source": "tv",
        "shortable": false,
        "exchange_name": "AMEX",
        "market_cap": 130.5116,
        "existing": false
    }
]