[
    {
        "symbol": "LGPS",
        "company": "LogProstyle Inc.",
        "change_pct": 163.69,
        "premarket": 2.215,
        "volume": 29990000,
        "category": "g",
        "source": "tv",
        "shortable": true,
        "exchange_name": "NYSE American",
        "market_cap": 19847899,
        "existing": false
    },
    {
        "symbol": "ARTL",
        "company": "Artelo Biosciences, Inc.",
        "change_pct": 114.92,
        "premarket": 21.6,
        "volume": 1500000,
        "category": "g",
        "source": "tv",
        "shortable": true,
        "exchange_name": "NASDAQ",
        "market_cap": 6871938,
        "existing": false
    },
    {
        "symbol": "MBIO",
        "company": "Mustang Bio, Inc.",
        "change_pct": 114.29,
        "premarket": 2.55,
        "volume": 20590000,
        "category": "g",
        "source": "tv",
        "shortable": true,
        "exchange_name": "NASDAQ",
        "market_cap": 5208203,
        "existing": false
    },
    {
        "symbol": "SONN",
        "company": "Sonnet BioTherapeutics Holdings, Inc.",
        "change_pct": 55.1,
        "premarket": 6.08,
        "volume": 13170000,
        "category": "g",
        "source": "tv",
        "shortable": true,
        "exchange_name": "NASDAQ",
        "market_cap": 12409975,
        "existing": false
    },
    {
        "symbol": "CURR",
        "company": "Currenc Group Inc.",
        "change_pct": 27.88,
        "premarket": 1.33,
        "volume": 2260000,
        "category": "g",
        "source": "tv",
        "shortable": true,
        "exchange_name": "NASDAQ",
        "market_cap": 79128062,
        "existing": false
    },
    {
        "symbol": "EHGO",
        "company": "Eshallgo Inc.",
        "change_pct": 24.42,
        "premarket": 1.07,
        "volume": 41780000,
        "category": "g",
        "source": "tv",
        "shortable": true,
        "exchange_name": "NASDAQ",
        "market_cap": 21900760,
        "existing": false
    },
    {
        "symbol": "INHD",
        "company": "Inno Holdings Inc.",
        "change_pct": 23.73,
        "premarket": 1.46,
        "volume": 1810000,
        "category": "g",
        "source": "tv",
        "shortable": true,
        "exchange_name": "NASDAQ",
        "market_cap": 7491208,
        "existing": false
    },
    {
        "symbol": "WOLF",
        "company": "Wolfspeed, Inc.",
        "change_pct": 21.19,
        "premarket": 1.43,
        "volume": 12220000,
        "category": "g",
        "source": "tv",
        "shortable": true,
        "exchange_name": "NYSE",
        "market_cap": 183639529,
        "existing": false
    },
    {
        "symbol": "MULN",
        "company": "Mullen Automotive, Inc.",
        "change_pct": 18.88,
        "premarket": 0.2657,
        "volume": 144670000,
        "category": "g",
        "source": "tv",
        "shortable": true,
        "exchange_name": "NASDAQ",
        "market_cap": 178498,
        "existing": false
    },
    {
        "symbol": "KALV",
        "company": "KalVista Pharmaceuticals, Inc.",
        "change_pct": 17.61,
        "premarket": 14.09,
        "volume": 1170000,
        "category": "g",
        "source": "tv",
        "shortable": true,
        "exchange_name": "NASDAQ",
        "market_cap": 595593319,
        "existing": false
    },
    {
        "symbol": "ENGS",
        "company": "Energys Group Limited",
        "change_pct": 17.51,
        "premarket": 2.08,
        "volume": 75580,
        "category": "g",
        "source": "tv",
        "shortable": true,
        "exchange_name": "NASDAQ",
        "market_cap": 21240000,
        "existing": false
    },
    {
        "symbol": "CGTX",
        "company": "Cognition Therapeutics, Inc.",
        "change_pct": 15.85,
        "premarket": 0.4692,
        "volume": 2410000,
        "category": "g",
        "source": "tv",
        "shortable": true,
        "exchange_name": "NASDAQ",
        "market_cap": 25107183,
        "existing": false
    },
    {
        "symbol": "COGT",
        "company": "Cogent Biosciences, Inc.",
        "change_pct": 15.83,
        "premarket": 8.78,
        "volume": 3710000,
        "category": "g",
        "source": "tv",
        "shortable": true,
        "exchange_name": "NASDAQ",
        "market_cap": 863618105,
        "existing": false
    },
    {
        "symbol": "UUU",
        "company": "Universal Security Instruments, Inc.",
        "change_pct": 14.1,
        "premarket": 3.79,
        "volume": 753,
        "category": "g",
        "source": "tv",
        "shortable": true,
        "exchange_name": "NYSE American",
        "market_cap": 7678452,
        "existing": false
    },
    {
        "symbol": "MDIA",
        "company": "Mediaco Holding Inc.",
        "change_pct": 13.64,
        "premarket": 1.25,
        "volume": 7210000,
        "category": "g",
        "source": "tv",
        "shortable": true,
        "exchange_name": "NASDAQ",
        "market_cap": 59045256,
        "existing": false
    },
    {
        "symbol": "PRME",
        "company": "Prime Medicine, Inc.",
        "change_pct": 13.18,
        "premarket": 3.52,
        "volume": 151320,
        "category": "g",
        "source": "tv",
        "shortable": true,
        "exchange_name": "NASDAQ",
        "market_cap": 407478093,
        "existing": false
    },
    {
        "symbol": "EJH",
        "company": "E-Home Household Service Holdings Limited",
        "change_pct": 12.59,
        "premarket": 3.04,
        "volume": 179360,
        "category": "g",
        "source": "tv",
        "shortable": true,
        "exchange_name": "NASDAQ",
        "market_cap": 9919268,
        "existing": false
    },
    {
        "symbol": "DAIC",
        "company": "CID HoldCo, Inc.",
        "change_pct": 10.6,
        "premarket": 6.68,
        "volume": 43280,
        "category": "g",
        "source": "tv",
        "shortable": true,
        "exchange_name": "NASDAQ",
        "market_cap": 166927111,
        "existing": false
    },
    {
        "symbol": "RGC",
        "company": "Regencell Bioscience Holdings Limited",
        "change_pct": 10.05,
        "premarket": 25.3,
        "volume": 404610,
        "category": "g",
        "source": "tv",
        "shortable": true,
        "exchange_name": "NASDAQ",
        "market_cap": 11368299994,
        "existing": false
    },
    {
        "symbol": "MDCX",
        "company": "Medicus Pharma Ltd.",
        "change_pct": 9.76,
        "premarket": 3.71,
        "volume": 45820,
        "category": "g",
        "source": "tv",
        "shortable": true,
        "exchange_name": "NASDAQ",
        "market_cap": 53855040,
        "existing": false
    },
    {
        "symbol": "TSLA",
        "company": "Tesla, Inc.",
        "change_pct": -6.42,
        "premarket": 295.1,
        "volume": 3210000,
        "category": "l",
        "source": "tv",
        "shortable": true,
        "exchange_name": "NASDAQ",
        "market_cap": 1015728541138,
        "existing": false
    },
    {
        "symbol": "CRWV",
        "company": "CoreWeave, Inc.",
        "change_pct": -4.23,
        "premarket": 158.21,
        "volume": 428890,
        "category": "l",
        "source": "tv",
        "shortable": true,
        "exchange_name": "NASDAQ",
        "market_cap": 79292222371,
        "existing": false
    },
    {
        "symbol": "RGLD",
        "company": "Royal Gold, Inc.",
        "change_pct": -5.47,
        "premarket": 169.99,
        "volume": 1320,
        "category": "l",
        "source": "tv",
        "shortable": true,
        "exchange_name": "NASDAQ",
        "market_cap": 11835122310,
        "existing": false
    },
    {
        "symbol": "BULL",
        "company": "Webull Corporation",
        "change_pct": -10.28,
        "premarket": 12.83,
        "volume": 675300,
        "category": "l",
        "source": "tv",
        "shortable": true,
        "exchange_name": "NASDAQ",
        "market_cap": 6931214590,
        "existing": false
    },
    {
        "symbol": "CORZ",
        "company": "Core Scientific, Inc.",
        "change_pct": -15.83,
        "premarket": 15.15,
        "volume": 6090000,
        "category": "l",
        "source": "tv",
        "shortable": true,
        "exchange_name": "NASDAQ",
        "market_cap": 5360793030,
        "existing": false
    },
    {
        "symbol": "MGY",
        "company": "Magnolia Oil & Gas Corporation",
        "change_pct": -5.2,
        "premarket": 22.12,
        "volume": 451,
        "category": "l",
        "source": "tv",
        "shortable": true,
        "exchange_name": "NYSE",
        "market_cap": 4361518583,
        "existing": false
    },
    {
        "symbol": "BGL",
        "company": "Blue Gold Limited",
        "change_pct": -19.13,
        "premarket": 87.05,
        "volume": 2060,
        "category": "l",
        "source": "tv",
        "shortable": true,
        "exchange_name": "NASDAQ",
        "market_cap": 3323870025,
        "existing": false
    },
    {
        "symbol": "MRCY",
        "company": "Mercury Systems Inc",
        "change_pct": -4.34,
        "premarket": 49.2,
        "volume": 300,
        "category": "l",
        "source": "tv",
        "shortable": true,
        "exchange_name": "NASDAQ",
        "market_cap": 3073197592,
        "existing": false
    },
    {
        "symbol": "CIFR",
        "company": "Cipher Mining Inc.",
        "change_pct": -4.63,
        "premarket": 5.77,
        "volume": 1160000,
        "category": "l",
        "source": "tv",
        "shortable": true,
        "exchange_name": "NASDAQ",
        "market_cap": 2245840991,
        "existing": false
    },
    {
        "symbol": "WULF",
        "company": "TeraWulf Inc.",
        "change_pct": -5.32,
        "premarket": 4.98,
        "volume": 715870,
        "category": "l",
        "source": "tv",
        "shortable": true,
        "exchange_name": "NASDAQ",
        "market_cap": 2022911892,
        "existing": false
    },
    {
        "symbol": "CRCT",
        "company": "Cricut, Inc.",
        "change_pct": -10.4,
        "premarket": 6.46,
        "volume": 14420,
        "category": "l",
        "source": "tv",
        "shortable": true,
        "exchange_name": "NASDAQ",
        "market_cap": 1526923338,
        "existing": false
    },
    {
        "symbol": "XERS",
        "company": "Xeris Biopharma Holdings, Inc.",
        "change_pct": -5.05,
        "premarket": 4.51,
        "volume": 350,
        "category": "l",
        "source": "tv",
        "shortable": true,
        "exchange_name": "NASDAQ",
        "market_cap": 760736250,
        "existing": false
    },
    {
        "symbol": "BMNR",
        "company": "BitMine Immersion Technologies, Inc.",
        "change_pct": -21.04,
        "premarket": 106.6,
        "volume": 434530,
        "category": "l",
        "source": "tv",
        "shortable": true,
        "exchange_name": "NYSE American",
        "market_cap": 626516910,
        "existing": false
    },
    {
        "symbol": "KIND",
        "company": "Nextdoor Holdings, Inc.",
        "change_pct": -4.29,
        "premarket": 1.55,
        "volume": 20640,
        "category": "l",
        "source": "tv",
        "shortable": true,
        "exchange_name": "NYSE",
        "market_cap": 619793298,
        "existing": false
    },
    {
        "symbol": "NAMM",
        "company": "Namib Minerals",
        "change_pct": -6.99,
        "premarket": 8.65,
        "volume": 8540,
        "category": "l",
        "source": "tv",
        "shortable": true,
        "exchange_name": "NASDAQ",
        "market_cap": 536548182,
        "existing": false
    },
    {
        "symbol": "POET",
        "company": "POET Technologies Inc.",
        "change_pct": -4.68,
        "premarket": 5.5,
        "volume": 154170,
        "category": "l",
        "source": "tv",
        "shortable": true,
        "exchange_name": "NASDAQ",
        "market_cap": 481103087,
        "existing": false
    },
    {
        "symbol": "NWTN",
        "company": "NWTN Inc.",
        "change_pct": -8.71,
        "premarket": 1.46,
        "volume": 446,
        "category": "l",
        "source": "tv",
        "shortable": true,
        "exchange_name": "NASDAQ",
        "market_cap": 467519508,
        "existing": false
    },
    {
        "symbol": "RZLT",
        "company": "Rezolute, Inc.",
        "change_pct": -4.56,
        "premarket": 4.6,
        "volume": 107,
        "category": "l",
        "source": "tv",
        "shortable": true,
        "exchange_name": "NASDAQ",
        "market_cap": 412203112,
        "existing": false
    },
    {
        "symbol": "QSI",
        "company": "Quantum-Si Incorporated",
        "change_pct": -11.68,
        "premarket": 1.89,
        "volume": 833180,
        "category": "l",
        "source": "tv",
        "shortable": true,
        "exchange_name": "NASDAQ",
        "market_cap": 392685968,
        "existing": false
    },
    {
        "symbol": "RYET",
        "company": "Ruanyun Edai Technology Inc.",
        "change_pct": -6.77,
        "premarket": 9.23,
        "volume": 1100,
        "category": "l",
        "source": "tv",
        "shortable": true,
        "exchange_name": "NASDAQ",
        "market_cap": 334125039,
        "existing": false
    }
]