[
    {
        "symbol": "AMRS",
        "company": "Amyris, Inc.",
        "change_pct": 105.61,
        "premarket": 0.1355,
        "volume": 73288000,
        "category": "g",
        "source": "tv",
        "shortable": true,
        "exchange_name": "NASD",
        "market_cap": 24.34251,
        "existing": false
    },
    {
        "symbol": "TSAT",
        "company": "Telesat Corporation",
        "change_pct": 37.87,
        "premarket": 11.65,
        "volume": 1417000,
        "category": "g",
        "source": "tv",
        "shortable": true,
        "exchange_name": "NASD",
        "market_cap": 419.9586,
        "existing": false
    },
    {
        "symbol": "ETON",
        "company": "Eton Pharmaceuticals, Inc.",
        "change_pct": 30.19,
        "premarket": 3.39,
        "volume": 4310000,
        "category": "g",
        "source": "tv",
        "shortable": true,
        "exchange_name": "NASD",
        "market_cap": 66.31138,
        "existing": false
    },
    {
        "symbol": "PTRA",
        "company": "Proterra Inc",
        "change_pct": 24.52,
        "premarket": 0.1305,
        "volume": 10056000,
        "category": "g",
        "source": "tv",
        "shortable": true,
        "exchange_name": "NASD",
        "market_cap": 23.83965,
        "existing": false
    },
    {
        "symbol": "INOD",
        "company": "Innodata Inc.",
        "change_pct": 23.72,
        "premarket": 13.25,
        "volume": 95226,
        "category": "g",
        "source": "tv",
        "shortable": true,
        "exchange_name": "NASD",
        "market_cap": 295.0603,
        "existing": false
    },
    {
        "symbol": "SBFM",
        "company": "Sunshine Biopharma Inc.",
        "change_pct": 20.81,
        "premarket": 0.6282,
        "volume": 1394000,
        "category": "g",
        "source": "tv",
        "shortable": false,
        "exchange_name": "NASD",
        "market_cap": 11.51276,
        "existing": false
    },
    {
        "symbol": "KORE",
        "company": "KORE Group Holdings, Inc.",
        "change_pct": 20.78,
        "premarket": 0.93,
        "volume": 6689,
        "category": "g",
        "source": "tv",
        "shortable": true,
        "exchange_name": "NYSE",
        "market_cap": 66.63489,
        "existing": false
    },
    {
        "symbol": "ACHR",
        "company": "Archer Aviation Inc.",
        "change_pct": 18.18,
        "premarket": 6.89,
        "volume": 2590000,
        "category": "g",
        "source": "tv",
        "shortable": true,
        "exchange_name": "NYSE",
        "market_cap": 1442.619,
        "existing": false
    },
    {
        "symbol": "SMLR",
        "company": "Semler Scientific, Inc.",
        "change_pct": 17.77,
        "premarket": 27.64,
        "volume": 6573,
        "category": "g",
        "source": "tv",
        "shortable": true,
        "exchange_name": "NASD",
        "market_cap": 160.8047,
        "existing": false
    },
    {
        "symbol": "WE",
        "company": "WeWork Inc.",
        "change_pct": 16.22,
        "premarket": 0.2149,
        "volume": 23253000,
        "category": "g",
        "source": "tv",
        "shortable": true,
        "exchange_name": "NYSE",
        "market_cap": 393.7994,
        "existing": false
    },
    {
        "symbol": "ARCE",
        "company": "Arco Platform Limited",
        "change_pct": 14.39,
        "premarket": 13.67,
        "volume": 224182,
        "category": "g",
        "source": "tv",
        "shortable": false,
        "exchange_name": "NASD",
        "market_cap": 791.2494,
        "existing": false
    },
    {
        "symbol": "PHGE",
        "company": "BiomX Inc.",
        "change_pct": 14.34,
        "premarket": 0.4298,
        "volume": 1197,
        "category": "g",
        "source": "tv",
        "shortable": false,
        "exchange_name": "AMEX",
        "market_cap": 89.65875,
        "existing": false
    },
    {
        "symbol": "PGY",
        "company": "Pagaya Technologies Ltd.",
        "change_pct": 14.33,
        "premarket": 2.64,
        "volume": 845038,
        "category": "g",
        "source": "tv",
        "shortable": false,
        "exchange_name": "NASD",
        "market_cap": 1640.214,
        "existing": false
    },
    {
        "symbol": "PLAG",
        "company": "Planet Green Holdings Corp.",
        "change_pct": 13.64,
        "premarket": 0.75,
        "volume": 153248,
        "category": "g",
        "source": "tv",
        "shortable": true,
        "exchange_name": "AMEX",
        "market_cap": 37.25082,
        "existing": false
    },
    {
        "symbol": "RGTI",
        "company": "Rigetti Computing, Inc.",
        "change_pct": 13.41,
        "premarket": 1.86,
        "volume": 987260,
        "category": "g",
        "source": "tv",
        "shortable": true,
        "exchange_name": "NASD",
        "market_cap": 212.9092,
        "existing": false
    },
    {
        "symbol": "SNTI",
        "company": "Senti Biosciences, Inc.",
        "change_pct": 12.59,
        "premarket": 0.8996,
        "volume": 1689,
        "category": "g",
        "source": "tv",
        "shortable": true,
        "exchange_name": "NASD",
        "market_cap": 35.29026,
        "existing": false
    },
    {
        "symbol": "YVR",
        "company": "Liquid Media Group Ltd.",
        "change_pct": 12.19,
        "premarket": 0.6619,
        "volume": 300,
        "category": "g",
        "source": "tv",
        "shortable": true,
        "exchange_name": "NASD",
        "market_cap": 2.84864,
        "existing": false
    },
    {
        "symbol": "OPAD",
        "company": "Offerpad Solutions Inc.",
        "change_pct": 12.16,
        "premarket": 11.07,
        "volume": 1000,
        "category": "g",
        "source": "tv",
        "shortable": true,
        "exchange_name": "NYSE",
        "market_cap": 268.7158,
        "existing": false
    },
    {
        "symbol": "IDAI",
        "company": "T Stamp Inc.",
        "change_pct": 11.84,
        "premarket": 2.88,
        "volume": 1115000,
        "category": "g",
        "source": "tv",
        "shortable": true,
        "exchange_name": "NASD",
        "market_cap": 19.17284,
        "existing": false
    },
    {
        "symbol": "RVYL",
        "company": "Ryvyl Inc.",
        "change_pct": 11.08,
        "premarket": 1.38,
        "volume": 1361,
        "category": "g",
        "source": "tv",
        "shortable": false,
        "exchange_name": "NASD",
        "market_cap": 64.52389,
        "existing": false
    },
    {
        "symbol": "GNS",
        "company": "Genius Group Limited",
        "change_pct": 10.38,
        "premarket": 0.8996,
        "volume": 2187000,
        "category": "g",
        "source": "tv",
        "shortable": true,
        "exchange_name": "AMEX",
        "market_cap": 0.0,
        "existing": false
    },
    {
        "symbol": "SHCO",
        "company": "Soho House & Co Inc.",
        "change_pct": 10.13,
        "premarket": 6.74,
        "volume": 35462,
        "category": "g",
        "source": "tv",
        "shortable": true,
        "exchange_name": "NYSE",
        "market_cap": 1197.6,
        "existing": false
    },
    {
        "symbol": "CMRA",
        "company": "Comera Life Sciences Holdings, Inc.",
        "change_pct": 9.7,
        "premarket": 0.6999,
        "volume": 409,
        "category": "g",
        "source": "tv",
        "shortable": false,
        "exchange_name": "NASD",
        "market_cap": 14.23068,
        "existing": false
    },
    {
        "symbol": "FWBI",
        "company": "First Wave BioPharma, Inc.",
        "change_pct": 9.5,
        "premarket": 0.438,
        "volume": 3675,
        "category": "g",
        "source": "tv",
        "shortable": false,
        "exchange_name": "NASD",
        "market_cap": 2.9976,
        "existing": false
    },
    {
        "symbol": "PRE",
        "company": "Prenetics Global Limited",
        "change_pct": 9.14,
        "premarket": 0.74,
        "volume": 470,
        "category": "g",
        "source": "tv",
        "shortable": true,
        "exchange_name": "NASD",
        "market_cap": 108.174,
        "existing": false
    },
    {
        "symbol": "FWRD",
        "company": "Forward Air Corporation",
        "change_pct": -7.75,
        "premarket": 95.96,
        "volume": 3051,
        "category": "l",
        "source": "tv",
        "shortable": true,
        "exchange_name": "NASD",
        "market_cap": 2672.868,
        "existing": false
    },
    {
        "symbol": "CRSR",
        "company": "Corsair Gaming, Inc.",
        "change_pct": -6.72,
        "premarket": 15.0,
        "volume": 200,
        "category": "l",
        "source": "tv",
        "shortable": true,
        "exchange_name": "NASD",
        "market_cap": 1652.732,
        "existing": false
    },
    {
        "symbol": "SENS",
        "company": "Senseonics Holdings, Inc.",
        "change_pct": -7.58,
        "premarket": 0.6816,
        "volume": 122505,
        "category": "l",
        "source": "tv",
        "shortable": true,
        "exchange_name": "AMEX",
        "market_cap": 1611.823,
        "existing": false
    },
    {
        "symbol": "RYTM",
        "company": "Rhythm Pharmaceuticals, Inc.",
        "change_pct": -4.97,
        "premarket": 25.41,
        "volume": 173,
        "category": "l",
        "source": "tv",
        "shortable": true,
        "exchange_name": "NASD",
        "market_cap": 1521.547,
        "existing": false
    },
    {
        "symbol": "MLKN",
        "company": "MillerKnoll, Inc.",
        "change_pct": -5.08,
        "premarket": 19.05,
        "volume": 120,
        "category": "l",
        "source": "tv",
        "shortable": true,
        "exchange_name": "NASD",
        "market_cap": 1519.325,
        "existing": false
    },
    {
        "symbol": "TGTX",
        "company": "TG Therapeutics, Inc.",
        "change_pct": -4.74,
        "premarket": 9.24,
        "volume": 596905,
        "category": "l",
        "source": "tv",
        "shortable": true,
        "exchange_name": "NASD",
        "market_cap": 1464.482,
        "existing": false
    },
    {
        "symbol": "MAXN",
        "company": "Maxeon Solar Technologies, Ltd.",
        "change_pct": -25.49,
        "premarket": 16.6,
        "volume": 269342,
        "category": "l",
        "source": "tv",
        "shortable": true,
        "exchange_name": "NASD",
        "market_cap": 1170.364,
        "existing": false
    },
    {
        "symbol": "ARLO",
        "company": "Arlo Technologies, Inc.",
        "change_pct": -5.08,
        "premarket": 9.71,
        "volume": 8878,
        "category": "l",
        "source": "tv",
        "shortable": true,
        "exchange_name": "NYSE",
        "market_cap": 939.5427,
        "existing": false
    },
    {
        "symbol": "CANO",
        "company": "Cano Health, Inc.",
        "change_pct": -46.05,
        "premarket": 0.82,
        "volume": 1841000,
        "category": "l",
        "source": "tv",
        "shortable": true,
        "exchange_name": "NYSE",
        "market_cap": 814.8284,
        "existing": false
    },
    {
        "symbol": "TGI",
        "company": "Triumph Group, Inc.",
        "change_pct": -4.86,
        "premarket": 8.02,
        "volume": 61514,
        "category": "l",
        "source": "tv",
        "shortable": true,
        "exchange_name": "NYSE",
        "market_cap": 589.7969,
        "existing": false
    },
    {
        "symbol": "BTMD",
        "company": "Biote Corp.",
        "change_pct": -15.28,
        "premarket": 5.49,
        "volume": 12914,
        "category": "l",
        "source": "tv",
        "shortable": false,
        "exchange_name": "NASD",
        "market_cap": 480.3605,
        "existing": false
    },
    {
        "symbol": "GAMB",
        "company": "Gambling.com Group Limited",
        "change_pct": -4.93,
        "premarket": 11.37,
        "volume": 189,
        "category": "l",
        "source": "tv",
        "shortable": true,
        "exchange_name": "NASD",
        "market_cap": 447.6513,
        "existing": false
    },
    {
        "symbol": "BURU",
        "company": "Nuburu, Inc.",
        "change_pct": -9.45,
        "premarket": 0.6739,
        "volume": 564494,
        "category": "l",
        "source": "tv",
        "shortable": true,
        "exchange_name": "AMEX",
        "market_cap": 420.2762,
        "existing": false
    },
    {
        "symbol": "PMVP",
        "company": "PMV Pharmaceuticals, Inc.",
        "change_pct": -7.28,
        "premarket": 8.15,
        "volume": 100,
        "category": "l",
        "source": "tv",
        "shortable": true,
        "exchange_name": "NASD",
        "market_cap": 402.3663,
        "existing": false
    },
    {
        "symbol": "AURC",
        "company": "Aurora Acquisition Corp.",
        "change_pct": -7.36,
        "premarket": 37.25,
        "volume": 7359,
        "category": "l",
        "source": "tv",
        "shortable": true,
        "exchange_name": "NASD",
        "market_cap": 361.8462,
        "existing": false
    },
    {
        "symbol": "VLD",
        "company": "Velo3D, Inc.",
        "change_pct": -11.6,
        "premarket": 1.6,
        "volume": 251461,
        "category": "l",
        "source": "tv",
        "shortable": true,
        "exchange_name": "NYSE",
        "market_cap": 348.4382,
        "existing": false
    },
    {
        "symbol": "MKFG",
        "company": "Markforged Holding Corporation",
        "change_pct": -6.65,
        "premarket": 1.43,
        "volume": 86516,
        "category": "l",
        "source": "tv",
        "shortable": true,
        "exchange_name": "NYSE",
        "market_cap": 300.3936,
        "existing": false
    },
    {
        "symbol": "AKBA",
        "company": "Akebia Therapeutics, Inc.",
        "change_pct": -6.12,
        "premarket": 1.38,
        "volume": 24965,
        "category": "l",
        "source": "tv",
        "shortable": true,
        "exchange_name": "NASD",
        "market_cap": 273.3143,
        "existing": false
    },
    {
        "symbol": "LTRY",
        "company": "Lottery.com, Inc.",
        "change_pct": -8.57,
        "premarket": 4.8,
        "volume": 262,
        "category": "l",
        "source": "tv",
        "shortable": false,
        "exchange_name": "NASD",
        "market_cap": 267.3577,
        "existing": false
    },
    {
        "symbol": "RPHM",
        "company": "Reneo Pharmaceuticals, Inc.",
        "change_pct": -9.23,
        "premarket": 5.9,
        "volume": 100,
        "category": "l",
        "source": "tv",
        "shortable": false,
        "exchange_name": "NASD",
        "market_cap": 218.7583,
        "existing": false
    },
    {
        "symbol": "BSAQ",
        "company": "Black Spade Acquisition Co",
        "change_pct": -23.14,
        "premarket": 14.22,
        "volume": 54808,
        "category": "l",
        "source": "tv",
        "shortable": false,
        "exchange_name": "AMEX",
        "market_cap": 218.2213,
        "existing": false
    },
    {
        "symbol": "NKTR",
        "company": "Nektar Therapeutics",
        "change_pct": -5.71,
        "premarket": 0.99,
        "volume": 116931,
        "category": "l",
        "source": "tv",
        "shortable": true,
        "exchange_name": "NASD",
        "market_cap": 198.6969,
        "existing": false
    },
    {
        "symbol": "PRLD",
        "company": "Prelude Therapeutics Incorporated",
        "change_pct": -7.09,
        "premarket": 3.36,
        "volume": 250,
        "category": "l",
        "source": "tv",
        "shortable": true,
        "exchange_name": "NASD",
        "market_cap": 198.4075,
        "existing": false
    },
    {
        "symbol": "JYNT",
        "company": "The Joint Corp.",
        "change_pct": -21.2,
        "premarket": 9.96,
        "volume": 3034,
        "category": "l",
        "source": "tv",
        "shortable": true,
        "exchange_name": "NASD",
        "market_cap": 185.5406,
        "existing": false
    },
    {
        "symbol": "EVLO",
        "company": "Evelo Biosciences, Inc.",
        "change_pct": -5.25,
        "premarket": 9.38,
        "volume": 550,
        "category": "l",
        "source": "tv",
        "shortable": true,
        "exchange_name": "NASD",
        "market_cap": 164.5876,
        "existing": false
    }
]