[
    {
        "symbol": "GPUS",
        "company": "Hyperscale Data, Inc.",
        "change_pct": 136.5,
        "premarket": 3.24,
        "volume": 21790000,
        "category": "g",
        "source": "tv",
        "shortable": true,
        "exchange_name": "NYSE American",
        "market_cap": 8940235,
        "existing": false
    },
    {
        "symbol": "NITO",
        "company": "N2OFF, Inc.",
        "change_pct": 118.2,
        "premarket": 0.6175,
        "volume": 99390000,
        "category": "g",
        "source": "tv",
        "shortable": true,
        "exchange_name": "NASDAQ",
        "market_cap": 5040910,
        "existing": false
    },
    {
        "symbol": "AIFF",
        "company": "Firefly Neuroscience, Inc.",
        "change_pct": 44.04,
        "premarket": 4.71,
        "volume": 9280000,
        "category": "g",
        "source": "tv",
        "shortable": true,
        "exchange_name": "NASDAQ",
        "market_cap": 38007053,
        "existing": false
    },
    {
        "symbol": "SPRC",
        "company": "SciSparc Ltd.",
        "change_pct": 28.75,
        "premarket": 0.3721,
        "volume": 14870000,
        "category": "g",
        "source": "tv",
        "shortable": true,
        "exchange_name": "NASDAQ",
        "market_cap": 0,
        "existing": false
    },
    {
        "symbol": "HNVR",
        "company": "Hanover Bancorp, Inc.",
        "change_pct": 28.31,
        "premarket": 30.0,
        "volume": 200,
        "category": "g",
        "source": "tv",
        "shortable": true,
        "exchange_name": "NASDAQ",
        "market_cap": 168356644,
        "existing": false
    },
    {
        "symbol": "SKX",
        "company": "Skechers U.S.A., Inc.",
        "change_pct": 25.58,
        "premarket": 62.0,
        "volume": 311930,
        "category": "g",
        "source": "tv",
        "shortable": true,
        "exchange_name": "NYSE",
        "market_cap": 7385905985,
        "existing": false
    },
    {
        "symbol": "NVNI",
        "company": "Nvni Group Limited",
        "change_pct": 24.29,
        "premarket": 0.418,
        "volume": 20180000,
        "category": "g",
        "source": "tv",
        "shortable": true,
        "exchange_name": "NASDAQ",
        "market_cap": 31026312,
        "existing": false
    },
    {
        "symbol": "AGMH",
        "company": "AGM Group Holdings Inc.",
        "change_pct": 21.95,
        "premarket": 0.0889,
        "volume": 80210000,
        "category": "g",
        "source": "tv",
        "shortable": true,
        "exchange_name": "NASDAQ",
        "market_cap": 2963008,
        "existing": false
    },
    {
        "symbol": "CATO",
        "company": "Cato Corporation (The)",
        "change_pct": 20.56,
        "premarket": 2.99,
        "volume": 100,
        "category": "g",
        "source": "tv",
        "shortable": true,
        "exchange_name": "NYSE",
        "market_cap": 46123332,
        "existing": false
    },
    {
        "symbol": "IVF",
        "company": "INVO Fertility, Inc.",
        "change_pct": 19.44,
        "premarket": 2.15,
        "volume": 8580000,
        "category": "g",
        "source": "tv",
        "shortable": true,
        "exchange_name": "NASDAQ",
        "market_cap": 1198902,
        "existing": false
    },
    {
        "symbol": "EP",
        "company": "Empire Petroleum Corporation",
        "change_pct": 16.01,
        "premarket": 5.0,
        "volume": 100,
        "category": "g",
        "source": "tv",
        "shortable": true,
        "exchange_name": "NYSE American",
        "market_cap": 145248008,
        "existing": false
    },
    {
        "symbol": "SBET",
        "company": "SharpLink Gaming, Inc.",
        "change_pct": 15.2,
        "premarket": 0.36,
        "volume": 3790000,
        "category": "g",
        "source": "tv",
        "shortable": true,
        "exchange_name": "NASDAQ",
        "market_cap": 2302237,
        "existing": false
    },
    {
        "symbol": "FNGR",
        "company": "FingerMotion, Inc.",
        "change_pct": 13.97,
        "premarket": 3.1,
        "volume": 85010,
        "category": "g",
        "source": "tv",
        "shortable": true,
        "exchange_name": "NASDAQ",
        "market_cap": 155424025,
        "existing": false
    },
    {
        "symbol": "PLRZ",
        "company": "Polyrizon Ltd.",
        "change_pct": 13.86,
        "premarket": 1.15,
        "volume": 9170000,
        "category": "g",
        "source": "tv",
        "shortable": true,
        "exchange_name": "NASDAQ",
        "market_cap": 4236389,
        "existing": false
    },
    {
        "symbol": "SUGP",
        "company": "SU Group Holdings Limited",
        "change_pct": 13.62,
        "premarket": 0.73,
        "volume": 1510,
        "category": "g",
        "source": "tv",
        "shortable": true,
        "exchange_name": "NASDAQ",
        "market_cap": 8897018,
        "existing": false
    },
    {
        "symbol": "IVDA",
        "company": "Iveda Solutions, Inc.",
        "change_pct": 13.33,
        "premarket": 2.55,
        "volume": 7250,
        "category": "g",
        "source": "tv",
        "shortable": true,
        "exchange_name": "NASDAQ",
        "market_cap": 6318159,
        "existing": false
    },
    {
        "symbol": "ZCAR",
        "company": "Zoomcar Holdings, Inc.",
        "change_pct": 12.86,
        "premarket": 8.6,
        "volume": 103440,
        "category": "g",
        "source": "tv",
        "shortable": true,
        "exchange_name": "NASDAQ",
        "market_cap": 5413476,
        "existing": false
    },
    {
        "symbol": "ZBAI",
        "company": "ATIF Holdings Limited",
        "change_pct": 12.57,
        "premarket": 1.03,
        "volume": 500,
        "category": "g",
        "source": "tv",
        "shortable": true,
        "exchange_name": "NASDAQ",
        "market_cap": 15845468,
        "existing": false
    },
    {
        "symbol": "SST",
        "company": "System1, Inc.",
        "change_pct": 11.4,
        "premarket": 0.51,
        "volume": 600,
        "category": "g",
        "source": "tv",
        "shortable": true,
        "exchange_name": "NYSE",
        "market_cap": 34110686,
        "existing": false
    },
    {
        "symbol": "XXII",
        "company": "22nd Century Group, Inc",
        "change_pct": 10.45,
        "premarket": 1.11,
        "volume": 53070,
        "category": "g",
        "source": "tv",
        "shortable": true,
        "exchange_name": "NASDAQ",
        "market_cap": 2381399,
        "existing": false
    },
    {
        "symbol": "TGTX",
        "company": "TG Therapeutics, Inc.",
        "change_pct": -7.92,
        "premarket": 40.0,
        "volume": 196850,
        "category": "l",
        "source": "tv",
        "shortable": true,
        "exchange_name": "NASDAQ",
        "market_cap": 6897242298,
        "existing": false
    },
    {
        "symbol": "PTCT",
        "company": "PTC Therapeutics, Inc.",
        "change_pct": -20.94,
        "premarket": 39.49,
        "volume": 77860,
        "category": "l",
        "source": "tv",
        "shortable": true,
        "exchange_name": "NASDAQ",
        "market_cap": 3939524931,
        "existing": false
    },
    {
        "symbol": "CNK",
        "company": "Cinemark Holdings, Inc.",
        "change_pct": -5.61,
        "premarket": 28.6,
        "volume": 28180,
        "category": "l",
        "source": "tv",
        "shortable": true,
        "exchange_name": "NYSE",
        "market_cap": 3436674783,
        "existing": false
    },
    {
        "symbol": "RXRX",
        "company": "Recursion Pharmaceuticals, Inc.",
        "change_pct": -5.61,
        "premarket": 5.38,
        "volume": 1090000,
        "category": "l",
        "source": "tv",
        "shortable": true,
        "exchange_name": "NASDAQ",
        "market_cap": 2293037410,
        "existing": false
    },
    {
        "symbol": "IBRX",
        "company": "ImmunityBio, Inc.",
        "change_pct": -16.14,
        "premarket": 2.13,
        "volume": 465660,
        "category": "l",
        "source": "tv",
        "shortable": true,
        "exchange_name": "NASDAQ",
        "market_cap": 2241465938,
        "existing": false
    },
    {
        "symbol": "MAN",
        "company": "ManpowerGroup",
        "change_pct": -8.99,
        "premarket": 40.27,
        "volume": 1170,
        "category": "l",
        "source": "tv",
        "shortable": true,
        "exchange_name": "NYSE",
        "market_cap": 2047997748,
        "existing": false
    },
    {
        "symbol": "OCUL",
        "company": "Ocular Therapeutix, Inc.",
        "change_pct": -7.73,
        "premarket": 8.12,
        "volume": 84600,
        "category": "l",
        "source": "tv",
        "shortable": true,
        "exchange_name": "NASDAQ",
        "market_cap": 1401724676,
        "existing": false
    },
    {
        "symbol": "IART",
        "company": "Integra LifeSciences Holdings Corporation",
        "change_pct": -11.04,
        "premarket": 14.99,
        "volume": 13250,
        "category": "l",
        "source": "tv",
        "shortable": true,
        "exchange_name": "NASDAQ",
        "market_cap": 1301661556,
        "existing": false
    },
    {
        "symbol": "WULF",
        "company": "TeraWulf Inc.",
        "change_pct": -5.92,
        "premarket": 3.02,
        "volume": 453110,
        "category": "l",
        "source": "tv",
        "shortable": true,
        "exchange_name": "NASDAQ",
        "market_cap": 1231418630,
        "existing": false
    },
    {
        "symbol": "BLND",
        "company": "Blend Labs, Inc.",
        "change_pct": -5.74,
        "premarket": 3.12,
        "volume": 1100,
        "category": "l",
        "source": "tv",
        "shortable": true,
        "exchange_name": "NYSE",
        "market_cap": 856011939,
        "existing": false
    },
    {
        "symbol": "FLOC",
        "company": "Flowco Holdings Inc.",
        "change_pct": -16.78,
        "premarket": 17.8,
        "volume": 100,
        "category": "l",
        "source": "tv",
        "shortable": true,
        "exchange_name": "NYSE",
        "market_cap": 550185451,
        "existing": false
    },
    {
        "symbol": "RSVR",
        "company": "Reservoir Media, Inc..",
        "change_pct": -13.66,
        "premarket": 6.32,
        "volume": 100,
        "category": "l",
        "source": "tv",
        "shortable": true,
        "exchange_name": "NASDAQ",
        "market_cap": 477502317,
        "existing": false
    },
    {
        "symbol": "CMCO",
        "company": "Columbus McKinnon Corporation",
        "change_pct": -4.95,
        "premarket": 14.98,
        "volume": 240,
        "category": "l",
        "source": "tv",
        "shortable": true,
        "exchange_name": "NASDAQ",
        "market_cap": 450933472,
        "existing": false
    },
    {
        "symbol": "CCIX",
        "company": "Churchill Capital Corp IX",
        "change_pct": -6.68,
        "premarket": 10.47,
        "volume": 460,
        "category": "l",
        "source": "tv",
        "shortable": true,
        "exchange_name": "NASDAQ",
        "market_cap": 411353250,
        "existing": false
    },
    {
        "symbol": "OB",
        "company": "Outbrain Inc.",
        "change_pct": -5.29,
        "premarket": 3.4,
        "volume": 1230,
        "category": "l",
        "source": "tv",
        "shortable": true,
        "exchange_name": "NASDAQ",
        "market_cap": 337246071,
        "existing": false
    },
    {
        "symbol": "PAMT",
        "company": "PAMT CORP",
        "change_pct": -6.71,
        "premarket": 13.62,
        "volume": 602,
        "category": "l",
        "source": "tv",
        "shortable": true,
        "exchange_name": "NASDAQ",
        "market_cap": 318143606,
        "existing": false
    },
    {
        "symbol": "NTCL",
        "company": "NETCLASS TECHNOLOGY INC",
        "change_pct": -14.29,
        "premarket": 15.0,
        "volume": 10900,
        "category": "l",
        "source": "tv",
        "shortable": true,
        "exchange_name": "NASDAQ",
        "market_cap": 312025000,
        "existing": false
    },
    {
        "symbol": "SEG",
        "company": "Seaport Entertainment Group Inc.",
        "change_pct": -5.27,
        "premarket": 18.86,
        "volume": 329,
        "category": "l",
        "source": "tv",
        "shortable": true,
        "exchange_name": "NYSE American",
        "market_cap": 252789286,
        "existing": false
    },
    {
        "symbol": "NGS",
        "company": "Natural Gas Services Group, Inc.",
        "change_pct": -5.04,
        "premarket": 18.1,
        "volume": 200,
        "category": "l",
        "source": "tv",
        "shortable": true,
        "exchange_name": "NYSE",
        "market_cap": 238513981,
        "existing": false
    },
    {
        "symbol": "ONTF",
        "company": "ON24, Inc.",
        "change_pct": -5.06,
        "premarket": 4.5,
        "volume": 200,
        "category": "l",
        "source": "tv",
        "shortable": true,
        "exchange_name": "NYSE",
        "market_cap": 200621519,
        "existing": false
    }
]