[
    {
        "symbol": "CRBP",
        "company": "Corbus Pharmaceuticals Holdings, Inc.",
        "change_pct": 65.76,
        "premarket": 17.7,
        "volume": 1,
        "category": "g",
        "source": "tv",
        "shortable": true,
        "exchange_name": "",
        "market_cap": 0,
        "existing": false
    },
    {
        "symbol": "SKYE",
        "company": "Skye Bioscience, Inc.",
        "change_pct": 40.8,
        "premarket": 3.25,
        "volume": 49,
        "category": "g",
        "source": "tv",
        "shortable": true,
        "exchange_name": "",
        "market_cap": 0,
        "existing": false
    },
    {
        "symbol": "KOPN",
        "company": "Kopin Corporation",
        "change_pct": 27.81,
        "premarket": 0.696,
        "volume": 1,
        "category": "g",
        "source": "tv",
        "shortable": true,
        "exchange_name": "",
        "market_cap": 0,
        "existing": false
    },
    {
        "symbol": "TOMZ",
        "company": "TOMI Environmental Solutions, Inc.",
        "change_pct": 23.03,
        "premarket": 0.585,
        "volume": 704,
        "category": "g",
        "source": "tv",
        "shortable": true,
        "exchange_name": "",
        "market_cap": 0,
        "existing": false
    },
    {
        "symbol": "IPW",
        "company": "iPower Inc.",
        "change_pct": 22.84,
        "premarket": 1.25,
        "volume": 21,
        "category": "g",
        "source": "tv",
        "shortable": true,
        "exchange_name": "",
        "market_cap": 0,
        "existing": false
    },
    {
        "symbol": "BFI",
        "company": "BurgerFi International Inc",
        "change_pct": 20.8,
        "premarket": 0.1173,
        "volume": 1,
        "category": "g",
        "source": "tv",
        "shortable": true,
        "exchange_name": "",
        "market_cap": 0,
        "existing": false
    },
    {
        "symbol": "MOVE",
        "company": "Movano Inc.",
        "change_pct": 19.17,
        "premarket": 0.291,
        "volume": 1,
        "category": "g",
        "source": "tv",
        "shortable": true,
        "exchange_name": "",
        "market_cap": 0,
        "existing": false
    },
    {
        "symbol": "SGN",
        "company": "Signing Day Sports, Inc.",
        "change_pct": 14.7,
        "premarket": 0.4521,
        "volume": 3,
        "category": "g",
        "source": "tv",
        "shortable": true,
        "exchange_name": "",
        "market_cap": 0,
        "existing": false
    },
    {
        "symbol": "RZLV",
        "company": "Rezolve AI Limited",
        "change_pct": 14.29,
        "premarket": 6.0,
        "volume": 59,
        "category": "g",
        "source": "tv",
        "shortable": true,
        "exchange_name": "",
        "market_cap": 0,
        "existing": false
    },
    {
        "symbol": "XCUR",
        "company": "Exicure, Inc.",
        "change_pct": 13.99,
        "premarket": 3.38,
        "volume": 112,
        "category": "g",
        "source": "tv",
        "shortable": true,
        "exchange_name": "",
        "market_cap": 0,
        "existing": false
    },
    {
        "symbol": "LGCB",
        "company": "Linkage Global Inc",
        "change_pct": 13.52,
        "premarket": 0.8551,
        "volume": 33,
        "category": "g",
        "source": "tv",
        "shortable": true,
        "exchange_name": "",
        "market_cap": 0,
        "existing": false
    },
    {
        "symbol": "FDX",
        "company": "FedEx Corporation",
        "change_pct": 13.45,
        "premarket": 260.0,
        "volume": 431,
        "category": "g",
        "source": "tv",
        "shortable": true,
        "exchange_name": "",
        "market_cap": 0,
        "existing": false
    },
    {
        "symbol": "PTIX",
        "company": "Protagenic Therapeutics, Inc.",
        "change_pct": 12.96,
        "premarket": 0.517,
        "volume": 10,
        "category": "g",
        "source": "tv",
        "shortable": true,
        "exchange_name": "",
        "market_cap": 0,
        "existing": false
    },
    {
        "symbol": "ARQ",
        "company": "Arq, Inc.",
        "change_pct": 12.8,
        "premarket": 5.38,
        "volume": 175,
        "category": "g",
        "source": "tv",
        "shortable": true,
        "exchange_name": "",
        "market_cap": 0,
        "existing": false
    },
    {
        "symbol": "SOC",
        "company": "Sable Offshore Corp.",
        "change_pct": 12.19,
        "premarket": 24.85,
        "volume": 28,
        "category": "g",
        "source": "tv",
        "shortable": true,
        "exchange_name": "",
        "market_cap": 0,
        "existing": false
    },
    {
        "symbol": "OMEX",
        "company": "Odyssey Marine Exploration, Inc.",
        "change_pct": 11.81,
        "premarket": 1.01,
        "volume": 1,
        "category": "g",
        "source": "tv",
        "shortable": true,
        "exchange_name": "",
        "market_cap": 0,
        "existing": false
    },
    {
        "symbol": "MLKN",
        "company": "MillerKnoll, Inc.",
        "change_pct": 11.72,
        "premarket": 24.25,
        "volume": 13,
        "category": "g",
        "source": "tv",
        "shortable": true,
        "exchange_name": "",
        "market_cap": 0,
        "existing": false
    },
    {
        "symbol": "LTRY",
        "company": "Lottery.com, Inc.",
        "change_pct": 11.11,
        "premarket": 0.5689,
        "volume": 315,
        "category": "g",
        "source": "tv",
        "shortable": true,
        "exchange_name": "",
        "market_cap": 0,
        "existing": false
    },
    {
        "symbol": "SELX",
        "company": "Semilux International Ltd.",
        "change_pct": 10.94,
        "premarket": 0.99,
        "volume": 100,
        "category": "g",
        "source": "tv",
        "shortable": true,
        "exchange_name": "",
        "market_cap": 0,
        "existing": false
    },
    {
        "symbol": "CTOR",
        "company": "Citius Oncology, Inc.",
        "change_pct": 10.18,
        "premarket": 1.5,
        "volume": 385,
        "category": "g",
        "source": "tv",
        "shortable": true,
        "exchange_name": "",
        "market_cap": 0,
        "existing": false
    },
    {
        "symbol": "FBIO",
        "company": "Fortress Biotech, Inc.",
        "change_pct": 9.24,
        "premarket": 1.67,
        "volume": 406,
        "category": "g",
        "source": "tv",
        "shortable": true,
        "exchange_name": "",
        "market_cap": 0,
        "existing": false
    },
    {
        "symbol": "SEG",
        "company": "Seaport Entertainment Group Inc.",
        "change_pct": 9.11,
        "premarket": 30.24,
        "volume": 1,
        "category": "g",
        "source": "tv",
        "shortable": true,
        "exchange_name": "",
        "market_cap": 0,
        "existing": false
    },
    {
        "symbol": "EJH",
        "company": "E-Home Household Service Holdings Limited",
        "change_pct": 9.02,
        "premarket": 0.0888,
        "volume": 4,
        "category": "g",
        "source": "tv",
        "shortable": true,
        "exchange_name": "",
        "market_cap": 0,
        "existing": false
    },
    {
        "symbol": "INOD",
        "company": "Innodata Inc.",
        "change_pct": 8.94,
        "premarket": 13.03,
        "volume": 99,
        "category": "g",
        "source": "tv",
        "shortable": true,
        "exchange_name": "",
        "market_cap": 0,
        "existing": false
    },
    {
        "symbol": "PIK",
        "company": "Kidpik Corp.",
        "change_pct": 8.58,
        "premarket": 2.13,
        "volume": 404,
        "category": "g",
        "source": "tv",
        "shortable": true,
        "exchange_name": "",
        "market_cap": 0,
        "existing": false
    },
    {
        "symbol": "CRBP",
        "company": "Corbus Pharmaceuticals Holdings, Inc.",
        "change_pct": -65.76,
        "premarket": 17.7,
        "volume": 1,
        "category": "l",
        "source": "tv",
        "shortable": true,
        "exchange_name": "",
        "market_cap": 0,
        "existing": false
    },
    {
        "symbol": "SKYE",
        "company": "Skye Bioscience, Inc.",
        "change_pct": -40.8,
        "premarket": 3.25,
        "volume": 49,
        "category": "l",
        "source": "tv",
        "shortable": true,
        "exchange_name": "",
        "market_cap": 0,
        "existing": false
    },
    {
        "symbol": "KOPN",
        "company": "Kopin Corporation",
        "change_pct": -27.81,
        "premarket": 0.696,
        "volume": 1,
        "category": "l",
        "source": "tv",
        "shortable": true,
        "exchange_name": "",
        "market_cap": 0,
        "existing": false
    },
    {
        "symbol": "TOMZ",
        "company": "TOMI Environmental Solutions, Inc.",
        "change_pct": -23.03,
        "premarket": 0.585,
        "volume": 704,
        "category": "l",
        "source": "tv",
        "shortable": true,
        "exchange_name": "",
        "market_cap": 0,
        "existing": false
    },
    {
        "symbol": "IPW",
        "company": "iPower Inc.",
        "change_pct": -22.84,
        "premarket": 1.25,
        "volume": 21,
        "category": "l",
        "source": "tv",
        "shortable": true,
        "exchange_name": "",
        "market_cap": 0,
        "existing": false
    },
    {
        "symbol": "BFI",
        "company": "BurgerFi International Inc",
        "change_pct": -20.8,
        "premarket": 0.1173,
        "volume": 1,
        "category": "l",
        "source": "tv",
        "shortable": true,
        "exchange_name": "",
        "market_cap": 0,
        "existing": false
    },
    {
        "symbol": "MOVE",
        "company": "Movano Inc.",
        "change_pct": -19.17,
        "premarket": 0.291,
        "volume": 1,
        "category": "l",
        "source": "tv",
        "shortable": true,
        "exchange_name": "",
        "market_cap": 0,
        "existing": false
    },
    {
        "symbol": "SGN",
        "company": "Signing Day Sports, Inc.",
        "change_pct": -14.7,
        "premarket": 0.4521,
        "volume": 3,
        "category": "l",
        "source": "tv",
        "shortable": true,
        "exchange_name": "",
        "market_cap": 0,
        "existing": false
    },
    {
        "symbol": "RZLV",
        "company": "Rezolve AI Limited",
        "change_pct": -14.29,
        "premarket": 6.0,
        "volume": 59,
        "category": "l",
        "source": "tv",
        "shortable": true,
        "exchange_name": "",
        "market_cap": 0,
        "existing": false
    },
    {
        "symbol": "XCUR",
        "company": "Exicure, Inc.",
        "change_pct": -13.99,
        "premarket": 3.38,
        "volume": 112,
        "category": "l",
        "source": "tv",
        "shortable": true,
        "exchange_name": "",
        "market_cap": 0,
        "existing": false
    },
    {
        "symbol": "LGCB",
        "company": "Linkage Global Inc",
        "change_pct": -13.52,
        "premarket": 0.8551,
        "volume": 33,
        "category": "l",
        "source": "tv",
        "shortable": true,
        "exchange_name": "",
        "market_cap": 0,
        "existing": false
    },
    {
        "symbol": "FDX",
        "company": "FedEx Corporation",
        "change_pct": -13.45,
        "premarket": 260.0,
        "volume": 431,
        "category": "l",
        "source": "tv",
        "shortable": true,
        "exchange_name": "",
        "market_cap": 0,
        "existing": false
    },
    {
        "symbol": "PTIX",
        "company": "Protagenic Therapeutics, Inc.",
        "change_pct": -12.96,
        "premarket": 0.517,
        "volume": 10,
        "category": "l",
        "source": "tv",
        "shortable": true,
        "exchange_name": "",
        "market_cap": 0,
        "existing": false
    },
    {
        "symbol": "ARQ",
        "company": "Arq, Inc.",
        "change_pct": -12.8,
        "premarket": 5.38,
        "volume": 175,
        "category": "l",
        "source": "tv",
        "shortable": true,
        "exchange_name": "",
        "market_cap": 0,
        "existing": false
    },
    {
        "symbol": "SOC",
        "company": "Sable Offshore Corp.",
        "change_pct": -12.19,
        "premarket": 24.85,
        "volume": 28,
        "category": "l",
        "source": "tv",
        "shortable": true,
        "exchange_name": "",
        "market_cap": 0,
        "existing": false
    },
    {
        "symbol": "OMEX",
        "company": "Odyssey Marine Exploration, Inc.",
        "change_pct": -11.81,
        "premarket": 1.01,
        "volume": 1,
        "category": "l",
        "source": "tv",
        "shortable": true,
        "exchange_name": "",
        "market_cap": 0,
        "existing": false
    },
    {
        "symbol": "MLKN",
        "company": "MillerKnoll, Inc.",
        "change_pct": -11.72,
        "premarket": 24.25,
        "volume": 13,
        "category": "l",
        "source": "tv",
        "shortable": true,
        "exchange_name": "",
        "market_cap": 0,
        "existing": false
    },
    {
        "symbol": "LTRY",
        "company": "Lottery.com, Inc.",
        "change_pct": -11.11,
        "premarket": 0.5689,
        "volume": 315,
        "category": "l",
        "source": "tv",
        "shortable": true,
        "exchange_name": "",
        "market_cap": 0,
        "existing": false
    },
    {
        "symbol": "SELX",
        "company": "Semilux International Ltd.",
        "change_pct": -10.94,
        "premarket": 0.99,
        "volume": 100,
        "category": "l",
        "source": "tv",
        "shortable": true,
        "exchange_name": "",
        "market_cap": 0,
        "existing": false
    },
    {
        "symbol": "CTOR",
        "company": "Citius Oncology, Inc.",
        "change_pct": -10.18,
        "premarket": 1.5,
        "volume": 385,
        "category": "l",
        "source": "tv",
        "shortable": true,
        "exchange_name": "",
        "market_cap": 0,
        "existing": false
    },
    {
        "symbol": "FBIO",
        "company": "Fortress Biotech, Inc.",
        "change_pct": -9.24,
        "premarket": 1.67,
        "volume": 406,
        "category": "l",
        "source": "tv",
        "shortable": true,
        "exchange_name": "",
        "market_cap": 0,
        "existing": false
    },
    {
        "symbol": "SEG",
        "company": "Seaport Entertainment Group Inc.",
        "change_pct": -9.11,
        "premarket": 30.24,
        "volume": 1,
        "category": "l",
        "source": "tv",
        "shortable": true,
        "exchange_name": "",
        "market_cap": 0,
        "existing": false
    },
    {
        "symbol": "EJH",
        "company": "E-Home Household Service Holdings Limited",
        "change_pct": -9.02,
        "premarket": 0.0888,
        "volume": 4,
        "category": "l",
        "source": "tv",
        "shortable": true,
        "exchange_name": "",
        "market_cap": 0,
        "existing": false
    },
    {
        "symbol": "INOD",
        "company": "Innodata Inc.",
        "change_pct": -8.94,
        "premarket": 13.03,
        "volume": 99,
        "category": "l",
        "source": "tv",
        "shortable": true,
        "exchange_name": "",
        "market_cap": 0,
        "existing": false
    },
    {
        "symbol": "PIK",
        "company": "Kidpik Corp.",
        "change_pct": -8.58,
        "premarket": 2.13,
        "volume": 404,
        "category": "l",
        "source": "tv",
        "shortable": true,
        "exchange_name": "",
        "market_cap": 0,
        "existing": false
    }
]