[
    {
        "symbol": "APRN",
        "company": "Blue Apron Holdings, Inc.",
        "change_pct": 133.7,
        "premarket": 12.83,
        "volume": 2405000,
        "category": "g",
        "source": "tv",
        "shortable": true,
        "exchange_name": "N/A",
        "market_cap": 0,
        "existing": false
    },
    {
        "symbol": "OPGN",
        "company": "OpGen, Inc.",
        "change_pct": 123.83,
        "premarket": 0.4499,
        "volume": 21531000,
        "category": "g",
        "source": "tv",
        "shortable": true,
        "exchange_name": "N/A",
        "market_cap": 0,
        "existing": false
    },
    {
        "symbol": "ICU",
        "company": "SeaStar Medical Holding Corporation",
        "change_pct": 97.27,
        "premarket": 0.3689,
        "volume": 14019000,
        "category": "g",
        "source": "tv",
        "shortable": true,
        "exchange_name": "N/A",
        "market_cap": 0,
        "existing": false
    },
    {
        "symbol": "NVOS",
        "company": "Novo Integrated Sciences, Inc.",
        "change_pct": 71.74,
        "premarket": 0.3452,
        "volume": 37439000,
        "category": "g",
        "source": "tv",
        "shortable": true,
        "exchange_name": "N/A",
        "market_cap": 0,
        "existing": false
    },
    {
        "symbol": "RVLP",
        "company": "RVL Pharmaceuticals plc",
        "change_pct": 50.45,
        "premarket": 0.1175,
        "volume": 95579000,
        "category": "g",
        "source": "tv",
        "shortable": true,
        "exchange_name": "N/A",
        "market_cap": 0,
        "existing": false
    },
    {
        "symbol": "RSLS",
        "company": "ReShape Lifesciences, Inc.",
        "change_pct": 18.16,
        "premarket": 0.5199,
        "volume": 1349000,
        "category": "g",
        "source": "tv",
        "shortable": true,
        "exchange_name": "N/A",
        "market_cap": 0,
        "existing": false
    },
    {
        "symbol": "GMBL",
        "company": "Esports Entertainment Group Inc.",
        "change_pct": 16.97,
        "premarket": 0.0979,
        "volume": 2095000,
        "category": "g",
        "source": "tv",
        "shortable": true,
        "exchange_name": "N/A",
        "market_cap": 0,
        "existing": false
    },
    {
        "symbol": "CJET",
        "company": "Chijet Motor Company, Inc.",
        "change_pct": 16.89,
        "premarket": 1.73,
        "volume": 2587,
        "category": "g",
        "source": "tv",
        "shortable": true,
        "exchange_name": "N/A",
        "market_cap": 0,
        "existing": false
    },
    {
        "symbol": "FEMY",
        "company": "Femasys Inc.",
        "change_pct": 16.45,
        "premarket": 1.77,
        "volume": 7490000,
        "category": "g",
        "source": "tv",
        "shortable": true,
        "exchange_name": "N/A",
        "market_cap": 0,
        "existing": false
    },
    {
        "symbol": "BTTX",
        "company": "Better Therapeutics, Inc.",
        "change_pct": 15.85,
        "premarket": 0.399,
        "volume": 260835,
        "category": "g",
        "source": "tv",
        "shortable": true,
        "exchange_name": "N/A",
        "market_cap": 0,
        "existing": false
    },
    {
        "symbol": "MIND",
        "company": "MIND Technology, Inc.",
        "change_pct": 15.07,
        "premarket": 0.5987,
        "volume": 7955,
        "category": "g",
        "source": "tv",
        "shortable": true,
        "exchange_name": "N/A",
        "market_cap": 0,
        "existing": false
    },
    {
        "symbol": "BOF",
        "company": "BranchOut Food Inc.",
        "change_pct": 14.81,
        "premarket": 2.48,
        "volume": 200,
        "category": "g",
        "source": "tv",
        "shortable": true,
        "exchange_name": "N/A",
        "market_cap": 0,
        "existing": false
    },
    {
        "symbol": "ID",
        "company": "PARTS iD, Inc.",
        "change_pct": 14.27,
        "premarket": 0.1874,
        "volume": 7629,
        "category": "g",
        "source": "tv",
        "shortable": true,
        "exchange_name": "N/A",
        "market_cap": 0,
        "existing": false
    },
    {
        "symbol": "SBET",
        "company": "SharpLink Gaming Ltd.",
        "change_pct": 13.92,
        "premarket": 1.8,
        "volume": 1340,
        "category": "g",
        "source": "tv",
        "shortable": true,
        "exchange_name": "N/A",
        "market_cap": 0,
        "existing": false
    },
    {
        "symbol": "EDIT",
        "company": "Editas Medicine, Inc.",
        "change_pct": 13.15,
        "premarket": 7.83,
        "volume": 64140,
        "category": "g",
        "source": "tv",
        "shortable": true,
        "exchange_name": "N/A",
        "market_cap": 0,
        "existing": false
    },
    {
        "symbol": "BROG",
        "company": "Brooge Energy Limited",
        "change_pct": 11.52,
        "premarket": 6.1,
        "volume": 59601,
        "category": "g",
        "source": "tv",
        "shortable": true,
        "exchange_name": "N/A",
        "market_cap": 0,
        "existing": false
    },
    {
        "symbol": "LOCL",
        "company": "Local Bounti Corporation",
        "change_pct": 11.11,
        "premarket": 2.5,
        "volume": 100,
        "category": "g",
        "source": "tv",
        "shortable": true,
        "exchange_name": "N/A",
        "market_cap": 0,
        "existing": false
    },
    {
        "symbol": "NKE",
        "company": "Nike, Inc.",
        "change_pct": 11.1,
        "premarket": 99.58,
        "volume": 804240,
        "category": "g",
        "source": "tv",
        "shortable": true,
        "exchange_name": "N/A",
        "market_cap": 0,
        "existing": false
    },
    {
        "symbol": "MCFT",
        "company": "MasterCraft Boat Holdings, Inc.",
        "change_pct": 10.92,
        "premarket": 24.68,
        "volume": 3404,
        "category": "g",
        "source": "tv",
        "shortable": true,
        "exchange_name": "N/A",
        "market_cap": 0,
        "existing": false
    },
    {
        "symbol": "TTOO",
        "company": "T2 Biosystems, Inc.",
        "change_pct": 10.71,
        "premarket": 0.1974,
        "volume": 7861000,
        "category": "g",
        "source": "tv",
        "shortable": true,
        "exchange_name": "N/A",
        "market_cap": 0,
        "existing": false
    },
    {
        "symbol": "DTCK",
        "company": "Davis Commodities Limited",
        "change_pct": 10.2,
        "premarket": 3.24,
        "volume": 2947,
        "category": "g",
        "source": "tv",
        "shortable": true,
        "exchange_name": "N/A",
        "market_cap": 0,
        "existing": false
    },
    {
        "symbol": "EFTR",
        "company": "eFFECTOR Therapeutics, Inc.",
        "change_pct": 10.18,
        "premarket": 0.628,
        "volume": 24913,
        "category": "g",
        "source": "tv",
        "shortable": true,
        "exchange_name": "N/A",
        "market_cap": 0,
        "existing": false
    },
    {
        "symbol": "JEWL",
        "company": "Adamas One Corp.",
        "change_pct": 10.15,
        "premarket": 0.92,
        "volume": 33927,
        "category": "g",
        "source": "tv",
        "shortable": true,
        "exchange_name": "N/A",
        "market_cap": 0,
        "existing": false
    },
    {
        "symbol": "ADIL",
        "company": "Adial Pharmaceuticals, Inc",
        "change_pct": 10.08,
        "premarket": 2.84,
        "volume": 837,
        "category": "g",
        "source": "tv",
        "shortable": true,
        "exchange_name": "N/A",
        "market_cap": 0,
        "existing": false
    },
    {
        "symbol": "VINE",
        "company": "Fresh Vine Wine, Inc.",
        "change_pct": 9.95,
        "premarket": 0.4299,
        "volume": 150,
        "category": "g",
        "source": "tv",
        "shortable": true,
        "exchange_name": "N/A",
        "market_cap": 0,
        "existing": false
    },
    {
        "symbol": "VRAR",
        "company": "The Glimpse Group, Inc.",
        "change_pct": -41.85,
        "premarket": 1.89,
        "volume": 29907,
        "category": "l",
        "source": "tv",
        "shortable": true,
        "exchange_name": "N/A",
        "market_cap": 0,
        "existing": false
    },
    {
        "symbol": "CAPR",
        "company": "Capricor Therapeutics, Inc.",
        "change_pct": -31.03,
        "premarket": 4.01,
        "volume": 95120,
        "category": "l",
        "source": "tv",
        "shortable": true,
        "exchange_name": "N/A",
        "market_cap": 0,
        "existing": false
    },
    {
        "symbol": "DYNT",
        "company": "Dynatronics Corporation",
        "change_pct": -30.34,
        "premarket": 0.4876,
        "volume": 500,
        "category": "l",
        "source": "tv",
        "shortable": true,
        "exchange_name": "N/A",
        "market_cap": 0,
        "existing": false
    },
    {
        "symbol": "TNXP",
        "company": "Tonix Pharmaceuticals Holding Corp.",
        "change_pct": -29.18,
        "premarket": 0.4947,
        "volume": 330510,
        "category": "l",
        "source": "tv",
        "shortable": true,
        "exchange_name": "N/A",
        "market_cap": 0,
        "existing": false
    },
    {
        "symbol": "VCNX",
        "company": "Vaccinex, Inc.",
        "change_pct": -25.83,
        "premarket": 1.12,
        "volume": 364573,
        "category": "l",
        "source": "tv",
        "shortable": true,
        "exchange_name": "N/A",
        "market_cap": 0,
        "existing": false
    },
    {
        "symbol": "PRTG",
        "company": "Portage Biotech Inc.",
        "change_pct": -24.78,
        "premarket": 1.7,
        "volume": 2172,
        "category": "l",
        "source": "tv",
        "shortable": true,
        "exchange_name": "N/A",
        "market_cap": 0,
        "existing": false
    },
    {
        "symbol": "BXRX",
        "company": "Baudax Bio, Inc.",
        "change_pct": -17.3,
        "premarket": 0.3738,
        "volume": 1094000,
        "category": "l",
        "source": "tv",
        "shortable": true,
        "exchange_name": "N/A",
        "market_cap": 0,
        "existing": false
    },
    {
        "symbol": "SGD",
        "company": "Safe and Green Development Corporation",
        "change_pct": -17.24,
        "premarket": 1.44,
        "volume": 32886,
        "category": "l",
        "source": "tv",
        "shortable": true,
        "exchange_name": "N/A",
        "market_cap": 0,
        "existing": false
    },
    {
        "symbol": "CRIS",
        "company": "Curis, Inc.",
        "change_pct": -17.11,
        "premarket": 6.3,
        "volume": 9770,
        "category": "l",
        "source": "tv",
        "shortable": true,
        "exchange_name": "N/A",
        "market_cap": 0,
        "existing": false
    },
    {
        "symbol": "THAR",
        "company": "Tharimmune, Inc.",
        "change_pct": -15.72,
        "premarket": 0.1635,
        "volume": 199526,
        "category": "l",
        "source": "tv",
        "shortable": true,
        "exchange_name": "N/A",
        "market_cap": 0,
        "existing": false
    },
    {
        "symbol": "LEXX",
        "company": "Lexaria Bioscience Corp.",
        "change_pct": -12.65,
        "premarket": 0.8473,
        "volume": 3000,
        "category": "l",
        "source": "tv",
        "shortable": true,
        "exchange_name": "N/A",
        "market_cap": 0,
        "existing": false
    },
    {
        "symbol": "SASI",
        "company": "Sigma Additive Solutions, Inc.",
        "change_pct": -12.46,
        "premarket": 3.02,
        "volume": 17594,
        "category": "l",
        "source": "tv",
        "shortable": true,
        "exchange_name": "N/A",
        "market_cap": 0,
        "existing": false
    },
    {
        "symbol": "NRSN",
        "company": "NeuroSense Therapeutics Ltd.",
        "change_pct": -12.23,
        "premarket": 0.6583,
        "volume": 9170,
        "category": "l",
        "source": "tv",
        "shortable": true,
        "exchange_name": "N/A",
        "market_cap": 0,
        "existing": false
    },
    {
        "symbol": "MRNS",
        "company": "Marinus Pharmaceuticals, Inc.",
        "change_pct": -12.01,
        "premarket": 7.25,
        "volume": 750,
        "category": "l",
        "source": "tv",
        "shortable": true,
        "exchange_name": "N/A",
        "market_cap": 0,
        "existing": false
    },
    {
        "symbol": "WAVD",
        "company": "WaveDancer, Inc.",
        "change_pct": -11.11,
        "premarket": 0.24,
        "volume": 94806,
        "category": "l",
        "source": "tv",
        "shortable": true,
        "exchange_name": "N/A",
        "market_cap": 0,
        "existing": false
    },
    {
        "symbol": "VTVT",
        "company": "vTv Therapeutics Inc.",
        "change_pct": -10.83,
        "premarket": 0.4102,
        "volume": 4900,
        "category": "l",
        "source": "tv",
        "shortable": true,
        "exchange_name": "N/A",
        "market_cap": 0,
        "existing": false
    },
    {
        "symbol": "GFOR",
        "company": "Graf Acquisition Corp. IV",
        "change_pct": -9.49,
        "premarket": 7.15,
        "volume": 1020,
        "category": "l",
        "source": "tv",
        "shortable": true,
        "exchange_name": "N/A",
        "market_cap": 0,
        "existing": false
    },
    {
        "symbol": "CNXA",
        "company": "Connexa Sports Technologies Inc.",
        "change_pct": -9.27,
        "premarket": 3.23,
        "volume": 11974,
        "category": "l",
        "source": "tv",
        "shortable": true,
        "exchange_name": "N/A",
        "market_cap": 0,
        "existing": false
    },
    {
        "symbol": "GVP",
        "company": "GSE Systems, Inc.",
        "change_pct": -9.27,
        "premarket": 0.186,
        "volume": 44110,
        "category": "l",
        "source": "tv",
        "shortable": true,
        "exchange_name": "N/A",
        "market_cap": 0,
        "existing": false
    },
    {
        "symbol": "SATX",
        "company": "SatixFy Communications Ltd.",
        "change_pct": -9.1,
        "premarket": 0.5372,
        "volume": 5698,
        "category": "l",
        "source": "tv",
        "shortable": true,
        "exchange_name": "N/A",
        "market_cap": 0,
        "existing": false
    },
    {
        "symbol": "HEPA",
        "company": "Hepion Pharmaceuticals, Inc.",
        "change_pct": -8.98,
        "premarket": 4.41,
        "volume": 3479,
        "category": "l",
        "source": "tv",
        "shortable": true,
        "exchange_name": "N/A",
        "market_cap": 0,
        "existing": false
    },
    {
        "symbol": "GBNH",
        "company": "Greenbrook TMS Inc.",
        "change_pct": -8.67,
        "premarket": 0.2466,
        "volume": 200,
        "category": "l",
        "source": "tv",
        "shortable": true,
        "exchange_name": "N/A",
        "market_cap": 0,
        "existing": false
    },
    {
        "symbol": "SYBX",
        "company": "Synlogic, Inc.",
        "change_pct": -8.23,
        "premarket": 2.9,
        "volume": 11677,
        "category": "l",
        "source": "tv",
        "shortable": true,
        "exchange_name": "N/A",
        "market_cap": 0,
        "existing": false
    },
    {
        "symbol": "OST",
        "company": "Ostin Technology Group Co., Ltd.",
        "change_pct": -8.19,
        "premarket": 0.6702,
        "volume": 1400,
        "category": "l",
        "source": "tv",
        "shortable": true,
        "exchange_name": "N/A",
        "market_cap": 0,
        "existing": false
    },
    {
        "symbol": "SJ",
        "company": "Scienjoy Holding Corporation",
        "change_pct": -8.05,
        "premarket": 2.74,
        "volume": 20099,
        "category": "l",
        "source": "tv",
        "shortable": true,
        "exchange_name": "N/A",
        "market_cap": 0,
        "existing": false
    }
]