[
    {
        "symbol": "ALZN",
        "company": "Alzamend Neuro, Inc.",
        "change_pct": 140.36,
        "premarket": 7.98,
        "volume": 22190000,
        "category": "g",
        "source": "tv",
        "shortable": true,
        "exchange_name": "NASDAQ",
        "market_cap": 2529043,
        "existing": false
    },
    {
        "symbol": "STRM",
        "company": "Streamline Health Solutions, Inc.",
        "change_pct": 117.47,
        "premarket": 4.98,
        "volume": 880610,
        "category": "g",
        "source": "tv",
        "shortable": true,
        "exchange_name": "NASDAQ",
        "market_cap": 9059692,
        "existing": false
    },
    {
        "symbol": "HCTI",
        "company": "Healthcare Triangle, Inc.",
        "change_pct": 80.17,
        "premarket": 0.0104,
        "volume": 681920000,
        "category": "g",
        "source": "tv",
        "shortable": true,
        "exchange_name": "NASDAQ",
        "market_cap": 271268,
        "existing": false
    },
    {
        "symbol": "ZEO",
        "company": "Zeo Energy Corporation",
        "change_pct": 73.42,
        "premarket": 2.74,
        "volume": 31020000,
        "category": "g",
        "source": "tv",
        "shortable": true,
        "exchange_name": "NASDAQ",
        "market_cap": 35538898,
        "existing": false
    },
    {
        "symbol": "NAOV",
        "company": "NanoVibronix, Inc.",
        "change_pct": 47.27,
        "premarket": 1.26,
        "volume": 20780000,
        "category": "g",
        "source": "tv",
        "shortable": true,
        "exchange_name": "NASDAQ",
        "market_cap": 895970,
        "existing": false
    },
    {
        "symbol": "BOSC",
        "company": "B.O.S. Better Online Solutions",
        "change_pct": 43.56,
        "premarket": 5.57,
        "volume": 1710000,
        "category": "g",
        "source": "tv",
        "shortable": true,
        "exchange_name": "NASDAQ",
        "market_cap": 23279586,
        "existing": false
    },
    {
        "symbol": "GNLN",
        "company": "Greenlane Holdings, Inc.",
        "change_pct": 29.82,
        "premarket": 0.0074,
        "volume": 264500000,
        "category": "g",
        "source": "tv",
        "shortable": true,
        "exchange_name": "NASDAQ",
        "market_cap": 48354,
        "existing": false
    },
    {
        "symbol": "VCIG",
        "company": "VCI Global Limited",
        "change_pct": 27.37,
        "premarket": 3.63,
        "volume": 8590000,
        "category": "g",
        "source": "tv",
        "shortable": true,
        "exchange_name": "NASDAQ",
        "market_cap": 11044732,
        "existing": false
    },
    {
        "symbol": "LZMH",
        "company": "LZ Technology Holdings Limited",
        "change_pct": 25.58,
        "premarket": 24.5,
        "volume": 4150,
        "category": "g",
        "source": "tv",
        "shortable": true,
        "exchange_name": "NASDAQ",
        "market_cap": 2753652000,
        "existing": false
    },
    {
        "symbol": "PLRZ",
        "company": "Polyrizon Ltd.",
        "change_pct": 24.27,
        "premarket": 1.28,
        "volume": 18520000,
        "category": "g",
        "source": "tv",
        "shortable": true,
        "exchange_name": "NASDAQ",
        "market_cap": 23137,
        "existing": false
    },
    {
        "symbol": "SVT",
        "company": "Servotronics, Inc.",
        "change_pct": 22.86,
        "premarket": 46.55,
        "volume": 6530,
        "category": "g",
        "source": "tv",
        "shortable": true,
        "exchange_name": "NYSE American",
        "market_cap": 96140693,
        "existing": false
    },
    {
        "symbol": "HTCR",
        "company": "Heartcore Enterprises, Inc.",
        "change_pct": 22.58,
        "premarket": 0.7133,
        "volume": 25520000,
        "category": "g",
        "source": "tv",
        "shortable": true,
        "exchange_name": "NASDAQ",
        "market_cap": 12372120,
        "existing": false
    },
    {
        "symbol": "ORIC",
        "company": "Oric Pharmaceuticals, Inc.",
        "change_pct": 22.28,
        "premarket": 7.3,
        "volume": 230210,
        "category": "g",
        "source": "tv",
        "shortable": true,
        "exchange_name": "NASDAQ",
        "market_cap": 410889102,
        "existing": false
    },
    {
        "symbol": "BBW",
        "company": "Build-A-Bear Workshop, Inc.",
        "change_pct": 16.88,
        "premarket": 50.0,
        "volume": 3050,
        "category": "g",
        "source": "tv",
        "shortable": true,
        "exchange_name": "NYSE",
        "market_cap": 550444971,
        "existing": false
    },
    {
        "symbol": "CAPT",
        "company": "Captivision Inc.",
        "change_pct": 16.56,
        "premarket": 0.7399,
        "volume": 1750000,
        "category": "g",
        "source": "tv",
        "shortable": true,
        "exchange_name": "NASDAQ",
        "market_cap": 18007159,
        "existing": false
    },
    {
        "symbol": "HBIO",
        "company": "Harvard Bioscience, Inc.",
        "change_pct": 16.07,
        "premarket": 0.33,
        "volume": 92220,
        "category": "g",
        "source": "tv",
        "shortable": true,
        "exchange_name": "NASDAQ",
        "market_cap": 16504991,
        "existing": false
    },
    {
        "symbol": "GLTO",
        "company": "Galecto, Inc.",
        "change_pct": 16.0,
        "premarket": 3.48,
        "volume": 1700,
        "category": "g",
        "source": "tv",
        "shortable": true,
        "exchange_name": "NASDAQ",
        "market_cap": 3940629,
        "existing": false
    },
    {
        "symbol": "TSHA",
        "company": "Taysha Gene Therapies, Inc.",
        "change_pct": 15.98,
        "premarket": 2.83,
        "volume": 522600,
        "category": "g",
        "source": "tv",
        "shortable": true,
        "exchange_name": "NASDAQ",
        "market_cap": 559193767,
        "existing": false
    },
    {
        "symbol": "ELF",
        "company": "e.l.f. Beauty, Inc.",
        "change_pct": 15.39,
        "premarket": 104.43,
        "volume": 255970,
        "category": "g",
        "source": "tv",
        "shortable": true,
        "exchange_name": "NYSE",
        "market_cap": 5172880325,
        "existing": false
    },
    {
        "symbol": "AI",
        "company": "C3.ai, Inc.",
        "change_pct": 14.94,
        "premarket": 26.46,
        "volume": 719550,
        "category": "g",
        "source": "tv",
        "shortable": true,
        "exchange_name": "NYSE",
        "market_cap": 3175110230,
        "existing": false
    },
    {
        "symbol": "LYV",
        "company": "Live Nation Entertainment, Inc.",
        "change_pct": -3.72,
        "premarket": 135.0,
        "volume": 50270,
        "category": "l",
        "source": "tv",
        "shortable": true,
        "exchange_name": "NYSE",
        "market_cap": 33148001977,
        "existing": false
    },
    {
        "symbol": "HPQ",
        "company": "HP Inc.",
        "change_pct": -8.27,
        "premarket": 24.95,
        "volume": 567720,
        "category": "l",
        "source": "tv",
        "shortable": true,
        "exchange_name": "NYSE",
        "market_cap": 26716203841,
        "existing": false
    },
    {
        "symbol": "S",
        "company": "SentinelOne, Inc.",
        "change_pct": -14.34,
        "premarket": 16.85,
        "volume": 755740,
        "category": "l",
        "source": "tv",
        "shortable": true,
        "exchange_name": "NYSE",
        "market_cap": 6647479421,
        "existing": false
    },
    {
        "symbol": "JOBY",
        "company": "Joby Aviation, Inc.",
        "change_pct": -4.4,
        "premarket": 8.47,
        "volume": 849230,
        "category": "l",
        "source": "tv",
        "shortable": true,
        "exchange_name": "NYSE",
        "market_cap": 5447570762,
        "existing": false
    },
    {
        "symbol": "MRX",
        "company": "Marex Group plc",
        "change_pct": -3.46,
        "premarket": 43.0,
        "volume": 4640,
        "category": "l",
        "source": "tv",
        "shortable": true,
        "exchange_name": "NASDAQ",
        "market_cap": 3266330727,
        "existing": false
    },
    {
        "symbol": "TALO",
        "company": "Talos Energy, Inc.",
        "change_pct": -4.58,
        "premarket": 7.7,
        "volume": 200,
        "category": "l",
        "source": "tv",
        "shortable": true,
        "exchange_name": "NYSE",
        "market_cap": 1429425719,
        "existing": false
    },
    {
        "symbol": "EOSE",
        "company": "Eos Energy Enterprises, Inc.",
        "change_pct": -16.76,
        "premarket": 4.99,
        "volume": 2870000,
        "category": "l",
        "source": "tv",
        "shortable": true,
        "exchange_name": "NASDAQ",
        "market_cap": 1340504116,
        "existing": false
    },
    {
        "symbol": "PAHC",
        "company": "Phibro Animal Health Corporation",
        "change_pct": -5.92,
        "premarket": 23.05,
        "volume": 160,
        "category": "l",
        "source": "tv",
        "shortable": true,
        "exchange_name": "NASDAQ",
        "market_cap": 991452051,
        "existing": false
    },
    {
        "symbol": "NTLA",
        "company": "Intellia Therapeutics, Inc.",
        "change_pct": -20.6,
        "premarket": 7.67,
        "volume": 530090,
        "category": "l",
        "source": "tv",
        "shortable": true,
        "exchange_name": "NASDAQ",
        "market_cap": 965915149,
        "existing": false
    },
    {
        "symbol": "NWTN",
        "company": "NWTN Inc.",
        "change_pct": -10.22,
        "premarket": 2.02,
        "volume": 29440,
        "category": "l",
        "source": "tv",
        "shortable": true,
        "exchange_name": "NASDAQ",
        "market_cap": 625307343,
        "existing": false
    },
    {
        "symbol": "CAL",
        "company": "Caleres, Inc.",
        "change_pct": -11.48,
        "premarket": 14.5,
        "volume": 3760,
        "category": "l",
        "source": "tv",
        "shortable": true,
        "exchange_name": "NYSE",
        "market_cap": 564913387,
        "existing": false
    },
    {
        "symbol": "LVWR",
        "company": "LiveWire Group, Inc.",
        "change_pct": -13.1,
        "premarket": 3.45,
        "volume": 186410,
        "category": "l",
        "source": "tv",
        "shortable": true,
        "exchange_name": "NYSE",
        "market_cap": 521129543,
        "existing": false
    },
    {
        "symbol": "SVRA",
        "company": "Savara, Inc.",
        "change_pct": -5.35,
        "premarket": 2.02,
        "volume": 10870,
        "category": "l",
        "source": "tv",
        "shortable": true,
        "exchange_name": "NASDAQ",
        "market_cap": 408738780,
        "existing": false
    },
    {
        "symbol": "MOV",
        "company": "Movado Group Inc.",
        "change_pct": -12.46,
        "premarket": 15.25,
        "volume": 796,
        "category": "l",
        "source": "tv",
        "shortable": true,
        "exchange_name": "NYSE",
        "market_cap": 386700177,
        "existing": false
    },
    {
        "symbol": "RAPP",
        "company": "Rapport Therapeutics, Inc.",
        "change_pct": -11.67,
        "premarket": 8.4,
        "volume": 16720,
        "category": "l",
        "source": "tv",
        "shortable": true,
        "exchange_name": "NASDAQ",
        "market_cap": 366435452,
        "existing": false
    },
    {
        "symbol": "DH",
        "company": "Definitive Healthcare Corp.",
        "change_pct": -4.92,
        "premarket": 3.09,
        "volume": 196,
        "category": "l",
        "source": "tv",
        "shortable": true,
        "exchange_name": "NASDAQ",
        "market_cap": 352081441,
        "existing": false
    },
    {
        "symbol": "BROG",
        "company": "Brooge Energy Limited",
        "change_pct": -57.67,
        "premarket": 1.8,
        "volume": 487850,
        "category": "l",
        "source": "tv",
        "shortable": true,
        "exchange_name": "NASDAQ",
        "market_cap": 349585251,
        "existing": false
    },
    {
        "symbol": "TATT",
        "company": "TAT Technologies Ltd.",
        "change_pct": -7.95,
        "premarket": 28.38,
        "volume": 17040,
        "category": "l",
        "source": "tv",
        "shortable": true,
        "exchange_name": "NASDAQ",
        "market_cap": 341557976,
        "existing": false
    },
    {
        "symbol": "CMCL",
        "company": "Caledonia Mining Corporation Plc",
        "change_pct": -6.22,
        "premarket": 16.13,
        "volume": 300,
        "category": "l",
        "source": "tv",
        "shortable": true,
        "exchange_name": "NYSE American",
        "market_cap": 326274797,
        "existing": false
    },
    {
        "symbol": "ELPW",
        "company": "Elong Power Holding Limited",
        "change_pct": -61.43,
        "premarket": 1.35,
        "volume": 4050000,
        "category": "l",
        "source": "tv",
        "shortable": true,
        "exchange_name": "NASDAQ",
        "market_cap": 320498451,
        "existing": false
    }
]