[
    {
        "symbol": "KWM",
        "company": "K Wave Media, Ltd.",
        "change_pct": 153.65,
        "premarket": 4.87,
        "volume": 22880000,
        "category": "g",
        "source": "tv",
        "shortable": true,
        "exchange_name": "NASDAQ",
        "market_cap": 106209494,
        "existing": false
    },
    {
        "symbol": "BAOS",
        "company": "Baosheng Media Group Holdings Limited",
        "change_pct": 89.87,
        "premarket": 4.5,
        "volume": 17090000,
        "category": "g",
        "source": "tv",
        "shortable": false,
        "exchange_name": "NASDAQ",
        "market_cap": 3529320,
        "existing": false
    },
    {
        "symbol": "STSS",
        "company": "Sharps Technology Inc.",
        "change_pct": 50.53,
        "premarket": 5.63,
        "volume": 10200000,
        "category": "g",
        "source": "tv",
        "shortable": false,
        "exchange_name": "NASDAQ",
        "market_cap": 3638108,
        "existing": false
    },
    {
        "symbol": "CLRB",
        "company": "Cellectar Biosciences, Inc.",
        "change_pct": 49.35,
        "premarket": 0.4146,
        "volume": 79810000,
        "category": "g",
        "source": "tv",
        "shortable": true,
        "exchange_name": "NASDAQ",
        "market_cap": 12077535,
        "existing": false
    },
    {
        "symbol": "NCEW",
        "company": "New Century Logistics (BVI) Limited",
        "change_pct": 33.07,
        "premarket": 1.69,
        "volume": 18130000,
        "category": "g",
        "source": "tv",
        "shortable": true,
        "exchange_name": "NASDAQ",
        "market_cap": 22575000,
        "existing": false
    },
    {
        "symbol": "SXTP",
        "company": "60 Degrees Pharmaceuticals, Inc.",
        "change_pct": 31.27,
        "premarket": 3.82,
        "volume": 678840,
        "category": "g",
        "source": "tv",
        "shortable": true,
        "exchange_name": "NASDAQ",
        "market_cap": 4153552,
        "existing": false
    },
    {
        "symbol": "BON",
        "company": "Bon Natural Life Limited",
        "change_pct": 27.49,
        "premarket": 2.18,
        "volume": 8080000,
        "category": "g",
        "source": "tv",
        "shortable": true,
        "exchange_name": "NASDAQ",
        "market_cap": 266915,
        "existing": false
    },
    {
        "symbol": "VCIG",
        "company": "VCI Global Limited",
        "change_pct": 23.05,
        "premarket": 3.79,
        "volume": 8050000,
        "category": "g",
        "source": "tv",
        "shortable": true,
        "exchange_name": "NASDAQ",
        "market_cap": 10186888,
        "existing": false
    },
    {
        "symbol": "MCTR",
        "company": "CTRL Group Limited",
        "change_pct": 22.25,
        "premarket": 40.22,
        "volume": 857940,
        "category": "g",
        "source": "tv",
        "shortable": true,
        "exchange_name": "NASDAQ",
        "market_cap": 74968470,
        "existing": false
    },
    {
        "symbol": "LOOP",
        "company": "Loop Industries, Inc.",
        "change_pct": 19.2,
        "premarket": 1.49,
        "volume": 18860,
        "category": "g",
        "source": "tv",
        "shortable": true,
        "exchange_name": "NASDAQ",
        "market_cap": 63942589,
        "existing": false
    },
    {
        "symbol": "NAUT",
        "company": "Nautilus Biotechnology, Inc.",
        "change_pct": 18.52,
        "premarket": 0.91,
        "volume": 3050,
        "category": "g",
        "source": "tv",
        "shortable": true,
        "exchange_name": "NASDAQ",
        "market_cap": 92315449,
        "existing": false
    },
    {
        "symbol": "SBET",
        "company": "SharpLink Gaming, Inc.",
        "change_pct": 17.1,
        "premarket": 58.89,
        "volume": 94350,
        "category": "g",
        "source": "tv",
        "shortable": true,
        "exchange_name": "NASDAQ",
        "market_cap": 36798791,
        "existing": false
    },
    {
        "symbol": "CAPT",
        "company": "Captivision Inc.",
        "change_pct": 16.51,
        "premarket": 1.15,
        "volume": 165820,
        "category": "g",
        "source": "tv",
        "shortable": true,
        "exchange_name": "NASDAQ",
        "market_cap": 41109280,
        "existing": false
    },
    {
        "symbol": "SGMT",
        "company": "Sagimet Biosciences Inc. - Series A",
        "change_pct": 14.6,
        "premarket": 4.16,
        "volume": 6230000,
        "category": "g",
        "source": "tv",
        "shortable": true,
        "exchange_name": "NASDAQ",
        "market_cap": 112361754,
        "existing": false
    },
    {
        "symbol": "GWRE",
        "company": "Guidewire Software, Inc.",
        "change_pct": 14.13,
        "premarket": 249.0,
        "volume": 33220,
        "category": "g",
        "source": "tv",
        "shortable": true,
        "exchange_name": "NYSE",
        "market_cap": 18054484450,
        "existing": false
    },
    {
        "symbol": "OSRH",
        "company": "OSR Holdings, Inc.",
        "change_pct": 13.08,
        "premarket": 1.47,
        "volume": 4690,
        "category": "g",
        "source": "tv",
        "shortable": true,
        "exchange_name": "NASDAQ",
        "market_cap": 25252841,
        "existing": false
    },
    {
        "symbol": "YEXT",
        "company": "Yext, Inc.",
        "change_pct": 12.76,
        "premarket": 7.69,
        "volume": 41540,
        "category": "g",
        "source": "tv",
        "shortable": true,
        "exchange_name": "NYSE",
        "market_cap": 833522660,
        "existing": false
    },
    {
        "symbol": "GMHS",
        "company": "Gamehaus Holdings Inc.",
        "change_pct": 11.25,
        "premarket": 1.78,
        "volume": 225,
        "category": "g",
        "source": "tv",
        "shortable": true,
        "exchange_name": "NASDAQ",
        "market_cap": 88389440,
        "existing": false
    },
    {
        "symbol": "REVG",
        "company": "REV Group, Inc.",
        "change_pct": 11.23,
        "premarket": 41.4,
        "volume": 8780,
        "category": "g",
        "source": "tv",
        "shortable": true,
        "exchange_name": "NYSE",
        "market_cap": 1887693777,
        "existing": false
    },
    {
        "symbol": "BBW",
        "company": "Build-A-Bear Workshop, Inc.",
        "change_pct": 10.25,
        "premarket": 52.81,
        "volume": 100,
        "category": "g",
        "source": "tv",
        "shortable": true,
        "exchange_name": "NYSE",
        "market_cap": 615150023,
        "existing": false
    },
    {
        "symbol": "CRWD",
        "company": "CrowdStrike Holdings, Inc.",
        "change_pct": -7.55,
        "premarket": 451.84,
        "volume": 262200,
        "category": "l",
        "source": "tv",
        "shortable": true,
        "exchange_name": "NASDAQ",
        "market_cap": 119348822121,
        "existing": false
    },
    {
        "symbol": "GRMN",
        "company": "Garmin Ltd.",
        "change_pct": -4.51,
        "premarket": 195.28,
        "volume": 200,
        "category": "l",
        "source": "tv",
        "shortable": true,
        "exchange_name": "NYSE",
        "market_cap": 39076288495,
        "existing": false
    },
    {
        "symbol": "ASAN",
        "company": "Asana, Inc.",
        "change_pct": -10.84,
        "premarket": 16.94,
        "volume": 506340,
        "category": "l",
        "source": "tv",
        "shortable": true,
        "exchange_name": "NYSE",
        "market_cap": 4327207094,
        "existing": false
    },
    {
        "symbol": "MRUS",
        "company": "Merus N.V.",
        "change_pct": -7.43,
        "premarket": 57.78,
        "volume": 184730,
        "category": "l",
        "source": "tv",
        "shortable": true,
        "exchange_name": "NASDAQ",
        "market_cap": 4051070603,
        "existing": false
    },
    {
        "symbol": "LZMH",
        "company": "LZ Technology Holdings Limited",
        "change_pct": -5.32,
        "premarket": 24.01,
        "volume": 500,
        "category": "l",
        "source": "tv",
        "shortable": true,
        "exchange_name": "NASDAQ",
        "market_cap": 3760086000,
        "existing": false
    },
    {
        "symbol": "ALVO",
        "company": "Alvotech",
        "change_pct": -6.99,
        "premarket": 10.65,
        "volume": 493,
        "category": "l",
        "source": "tv",
        "shortable": true,
        "exchange_name": "NASDAQ",
        "market_cap": 3384750667,
        "existing": false
    },
    {
        "symbol": "IDT",
        "company": "IDT Corporation",
        "change_pct": -4.15,
        "premarket": 56.54,
        "volume": 100,
        "category": "l",
        "source": "tv",
        "shortable": true,
        "exchange_name": "NYSE",
        "market_cap": 1523790370,
        "existing": false
    },
    {
        "symbol": "AVAH",
        "company": "Aveanna Healthcare Holdings Inc.",
        "change_pct": -5.24,
        "premarket": 5.24,
        "volume": 331,
        "category": "l",
        "source": "tv",
        "shortable": true,
        "exchange_name": "NASDAQ",
        "market_cap": 1067163447,
        "existing": false
    },
    {
        "symbol": "RSKD",
        "company": "Riskified Ltd.",
        "change_pct": -5.31,
        "premarket": 4.81,
        "volume": 625,
        "category": "l",
        "source": "tv",
        "shortable": true,
        "exchange_name": "NYSE",
        "market_cap": 796421017,
        "existing": false
    },
    {
        "symbol": "NCMI",
        "company": "National CineMedia, Inc.",
        "change_pct": -5.1,
        "premarket": 5.02,
        "volume": 100,
        "category": "l",
        "source": "tv",
        "shortable": true,
        "exchange_name": "NASDAQ",
        "market_cap": 476237159,
        "existing": false
    },
    {
        "symbol": "OM",
        "company": "Outset Medical, Inc.",
        "change_pct": -6.8,
        "premarket": 18.09,
        "volume": 133,
        "category": "l",
        "source": "tv",
        "shortable": true,
        "exchange_name": "NASDAQ",
        "market_cap": 315634341,
        "existing": false
    },
    {
        "symbol": "OBT",
        "company": "Orange County Bancorp, Inc.",
        "change_pct": -6.74,
        "premarket": 23.52,
        "volume": 4500,
        "category": "l",
        "source": "tv",
        "shortable": true,
        "exchange_name": "NASDAQ",
        "market_cap": 283455076,
        "existing": false
    },
    {
        "symbol": "JMSB",
        "company": "John Marshall Bancorp, Inc.",
        "change_pct": -4.95,
        "premarket": 16.72,
        "volume": 200,
        "category": "l",
        "source": "tv",
        "shortable": true,
        "exchange_name": "NASDAQ",
        "market_cap": 247138918,
        "existing": false
    },
    {
        "symbol": "STRT",
        "company": "STRATTEC SECURITY CORPORATION",
        "change_pct": -4.77,
        "premarket": 52.65,
        "volume": 197,
        "category": "l",
        "source": "tv",
        "shortable": true,
        "exchange_name": "NASDAQ",
        "market_cap": 225994598,
        "existing": false
    },
    {
        "symbol": "EGAN",
        "company": "eGain Corporation",
        "change_pct": -9.09,
        "premarket": 5.0,
        "volume": 200,
        "category": "l",
        "source": "tv",
        "shortable": true,
        "exchange_name": "NASDAQ",
        "market_cap": 146599714,
        "existing": false
    },
    {
        "symbol": "HCAI",
        "company": "Huachen AI Parking Management Technology Holding Co., Ltd.",
        "change_pct": -6.37,
        "premarket": 1.47,
        "volume": 84730,
        "category": "l",
        "source": "tv",
        "shortable": true,
        "exchange_name": "NASDAQ",
        "market_cap": 136289400,
        "existing": false
    },
    {
        "symbol": "PLX",
        "company": "Protalix BioTherapeutics, Inc. (DE)",
        "change_pct": -6.25,
        "premarket": 1.5,
        "volume": 18410,
        "category": "l",
        "source": "tv",
        "shortable": true,
        "exchange_name": "NYSE American",
        "market_cap": 125779241,
        "existing": false
    },
    {
        "symbol": "FTRK",
        "company": "FAST TRACK GROUP",
        "change_pct": -7.79,
        "premarket": 6.63,
        "volume": 11550,
        "category": "l",
        "source": "tv",
        "shortable": true,
        "exchange_name": "NASDAQ",
        "market_cap": 104550000,
        "existing": false
    },
    {
        "symbol": "LSE",
        "company": "Leishen Energy Holding Co., Ltd.",
        "change_pct": -6.69,
        "premarket": 5.02,
        "volume": 300,
        "category": "l",
        "source": "tv",
        "shortable": true,
        "exchange_name": "NASDAQ",
        "market_cap": 92629620,
        "existing": false
    },
    {
        "symbol": "SPWH",
        "company": "Sportsman's Warehouse Holdings, Inc.",
        "change_pct": -5.17,
        "premarket": 2.2,
        "volume": 25630,
        "category": "l",
        "source": "tv",
        "shortable": true,
        "exchange_name": "NASDAQ",
        "market_cap": 78489221,
        "existing": false
    }
]