[
    {
        "symbol": "YOSH",
        "company": "Yoshiharu Global Co.",
        "change_pct": 54.31,
        "premarket": 0.9999,
        "volume": 2564000,
        "category": "g",
        "source": "tv",
        "shortable": false,
        "exchange_name": "NASD",
        "market_cap": 8.38512,
        "existing": false
    },
    {
        "symbol": "BFRG",
        "company": "Bullfrog AI Holdings, Inc.",
        "change_pct": 47.4,
        "premarket": 5.1,
        "volume": 6658000,
        "category": "g",
        "source": "tv",
        "shortable": true,
        "exchange_name": "NASD",
        "market_cap": 21.08747,
        "existing": false
    },
    {
        "symbol": "AURC",
        "company": "Aurora Acquisition Corp.",
        "change_pct": 41.33,
        "premarket": 14.67,
        "volume": 81699,
        "category": "g",
        "source": "tv",
        "shortable": false,
        "exchange_name": "NASD",
        "market_cap": 93.40869,
        "existing": false
    },
    {
        "symbol": "SMX",
        "company": "SMX (Security Matters) Public Limited Company",
        "change_pct": 39.09,
        "premarket": 0.174,
        "volume": 13032000,
        "category": "g",
        "source": "tv",
        "shortable": false,
        "exchange_name": "NASD",
        "market_cap": 5.07739,
        "existing": false
    },
    {
        "symbol": "AMNB",
        "company": "American National Bankshares, Inc.",
        "change_pct": 18.67,
        "premarket": 37.5,
        "volume": 9307,
        "category": "g",
        "source": "tv",
        "shortable": true,
        "exchange_name": "NASD",
        "market_cap": 335.7653,
        "existing": false
    },
    {
        "symbol": "ENZ",
        "company": "Enzo Biochem, Inc.",
        "change_pct": 16.17,
        "premarket": 1.58,
        "volume": 2026000,
        "category": "g",
        "source": "tv",
        "shortable": true,
        "exchange_name": "NYSE",
        "market_cap": 67.63019,
        "existing": false
    },
    {
        "symbol": "PWM",
        "company": "Prestige Wealth Inc.",
        "change_pct": 15.36,
        "premarket": 18.1,
        "volume": 72582,
        "category": "g",
        "source": "tv",
        "shortable": true,
        "exchange_name": "NASD",
        "market_cap": 143.5635,
        "existing": false
    },
    {
        "symbol": "AGYS",
        "company": "Agilysys, Inc.",
        "change_pct": 14.51,
        "premarket": 77.66,
        "volume": 1128,
        "category": "g",
        "source": "tv",
        "shortable": true,
        "exchange_name": "NASD",
        "market_cap": 1720.805,
        "existing": false
    },
    {
        "symbol": "ARAV",
        "company": "Aravive, Inc.",
        "change_pct": 14.09,
        "premarket": 1.7,
        "volume": 200,
        "category": "g",
        "source": "tv",
        "shortable": true,
        "exchange_name": "NASD",
        "market_cap": 89.20414,
        "existing": false
    },
    {
        "symbol": "SUNL",
        "company": "Sunlight Financial Holdings, Inc.",
        "change_pct": 13.67,
        "premarket": 0.539,
        "volume": 3075,
        "category": "g",
        "source": "tv",
        "shortable": true,
        "exchange_name": "NYSE",
        "market_cap": 61.89995,
        "existing": false
    },
    {
        "symbol": "MKFG",
        "company": "Markforged Holding Corporation",
        "change_pct": 13.66,
        "premarket": 1.83,
        "volume": 439030,
        "category": "g",
        "source": "tv",
        "shortable": true,
        "exchange_name": "NYSE",
        "market_cap": 316.1004,
        "existing": false
    },
    {
        "symbol": "MRAM",
        "company": "Everspin Technologies, Inc.",
        "change_pct": 12.53,
        "premarket": 10.6,
        "volume": 1300,
        "category": "g",
        "source": "tv",
        "shortable": true,
        "exchange_name": "NASD",
        "market_cap": 194.2037,
        "existing": false
    },
    {
        "symbol": "ABVC",
        "company": "ABVC BioPharma, Inc.",
        "change_pct": 11.54,
        "premarket": 4.35,
        "volume": 19537,
        "category": "g",
        "source": "tv",
        "shortable": false,
        "exchange_name": "NASD",
        "market_cap": 12.90149,
        "existing": false
    },
    {
        "symbol": "RVYL",
        "company": "Ryvyl Inc.",
        "change_pct": 11.19,
        "premarket": 1.49,
        "volume": 2277,
        "category": "g",
        "source": "tv",
        "shortable": false,
        "exchange_name": "NASD",
        "market_cap": 68.80072,
        "existing": false
    },
    {
        "symbol": "RBB",
        "company": "RBB Bancorp",
        "change_pct": 11.19,
        "premarket": 16.0,
        "volume": 796,
        "category": "g",
        "source": "tv",
        "shortable": true,
        "exchange_name": "NASD",
        "market_cap": 273.3079,
        "existing": false
    },
    {
        "symbol": "APPH",
        "company": "AppHarvest, Inc.",
        "change_pct": 11.0,
        "premarket": 0.0999,
        "volume": 11435000,
        "category": "g",
        "source": "tv",
        "shortable": true,
        "exchange_name": "NASD",
        "market_cap": 13.95979,
        "existing": false
    },
    {
        "symbol": "CTCX",
        "company": "Carmell Therapeutics Corporation",
        "change_pct": 10.92,
        "premarket": 3.86,
        "volume": 217178,
        "category": "g",
        "source": "tv",
        "shortable": false,
        "exchange_name": "NASD",
        "market_cap": 66.94234,
        "existing": false
    },
    {
        "symbol": "BTCY",
        "company": "Biotricity, Inc.",
        "change_pct": 10.72,
        "premarket": 3.51,
        "volume": 597213,
        "category": "g",
        "source": "tv",
        "shortable": false,
        "exchange_name": "NASD",
        "market_cap": 26.97052,
        "existing": false
    },
    {
        "symbol": "NOVN",
        "company": "Novan, Inc.",
        "change_pct": 10.7,
        "premarket": 0.1386,
        "volume": 999924,
        "category": "g",
        "source": "tv",
        "shortable": true,
        "exchange_name": "NASD",
        "market_cap": 3.50752,
        "existing": false
    },
    {
        "symbol": "CACI",
        "company": "CACI International, Inc.",
        "change_pct": 9.98,
        "premarket": 383.0,
        "volume": 7362,
        "category": "g",
        "source": "tv",
        "shortable": true,
        "exchange_name": "NYSE",
        "market_cap": 7937.455,
        "existing": false
    },
    {
        "symbol": "DRTS",
        "company": "Alpha Tau Medical Ltd.",
        "change_pct": 9.98,
        "premarket": 4.41,
        "volume": 138,
        "category": "g",
        "source": "tv",
        "shortable": false,
        "exchange_name": "NASD",
        "market_cap": 277.7952,
        "existing": false
    },
    {
        "symbol": "FFIV",
        "company": "F5, Inc.",
        "change_pct": 9.94,
        "premarket": 165.14,
        "volume": 15897,
        "category": "g",
        "source": "tv",
        "shortable": true,
        "exchange_name": "NASD",
        "market_cap": 9082.899,
        "existing": false
    },
    {
        "symbol": "XPON",
        "company": "Expion360 Inc.",
        "change_pct": 9.68,
        "premarket": 5.44,
        "volume": 55142,
        "category": "g",
        "source": "tv",
        "shortable": false,
        "exchange_name": "NASD",
        "market_cap": 34.27716,
        "existing": false
    },
    {
        "symbol": "KNSA",
        "company": "Kiniksa Pharmaceuticals, Ltd.",
        "change_pct": 9.44,
        "premarket": 16.35,
        "volume": 3775,
        "category": "g",
        "source": "tv",
        "shortable": true,
        "exchange_name": "NASD",
        "market_cap": 1044.299,
        "existing": false
    },
    {
        "symbol": "NOVV",
        "company": "Nova Vision Acquisition Corp.",
        "change_pct": 9.36,
        "premarket": 12.15,
        "volume": 100,
        "category": "g",
        "source": "tv",
        "shortable": false,
        "exchange_name": "NASD",
        "market_cap": 39.68061,
        "existing": false
    },
    {
        "symbol": "TMO",
        "company": "Thermo Fisher Scientific Inc",
        "change_pct": -3.46,
        "premarket": 551.76,
        "volume": 13006,
        "category": "l",
        "source": "tv",
        "shortable": true,
        "exchange_name": "NYSE",
        "market_cap": 220447.4,
        "existing": false
    },
    {
        "symbol": "DHR",
        "company": "Danaher Corporation",
        "change_pct": -5.01,
        "premarket": 245.06,
        "volume": 127316,
        "category": "l",
        "source": "tv",
        "shortable": true,
        "exchange_name": "NYSE",
        "market_cap": 190363.1,
        "existing": false
    },
    {
        "symbol": "RTX",
        "company": "Raytheon Technologies Corporation",
        "change_pct": -7.61,
        "premarket": 89.63,
        "volume": 501310,
        "category": "l",
        "source": "tv",
        "shortable": true,
        "exchange_name": "NYSE",
        "market_cap": 141745.4,
        "existing": false
    },
    {
        "symbol": "CDNS",
        "company": "Cadence Design Systems, Inc.",
        "change_pct": -4.1,
        "premarket": 231.38,
        "volume": 5852,
        "category": "l",
        "source": "tv",
        "shortable": true,
        "exchange_name": "NASD",
        "market_cap": 65790.47,
        "existing": false
    },
    {
        "symbol": "SPOT",
        "company": "Spotify Technology S.A.",
        "change_pct": -5.92,
        "premarket": 154.03,
        "volume": 445500,
        "category": "l",
        "source": "tv",
        "shortable": true,
        "exchange_name": "NYSE",
        "market_cap": 31666.44,
        "existing": false
    },
    {
        "symbol": "LUV",
        "company": "Southwest Airlines Company",
        "change_pct": -3.63,
        "premarket": 35.85,
        "volume": 239788,
        "category": "l",
        "source": "tv",
        "shortable": true,
        "exchange_name": "NYSE",
        "market_cap": 22136.72,
        "existing": false
    },
    {
        "symbol": "DOV",
        "company": "Dover Corporation",
        "change_pct": -3.35,
        "premarket": 147.0,
        "volume": 12795,
        "category": "l",
        "source": "tv",
        "shortable": true,
        "exchange_name": "NYSE",
        "market_cap": 21269.98,
        "existing": false
    },
    {
        "symbol": "AVTR",
        "company": "Avantor, Inc.",
        "change_pct": -5.34,
        "premarket": 21.62,
        "volume": 15440,
        "category": "l",
        "source": "tv",
        "shortable": true,
        "exchange_name": "NYSE",
        "market_cap": 15419.46,
        "existing": false
    },
    {
        "symbol": "AVY",
        "company": "Avery Dennison Corporation",
        "change_pct": -3.72,
        "premarket": 171.0,
        "volume": 13881,
        "category": "l",
        "source": "tv",
        "shortable": true,
        "exchange_name": "NYSE",
        "market_cap": 14338.15,
        "existing": false
    },
    {
        "symbol": "RGEN",
        "company": "Repligen Corporation",
        "change_pct": -6.24,
        "premarket": 165.5,
        "volume": 13480,
        "category": "l",
        "source": "tv",
        "shortable": true,
        "exchange_name": "NASD",
        "market_cap": 9828.07,
        "existing": false
    },
    {
        "symbol": "IVZ",
        "company": "Invesco Ltd",
        "change_pct": -3.67,
        "premarket": 17.3,
        "volume": 3814,
        "category": "l",
        "source": "tv",
        "shortable": true,
        "exchange_name": "NYSE",
        "market_cap": 8228.713,
        "existing": false
    },
    {
        "symbol": "IRDM",
        "company": "Iridium Communications Inc",
        "change_pct": -4.92,
        "premarket": 57.01,
        "volume": 2650,
        "category": "l",
        "source": "tv",
        "shortable": true,
        "exchange_name": "NASD",
        "market_cap": 7550.427,
        "existing": false
    },
    {
        "symbol": "ALK",
        "company": "Alaska Air Group, Inc.",
        "change_pct": -4.37,
        "premarket": 51.0,
        "volume": 34565,
        "category": "l",
        "source": "tv",
        "shortable": true,
        "exchange_name": "NYSE",
        "market_cap": 6821.491,
        "existing": false
    },
    {
        "symbol": "AL",
        "company": "Air Lease Corporation",
        "change_pct": -4.11,
        "premarket": 41.09,
        "volume": 398,
        "category": "l",
        "source": "tv",
        "shortable": true,
        "exchange_name": "NYSE",
        "market_cap": 4757.011,
        "existing": false
    },
    {
        "symbol": "SRAD",
        "company": "Sportradar Group AG",
        "change_pct": -5.0,
        "premarket": 14.25,
        "volume": 599,
        "category": "l",
        "source": "tv",
        "shortable": true,
        "exchange_name": "NASD",
        "market_cap": 4458.236,
        "existing": false
    },
    {
        "symbol": "AMC",
        "company": "AMC Entertainment Holdings, Inc.",
        "change_pct": -7.86,
        "premarket": 5.39,
        "volume": 2567000,
        "category": "l",
        "source": "tv",
        "shortable": true,
        "exchange_name": "NYSE",
        "market_cap": 3037.275,
        "existing": false
    },
    {
        "symbol": "AUB",
        "company": "Atlantic Union Bankshares Corporation",
        "change_pct": -7.21,
        "premarket": 28.71,
        "volume": 1531,
        "category": "l",
        "source": "tv",
        "shortable": true,
        "exchange_name": "NYSE",
        "market_cap": 2320.333,
        "existing": false
    },
    {
        "symbol": "MPLN",
        "company": "MultiPlan Corporation",
        "change_pct": -4.55,
        "premarket": 1.89,
        "volume": 335,
        "category": "l",
        "source": "tv",
        "shortable": true,
        "exchange_name": "NYSE",
        "market_cap": 1310.521,
        "existing": false
    },
    {
        "symbol": "IRBT",
        "company": "iRobot Corporation",
        "change_pct": -9.17,
        "premarket": 42.6,
        "volume": 135213,
        "category": "l",
        "source": "tv",
        "shortable": true,
        "exchange_name": "NASD",
        "market_cap": 1294.162,
        "existing": false
    },
    {
        "symbol": "HLX",
        "company": "Helix Energy Solutions Group, Inc.",
        "change_pct": -3.36,
        "premarket": 8.21,
        "volume": 511,
        "category": "l",
        "source": "tv",
        "shortable": true,
        "exchange_name": "NYSE",
        "market_cap": 1286.245,
        "existing": false
    },
    {
        "symbol": "MNKD",
        "company": "MannKind Corporation",
        "change_pct": -4.51,
        "premarket": 4.23,
        "volume": 250,
        "category": "l",
        "source": "tv",
        "shortable": true,
        "exchange_name": "NASD",
        "market_cap": 1170.874,
        "existing": false
    },
    {
        "symbol": "HOUS",
        "company": "Anywhere Real Estate Inc.",
        "change_pct": -4.05,
        "premarket": 7.35,
        "volume": 390,
        "category": "l",
        "source": "tv",
        "shortable": true,
        "exchange_name": "NYSE",
        "market_cap": 845.4361,
        "existing": false
    },
    {
        "symbol": "SCLX",
        "company": "Scilex Holding Company",
        "change_pct": -3.37,
        "premarket": 5.44,
        "volume": 11634,
        "category": "l",
        "source": "tv",
        "shortable": true,
        "exchange_name": "NASD",
        "market_cap": 824.7343,
        "existing": false
    },
    {
        "symbol": "TARS",
        "company": "Tarsus Pharmaceuticals, Inc.",
        "change_pct": -14.54,
        "premarket": 20.5,
        "volume": 178983,
        "category": "l",
        "source": "tv",
        "shortable": true,
        "exchange_name": "NASD",
        "market_cap": 643.0215,
        "existing": false
    },
    {
        "symbol": "SOUN",
        "company": "SoundHound AI, Inc.",
        "change_pct": -6.51,
        "premarket": 2.73,
        "volume": 891387,
        "category": "l",
        "source": "tv",
        "shortable": true,
        "exchange_name": "NASD",
        "market_cap": 634.7856,
        "existing": false
    }
]