[
    {
        "symbol": "CXAI",
        "company": "CXApp Inc. Class A",
        "premarket": 18.86,
        "change_pct": 164.52,
        "volume": 8020099,
        "category": "g",
        "source": "cnn",
        "fails": [],
        "shortable": false,
        "exchange_name": "NASD",
        "market_cap": 194.8695,
        "tradeable": true
    },
    {
        "symbol": "FGF",
        "company": "FG Financial Group Inc",
        "premarket": 3.48,
        "change_pct": 42.04,
        "volume": 3,
        "category": "g",
        "source": "cnn",
        "fails": [
            "shares_value"
        ],
        "shortable": true,
        "exchange_name": "NASD",
        "market_cap": 23.59415,
        "tradeable": false
    },
    {
        "symbol": "CHNR",
        "company": "China Natural Resources, Inc.",
        "premarket": 2.96,
        "change_pct": 30.4,
        "volume": 8150,
        "category": "g",
        "source": "cnn",
        "fails": [],
        "shortable": false,
        "exchange_name": "NASD",
        "market_cap": 17.44058,
        "tradeable": true
    },
    {
        "symbol": "MNMD",
        "company": "Mind Medicine (MindMed), Inc.",
        "premarket": 3.8,
        "change_pct": 22.58,
        "volume": 717220,
        "category": "g",
        "source": "cnn",
        "fails": [],
        "shortable": true,
        "exchange_name": "NASD",
        "market_cap": 0.0,
        "tradeable": true
    },
    {
        "symbol": "BFRG",
        "company": "BullFrog AI Holdings, Inc.",
        "premarket": 6.45,
        "change_pct": 15.18,
        "volume": 1020100,
        "category": "g",
        "source": "cnn",
        "fails": [],
        "shortable": true,
        "exchange_name": "NASD",
        "market_cap": 38.53586,
        "tradeable": true
    },
    {
        "symbol": "NOGN",
        "company": "Nogin, Inc.",
        "premarket": 2.47,
        "change_pct": 13.3,
        "volume": 1830100,
        "category": "g",
        "source": "cnn",
        "fails": [],
        "shortable": true,
        "exchange_name": "NASD",
        "market_cap": 30.6173,
        "tradeable": true
    },
    {
        "symbol": "PRPL",
        "company": "Purple Innovation, Inc.",
        "premarket": 2.52,
        "change_pct": 12.5,
        "volume": 41350,
        "category": "g",
        "source": "cnn",
        "fails": [],
        "shortable": true,
        "exchange_name": "NASD",
        "market_cap": 267.5296,
        "tradeable": true
    },
    {
        "symbol": "TRHC",
        "company": "Tabula Rasa Healthcare, Inc.",
        "premarket": 5.85,
        "change_pct": 9.96,
        "volume": 1690,
        "category": "g",
        "source": "cnn",
        "fails": [
            "shares_value"
        ],
        "shortable": true,
        "exchange_name": "NASD",
        "market_cap": 147.7886,
        "tradeable": false
    },
    {
        "symbol": "SKYH",
        "company": "Sky Harbour Group Corp. Class A",
        "premarket": 6.19,
        "change_pct": 9.95,
        "volume": 77,
        "category": "g",
        "source": "cnn",
        "fails": [
            "shares_value"
        ],
        "shortable": true,
        "exchange_name": "AMEX",
        "market_cap": 0.0332,
        "tradeable": false
    },
    {
        "symbol": "NIR",
        "company": "Near Intelligence, Inc.",
        "premarket": 3.28,
        "change_pct": 9.88,
        "volume": 295300,
        "category": "g",
        "source": "cnn",
        "fails": [],
        "shortable": true,
        "exchange_name": "NASD",
        "market_cap": 276.9073,
        "tradeable": true
    },
    {
        "symbol": "IZM",
        "company": "ICZOOM Group, Inc. Class A",
        "premarket": 2.9,
        "change_pct": 9.85,
        "volume": 645470,
        "category": "g",
        "source": "cnn",
        "fails": [],
        "shortable": false,
        "exchange_name": "NASD",
        "market_cap": 23.33761,
        "tradeable": true
    },
    {
        "symbol": "IDAI",
        "company": "T Stamp, Inc. Class A",
        "premarket": 4.04,
        "change_pct": -27.21,
        "volume": 2060100,
        "category": "l",
        "source": "cnn",
        "fails": [
            "is_shortable"
        ],
        "shortable": false,
        "exchange_name": "NASD",
        "market_cap": 18.20375,
        "tradeable": false
    },
    {
        "symbol": "CTLT",
        "company": "Catalent Inc",
        "premarket": 46.62,
        "change_pct": -26.36,
        "volume": 566270,
        "category": "l",
        "source": "cnn",
        "fails": [],
        "shortable": true,
        "exchange_name": "NYSE",
        "market_cap": 8341.791,
        "tradeable": true
    },
    {
        "symbol": "SPR",
        "company": "Spirit AeroSystems Holdings, Inc. Class A",
        "premarket": 30.29,
        "change_pct": -14.92,
        "volume": 419570,
        "category": "l",
        "source": "cnn",
        "fails": [],
        "shortable": true,
        "exchange_name": "NYSE",
        "market_cap": 2964.997,
        "tradeable": true
    },
    {
        "symbol": "ALVO",
        "company": "Alvotech",
        "premarket": 11.71,
        "change_pct": -14.46,
        "volume": 2840,
        "category": "l",
        "source": "cnn",
        "fails": [
            "is_shortable"
        ],
        "shortable": false,
        "exchange_name": "NASD",
        "market_cap": 2798.258,
        "tradeable": false
    },
    {
        "symbol": "LAKE",
        "company": "Lakeland Industries, Inc.",
        "premarket": 12.25,
        "change_pct": -9.46,
        "volume": 568,
        "category": "l",
        "source": "cnn",
        "fails": [
            "shares_value"
        ],
        "shortable": true,
        "exchange_name": "NASD",
        "market_cap": 91.71817,
        "tradeable": false
    },
    {
        "symbol": "XLO",
        "company": "Xilio Therapeutics Inc",
        "premarket": 3.03,
        "change_pct": -8.73,
        "volume": 1970,
        "category": "l",
        "source": "cnn",
        "fails": [
            "shares_value",
            "is_shortable"
        ],
        "shortable": false,
        "exchange_name": "NASD",
        "market_cap": 90.65674,
        "tradeable": false
    },
    {
        "symbol": "FATE",
        "company": "Fate Therapeutics, Inc.",
        "premarket": 5.7,
        "change_pct": -8.06,
        "volume": 8510,
        "category": "l",
        "source": "cnn",
        "fails": [],
        "shortable": true,
        "exchange_name": "NASD",
        "market_cap": 589.9526,
        "tradeable": true
    },
    {
        "symbol": "TEVA",
        "company": "Teva Pharmaceutical Industries Limited Sponsored ADR",
        "premarket": 8.59,
        "change_pct": -7.29,
        "volume": 832380,
        "category": "l",
        "source": "cnn",
        "fails": [
            "change_pct"
        ],
        "shortable": true,
        "exchange_name": "NYSE",
        "market_cap": 10465.63,
        "tradeable": false
    },
    {
        "symbol": "PESI",
        "company": "Perma-Fix Environmental Services, Inc.",
        "premarket": 9.07,
        "change_pct": -7.16,
        "volume": 14020,
        "category": "l",
        "source": "cnn",
        "fails": [
            "change_pct"
        ],
        "shortable": true,
        "exchange_name": "NASD",
        "market_cap": 110.2041,
        "tradeable": false
    },
    {
        "symbol": "SID",
        "company": "Companhia Siderurgica Nacional Sponsored ADR",
        "premarket": 2.99,
        "change_pct": -7.14,
        "volume": 72230,
        "category": "l",
        "source": "cnn",
        "fails": [
            "change_pct"
        ],
        "shortable": true,
        "exchange_name": "NYSE",
        "market_cap": 3899.801,
        "tradeable": false
    },
    {
        "symbol": "CERS",
        "company": "Cerus Corporation",
        "premarket": 2.7,
        "change_pct": -6.9,
        "volume": 798,
        "category": "l",
        "source": "cnn",
        "fails": [
            "change_pct",
            "shares_value"
        ],
        "shortable": true,
        "exchange_name": "NASD",
        "market_cap": 499.1062,
        "tradeable": false
    }
]