[
    {
        "symbol": "MMV",
        "company": "MultiMetaVerse Holdings Limited",
        "change_pct": 167.02,
        "premarket": 2.55,
        "volume": 5389100,
        "category": "g",
        "source": "tv",
        "shortable": true,
        "exchange_name": "NASD",
        "market_cap": 31.56171,
        "existing": false
    },
    {
        "symbol": "UCAR",
        "company": "U Power Limited",
        "change_pct": 69.43,
        "premarket": 12.86,
        "volume": 8724100,
        "category": "g",
        "source": "tv",
        "shortable": true,
        "exchange_name": "NASD",
        "market_cap": 397.8425,
        "existing": false
    },
    {
        "symbol": "KXIN",
        "company": "Kaixin Auto Holdings",
        "change_pct": 50.4,
        "premarket": 0.4512,
        "volume": 3121100,
        "category": "g",
        "source": "tv",
        "shortable": false,
        "exchange_name": "NASD",
        "market_cap": 68.51483,
        "existing": false
    },
    {
        "symbol": "DGLY",
        "company": "Digital Ally, Inc.",
        "change_pct": 34.42,
        "premarket": 5.35,
        "volume": 80366,
        "category": "g",
        "source": "tv",
        "shortable": true,
        "exchange_name": "NASD",
        "market_cap": 10.96579,
        "existing": false
    },
    {
        "symbol": "LVTX",
        "company": "LAVA Therapeutics N.V.",
        "change_pct": 25.79,
        "premarket": 2.39,
        "volume": 919577,
        "category": "g",
        "source": "tv",
        "shortable": false,
        "exchange_name": "NASD",
        "market_cap": 49.94927,
        "existing": false
    },
    {
        "symbol": "MDB",
        "company": "MongoDB, Inc.",
        "change_pct": 25.37,
        "premarket": 368.55,
        "volume": 342629,
        "category": "g",
        "source": "tv",
        "shortable": true,
        "exchange_name": "NASD",
        "market_cap": 20733.38,
        "existing": false
    },
    {
        "symbol": "DMS",
        "company": "Digital Media Solutions, Inc.",
        "change_pct": 22.4,
        "premarket": 0.4284,
        "volume": 311833,
        "category": "g",
        "source": "tv",
        "shortable": true,
        "exchange_name": "NYSE",
        "market_cap": 23.00917,
        "existing": false
    },
    {
        "symbol": "PSTX",
        "company": "Poseida Therapeutics, Inc.",
        "change_pct": 20.99,
        "premarket": 2.76,
        "volume": 2323,
        "category": "g",
        "source": "tv",
        "shortable": true,
        "exchange_name": "NASD",
        "market_cap": 197.8482,
        "existing": false
    },
    {
        "symbol": "BTTR",
        "company": "Better Choice Company Inc.",
        "change_pct": 20.3,
        "premarket": 0.397,
        "volume": 1273100,
        "category": "g",
        "source": "tv",
        "shortable": true,
        "exchange_name": "AMEX",
        "market_cap": 104.4389,
        "existing": false
    },
    {
        "symbol": "IOT",
        "company": "Samsara Inc.",
        "change_pct": 17.52,
        "premarket": 22.34,
        "volume": 70176,
        "category": "g",
        "source": "tv",
        "shortable": true,
        "exchange_name": "NYSE",
        "market_cap": 10047.38,
        "existing": false
    },
    {
        "symbol": "AMPE",
        "company": "Ampio Pharmaceuticals, Inc.",
        "change_pct": 17.2,
        "premarket": 0.3223,
        "volume": 23460,
        "category": "g",
        "source": "tv",
        "shortable": true,
        "exchange_name": "AMEX",
        "market_cap": 6.03432,
        "existing": false
    },
    {
        "symbol": "APLM",
        "company": "Apollomics Inc.",
        "change_pct": 16.49,
        "premarket": 5.65,
        "volume": 110026,
        "category": "g",
        "source": "tv",
        "shortable": true,
        "exchange_name": "NASD",
        "market_cap": 420.9598,
        "existing": false
    },
    {
        "symbol": "CC",
        "company": "Chemours Company (The)",
        "change_pct": 15.94,
        "premarket": 31.43,
        "volume": 46585,
        "category": "g",
        "source": "tv",
        "shortable": true,
        "exchange_name": "NYSE",
        "market_cap": 4043.615,
        "existing": false
    },
    {
        "symbol": "LULU",
        "company": "lululemon athletica inc.",
        "change_pct": 15.58,
        "premarket": 379.52,
        "volume": 185738,
        "category": "g",
        "source": "tv",
        "shortable": true,
        "exchange_name": "NASD",
        "market_cap": 41805.52,
        "existing": false
    },
    {
        "symbol": "SENS",
        "company": "Senseonics Holdings, Inc.",
        "change_pct": 15.37,
        "premarket": 0.735,
        "volume": 1168100,
        "category": "g",
        "source": "tv",
        "shortable": true,
        "exchange_name": "AMEX",
        "market_cap": 1611.823,
        "existing": false
    },
    {
        "symbol": "BRD",
        "company": "Beard Energy Transition Acquisition Corp.",
        "change_pct": 14.55,
        "premarket": 11.97,
        "volume": 200,
        "category": "g",
        "source": "tv",
        "shortable": false,
        "exchange_name": "NYSE",
        "market_cap": 134.5919,
        "existing": false
    },
    {
        "symbol": "UUU",
        "company": "Universal Security Instruments, Inc.",
        "change_pct": 14.29,
        "premarket": 2.8,
        "volume": 278665,
        "category": "g",
        "source": "tv",
        "shortable": false,
        "exchange_name": "AMEX",
        "market_cap": 13.22971,
        "existing": false
    },
    {
        "symbol": "PBLA",
        "company": "Panbela Therapeutics, Inc.",
        "change_pct": 13.68,
        "premarket": 7.23,
        "volume": 25826,
        "category": "g",
        "source": "tv",
        "shortable": false,
        "exchange_name": "NASD",
        "market_cap": 106.7642,
        "existing": false
    },
    {
        "symbol": "PBTS",
        "company": "Powerbridge Technologies Co., Ltd.",
        "change_pct": 12.69,
        "premarket": 0.0586,
        "volume": 4643100,
        "category": "g",
        "source": "tv",
        "shortable": true,
        "exchange_name": "NASD",
        "market_cap": 48.64313,
        "existing": false
    },
    {
        "symbol": "GAN",
        "company": "GAN Limited",
        "change_pct": 12.17,
        "premarket": 1.37,
        "volume": 701,
        "category": "g",
        "source": "tv",
        "shortable": true,
        "exchange_name": "NASD",
        "market_cap": 54.51374,
        "existing": false
    },
    {
        "symbol": "MARK",
        "company": "Remark Holdings, Inc.",
        "change_pct": 11.63,
        "premarket": 1.44,
        "volume": 353031,
        "category": "g",
        "source": "tv",
        "shortable": true,
        "exchange_name": "NASD",
        "market_cap": 18.51157,
        "existing": false
    },
    {
        "symbol": "SPRC",
        "company": "SciSparc Ltd.",
        "change_pct": 10.96,
        "premarket": 0.921,
        "volume": 1467100,
        "category": "g",
        "source": "tv",
        "shortable": false,
        "exchange_name": "NASD",
        "market_cap": 5.99292,
        "existing": false
    },
    {
        "symbol": "RAIN",
        "company": "Rain Oncology Inc.",
        "change_pct": 10.81,
        "premarket": 1.23,
        "volume": 978753,
        "category": "g",
        "source": "tv",
        "shortable": false,
        "exchange_name": "NASD",
        "market_cap": 40.36313,
        "existing": false
    },
    {
        "symbol": "BIMI",
        "company": "BIMI International Medical Inc.",
        "change_pct": 10.58,
        "premarket": 1.15,
        "volume": 305,
        "category": "g",
        "source": "tv",
        "shortable": false,
        "exchange_name": "NASD",
        "market_cap": 4.56017,
        "existing": false
    },
    {
        "symbol": "HUDI",
        "company": "Huadi International Group Co., Ltd.",
        "change_pct": 10.53,
        "premarket": 4.83,
        "volume": 48774,
        "category": "g",
        "source": "tv",
        "shortable": true,
        "exchange_name": "NASD",
        "market_cap": 62.22523,
        "existing": false
    },
    {
        "symbol": "THMO",
        "company": "ThermoGenesis Holdings, Inc.",
        "change_pct": 10.32,
        "premarket": 1.39,
        "volume": 2200,
        "category": "g",
        "source": "tv",
        "shortable": true,
        "exchange_name": "NASD",
        "market_cap": 2.39942,
        "existing": false
    },
    {
        "symbol": "RNAZ",
        "company": "TransCode Therapeutics, Inc.",
        "change_pct": 10.13,
        "premarket": 4.35,
        "volume": 15513,
        "category": "g",
        "source": "tv",
        "shortable": false,
        "exchange_name": "NASD",
        "market_cap": 3.35721,
        "existing": false
    },
    {
        "symbol": "SSYS",
        "company": "Stratasys, Ltd.",
        "change_pct": 10.09,
        "premarket": 16.04,
        "volume": 63279,
        "category": "g",
        "source": "tv",
        "shortable": true,
        "exchange_name": "NASD",
        "market_cap": 986.9496,
        "existing": false
    },
    {
        "symbol": "RMTI",
        "company": "Rockwell Medical, Inc.",
        "change_pct": 10.01,
        "premarket": 4.08,
        "volume": 64245,
        "category": "g",
        "source": "tv",
        "shortable": true,
        "exchange_name": "NASD",
        "market_cap": 50.98903,
        "existing": false
    },
    {
        "symbol": "EZGO",
        "company": "EZGO Technologies Ltd.",
        "change_pct": 10.0,
        "premarket": 1.54,
        "volume": 100,
        "category": "g",
        "source": "tv",
        "shortable": false,
        "exchange_name": "NASD",
        "market_cap": 72.87764,
        "existing": false
    },
    {
        "symbol": "LICN",
        "company": "Lichen China Limited",
        "change_pct": 9.68,
        "premarket": 2.03,
        "volume": 1865,
        "category": "g",
        "source": "tv",
        "shortable": true,
        "exchange_name": "NASD",
        "market_cap": 49.025,
        "existing": false
    },
    {
        "symbol": "BIG",
        "company": "Big Lots, Inc.",
        "change_pct": 9.45,
        "premarket": 5.33,
        "volume": 25498,
        "category": "g",
        "source": "tv",
        "shortable": true,
        "exchange_name": "NYSE",
        "market_cap": 141.3698,
        "existing": false
    },
    {
        "symbol": "IBIO",
        "company": "iBio, Inc.",
        "change_pct": 9.38,
        "premarket": 0.7985,
        "volume": 4751,
        "category": "g",
        "source": "tv",
        "shortable": true,
        "exchange_name": "AMEX",
        "market_cap": 278.8484,
        "existing": false
    },
    {
        "symbol": "DISH",
        "company": "DISH Network Corporation",
        "change_pct": 9.07,
        "premarket": 6.85,
        "volume": 641352,
        "category": "g",
        "source": "tv",
        "shortable": true,
        "exchange_name": "NASD",
        "market_cap": 3344.777,
        "existing": false
    },
    {
        "symbol": "BODY",
        "company": "The Beachbody Company, Inc.",
        "change_pct": 8.89,
        "premarket": 0.49,
        "volume": 1050,
        "category": "g",
        "source": "tv",
        "shortable": true,
        "exchange_name": "NYSE",
        "market_cap": 143.2996,
        "existing": false
    },
    {
        "symbol": "CNTX",
        "company": "Context Therapeutics Inc.",
        "change_pct": 8.49,
        "premarket": 1.15,
        "volume": 28457,
        "category": "g",
        "source": "tv",
        "shortable": false,
        "exchange_name": "NASD",
        "market_cap": 16.92402,
        "existing": false
    },
    {
        "symbol": "VOC",
        "company": "VOC Energy Trust",
        "change_pct": 8.36,
        "premarket": 8.14,
        "volume": 250,
        "category": "g",
        "source": "tv",
        "shortable": true,
        "exchange_name": "NYSE",
        "market_cap": 127.67,
        "existing": false
    },
    {
        "symbol": "OWLT",
        "company": "Owlet, Inc.",
        "change_pct": 8.2,
        "premarket": 0.231,
        "volume": 565,
        "category": "g",
        "source": "tv",
        "shortable": false,
        "exchange_name": "NYSE",
        "market_cap": 25.12302,
        "existing": false
    },
    {
        "symbol": "AUUD",
        "company": "Auddia Inc.",
        "change_pct": 8.14,
        "premarket": 0.4478,
        "volume": 3195,
        "category": "g",
        "source": "tv",
        "shortable": false,
        "exchange_name": "NASD",
        "market_cap": 6.13403,
        "existing": false
    },
    {
        "symbol": "BNMV",
        "company": "BitNile Metaverse, Inc.",
        "change_pct": 8.13,
        "premarket": 1.33,
        "volume": 36720,
        "category": "g",
        "source": "tv",
        "shortable": false,
        "exchange_name": "NASD",
        "market_cap": 2.00025,
        "existing": false
    }
]