[
    {
        "symbol": "PRZO",
        "company": "ParaZero Technologies Ltd.",
        "change_pct": 92.24,
        "premarket": 2.23,
        "volume": 18733000,
        "category": "g",
        "source": "tv",
        "shortable": true,
        "exchange_name": "N/A",
        "market_cap": 0,
        "existing": false
    },
    {
        "symbol": "HUBC",
        "company": "Hub Cyber Security Ltd.",
        "change_pct": 44.96,
        "premarket": 0.3399,
        "volume": 3707000,
        "category": "g",
        "source": "tv",
        "shortable": true,
        "exchange_name": "N/A",
        "market_cap": 0,
        "existing": false
    },
    {
        "symbol": "SNMP",
        "company": "Evolve Transition Infrastructure LP",
        "change_pct": 33.33,
        "premarket": 1.8,
        "volume": 650,
        "category": "g",
        "source": "tv",
        "shortable": true,
        "exchange_name": "N/A",
        "market_cap": 0,
        "existing": false
    },
    {
        "symbol": "AWIN",
        "company": "AERWINS Technologies Inc.",
        "change_pct": 26.4,
        "premarket": 0.1786,
        "volume": 6021000,
        "category": "g",
        "source": "tv",
        "shortable": true,
        "exchange_name": "N/A",
        "market_cap": 0,
        "existing": false
    },
    {
        "symbol": "AULT",
        "company": "Ault Alliance, Inc.",
        "change_pct": 25.59,
        "premarket": 0.3416,
        "volume": 16878000,
        "category": "g",
        "source": "tv",
        "shortable": true,
        "exchange_name": "N/A",
        "market_cap": 0,
        "existing": false
    },
    {
        "symbol": "MTEK",
        "company": "Maris-Tech Ltd.",
        "change_pct": 23.01,
        "premarket": 1.23,
        "volume": 5082000,
        "category": "g",
        "source": "tv",
        "shortable": true,
        "exchange_name": "N/A",
        "market_cap": 0,
        "existing": false
    },
    {
        "symbol": "ENSV",
        "company": "Enservco Corporation",
        "change_pct": 18.96,
        "premarket": 0.3927,
        "volume": 182540,
        "category": "g",
        "source": "tv",
        "shortable": true,
        "exchange_name": "N/A",
        "market_cap": 0,
        "existing": false
    },
    {
        "symbol": "NWLI",
        "company": "National Western Life Group, Inc.",
        "change_pct": 16.25,
        "premarket": 485.0,
        "volume": 300,
        "category": "g",
        "source": "tv",
        "shortable": true,
        "exchange_name": "N/A",
        "market_cap": 0,
        "existing": false
    },
    {
        "symbol": "DUOT",
        "company": "Duos Technologies Group, Inc.",
        "change_pct": 14.61,
        "premarket": 5.1,
        "volume": 200,
        "category": "g",
        "source": "tv",
        "shortable": true,
        "exchange_name": "N/A",
        "market_cap": 0,
        "existing": false
    },
    {
        "symbol": "CVKD",
        "company": "Cadrenal Therapeutics, Inc.",
        "change_pct": 12.66,
        "premarket": 0.7126,
        "volume": 1000,
        "category": "g",
        "source": "tv",
        "shortable": true,
        "exchange_name": "N/A",
        "market_cap": 0,
        "existing": false
    },
    {
        "symbol": "ABVC",
        "company": "ABVC BioPharma, Inc.",
        "change_pct": 12.62,
        "premarket": 0.9122,
        "volume": 9650,
        "category": "g",
        "source": "tv",
        "shortable": true,
        "exchange_name": "N/A",
        "market_cap": 0,
        "existing": false
    },
    {
        "symbol": "VINO",
        "company": "Gaucho Group Holdings, Inc.",
        "change_pct": 12.54,
        "premarket": 1.16,
        "volume": 432016,
        "category": "g",
        "source": "tv",
        "shortable": true,
        "exchange_name": "N/A",
        "market_cap": 0,
        "existing": false
    },
    {
        "symbol": "ACRX",
        "company": "AcelRx Pharmaceuticals, Inc.",
        "change_pct": 12.51,
        "premarket": 0.6897,
        "volume": 10950,
        "category": "g",
        "source": "tv",
        "shortable": true,
        "exchange_name": "N/A",
        "market_cap": 0,
        "existing": false
    },
    {
        "symbol": "INDO",
        "company": "Indonesia Energy Corporation Limited",
        "change_pct": 12.06,
        "premarket": 3.81,
        "volume": 296932,
        "category": "g",
        "source": "tv",
        "shortable": true,
        "exchange_name": "N/A",
        "market_cap": 0,
        "existing": false
    },
    {
        "symbol": "ANAB",
        "company": "AnaptysBio, Inc.",
        "change_pct": 11.87,
        "premarket": 21.54,
        "volume": 16509,
        "category": "g",
        "source": "tv",
        "shortable": true,
        "exchange_name": "N/A",
        "market_cap": 0,
        "existing": false
    },
    {
        "symbol": "RFL",
        "company": "Rafael Holdings, Inc.",
        "change_pct": 11.7,
        "premarket": 2.1,
        "volume": 3600,
        "category": "g",
        "source": "tv",
        "shortable": true,
        "exchange_name": "N/A",
        "market_cap": 0,
        "existing": false
    },
    {
        "symbol": "CDT",
        "company": "Conduit Pharmaceuticals Inc.",
        "change_pct": 11.57,
        "premarket": 2.99,
        "volume": 1353,
        "category": "g",
        "source": "tv",
        "shortable": true,
        "exchange_name": "N/A",
        "market_cap": 0,
        "existing": false
    },
    {
        "symbol": "CEI",
        "company": "Camber Energy, Inc.",
        "change_pct": 11.46,
        "premarket": 0.323,
        "volume": 2228000,
        "category": "g",
        "source": "tv",
        "shortable": true,
        "exchange_name": "N/A",
        "market_cap": 0,
        "existing": false
    },
    {
        "symbol": "TTOO",
        "company": "T2 Biosystems, Inc.",
        "change_pct": 10.92,
        "premarket": 0.2915,
        "volume": 9830000,
        "category": "g",
        "source": "tv",
        "shortable": true,
        "exchange_name": "N/A",
        "market_cap": 0,
        "existing": false
    },
    {
        "symbol": "SOTK",
        "company": "Sono-Tek Corporation",
        "change_pct": 10.9,
        "premarket": 5.9,
        "volume": 100,
        "category": "g",
        "source": "tv",
        "shortable": true,
        "exchange_name": "N/A",
        "market_cap": 0,
        "existing": false
    },
    {
        "symbol": "AIMD",
        "company": "Ainos, Inc.",
        "change_pct": 10.83,
        "premarket": 0.665,
        "volume": 300,
        "category": "g",
        "source": "tv",
        "shortable": true,
        "exchange_name": "N/A",
        "market_cap": 0,
        "existing": false
    },
    {
        "symbol": "HUSA",
        "company": "Houston American Energy Corporation",
        "change_pct": 10.29,
        "premarket": 1.93,
        "volume": 130053,
        "category": "g",
        "source": "tv",
        "shortable": true,
        "exchange_name": "N/A",
        "market_cap": 0,
        "existing": false
    },
    {
        "symbol": "GLMD",
        "company": "Galmed Pharmaceuticals Ltd.",
        "change_pct": 10.0,
        "premarket": 0.495,
        "volume": 967,
        "category": "g",
        "source": "tv",
        "shortable": true,
        "exchange_name": "N/A",
        "market_cap": 0,
        "existing": false
    },
    {
        "symbol": "PCSA",
        "company": "Processa Pharmaceuticals, Inc.",
        "change_pct": 9.73,
        "premarket": 0.1997,
        "volume": 437,
        "category": "g",
        "source": "tv",
        "shortable": true,
        "exchange_name": "N/A",
        "market_cap": 0,
        "existing": false
    },
    {
        "symbol": "WTER",
        "company": "The Alkaline Water Company Inc.",
        "change_pct": 9.62,
        "premarket": 0.2929,
        "volume": 4850,
        "category": "g",
        "source": "tv",
        "shortable": true,
        "exchange_name": "N/A",
        "market_cap": 0,
        "existing": false
    },
    {
        "symbol": "SFT",
        "company": "Shift Technologies, Inc.",
        "change_pct": -85.87,
        "premarket": 0.27,
        "volume": 1521000,
        "category": "l",
        "source": "tv",
        "shortable": true,
        "exchange_name": "N/A",
        "market_cap": 0,
        "existing": false
    },
    {
        "symbol": "LQR",
        "company": "LQR House Inc.",
        "change_pct": -28.97,
        "premarket": 0.2749,
        "volume": 759389,
        "category": "l",
        "source": "tv",
        "shortable": true,
        "exchange_name": "N/A",
        "market_cap": 0,
        "existing": false
    },
    {
        "symbol": "TYGO",
        "company": "Tigo Energy, Inc.",
        "change_pct": -21.34,
        "premarket": 5.86,
        "volume": 543,
        "category": "l",
        "source": "tv",
        "shortable": true,
        "exchange_name": "N/A",
        "market_cap": 0,
        "existing": false
    },
    {
        "symbol": "KBNT",
        "company": "Kubient, Inc.",
        "change_pct": -18.68,
        "premarket": 0.2225,
        "volume": 97667,
        "category": "l",
        "source": "tv",
        "shortable": true,
        "exchange_name": "N/A",
        "market_cap": 0,
        "existing": false
    },
    {
        "symbol": "FBYD",
        "company": "FAST Acquisition Corp. II",
        "change_pct": -17.7,
        "premarket": 14.32,
        "volume": 440,
        "category": "l",
        "source": "tv",
        "shortable": true,
        "exchange_name": "N/A",
        "market_cap": 0,
        "existing": false
    },
    {
        "symbol": "GROM",
        "company": "Grom Social Enterprises Inc.",
        "change_pct": -16.28,
        "premarket": 1.44,
        "volume": 62630,
        "category": "l",
        "source": "tv",
        "shortable": true,
        "exchange_name": "N/A",
        "market_cap": 0,
        "existing": false
    },
    {
        "symbol": "AUVI",
        "company": "Applied UV, Inc.",
        "change_pct": -16.02,
        "premarket": 0.29,
        "volume": 648548,
        "category": "l",
        "source": "tv",
        "shortable": true,
        "exchange_name": "N/A",
        "market_cap": 0,
        "existing": false
    },
    {
        "symbol": "LPTX",
        "company": "Leap Therapeutics, Inc.",
        "change_pct": -14.08,
        "premarket": 1.22,
        "volume": 100,
        "category": "l",
        "source": "tv",
        "shortable": true,
        "exchange_name": "N/A",
        "market_cap": 0,
        "existing": false
    },
    {
        "symbol": "AONC",
        "company": "American Oncology Network, Inc.",
        "change_pct": -13.49,
        "premarket": 6.86,
        "volume": 17364,
        "category": "l",
        "source": "tv",
        "shortable": true,
        "exchange_name": "N/A",
        "market_cap": 0,
        "existing": false
    },
    {
        "symbol": "UTRS",
        "company": "Minerva Surgical, Inc.",
        "change_pct": -13.14,
        "premarket": 2.71,
        "volume": 400,
        "category": "l",
        "source": "tv",
        "shortable": true,
        "exchange_name": "N/A",
        "market_cap": 0,
        "existing": false
    },
    {
        "symbol": "BVH",
        "company": "Bluegreen Vacations Holding Corporation",
        "change_pct": -12.68,
        "premarket": 29.34,
        "volume": 100,
        "category": "l",
        "source": "tv",
        "shortable": true,
        "exchange_name": "N/A",
        "market_cap": 0,
        "existing": false
    },
    {
        "symbol": "BNMV",
        "company": "BitNile Metaverse, Inc.",
        "change_pct": -12.61,
        "premarket": 0.603,
        "volume": 12641,
        "category": "l",
        "source": "tv",
        "shortable": true,
        "exchange_name": "N/A",
        "market_cap": 0,
        "existing": false
    },
    {
        "symbol": "SNTI",
        "company": "Senti Biosciences, Inc.",
        "change_pct": -12.06,
        "premarket": 0.3201,
        "volume": 24298,
        "category": "l",
        "source": "tv",
        "shortable": true,
        "exchange_name": "N/A",
        "market_cap": 0,
        "existing": false
    },
    {
        "symbol": "LGVN",
        "company": "Longeveron Inc.",
        "change_pct": -11.83,
        "premarket": 1.64,
        "volume": 80392,
        "category": "l",
        "source": "tv",
        "shortable": true,
        "exchange_name": "N/A",
        "market_cap": 0,
        "existing": false
    },
    {
        "symbol": "MTNB",
        "company": "Matinas Biopharma Holdings, Inc.",
        "change_pct": -11.67,
        "premarket": 0.1643,
        "volume": 406478,
        "category": "l",
        "source": "tv",
        "shortable": true,
        "exchange_name": "N/A",
        "market_cap": 0,
        "existing": false
    },
    {
        "symbol": "SGD",
        "company": "Safe and Green Development Corporation",
        "change_pct": -11.64,
        "premarket": 1.29,
        "volume": 1934,
        "category": "l",
        "source": "tv",
        "shortable": true,
        "exchange_name": "N/A",
        "market_cap": 0,
        "existing": false
    },
    {
        "symbol": "BMR",
        "company": "Beamr Imaging Ltd.",
        "change_pct": -11.61,
        "premarket": 1.59,
        "volume": 1920,
        "category": "l",
        "source": "tv",
        "shortable": true,
        "exchange_name": "N/A",
        "market_cap": 0,
        "existing": false
    },
    {
        "symbol": "GDTC",
        "company": "CytoMed Therapeutics Limited",
        "change_pct": -11.49,
        "premarket": 3.08,
        "volume": 300,
        "category": "l",
        "source": "tv",
        "shortable": true,
        "exchange_name": "N/A",
        "market_cap": 0,
        "existing": false
    },
    {
        "symbol": "ETAO",
        "company": "Etao International Co., Ltd.",
        "change_pct": -11.23,
        "premarket": 0.1953,
        "volume": 21976,
        "category": "l",
        "source": "tv",
        "shortable": true,
        "exchange_name": "N/A",
        "market_cap": 0,
        "existing": false
    },
    {
        "symbol": "FOXO",
        "company": "FOXO Technologies Inc.",
        "change_pct": -10.74,
        "premarket": 0.1089,
        "volume": 478500,
        "category": "l",
        "source": "tv",
        "shortable": true,
        "exchange_name": "N/A",
        "market_cap": 0,
        "existing": false
    },
    {
        "symbol": "SCKT",
        "company": "Socket Mobile, Inc.",
        "change_pct": -10.69,
        "premarket": 0.96,
        "volume": 600,
        "category": "l",
        "source": "tv",
        "shortable": true,
        "exchange_name": "N/A",
        "market_cap": 0,
        "existing": false
    },
    {
        "symbol": "CYN",
        "company": "Cyngn Inc.",
        "change_pct": -9.94,
        "premarket": 0.4404,
        "volume": 984,
        "category": "l",
        "source": "tv",
        "shortable": true,
        "exchange_name": "N/A",
        "market_cap": 0,
        "existing": false
    },
    {
        "symbol": "ICCM",
        "company": "IceCure Medical Ltd.",
        "change_pct": -9.89,
        "premarket": 0.79,
        "volume": 121122,
        "category": "l",
        "source": "tv",
        "shortable": true,
        "exchange_name": "N/A",
        "market_cap": 0,
        "existing": false
    },
    {
        "symbol": "CHEK",
        "company": "Check-Cap Ltd.",
        "change_pct": -9.8,
        "premarket": 3.22,
        "volume": 200,
        "category": "l",
        "source": "tv",
        "shortable": true,
        "exchange_name": "N/A",
        "market_cap": 0,
        "existing": false
    },
    {
        "symbol": "MYO",
        "company": "Myomo Inc.",
        "change_pct": -9.64,
        "premarket": 1.03,
        "volume": 111,
        "category": "l",
        "source": "tv",
        "shortable": true,
        "exchange_name": "N/A",
        "market_cap": 0,
        "existing": false
    }
]