[
    {
        "symbol": "GDC",
        "company": "GD Culture Group Limited",
        "change_pct": 87.8,
        "premarket": 4.77,
        "volume": 6854000,
        "category": "g",
        "source": "tv",
        "shortable": true,
        "exchange_name": "NASD",
        "market_cap": 7.75605,
        "existing": false
    },
    {
        "symbol": "HE",
        "company": "Hawaiian Electric Industries, Inc.",
        "change_pct": 41.72,
        "premarket": 13.69,
        "volume": 4424000,
        "category": "g",
        "source": "tv",
        "shortable": true,
        "exchange_name": "NYSE",
        "market_cap": 1058.848,
        "existing": false
    },
    {
        "symbol": "LQR",
        "company": "LQR House Inc.",
        "change_pct": 34.31,
        "premarket": 1.37,
        "volume": 3853000,
        "category": "g",
        "source": "tv",
        "shortable": true,
        "exchange_name": "NASD",
        "market_cap": 11.53154,
        "existing": false
    },
    {
        "symbol": "GNS",
        "company": "Genius Group Limited",
        "change_pct": 32.88,
        "premarket": 1.94,
        "volume": 7840000,
        "category": "g",
        "source": "tv",
        "shortable": true,
        "exchange_name": "AMEX",
        "market_cap": 0.0,
        "existing": false
    },
    {
        "symbol": "THRN",
        "company": "Thorne Healthtech, Inc.",
        "change_pct": 29.19,
        "premarket": 10.09,
        "volume": 89314,
        "category": "g",
        "source": "tv",
        "shortable": true,
        "exchange_name": "NASD",
        "market_cap": 421.1154,
        "existing": false
    },
    {
        "symbol": "SLNA",
        "company": "Selina Hospitality PLC",
        "change_pct": 25.91,
        "premarket": 0.6799,
        "volume": 27114,
        "category": "g",
        "source": "tv",
        "shortable": false,
        "exchange_name": "NASD",
        "market_cap": 53.83459,
        "existing": false
    },
    {
        "symbol": "ACHV",
        "company": "Achieve Life Sciences, Inc.",
        "change_pct": 19.88,
        "premarket": 5.56,
        "volume": 100,
        "category": "g",
        "source": "tv",
        "shortable": true,
        "exchange_name": "NASD",
        "market_cap": 97.93073,
        "existing": false
    },
    {
        "symbol": "NNBR",
        "company": "NN, Inc.",
        "change_pct": 18.56,
        "premarket": 2.49,
        "volume": 100,
        "category": "g",
        "source": "tv",
        "shortable": true,
        "exchange_name": "NASD",
        "market_cap": 98.73908,
        "existing": false
    },
    {
        "symbol": "BGLC",
        "company": "BioNexus Gene Lab Corp",
        "change_pct": 14.62,
        "premarket": 1.49,
        "volume": 566234,
        "category": "g",
        "source": "tv",
        "shortable": true,
        "exchange_name": "NASD",
        "market_cap": 23.00811,
        "existing": false
    },
    {
        "symbol": "VFS",
        "company": "VinFast Auto Ltd.",
        "change_pct": 14.22,
        "premarket": 78.55,
        "volume": 478282,
        "category": "g",
        "source": "tv",
        "shortable": true,
        "exchange_name": "NASD",
        "market_cap": 158664.1,
        "existing": false
    },
    {
        "symbol": "VHNA",
        "company": "Vahanna Tech Edge Acquisition I Corp.",
        "change_pct": 14.09,
        "premarket": 11.01,
        "volume": 65616,
        "category": "g",
        "source": "tv",
        "shortable": false,
        "exchange_name": "NASD",
        "market_cap": 162.7646,
        "existing": false
    },
    {
        "symbol": "FCEL",
        "company": "FuelCell Energy, Inc.",
        "change_pct": 12.32,
        "premarket": 1.55,
        "volume": 677043,
        "category": "g",
        "source": "tv",
        "shortable": true,
        "exchange_name": "NASD",
        "market_cap": 621.1991,
        "existing": false
    },
    {
        "symbol": "LAES",
        "company": "SEALSQ Corp",
        "change_pct": 12.0,
        "premarket": 7.0,
        "volume": 1386,
        "category": "g",
        "source": "tv",
        "shortable": false,
        "exchange_name": "NASD",
        "market_cap": 93.80115,
        "existing": false
    },
    {
        "symbol": "GWAV",
        "company": "Greenwave Technology Solutions, Inc.",
        "change_pct": 11.86,
        "premarket": 0.99,
        "volume": 9605,
        "category": "g",
        "source": "tv",
        "shortable": false,
        "exchange_name": "NASD",
        "market_cap": 10.96598,
        "existing": false
    },
    {
        "symbol": "ACST",
        "company": "Acasti Pharma, Inc.",
        "change_pct": 11.66,
        "premarket": 2.25,
        "volume": 111,
        "category": "g",
        "source": "tv",
        "shortable": true,
        "exchange_name": "NASD",
        "market_cap": 15.00779,
        "existing": false
    },
    {
        "symbol": "SCWO",
        "company": "374Water Inc.",
        "change_pct": 11.59,
        "premarket": 1.54,
        "volume": 473,
        "category": "g",
        "source": "tv",
        "shortable": false,
        "exchange_name": "NASD",
        "market_cap": 183.0806,
        "existing": false
    },
    {
        "symbol": "IFBD",
        "company": "Infobird Co., Ltd",
        "change_pct": 11.57,
        "premarket": 0.27,
        "volume": 17978,
        "category": "g",
        "source": "tv",
        "shortable": true,
        "exchange_name": "NASD",
        "market_cap": 33.2323,
        "existing": false
    },
    {
        "symbol": "CMRA",
        "company": "Comera Life Sciences Holdings, Inc.",
        "change_pct": 11.11,
        "premarket": 0.6,
        "volume": 4085,
        "category": "g",
        "source": "tv",
        "shortable": false,
        "exchange_name": "NASD",
        "market_cap": 14.67501,
        "existing": false
    },
    {
        "symbol": "SCTL",
        "company": "Societal CDMO, Inc.",
        "change_pct": 11.09,
        "premarket": 0.4499,
        "volume": 32226,
        "category": "g",
        "source": "tv",
        "shortable": true,
        "exchange_name": "NASD",
        "market_cap": 36.50155,
        "existing": false
    },
    {
        "symbol": "DATS",
        "company": "DatChat, Inc.",
        "change_pct": 10.99,
        "premarket": 0.4998,
        "volume": 1249,
        "category": "g",
        "source": "tv",
        "shortable": false,
        "exchange_name": "NASD",
        "market_cap": 9.42858,
        "existing": false
    },
    {
        "symbol": "OCX",
        "company": "Oncocyte Corporation",
        "change_pct": 10.84,
        "premarket": 3.68,
        "volume": 252,
        "category": "g",
        "source": "tv",
        "shortable": true,
        "exchange_name": "NASD",
        "market_cap": 27.35988,
        "existing": false
    },
    {
        "symbol": "ARVL",
        "company": "Arrival",
        "change_pct": 10.76,
        "premarket": 1.75,
        "volume": 3112,
        "category": "g",
        "source": "tv",
        "shortable": true,
        "exchange_name": "NASD",
        "market_cap": 24.11424,
        "existing": false
    },
    {
        "symbol": "SNMP",
        "company": "Evolve Transition Infrastructure LP",
        "change_pct": 10.23,
        "premarket": 3.31,
        "volume": 1119,
        "category": "g",
        "source": "tv",
        "shortable": true,
        "exchange_name": "AMEX",
        "market_cap": 4.15858,
        "existing": false
    },
    {
        "symbol": "MCOM",
        "company": "micromobility.com Inc.",
        "change_pct": 10.13,
        "premarket": 0.0881,
        "volume": 17670000,
        "category": "g",
        "source": "tv",
        "shortable": true,
        "exchange_name": "NASD",
        "market_cap": 11.33809,
        "existing": false
    },
    {
        "symbol": "TIVC",
        "company": "Tivic Health Systems, Inc.",
        "change_pct": 10.09,
        "premarket": 2.4,
        "volume": 213830,
        "category": "g",
        "source": "tv",
        "shortable": false,
        "exchange_name": "NASD",
        "market_cap": 3.1959,
        "existing": false
    },
    {
        "symbol": "MHUA",
        "company": "Meihua International Medical Technologies Co., Ltd.",
        "change_pct": 9.83,
        "premarket": 3.8,
        "volume": 154,
        "category": "g",
        "source": "tv",
        "shortable": false,
        "exchange_name": "NASD",
        "market_cap": 82.8324,
        "existing": false
    },
    {
        "symbol": "BON",
        "company": "Bon Natural Life Limited",
        "change_pct": 9.53,
        "premarket": 0.67,
        "volume": 1240,
        "category": "g",
        "source": "tv",
        "shortable": false,
        "exchange_name": "NASD",
        "market_cap": 6.81815,
        "existing": false
    },
    {
        "symbol": "DMS",
        "company": "Digital Media Solutions, Inc.",
        "change_pct": 9.36,
        "premarket": 0.298,
        "volume": 174154,
        "category": "g",
        "source": "tv",
        "shortable": true,
        "exchange_name": "NYSE",
        "market_cap": 17.98362,
        "existing": false
    },
    {
        "symbol": "ZEV",
        "company": "Lightning eMotors, Inc",
        "change_pct": 9.2,
        "premarket": 2.12,
        "volume": 250,
        "category": "g",
        "source": "tv",
        "shortable": true,
        "exchange_name": "NYSE",
        "market_cap": 12.53708,
        "existing": false
    },
    {
        "symbol": "MIRA",
        "company": "MIRA Pharmaceuticals, Inc.",
        "change_pct": 8.93,
        "premarket": 6.95,
        "volume": 7901,
        "category": "g",
        "source": "tv",
        "shortable": false,
        "exchange_name": "NASD",
        "market_cap": 94.07418,
        "existing": false
    },
    {
        "symbol": "ATNF",
        "company": "180 Life Sciences Corp.",
        "change_pct": 8.82,
        "premarket": 0.6083,
        "volume": 3244,
        "category": "g",
        "source": "tv",
        "shortable": true,
        "exchange_name": "NASD",
        "market_cap": 3.34534,
        "existing": false
    },
    {
        "symbol": "PYXS",
        "company": "Pyxis Oncology, Inc.",
        "change_pct": 8.8,
        "premarket": 2.35,
        "volume": 498,
        "category": "g",
        "source": "tv",
        "shortable": true,
        "exchange_name": "NASD",
        "market_cap": 94.76406,
        "existing": false
    },
    {
        "symbol": "TRNR",
        "company": "Interactive Strength Inc.",
        "change_pct": 8.79,
        "premarket": 1.36,
        "volume": 1719,
        "category": "g",
        "source": "tv",
        "shortable": true,
        "exchange_name": "NASD",
        "market_cap": 17.89291,
        "existing": false
    },
    {
        "symbol": "MCW",
        "company": "Mister Car Wash, Inc.",
        "change_pct": 8.71,
        "premarket": 7.49,
        "volume": 31480,
        "category": "g",
        "source": "tv",
        "shortable": true,
        "exchange_name": "NYSE",
        "market_cap": 2153.147,
        "existing": false
    },
    {
        "symbol": "OTLK",
        "company": "Outlook Therapeutics, Inc.",
        "change_pct": 8.62,
        "premarket": 1.26,
        "volume": 115325,
        "category": "g",
        "source": "tv",
        "shortable": true,
        "exchange_name": "NASD",
        "market_cap": 301.8842,
        "existing": false
    },
    {
        "symbol": "SOPH",
        "company": "SOPHiA GENETICS SA",
        "change_pct": 8.33,
        "premarket": 2.6,
        "volume": 200,
        "category": "g",
        "source": "tv",
        "shortable": false,
        "exchange_name": "NASD",
        "market_cap": 156.0787,
        "existing": false
    },
    {
        "symbol": "AQB",
        "company": "AquaBounty Technologies, Inc.",
        "change_pct": 8.29,
        "premarket": 0.2599,
        "volume": 1515,
        "category": "g",
        "source": "tv",
        "shortable": true,
        "exchange_name": "NASD",
        "market_cap": 17.12598,
        "existing": false
    },
    {
        "symbol": "WORX",
        "company": "SCWorx Corp.",
        "change_pct": 7.95,
        "premarket": 0.2187,
        "volume": 2020,
        "category": "g",
        "source": "tv",
        "shortable": true,
        "exchange_name": "NASD",
        "market_cap": 3.38276,
        "existing": false
    },
    {
        "symbol": "LVTX",
        "company": "LAVA Therapeutics N.V.",
        "change_pct": 7.88,
        "premarket": 1.78,
        "volume": 802,
        "category": "g",
        "source": "tv",
        "shortable": false,
        "exchange_name": "NASD",
        "market_cap": 43.37699,
        "existing": false
    },
    {
        "symbol": "EIGR",
        "company": "Eiger BioPharmaceuticals, Inc.",
        "change_pct": 7.72,
        "premarket": 0.9001,
        "volume": 1185,
        "category": "g",
        "source": "tv",
        "shortable": true,
        "exchange_name": "NASD",
        "market_cap": 37.01409,
        "existing": false
    }
]