[
    {
        "symbol": "CARM",
        "company": "Carisma Therapeutics, Inc.",
        "change_pct": 190.17,
        "premarket": 0.6581,
        "volume": 94970000,
        "category": "g",
        "source": "tv",
        "shortable": true,
        "exchange_name": "NASDAQ",
        "market_cap": 8102711,
        "existing": false
    },
    {
        "symbol": "EVGN",
        "company": "Evogene Ltd.",
        "change_pct": 100.88,
        "premarket": 2.27,
        "volume": 32740000,
        "category": "g",
        "source": "tv",
        "shortable": true,
        "exchange_name": "NASDAQ",
        "market_cap": 7559482,
        "existing": false
    },
    {
        "symbol": "WINT",
        "company": "Windtree Therapeutics, Inc.",
        "change_pct": 79.27,
        "premarket": 0.9987,
        "volume": 45070000,
        "category": "g",
        "source": "tv",
        "shortable": true,
        "exchange_name": "NASDAQ",
        "market_cap": 2079978,
        "existing": false
    },
    {
        "symbol": "MEGL",
        "company": "Magic Empire Global Limited",
        "change_pct": 77.97,
        "premarket": 2.28,
        "volume": 32820000,
        "category": "g",
        "source": "tv",
        "shortable": true,
        "exchange_name": "NASDAQ",
        "market_cap": 6330062,
        "existing": false
    },
    {
        "symbol": "MRIN",
        "company": "Marin Software Incorporated",
        "change_pct": 50.59,
        "premarket": 1.28,
        "volume": 14610000,
        "category": "g",
        "source": "tv",
        "shortable": true,
        "exchange_name": "NASDAQ",
        "market_cap": 2505486,
        "existing": false
    },
    {
        "symbol": "KLTO",
        "company": "Klotho Neurosciences, Inc.",
        "change_pct": 45.05,
        "premarket": 2.64,
        "volume": 53400000,
        "category": "g",
        "source": "tv",
        "shortable": true,
        "exchange_name": "NASDAQ",
        "market_cap": 6661349,
        "existing": false
    },
    {
        "symbol": "GELS",
        "company": "Gelteq Limited",
        "change_pct": 30.59,
        "premarket": 2.22,
        "volume": 14020000,
        "category": "g",
        "source": "tv",
        "shortable": true,
        "exchange_name": "NASDAQ",
        "market_cap": 15950346,
        "existing": false
    },
    {
        "symbol": "YSXT",
        "company": "YSX Tech. Co., Ltd",
        "change_pct": 29.09,
        "premarket": 6.39,
        "volume": 202,
        "category": "g",
        "source": "tv",
        "shortable": true,
        "exchange_name": "NASDAQ",
        "market_cap": 130546875,
        "existing": false
    },
    {
        "symbol": "INSM",
        "company": "Insmed Incorporated",
        "change_pct": 25.52,
        "premarket": 88.72,
        "volume": 590700,
        "category": "g",
        "source": "tv",
        "shortable": true,
        "exchange_name": "NASDAQ",
        "market_cap": 13409067511,
        "existing": false
    },
    {
        "symbol": "MGNX",
        "company": "MacroGenics, Inc.",
        "change_pct": 18.88,
        "premarket": 1.95,
        "volume": 6540000,
        "category": "g",
        "source": "tv",
        "shortable": true,
        "exchange_name": "NASDAQ",
        "market_cap": 112300774,
        "existing": false
    },
    {
        "symbol": "ZENA",
        "company": "ZenaTech, Inc.",
        "change_pct": 17.84,
        "premarket": 5.35,
        "volume": 1620000,
        "category": "g",
        "source": "tv",
        "shortable": true,
        "exchange_name": "NASDAQ",
        "market_cap": 109657221,
        "existing": false
    },
    {
        "symbol": "RFL",
        "company": "Rafael Holdings, Inc.",
        "change_pct": 17.78,
        "premarket": 2.65,
        "volume": 123750,
        "category": "g",
        "source": "tv",
        "shortable": true,
        "exchange_name": "NYSE",
        "market_cap": 60565050,
        "existing": false
    },
    {
        "symbol": "BOLT",
        "company": "Bolt Biotherapeutics, Inc.",
        "change_pct": 17.43,
        "premarket": 7.21,
        "volume": 5800,
        "category": "g",
        "source": "tv",
        "shortable": true,
        "exchange_name": "NASDAQ",
        "market_cap": 11425229,
        "existing": false
    },
    {
        "symbol": "SKIL",
        "company": "Skillsoft Corp.",
        "change_pct": 16.83,
        "premarket": 21.29,
        "volume": 10230,
        "category": "g",
        "source": "tv",
        "shortable": true,
        "exchange_name": "NYSE",
        "market_cap": 151839273,
        "existing": false
    },
    {
        "symbol": "NIVF",
        "company": "NewGenIvf Group Limited",
        "change_pct": 15.18,
        "premarket": 2.2,
        "volume": 132020,
        "category": "g",
        "source": "tv",
        "shortable": true,
        "exchange_name": "NASDAQ",
        "market_cap": 1651777,
        "existing": false
    },
    {
        "symbol": "ENFY",
        "company": "Enlightify Inc.",
        "change_pct": 14.74,
        "premarket": 1.17,
        "volume": 100,
        "category": "g",
        "source": "tv",
        "shortable": true,
        "exchange_name": "NYSE",
        "market_cap": 15472237,
        "existing": false
    },
    {
        "symbol": "QTRX",
        "company": "Quanterix Corporation",
        "change_pct": 14.62,
        "premarket": 5.8,
        "volume": 9060,
        "category": "g",
        "source": "tv",
        "shortable": true,
        "exchange_name": "NASDAQ",
        "market_cap": 208513802,
        "existing": false
    },
    {
        "symbol": "WETO",
        "company": "Webus International Limited",
        "change_pct": 14.12,
        "premarket": 2.99,
        "volume": 59270,
        "category": "g",
        "source": "tv",
        "shortable": true,
        "exchange_name": "NASDAQ",
        "market_cap": 63109000,
        "existing": false
    },
    {
        "symbol": "SBET",
        "company": "SharpLink Gaming, Inc.",
        "change_pct": 13.25,
        "premarket": 33.33,
        "volume": 131830,
        "category": "g",
        "source": "tv",
        "shortable": true,
        "exchange_name": "NASDAQ",
        "market_cap": 2465016197,
        "existing": false
    },
    {
        "symbol": "PLUG",
        "company": "Plug Power, Inc.",
        "change_pct": 13.11,
        "premarket": 1.38,
        "volume": 11530000,
        "category": "g",
        "source": "tv",
        "shortable": true,
        "exchange_name": "NASDAQ",
        "market_cap": 1091612178,
        "existing": false
    },
    {
        "symbol": "IOT",
        "company": "Samsara Inc.",
        "change_pct": -7.0,
        "premarket": 41.56,
        "volume": 66670,
        "category": "l",
        "source": "tv",
        "shortable": true,
        "exchange_name": "NYSE",
        "market_cap": 25677051345,
        "existing": false
    },
    {
        "symbol": "UTHR",
        "company": "United Therapeutics Corporation",
        "change_pct": -13.17,
        "premarket": 285.16,
        "volume": 36990,
        "category": "l",
        "source": "tv",
        "shortable": true,
        "exchange_name": "NASDAQ",
        "market_cap": 14696639905,
        "existing": false
    },
    {
        "symbol": "SJM",
        "company": "The J.M. Smucker Company",
        "change_pct": -7.15,
        "premarket": 103.85,
        "volume": 47070,
        "category": "l",
        "source": "tv",
        "shortable": true,
        "exchange_name": "NYSE",
        "market_cap": 11799474936,
        "existing": false
    },
    {
        "symbol": "LOAR",
        "company": "Loar Holdings Inc.",
        "change_pct": -5.28,
        "premarket": 84.5,
        "volume": 106960,
        "category": "l",
        "source": "tv",
        "shortable": true,
        "exchange_name": "NYSE",
        "market_cap": 8412561904,
        "existing": false
    },
    {
        "symbol": "VERX",
        "company": "Vertex, Inc.",
        "change_pct": -4.87,
        "premarket": 38.69,
        "volume": 95810,
        "category": "l",
        "source": "tv",
        "shortable": true,
        "exchange_name": "NASDAQ",
        "market_cap": 6509015502,
        "existing": false
    },
    {
        "symbol": "SEZL",
        "company": "Sezzle Inc.",
        "change_pct": -6.25,
        "premarket": 123.9,
        "volume": 8070,
        "category": "l",
        "source": "tv",
        "shortable": true,
        "exchange_name": "NASDAQ",
        "market_cap": 4396786706,
        "existing": false
    },
    {
        "symbol": "UNFI",
        "company": "United Natural Foods, Inc.",
        "change_pct": -7.48,
        "premarket": 24.0,
        "volume": 78140,
        "category": "l",
        "source": "tv",
        "shortable": true,
        "exchange_name": "NYSE",
        "market_cap": 1686202763,
        "existing": false
    },
    {
        "symbol": "LQDA",
        "company": "Liquidia Corporation",
        "change_pct": -19.81,
        "premarket": 14.45,
        "volume": 455720,
        "category": "l",
        "source": "tv",
        "shortable": true,
        "exchange_name": "NASDAQ",
        "market_cap": 1550689283,
        "existing": false
    },
    {
        "symbol": "MNKD",
        "company": "MannKind Corporation",
        "change_pct": -5.03,
        "premarket": 4.15,
        "volume": 31250,
        "category": "l",
        "source": "tv",
        "shortable": true,
        "exchange_name": "NASDAQ",
        "market_cap": 1331225891,
        "existing": false
    },
    {
        "symbol": "SNDX",
        "company": "Syndax Pharmaceuticals, Inc.",
        "change_pct": -6.13,
        "premarket": 10.41,
        "volume": 2560,
        "category": "l",
        "source": "tv",
        "shortable": true,
        "exchange_name": "NASDAQ",
        "market_cap": 985243291,
        "existing": false
    },
    {
        "symbol": "LIMN",
        "company": "Liminatus Pharma, Inc.",
        "change_pct": -11.54,
        "premarket": 23.0,
        "volume": 3010,
        "category": "l",
        "source": "tv",
        "shortable": true,
        "exchange_name": "NASDAQ",
        "market_cap": 630074411,
        "existing": false
    },
    {
        "symbol": "SVRA",
        "company": "Savara, Inc.",
        "change_pct": -4.88,
        "premarket": 2.26,
        "volume": 300,
        "category": "l",
        "source": "tv",
        "shortable": true,
        "exchange_name": "NASDAQ",
        "market_cap": 514083826,
        "existing": false
    },
    {
        "symbol": "TTGT",
        "company": "TechTarget, Inc.",
        "change_pct": -4.43,
        "premarket": 7.33,
        "volume": 13550,
        "category": "l",
        "source": "tv",
        "shortable": true,
        "exchange_name": "NASDAQ",
        "market_cap": 512576130,
        "existing": false
    },
    {
        "symbol": "CVGW",
        "company": "Calavo Growers, Inc.",
        "change_pct": -13.29,
        "premarket": 24.0,
        "volume": 33500,
        "category": "l",
        "source": "tv",
        "shortable": true,
        "exchange_name": "NASDAQ",
        "market_cap": 493714513,
        "existing": false
    },
    {
        "symbol": "FTRE",
        "company": "Fortrea Holdings Inc.",
        "change_pct": -4.18,
        "premarket": 5.27,
        "volume": 202,
        "category": "l",
        "source": "tv",
        "shortable": true,
        "exchange_name": "NASDAQ",
        "market_cap": 478052873,
        "existing": false
    },
    {
        "symbol": "AIRS",
        "company": "AirSculpt Technologies, Inc.",
        "change_pct": -16.44,
        "premarket": 4.22,
        "volume": 726490,
        "category": "l",
        "source": "tv",
        "shortable": true,
        "exchange_name": "NASDAQ",
        "market_cap": 298013839,
        "existing": false
    },
    {
        "symbol": "BZAI",
        "company": "Blaize Holdings, Inc.",
        "change_pct": -6.12,
        "premarket": 2.3,
        "volume": 1000,
        "category": "l",
        "source": "tv",
        "shortable": true,
        "exchange_name": "NASDAQ",
        "market_cap": 259293985,
        "existing": false
    },
    {
        "symbol": "AIRJ",
        "company": "AirJoule Technologies Corporation",
        "change_pct": -5.87,
        "premarket": 4.17,
        "volume": 5590,
        "category": "l",
        "source": "tv",
        "shortable": true,
        "exchange_name": "NASDAQ",
        "market_cap": 255399503,
        "existing": false
    },
    {
        "symbol": "ONDS",
        "company": "Ondas Holdings Inc.",
        "change_pct": -11.31,
        "premarket": 1.49,
        "volume": 3260000,
        "category": "l",
        "source": "tv",
        "shortable": true,
        "exchange_name": "NASDAQ",
        "market_cap": 233625128,
        "existing": false
    },
    {
        "symbol": "SCPH",
        "company": "scPharmaceuticals Inc.",
        "change_pct": -5.88,
        "premarket": 4.0,
        "volume": 101,
        "category": "l",
        "source": "tv",
        "shortable": true,
        "exchange_name": "NASDAQ",
        "market_cap": 221726307,
        "existing": false
    }
]