[
    {
        "symbol": "LUNR",
        "company": "Intuitive Machines, Inc. Class A",
        "premarket": 12.9,
        "change_pct": 24.04,
        "volume": 2530100,
        "category": "g",
        "source": "cnn",
        "fails": [],
        "shortable": true,
        "exchange_name": "NASD",
        "market_cap": 875.3946,
        "tradeable": true
    },
    {
        "symbol": "WAL",
        "company": "Western Alliance Bancorp",
        "premarket": 39.21,
        "change_pct": 20.61,
        "volume": 1020100,
        "category": "g",
        "source": "cnn",
        "fails": [],
        "shortable": true,
        "exchange_name": "NYSE",
        "market_cap": 3563.578,
        "tradeable": true
    },
    {
        "symbol": "WINT",
        "company": "Windtree Therapeutics, Inc.",
        "premarket": 7.6,
        "change_pct": 14.11,
        "volume": 1290100,
        "category": "g",
        "source": "cnn",
        "fails": [],
        "shortable": true,
        "exchange_name": "NASD",
        "market_cap": 6.05403,
        "tradeable": true
    },
    {
        "symbol": "MCB",
        "company": "Metropolitan Bank Holding Corp.",
        "premarket": 35.04,
        "change_pct": 13.77,
        "volume": 40270,
        "category": "g",
        "source": "cnn",
        "fails": [],
        "shortable": true,
        "exchange_name": "NYSE",
        "market_cap": 337.6016,
        "tradeable": true
    },
    {
        "symbol": "TPST",
        "company": "Tempest Therapeutics, Inc.",
        "premarket": 2.51,
        "change_pct": 13.57,
        "volume": 7460,
        "category": "g",
        "source": "cnn",
        "fails": [],
        "shortable": true,
        "exchange_name": "NASD",
        "market_cap": 23.34136,
        "tradeable": true
    },
    {
        "symbol": "LEGN",
        "company": "Legend Biotech Corp. Sponsored ADR",
        "premarket": 58.27,
        "change_pct": 11.54,
        "volume": 390450,
        "category": "g",
        "source": "cnn",
        "fails": [],
        "shortable": true,
        "exchange_name": "NASD",
        "market_cap": 8623.112,
        "tradeable": true
    },
    {
        "symbol": "SSNT",
        "company": "SilverSun Technologies, Inc.",
        "premarket": 3.55,
        "change_pct": 10.94,
        "volume": 206,
        "category": "g",
        "source": "cnn",
        "fails": [
            "shares_value"
        ],
        "shortable": false,
        "exchange_name": "NASD",
        "market_cap": 16.81977,
        "tradeable": false
    },
    {
        "symbol": "CUEN",
        "company": "Cuentas, Inc.",
        "premarket": 4.85,
        "change_pct": 9.03,
        "volume": 581,
        "category": "g",
        "source": "cnn",
        "fails": [
            "shares_value"
        ],
        "shortable": false,
        "exchange_name": "NASD",
        "market_cap": 9.3572,
        "tradeable": false
    },
    {
        "symbol": "ISRG",
        "company": "Intuitive Surgical, Inc.",
        "premarket": 292.97,
        "change_pct": 8.8,
        "volume": 140560,
        "category": "g",
        "source": "cnn",
        "fails": [],
        "shortable": true,
        "exchange_name": "NASD",
        "market_cap": 94317.2,
        "tradeable": true
    },
    {
        "symbol": "EYEN",
        "company": "Eyenovia, Inc.",
        "premarket": 4.82,
        "change_pct": 8.56,
        "volume": 215,
        "category": "g",
        "source": "cnn",
        "fails": [
            "shares_value"
        ],
        "shortable": true,
        "exchange_name": "NASD",
        "market_cap": 168.6833,
        "tradeable": false
    },
    {
        "symbol": "ZVZZT",
        "company": "SUPERMONTAGE TEST",
        "premarket": 25.07,
        "change_pct": 8.34,
        "volume": 25090,
        "category": "g",
        "source": "cnn",
        "fails": [
            "symbol_length"
        ],
        "shortable": false,
        "exchange_name": "NASD",
        "market_cap": -1.0,
        "tradeable": false
    },
    {
        "symbol": "OBLG",
        "company": "Oblong, Inc.",
        "premarket": 2.68,
        "change_pct": -22.32,
        "volume": 75880,
        "category": "l",
        "source": "cnn",
        "fails": [],
        "shortable": true,
        "exchange_name": "NASD",
        "market_cap": 7.08975,
        "tradeable": true
    },
    {
        "symbol": "CDW",
        "company": "CDW Corporation",
        "premarket": 163.31,
        "change_pct": -14.18,
        "volume": 41960,
        "category": "l",
        "source": "cnn",
        "fails": [],
        "shortable": true,
        "exchange_name": "NASD",
        "market_cap": 25715.09,
        "tradeable": true
    },
    {
        "symbol": "CNSP",
        "company": "CNS Pharmaceuticals, Inc.",
        "premarket": 1.77,
        "change_pct": -13.24,
        "volume": 286790,
        "category": "l",
        "source": "cnn",
        "fails": [],
        "shortable": true,
        "exchange_name": "NASD",
        "market_cap": 4.5417,
        "tradeable": true
    },
    {
        "symbol": "CRGO",
        "company": "Freightos Limited",
        "premarket": 2.75,
        "change_pct": -12.7,
        "volume": 75,
        "category": "l",
        "source": "cnn",
        "fails": [
            "shares_value"
        ],
        "shortable": true,
        "exchange_name": "NASD",
        "market_cap": 149.4214,
        "tradeable": false
    },
    {
        "symbol": "NOGN",
        "company": "Nogin, Inc.",
        "premarket": 2.55,
        "change_pct": -12.67,
        "volume": 141960,
        "category": "l",
        "source": "cnn",
        "fails": [],
        "shortable": true,
        "exchange_name": "NASD",
        "market_cap": 31.1507,
        "tradeable": true
    },
    {
        "symbol": "EXTR",
        "company": "Extreme Networks, Inc.",
        "premarket": 16.13,
        "change_pct": -12.34,
        "volume": 68640,
        "category": "l",
        "source": "cnn",
        "fails": [],
        "shortable": true,
        "exchange_name": "NASD",
        "market_cap": 2376.957,
        "tradeable": true
    },
    {
        "symbol": "TELA",
        "company": "TELA Bio, Inc.",
        "premarket": 9.4,
        "change_pct": -11.57,
        "volume": 72750,
        "category": "l",
        "source": "cnn",
        "fails": [
            "is_shortable"
        ],
        "shortable": false,
        "exchange_name": "NASD",
        "market_cap": 204.3913,
        "tradeable": false
    },
    {
        "symbol": "WHLM",
        "company": "Wilhelmina International, Inc.",
        "premarket": 3.76,
        "change_pct": -11.53,
        "volume": 20,
        "category": "l",
        "source": "cnn",
        "fails": [
            "shares_value"
        ],
        "shortable": true,
        "exchange_name": "NASD",
        "market_cap": 21.91871,
        "tradeable": false
    },
    {
        "symbol": "DRMA",
        "company": "Dermata Therapeutics, Inc.",
        "premarket": 2.24,
        "change_pct": -11.46,
        "volume": 364210,
        "category": "l",
        "source": "cnn",
        "fails": [],
        "shortable": true,
        "exchange_name": "NASD",
        "market_cap": 2.16344,
        "tradeable": true
    },
    {
        "symbol": "ASNS",
        "company": "Actelis Networks, Inc.",
        "premarket": 3.2,
        "change_pct": -11.11,
        "volume": 889,
        "category": "l",
        "source": "cnn",
        "fails": [
            "shares_value",
            "is_shortable"
        ],
        "shortable": false,
        "exchange_name": "NASD",
        "market_cap": 6.26672,
        "tradeable": false
    },
    {
        "symbol": "PTPI",
        "company": "Petros Pharmaceuticals Inc",
        "premarket": 4.96,
        "change_pct": -9.82,
        "volume": 179420,
        "category": "l",
        "source": "cnn",
        "fails": [
            "is_shortable"
        ],
        "shortable": false,
        "exchange_name": "NASD",
        "market_cap": 11.38942,
        "tradeable": false
    }
]