[
    {
        "symbol": "BMNR",
        "company": "BitMine Immersion Technologies, Inc.",
        "change_pct": 213.01,
        "premarket": 13.35,
        "volume": 6950000,
        "category": "g",
        "source": "tv",
        "shortable": true,
        "exchange_name": "NYSE American",
        "market_cap": 26273125,
        "existing": false
    },
    {
        "symbol": "ARTL",
        "company": "Artelo Biosciences, Inc.",
        "change_pct": 112.67,
        "premarket": 14.44,
        "volume": 4450000,
        "category": "g",
        "source": "tv",
        "shortable": false,
        "exchange_name": "NASDAQ",
        "market_cap": 3711868,
        "existing": false
    },
    {
        "symbol": "IPDN",
        "company": "Professional Diversity Network, Inc.",
        "change_pct": 99.43,
        "premarket": 3.49,
        "volume": 12890000,
        "category": "g",
        "source": "tv",
        "shortable": true,
        "exchange_name": "NASDAQ",
        "market_cap": 3645657,
        "existing": false
    },
    {
        "symbol": "WBUY",
        "company": "WEBUY GLOBAL LTD.",
        "change_pct": 46.71,
        "premarket": 8.26,
        "volume": 11190000,
        "category": "g",
        "source": "tv",
        "shortable": false,
        "exchange_name": "NASDAQ",
        "market_cap": 4344305,
        "existing": false
    },
    {
        "symbol": "KLTO",
        "company": "Klotho Neurosciences, Inc.",
        "change_pct": 41.63,
        "premarket": 1.0199,
        "volume": 31500000,
        "category": "g",
        "source": "tv",
        "shortable": true,
        "exchange_name": "NASDAQ",
        "market_cap": 23399209,
        "existing": false
    },
    {
        "symbol": "NFE",
        "company": "New Fortress Energy Inc.",
        "change_pct": 31.6,
        "premarket": 3.29,
        "volume": 1400000,
        "category": "g",
        "source": "tv",
        "shortable": true,
        "exchange_name": "NASDAQ",
        "market_cap": 685451157,
        "existing": false
    },
    {
        "symbol": "XCUR",
        "company": "Exicure, Inc.",
        "change_pct": 26.49,
        "premarket": 7.45,
        "volume": 1340000,
        "category": "g",
        "source": "tv",
        "shortable": true,
        "exchange_name": "NASDAQ",
        "market_cap": 37211671,
        "existing": false
    },
    {
        "symbol": "MNTS",
        "company": "Momentus Inc.",
        "change_pct": 21.28,
        "premarket": 1.71,
        "volume": 22590000,
        "category": "g",
        "source": "tv",
        "shortable": true,
        "exchange_name": "NASDAQ",
        "market_cap": 7806628,
        "existing": false
    },
    {
        "symbol": "GNS",
        "company": "Genius Group Limited",
        "change_pct": 20.82,
        "premarket": 1.1901,
        "volume": 1530000,
        "category": "g",
        "source": "tv",
        "shortable": true,
        "exchange_name": "NYSE American",
        "market_cap": 70447183,
        "existing": false
    },
    {
        "symbol": "LIMN",
        "company": "Liminatus Pharma, Inc.",
        "change_pct": 20.25,
        "premarket": 11.4,
        "volume": 58030,
        "category": "g",
        "source": "tv",
        "shortable": true,
        "exchange_name": "NASDAQ",
        "market_cap": 246618720,
        "existing": false
    },
    {
        "symbol": "VERO",
        "company": "Venus Concept Inc.",
        "change_pct": 20.18,
        "premarket": 2.62,
        "volume": 4720000,
        "category": "g",
        "source": "tv",
        "shortable": true,
        "exchange_name": "NASDAQ",
        "market_cap": 4052888,
        "existing": false
    },
    {
        "symbol": "BDMD",
        "company": "Baird Medical Investment Holdings Ltd",
        "change_pct": 19.49,
        "premarket": 4.66,
        "volume": 19100,
        "category": "g",
        "source": "tv",
        "shortable": true,
        "exchange_name": "NASDAQ",
        "market_cap": 104685243,
        "existing": false
    },
    {
        "symbol": "POCI",
        "company": "Precision Optics Corporation, Inc.",
        "change_pct": 17.48,
        "premarket": 5.78,
        "volume": 109,
        "category": "g",
        "source": "tv",
        "shortable": true,
        "exchange_name": "NASDAQ",
        "market_cap": 37717935,
        "existing": false
    },
    {
        "symbol": "EPSM",
        "company": "Epsium Enterprise Limited",
        "change_pct": 17.01,
        "premarket": 17.95,
        "volume": 600,
        "category": "g",
        "source": "tv",
        "shortable": true,
        "exchange_name": "NASDAQ",
        "market_cap": 206139441,
        "existing": false
    },
    {
        "symbol": "CTXR",
        "company": "Citius Pharmaceuticals, Inc.",
        "change_pct": 15.69,
        "premarket": 1.77,
        "volume": 187800,
        "category": "g",
        "source": "tv",
        "shortable": true,
        "exchange_name": "NASDAQ",
        "market_cap": 17096932,
        "existing": false
    },
    {
        "symbol": "RITR",
        "company": "Reitar Logtech Holdings Limited",
        "change_pct": 15.41,
        "premarket": 3.82,
        "volume": 449340,
        "category": "g",
        "source": "tv",
        "shortable": true,
        "exchange_name": "NASDAQ",
        "market_cap": 206688812,
        "existing": false
    },
    {
        "symbol": "CCTG",
        "company": "CCSC Technology International Holdings Limited",
        "change_pct": 15.09,
        "premarket": 1.22,
        "volume": 990,
        "category": "g",
        "source": "tv",
        "shortable": true,
        "exchange_name": "NASDAQ",
        "market_cap": 12276125,
        "existing": false
    },
    {
        "symbol": "LIDR",
        "company": "AEye, Inc.",
        "change_pct": 15.03,
        "premarket": 1.03,
        "volume": 5650000,
        "category": "g",
        "source": "tv",
        "shortable": true,
        "exchange_name": "NASDAQ",
        "market_cap": 17220941,
        "existing": false
    },
    {
        "symbol": "CVKD",
        "company": "Cadrenal Therapeutics, Inc.",
        "change_pct": 14.85,
        "premarket": 11.99,
        "volume": 2920,
        "category": "g",
        "source": "tv",
        "shortable": true,
        "exchange_name": "NASDAQ",
        "market_cap": 20532087,
        "existing": false
    },
    {
        "symbol": "QTTB",
        "company": "Q32 Bio Inc.",
        "change_pct": 14.48,
        "premarket": 1.66,
        "volume": 812,
        "category": "g",
        "source": "tv",
        "shortable": true,
        "exchange_name": "NASDAQ",
        "market_cap": 17686541,
        "existing": false
    },
    {
        "symbol": "NEE",
        "company": "NextEra Energy, Inc.",
        "change_pct": -4.77,
        "premarket": 67.51,
        "volume": 223870,
        "category": "l",
        "source": "tv",
        "shortable": true,
        "exchange_name": "NYSE",
        "market_cap": 145936359175,
        "existing": false
    },
    {
        "symbol": "FTV",
        "company": "Fortive Corporation",
        "change_pct": -25.42,
        "premarket": 53.4,
        "volume": 6320,
        "category": "l",
        "source": "tv",
        "shortable": true,
        "exchange_name": "NYSE",
        "market_cap": 24335571176,
        "existing": false
    },
    {
        "symbol": "TTEK",
        "company": "Tetra Tech, Inc.",
        "change_pct": -4.23,
        "premarket": 34.13,
        "volume": 247,
        "category": "l",
        "source": "tv",
        "shortable": true,
        "exchange_name": "NASDAQ",
        "market_cap": 9391233341,
        "existing": false
    },
    {
        "symbol": "NXT",
        "company": "Nextracker Inc.",
        "change_pct": -10.99,
        "premarket": 51.91,
        "volume": 105570,
        "category": "l",
        "source": "tv",
        "shortable": true,
        "exchange_name": "NASDAQ",
        "market_cap": 8621618868,
        "existing": false
    },
    {
        "symbol": "CHE",
        "company": "Chemed Corp",
        "change_pct": -6.59,
        "premarket": 522.51,
        "volume": 1200,
        "category": "l",
        "source": "tv",
        "shortable": true,
        "exchange_name": "NYSE",
        "market_cap": 8152303381,
        "existing": false
    },
    {
        "symbol": "BGL",
        "company": "Blue Gold Limited",
        "change_pct": -31.12,
        "premarket": 43.05,
        "volume": 2120,
        "category": "l",
        "source": "tv",
        "shortable": true,
        "exchange_name": "NASDAQ",
        "market_cap": 1929969125,
        "existing": false
    },
    {
        "symbol": "DGNX",
        "company": "Diginex Limited",
        "change_pct": -5.93,
        "premarket": 48.26,
        "volume": 100,
        "category": "l",
        "source": "tv",
        "shortable": true,
        "exchange_name": "NASDAQ",
        "market_cap": 1179580041,
        "existing": false
    },
    {
        "symbol": "ARRY",
        "company": "Array Technologies, Inc.",
        "change_pct": -7.61,
        "premarket": 5.95,
        "volume": 453810,
        "category": "l",
        "source": "tv",
        "shortable": true,
        "exchange_name": "NASDAQ",
        "market_cap": 982402924,
        "existing": false
    },
    {
        "symbol": "TROX",
        "company": "Tronox Holdings plc",
        "change_pct": -10.46,
        "premarket": 5.05,
        "volume": 67240,
        "category": "l",
        "source": "tv",
        "shortable": true,
        "exchange_name": "NYSE",
        "market_cap": 893728500,
        "existing": false
    },
    {
        "symbol": "SHLS",
        "company": "Shoals Technologies Group, Inc.",
        "change_pct": -13.53,
        "premarket": 4.09,
        "volume": 377260,
        "category": "l",
        "source": "tv",
        "shortable": true,
        "exchange_name": "NASDAQ",
        "market_cap": 790736846,
        "existing": false
    },
    {
        "symbol": "NAMM",
        "company": "Namib Minerals",
        "change_pct": -9.08,
        "premarket": 8.21,
        "volume": 10740,
        "category": "l",
        "source": "tv",
        "shortable": true,
        "exchange_name": "NASDAQ",
        "market_cap": 520970977,
        "existing": false
    },
    {
        "symbol": "GRRR",
        "company": "Gorilla Technology Group Inc.",
        "change_pct": -10.63,
        "premarket": 20.0,
        "volume": 286270,
        "category": "l",
        "source": "tv",
        "shortable": true,
        "exchange_name": "NASDAQ",
        "market_cap": 421575081,
        "existing": false
    },
    {
        "symbol": "QTRX",
        "company": "Quanterix Corporation",
        "change_pct": -4.95,
        "premarket": 6.32,
        "volume": 500,
        "category": "l",
        "source": "tv",
        "shortable": true,
        "exchange_name": "NASDAQ",
        "market_cap": 258215416,
        "existing": false
    },
    {
        "symbol": "DAIC",
        "company": "CID HoldCo, Inc.",
        "change_pct": -4.5,
        "premarket": 8.28,
        "volume": 4180,
        "category": "l",
        "source": "tv",
        "shortable": true,
        "exchange_name": "NASDAQ",
        "market_cap": 239612261,
        "existing": false
    },
    {
        "symbol": "BOOM",
        "company": "DMC Global Inc.",
        "change_pct": -6.25,
        "premarket": 7.65,
        "volume": 2920,
        "category": "l",
        "source": "tv",
        "shortable": true,
        "exchange_name": "NASDAQ",
        "market_cap": 167204291,
        "existing": false
    },
    {
        "symbol": "GIBO",
        "company": "GIBO Holdings Limited",
        "change_pct": -6.41,
        "premarket": 0.2,
        "volume": 1130000,
        "category": "l",
        "source": "tv",
        "shortable": true,
        "exchange_name": "NASDAQ",
        "market_cap": 157599872,
        "existing": false
    },
    {
        "symbol": "SERA",
        "company": "Sera Prognostics, Inc.",
        "change_pct": -27.63,
        "premarket": 2.96,
        "volume": 68330,
        "category": "l",
        "source": "tv",
        "shortable": true,
        "exchange_name": "NASDAQ",
        "market_cap": 154081686,
        "existing": false
    },
    {
        "symbol": "RCT",
        "company": "RedCloud Holdings plc",
        "change_pct": -23.77,
        "premarket": 2.47,
        "volume": 247020,
        "category": "l",
        "source": "tv",
        "shortable": true,
        "exchange_name": "NASDAQ",
        "market_cap": 143294297,
        "existing": false
    },
    {
        "symbol": "ISPR",
        "company": "Ispire Technology Inc.",
        "change_pct": -4.35,
        "premarket": 2.2,
        "volume": 160,
        "category": "l",
        "source": "tv",
        "shortable": true,
        "exchange_name": "NASDAQ",
        "market_cap": 131275655,
        "existing": false
    },
    {
        "symbol": "LUD",
        "company": "Luda Technology Group Limited",
        "change_pct": -5.61,
        "premarket": 5.22,
        "volume": 500,
        "category": "l",
        "source": "tv",
        "shortable": true,
        "exchange_name": "NYSE American",
        "market_cap": 125475700,
        "existing": false
    }
]