[
    {
        "symbol": "SVFD",
        "company": "Save Foods, Inc.",
        "change_pct": 42.98,
        "premarket": 1.12,
        "volume": 5618100,
        "category": "g",
        "source": "tv",
        "shortable": false,
        "exchange_name": "NASD",
        "market_cap": 4.54801,
        "existing": false
    },
    {
        "symbol": "CVNA",
        "company": "Carvana Co.",
        "change_pct": 41.25,
        "premarket": 10.17,
        "volume": 6972100,
        "category": "g",
        "source": "tv",
        "shortable": true,
        "exchange_name": "NYSE",
        "market_cap": 1360.499,
        "existing": false
    },
    {
        "symbol": "AGBA",
        "company": "AGBA Group Holding Limited",
        "change_pct": 31.72,
        "premarket": 2.45,
        "volume": 3025100,
        "category": "g",
        "source": "tv",
        "shortable": true,
        "exchange_name": "NASD",
        "market_cap": 135.2398,
        "existing": false
    },
    {
        "symbol": "PACW",
        "company": "PacWest Bancorp",
        "change_pct": 31.55,
        "premarket": 4.17,
        "volume": 4869100,
        "category": "g",
        "source": "tv",
        "shortable": true,
        "exchange_name": "NASD",
        "market_cap": 381.1742,
        "existing": false
    },
    {
        "symbol": "GLMD",
        "company": "Galmed Pharmaceuticals Ltd.",
        "change_pct": 28.42,
        "premarket": 0.385,
        "volume": 2504100,
        "category": "g",
        "source": "tv",
        "shortable": true,
        "exchange_name": "NASD",
        "market_cap": 7.55598,
        "existing": false
    },
    {
        "symbol": "WAL",
        "company": "Western Alliance Bancorporation",
        "change_pct": 27.53,
        "premarket": 23.21,
        "volume": 1405100,
        "category": "g",
        "source": "tv",
        "shortable": true,
        "exchange_name": "NYSE",
        "market_cap": 1992.971,
        "existing": false
    },
    {
        "symbol": "STRR",
        "company": "Star Equity Holdings, Inc.",
        "change_pct": 24.49,
        "premarket": 0.859,
        "volume": 1420100,
        "category": "g",
        "source": "tv",
        "shortable": true,
        "exchange_name": "NASD",
        "market_cap": 10.44192,
        "existing": false
    },
    {
        "symbol": "ADTX",
        "company": "Aditxt, Inc.",
        "change_pct": 22.37,
        "premarket": 0.808,
        "volume": 4424100,
        "category": "g",
        "source": "tv",
        "shortable": false,
        "exchange_name": "NASD",
        "market_cap": 3.88107,
        "existing": false
    },
    {
        "symbol": "FUBO",
        "company": "fuboTV Inc.",
        "change_pct": 21.43,
        "premarket": 1.36,
        "volume": 2614100,
        "category": "g",
        "source": "tv",
        "shortable": true,
        "exchange_name": "NYSE",
        "market_cap": 326.8718,
        "existing": false
    },
    {
        "symbol": "DOGZ",
        "company": "Dogness (International) Corporation",
        "change_pct": 20.24,
        "premarket": 1.01,
        "volume": 218041,
        "category": "g",
        "source": "tv",
        "shortable": true,
        "exchange_name": "NASD",
        "market_cap": 32.99038,
        "existing": false
    },
    {
        "symbol": "HRTG",
        "company": "Heritage Insurance Holdings, Inc.",
        "change_pct": 20.13,
        "premarket": 3.94,
        "volume": 100,
        "category": "g",
        "source": "tv",
        "shortable": true,
        "exchange_name": "NYSE",
        "market_cap": 83.8327,
        "existing": false
    },
    {
        "symbol": "MCB",
        "company": "Metropolitan Bank Holding Corp.",
        "change_pct": 19.08,
        "premarket": 23.65,
        "volume": 16510,
        "category": "g",
        "source": "tv",
        "shortable": true,
        "exchange_name": "NYSE",
        "market_cap": 222.6559,
        "existing": false
    },
    {
        "symbol": "TBIO",
        "company": "Telesis Bio, Inc.",
        "change_pct": 17.82,
        "premarket": 3.24,
        "volume": 300,
        "category": "g",
        "source": "tv",
        "shortable": true,
        "exchange_name": "NASD",
        "market_cap": 81.67086,
        "existing": false
    },
    {
        "symbol": "FLGT",
        "company": "Fulgent Genetics, Inc.",
        "change_pct": 15.71,
        "premarket": 33.0,
        "volume": 3086,
        "category": "g",
        "source": "tv",
        "shortable": true,
        "exchange_name": "NASD",
        "market_cap": 846.8214,
        "existing": false
    },
    {
        "symbol": "ZION",
        "company": "Zions Bancorporation N.A.",
        "change_pct": 15.4,
        "premarket": 23.0,
        "volume": 284105,
        "category": "g",
        "source": "tv",
        "shortable": true,
        "exchange_name": "NASD",
        "market_cap": 2951.633,
        "existing": false
    },
    {
        "symbol": "IMTE",
        "company": "Integrated Media Technology Limited",
        "change_pct": 15.25,
        "premarket": 0.461,
        "volume": 185195,
        "category": "g",
        "source": "tv",
        "shortable": true,
        "exchange_name": "NASD",
        "market_cap": 8.27512,
        "existing": false
    },
    {
        "symbol": "OMI",
        "company": "Owens & Minor, Inc.",
        "change_pct": 14.98,
        "premarket": 15.58,
        "volume": 225,
        "category": "g",
        "source": "tv",
        "shortable": true,
        "exchange_name": "NYSE",
        "market_cap": 1032.405,
        "existing": false
    },
    {
        "symbol": "BILL",
        "company": "BILL Holdings, Inc.",
        "change_pct": 14.77,
        "premarket": 91.71,
        "volume": 47938,
        "category": "g",
        "source": "tv",
        "shortable": true,
        "exchange_name": "NYSE",
        "market_cap": 8501.269,
        "existing": false
    },
    {
        "symbol": "ZAPP",
        "company": "Zapp Electric Vehicles Group Limited",
        "change_pct": 14.68,
        "premarket": 4.61,
        "volume": 6123,
        "category": "g",
        "source": "tv",
        "shortable": false,
        "exchange_name": "NASD",
        "market_cap": 55.79472,
        "existing": false
    },
    {
        "symbol": "DKNG",
        "company": "DraftKings Inc.",
        "change_pct": 14.31,
        "premarket": 24.36,
        "volume": 703492,
        "category": "g",
        "source": "tv",
        "shortable": true,
        "exchange_name": "NASD",
        "market_cap": 9838.814,
        "existing": false
    },
    {
        "symbol": "MINM",
        "company": "Minim, Inc.",
        "change_pct": 13.68,
        "premarket": 3.24,
        "volume": 190767,
        "category": "g",
        "source": "tv",
        "shortable": false,
        "exchange_name": "NASD",
        "market_cap": 5.37947,
        "existing": false
    },
    {
        "symbol": "FIVN",
        "company": "Five9, Inc.",
        "change_pct": 13.29,
        "premarket": 64.01,
        "volume": 36057,
        "category": "g",
        "source": "tv",
        "shortable": true,
        "exchange_name": "NASD",
        "market_cap": 4042.006,
        "existing": false
    },
    {
        "symbol": "PBYI",
        "company": "Puma Biotechnology Inc",
        "change_pct": 13.03,
        "premarket": 2.95,
        "volume": 6307,
        "category": "g",
        "source": "tv",
        "shortable": true,
        "exchange_name": "NASD",
        "market_cap": 121.8646,
        "existing": false
    },
    {
        "symbol": "SNPX",
        "company": "Synaptogenix, Inc.",
        "change_pct": 13.02,
        "premarket": 0.9618,
        "volume": 300,
        "category": "g",
        "source": "tv",
        "shortable": true,
        "exchange_name": "NASD",
        "market_cap": 6.25942,
        "existing": false
    },
    {
        "symbol": "NCR",
        "company": "NCR Corporation",
        "change_pct": 13.01,
        "premarket": 22.15,
        "volume": 600,
        "category": "g",
        "source": "tv",
        "shortable": true,
        "exchange_name": "NYSE",
        "market_cap": 2744.968,
        "existing": false
    },
    {
        "symbol": "AMBI",
        "company": "Ambipar Emergency Response",
        "change_pct": 12.76,
        "premarket": 6.01,
        "volume": 2562,
        "category": "g",
        "source": "tv",
        "shortable": true,
        "exchange_name": "AMEX",
        "market_cap": 185.1127,
        "existing": false
    },
    {
        "symbol": "CMA",
        "company": "Comerica Incorporated",
        "change_pct": 12.75,
        "premarket": 35.19,
        "volume": 57131,
        "category": "g",
        "source": "tv",
        "shortable": true,
        "exchange_name": "NYSE",
        "market_cap": 4109.417,
        "existing": false
    },
    {
        "symbol": "MLEC",
        "company": "Moolec Science SA",
        "change_pct": 12.67,
        "premarket": 3.29,
        "volume": 8302,
        "category": "g",
        "source": "tv",
        "shortable": true,
        "exchange_name": "NASD",
        "market_cap": 109.6759,
        "existing": false
    },
    {
        "symbol": "NBY",
        "company": "NovaBay Pharmaceuticals, Inc.",
        "change_pct": 12.0,
        "premarket": 1.12,
        "volume": 1914,
        "category": "g",
        "source": "tv",
        "shortable": true,
        "exchange_name": "AMEX",
        "market_cap": 29.78846,
        "existing": false
    },
    {
        "symbol": "STEM",
        "company": "Stem, Inc.",
        "change_pct": 11.9,
        "premarket": 4.42,
        "volume": 39830,
        "category": "g",
        "source": "tv",
        "shortable": true,
        "exchange_name": "NYSE",
        "market_cap": 614.2993,
        "existing": false
    },
    {
        "symbol": "KEY",
        "company": "KeyCorp",
        "change_pct": 11.31,
        "premarket": 9.94,
        "volume": 687162,
        "category": "g",
        "source": "tv",
        "shortable": true,
        "exchange_name": "NYSE",
        "market_cap": 8351.595,
        "existing": false
    },
    {
        "symbol": "FFIE",
        "company": "Faraday Future Intelligent Electric Inc.",
        "change_pct": 10.91,
        "premarket": 0.251,
        "volume": 11339100,
        "category": "g",
        "source": "tv",
        "shortable": true,
        "exchange_name": "NASD",
        "market_cap": 171.2647,
        "existing": false
    },
    {
        "symbol": "SMX",
        "company": "SMX (Security Matters) Public Limited Company",
        "change_pct": 10.8,
        "premarket": 0.975,
        "volume": 985196,
        "category": "g",
        "source": "tv",
        "shortable": false,
        "exchange_name": "NASD",
        "market_cap": 19.88239,
        "existing": false
    },
    {
        "symbol": "CETY",
        "company": "Clean Energy Technologies, Inc.",
        "change_pct": 10.5,
        "premarket": 2.0,
        "volume": 2200,
        "category": "g",
        "source": "tv",
        "shortable": false,
        "exchange_name": "NASD",
        "market_cap": 69.67677,
        "existing": false
    },
    {
        "symbol": "VCIG",
        "company": "VCI Global Limited",
        "change_pct": 10.48,
        "premarket": 4.11,
        "volume": 29665,
        "category": "g",
        "source": "tv",
        "shortable": true,
        "exchange_name": "NASD",
        "market_cap": 137.6562,
        "existing": false
    },
    {
        "symbol": "DBD",
        "company": "Diebold Nixdorf Incorporated",
        "change_pct": 10.47,
        "premarket": 0.3977,
        "volume": 179893,
        "category": "g",
        "source": "tv",
        "shortable": true,
        "exchange_name": "NYSE",
        "market_cap": 28.65977,
        "existing": false
    },
    {
        "symbol": "COIN",
        "company": "Coinbase Global, Inc.",
        "change_pct": 9.75,
        "premarket": 54.02,
        "volume": 324331,
        "category": "g",
        "source": "tv",
        "shortable": true,
        "exchange_name": "NASD",
        "market_cap": 11544.2,
        "existing": false
    },
    {
        "symbol": "EYPT",
        "company": "EyePoint Pharmaceuticals, Inc.",
        "change_pct": 9.73,
        "premarket": 7.44,
        "volume": 747,
        "category": "g",
        "source": "tv",
        "shortable": true,
        "exchange_name": "NASD",
        "market_cap": 232.5671,
        "existing": false
    },
    {
        "symbol": "OWLT",
        "company": "Owlet, Inc.",
        "change_pct": 9.64,
        "premarket": 0.339,
        "volume": 100,
        "category": "g",
        "source": "tv",
        "shortable": false,
        "exchange_name": "NYSE",
        "market_cap": 36.32047,
        "existing": false
    },
    {
        "symbol": "BAOS",
        "company": "Baosheng Media Group Holdings Limited",
        "change_pct": 9.58,
        "premarket": 6.75,
        "volume": 3798,
        "category": "g",
        "source": "tv",
        "shortable": false,
        "exchange_name": "NASD",
        "market_cap": 9.39073,
        "existing": false
    }
]