[
    {
        "symbol": "CPRI",
        "company": "Capri Holdings Limited",
        "change_pct": 57.61,
        "premarket": 54.55,
        "volume": 9083000,
        "category": "g",
        "source": "tv",
        "shortable": true,
        "exchange_name": "NYSE",
        "market_cap": 4062.412,
        "existing": false
    },
    {
        "symbol": "EDBL",
        "company": "Edible Garden AG Incorporated",
        "change_pct": 49.33,
        "premarket": 1.8,
        "volume": 8452000,
        "category": "g",
        "source": "tv",
        "shortable": true,
        "exchange_name": "NASD",
        "market_cap": 3.3012,
        "existing": false
    },
    {
        "symbol": "APP",
        "company": "Applovin Corporation",
        "change_pct": 28.87,
        "premarket": 37.9,
        "volume": 176611,
        "category": "g",
        "source": "tv",
        "shortable": true,
        "exchange_name": "NASD",
        "market_cap": 10231.99,
        "existing": false
    },
    {
        "symbol": "MYSZ",
        "company": "My Size, Inc.",
        "change_pct": 25.0,
        "premarket": 1.45,
        "volume": 619906,
        "category": "g",
        "source": "tv",
        "shortable": true,
        "exchange_name": "NASD",
        "market_cap": 0.0,
        "existing": false
    },
    {
        "symbol": "WE",
        "company": "WeWork Inc.",
        "change_pct": 22.89,
        "premarket": 0.1584,
        "volume": 21063000,
        "category": "g",
        "source": "tv",
        "shortable": true,
        "exchange_name": "NYSE",
        "market_cap": 274.5308,
        "existing": false
    },
    {
        "symbol": "EBET",
        "company": "EBET, INC.",
        "change_pct": 16.16,
        "premarket": 0.046,
        "volume": 67914000,
        "category": "g",
        "source": "tv",
        "shortable": true,
        "exchange_name": "NASD",
        "market_cap": 1.62452,
        "existing": false
    },
    {
        "symbol": "GRI",
        "company": "GRI Bio, Inc.",
        "change_pct": 14.8,
        "premarket": 3.18,
        "volume": 100,
        "category": "g",
        "source": "tv",
        "shortable": true,
        "exchange_name": "NASD",
        "market_cap": 8.0855,
        "existing": false
    },
    {
        "symbol": "VTVT",
        "company": "vTv Therapeutics Inc.",
        "change_pct": 14.62,
        "premarket": 0.7693,
        "volume": 2970000,
        "category": "g",
        "source": "tv",
        "shortable": true,
        "exchange_name": "NASD",
        "market_cap": 70.19239,
        "existing": false
    },
    {
        "symbol": "VTGN",
        "company": "VistaGen Therapeutics, Inc.",
        "change_pct": 13.86,
        "premarket": 8.01,
        "volume": 1338000,
        "category": "g",
        "source": "tv",
        "shortable": true,
        "exchange_name": "NASD",
        "market_cap": 56.1736,
        "existing": false
    },
    {
        "symbol": "SNCE",
        "company": "Science 37 Holdings, Inc.",
        "change_pct": 13.53,
        "premarket": 0.4699,
        "volume": 734119,
        "category": "g",
        "source": "tv",
        "shortable": false,
        "exchange_name": "NASD",
        "market_cap": 48.32722,
        "existing": false
    },
    {
        "symbol": "XCUR",
        "company": "Exicure, Inc.",
        "change_pct": 12.79,
        "premarket": 0.97,
        "volume": 1040,
        "category": "g",
        "source": "tv",
        "shortable": true,
        "exchange_name": "NASD",
        "market_cap": 7.43754,
        "existing": false
    },
    {
        "symbol": "ALRM",
        "company": "Alarm.com Holdings, Inc.",
        "change_pct": 12.5,
        "premarket": 55.36,
        "volume": 400,
        "category": "g",
        "source": "tv",
        "shortable": true,
        "exchange_name": "NASD",
        "market_cap": 2452.597,
        "existing": false
    },
    {
        "symbol": "THRN",
        "company": "Thorne Healthtech, Inc.",
        "change_pct": 12.37,
        "premarket": 6.72,
        "volume": 145,
        "category": "g",
        "source": "tv",
        "shortable": true,
        "exchange_name": "NASD",
        "market_cap": 322.0725,
        "existing": false
    },
    {
        "symbol": "DOMA",
        "company": "Doma Holdings, Inc.",
        "change_pct": 12.32,
        "premarket": 7.2,
        "volume": 100,
        "category": "g",
        "source": "tv",
        "shortable": true,
        "exchange_name": "NYSE",
        "market_cap": 85.39705,
        "existing": false
    },
    {
        "symbol": "LMB",
        "company": "Limbach Holdings, Inc.",
        "change_pct": 12.08,
        "premarket": 30.98,
        "volume": 1000,
        "category": "g",
        "source": "tv",
        "shortable": true,
        "exchange_name": "NASD",
        "market_cap": 292.4108,
        "existing": false
    },
    {
        "symbol": "YETI",
        "company": "YETI Holdings, Inc.",
        "change_pct": 11.86,
        "premarket": 44.25,
        "volume": 25101,
        "category": "g",
        "source": "tv",
        "shortable": true,
        "exchange_name": "NYSE",
        "market_cap": 3427.839,
        "existing": false
    },
    {
        "symbol": "LITM",
        "company": "Snow Lake Resources Ltd.",
        "change_pct": 11.56,
        "premarket": 2.22,
        "volume": 25792,
        "category": "g",
        "source": "tv",
        "shortable": true,
        "exchange_name": "NASD",
        "market_cap": 35.67027,
        "existing": false
    },
    {
        "symbol": "III",
        "company": "Information Services Group, Inc.",
        "change_pct": 11.43,
        "premarket": 5.85,
        "volume": 360,
        "category": "g",
        "source": "tv",
        "shortable": false,
        "exchange_name": "NASD",
        "market_cap": 254.0094,
        "existing": false
    },
    {
        "symbol": "CELU",
        "company": "Celularity Inc.",
        "change_pct": 11.28,
        "premarket": 0.37,
        "volume": 18424,
        "category": "g",
        "source": "tv",
        "shortable": true,
        "exchange_name": "NASD",
        "market_cap": 62.87632,
        "existing": false
    },
    {
        "symbol": "XELA",
        "company": "Exela Technologies, Inc.",
        "change_pct": 10.85,
        "premarket": 5.62,
        "volume": 471193,
        "category": "g",
        "source": "tv",
        "shortable": true,
        "exchange_name": "NASD",
        "market_cap": 32.30108,
        "existing": false
    },
    {
        "symbol": "BLND",
        "company": "Blend Labs, Inc.",
        "change_pct": 10.66,
        "premarket": 1.35,
        "volume": 7853,
        "category": "g",
        "source": "tv",
        "shortable": false,
        "exchange_name": "NYSE",
        "market_cap": 297.4982,
        "existing": false
    },
    {
        "symbol": "VLN",
        "company": "Valens Semiconductor Ltd.",
        "change_pct": 10.48,
        "premarket": 2.74,
        "volume": 19876,
        "category": "g",
        "source": "tv",
        "shortable": true,
        "exchange_name": "NYSE",
        "market_cap": 253.932,
        "existing": false
    },
    {
        "symbol": "PFIE",
        "company": "Profire Energy, Inc.",
        "change_pct": 10.39,
        "premarket": 1.7,
        "volume": 14658,
        "category": "g",
        "source": "tv",
        "shortable": false,
        "exchange_name": "NASD",
        "market_cap": 72.92191,
        "existing": false
    },
    {
        "symbol": "GAN",
        "company": "GAN Limited",
        "change_pct": 10.18,
        "premarket": 1.95,
        "volume": 27791,
        "category": "g",
        "source": "tv",
        "shortable": true,
        "exchange_name": "NASD",
        "market_cap": 79.0896,
        "existing": false
    },
    {
        "symbol": "SNTI",
        "company": "Senti Biosciences, Inc.",
        "change_pct": 10.14,
        "premarket": 0.8954,
        "volume": 504,
        "category": "g",
        "source": "tv",
        "shortable": true,
        "exchange_name": "NASD",
        "market_cap": 35.90861,
        "existing": false
    },
    {
        "symbol": "TPR",
        "company": "Tapestry, Inc.",
        "change_pct": -8.22,
        "premarket": 37.85,
        "volume": 1909000,
        "category": "l",
        "source": "tv",
        "shortable": true,
        "exchange_name": "NYSE",
        "market_cap": 9559.341,
        "existing": false
    },
    {
        "symbol": "SWAV",
        "company": "ShockWave Medical, Inc.",
        "change_pct": -4.93,
        "premarket": 218.51,
        "volume": 5742,
        "category": "l",
        "source": "tv",
        "shortable": true,
        "exchange_name": "NASD",
        "market_cap": 8446.711,
        "existing": false
    },
    {
        "symbol": "PLUG",
        "company": "Plug Power, Inc.",
        "change_pct": -13.02,
        "premarket": 9.35,
        "volume": 2796000,
        "category": "l",
        "source": "tv",
        "shortable": true,
        "exchange_name": "NASD",
        "market_cap": 6455.77,
        "existing": false
    },
    {
        "symbol": "BXSL",
        "company": "Blackstone Secured Lending Fund",
        "change_pct": -5.63,
        "premarket": 27.15,
        "volume": 272091,
        "category": "l",
        "source": "tv",
        "shortable": true,
        "exchange_name": "NYSE",
        "market_cap": 4759.059,
        "existing": false
    },
    {
        "symbol": "DNA",
        "company": "Ginkgo Bioworks Holdings, Inc.",
        "change_pct": -4.73,
        "premarket": 1.92,
        "volume": 467324,
        "category": "l",
        "source": "tv",
        "shortable": true,
        "exchange_name": "NYSE",
        "market_cap": 3950.654,
        "existing": false
    },
    {
        "symbol": "FLYW",
        "company": "Flywire Corporation - Voting",
        "change_pct": -6.06,
        "premarket": 32.1,
        "volume": 182632,
        "category": "l",
        "source": "tv",
        "shortable": true,
        "exchange_name": "NASD",
        "market_cap": 3784.55,
        "existing": false
    },
    {
        "symbol": "MMYT",
        "company": "MakeMyTrip Limited",
        "change_pct": -4.97,
        "premarket": 33.05,
        "volume": 2226,
        "category": "l",
        "source": "tv",
        "shortable": true,
        "exchange_name": "NASD",
        "market_cap": 3691.218,
        "existing": false
    },
    {
        "symbol": "CERT",
        "company": "Certara, Inc.",
        "change_pct": -15.12,
        "premarket": 15.21,
        "volume": 22126,
        "category": "l",
        "source": "tv",
        "shortable": true,
        "exchange_name": "NASD",
        "market_cap": 2864.184,
        "existing": false
    },
    {
        "symbol": "ACDC",
        "company": "ProFrac Holding Corp.",
        "change_pct": -7.4,
        "premarket": 11.76,
        "volume": 39261,
        "category": "l",
        "source": "tv",
        "shortable": true,
        "exchange_name": "NASD",
        "market_cap": 2019.259,
        "existing": false
    },
    {
        "symbol": "AHCO",
        "company": "AdaptHealth Corp.",
        "change_pct": -5.55,
        "premarket": 13.95,
        "volume": 4280,
        "category": "l",
        "source": "tv",
        "shortable": true,
        "exchange_name": "NASD",
        "market_cap": 1981.727,
        "existing": false
    },
    {
        "symbol": "HBI",
        "company": "Hanesbrands Inc.",
        "change_pct": -7.13,
        "premarket": 4.95,
        "volume": 136545,
        "category": "l",
        "source": "tv",
        "shortable": true,
        "exchange_name": "NYSE",
        "market_cap": 1862.996,
        "existing": false
    },
    {
        "symbol": "MGNI",
        "company": "Magnite, Inc.",
        "change_pct": -17.34,
        "premarket": 10.2,
        "volume": 39631,
        "category": "l",
        "source": "tv",
        "shortable": true,
        "exchange_name": "NASD",
        "market_cap": 1672.99,
        "existing": false
    },
    {
        "symbol": "TASK",
        "company": "TaskUs, Inc.",
        "change_pct": -18.53,
        "premarket": 9.76,
        "volume": 20824,
        "category": "l",
        "source": "tv",
        "shortable": true,
        "exchange_name": "NASD",
        "market_cap": 1163.244,
        "existing": false
    },
    {
        "symbol": "WWW",
        "company": "Wolverine World Wide, Inc.",
        "change_pct": -21.69,
        "premarket": 9.24,
        "volume": 87810,
        "category": "l",
        "source": "tv",
        "shortable": true,
        "exchange_name": "NYSE",
        "market_cap": 937.306,
        "existing": false
    },
    {
        "symbol": "PRM",
        "company": "Perimeter Solutions, SA",
        "change_pct": -4.51,
        "premarket": 5.5,
        "volume": 100,
        "category": "l",
        "source": "tv",
        "shortable": true,
        "exchange_name": "NYSE",
        "market_cap": 890.04,
        "existing": false
    },
    {
        "symbol": "GGR",
        "company": "Gogoro Inc.",
        "change_pct": -4.97,
        "premarket": 2.87,
        "volume": 21079,
        "category": "l",
        "source": "tv",
        "shortable": true,
        "exchange_name": "NASD",
        "market_cap": 737.4696,
        "existing": false
    },
    {
        "symbol": "TNGX",
        "company": "Tango Therapeutics, Inc.",
        "change_pct": -4.99,
        "premarket": 7.42,
        "volume": 733983,
        "category": "l",
        "source": "tv",
        "shortable": false,
        "exchange_name": "NASD",
        "market_cap": 690.455,
        "existing": false
    },
    {
        "symbol": "CYRX",
        "company": "CryoPort, Inc.",
        "change_pct": -5.49,
        "premarket": 12.9,
        "volume": 10704,
        "category": "l",
        "source": "tv",
        "shortable": true,
        "exchange_name": "NASD",
        "market_cap": 621.6935,
        "existing": false
    },
    {
        "symbol": "ORGN",
        "company": "Origin Materials, Inc.",
        "change_pct": -55.66,
        "premarket": 1.92,
        "volume": 1142000,
        "category": "l",
        "source": "tv",
        "shortable": true,
        "exchange_name": "NASD",
        "market_cap": 621.0887,
        "existing": false
    },
    {
        "symbol": "MKTW",
        "company": "MarketWise, Inc.",
        "change_pct": -4.86,
        "premarket": 1.76,
        "volume": 300,
        "category": "l",
        "source": "tv",
        "shortable": true,
        "exchange_name": "NASD",
        "market_cap": 604.0656,
        "existing": false
    },
    {
        "symbol": "OSPN",
        "company": "OneSpan Inc.",
        "change_pct": -13.73,
        "premarket": 11.5,
        "volume": 400,
        "category": "l",
        "source": "tv",
        "shortable": true,
        "exchange_name": "NASD",
        "market_cap": 532.5272,
        "existing": false
    },
    {
        "symbol": "MXCT",
        "company": "MaxCyte, Inc.",
        "change_pct": -4.36,
        "premarket": 4.17,
        "volume": 600,
        "category": "l",
        "source": "tv",
        "shortable": true,
        "exchange_name": "NASD",
        "market_cap": 451.2799,
        "existing": false
    },
    {
        "symbol": "ORGO",
        "company": "Organogenesis Holdings Inc.",
        "change_pct": -35.99,
        "premarket": 2.17,
        "volume": 53243,
        "category": "l",
        "source": "tv",
        "shortable": true,
        "exchange_name": "NASD",
        "market_cap": 444.9776,
        "existing": false
    },
    {
        "symbol": "INVZ",
        "company": "Innoviz Technologies Ltd.",
        "change_pct": -21.02,
        "premarket": 2.48,
        "volume": 1948000,
        "category": "l",
        "source": "tv",
        "shortable": true,
        "exchange_name": "NASD",
        "market_cap": 428.0498,
        "existing": false
    },
    {
        "symbol": "BURU",
        "company": "Nuburu, Inc.",
        "change_pct": -5.55,
        "premarket": 0.614,
        "volume": 413149,
        "category": "l",
        "source": "tv",
        "shortable": true,
        "exchange_name": "AMEX",
        "market_cap": 420.2762,
        "existing": false
    }
]