{
    "LGMK": {
        "symbol": "LGMK",
        "company": "LogicMark, Inc.",
        "change_pct": 119.38,
        "premarket": 0.0283,
        "volume": 889,
        "category": "g"
    },
    "WLDS": {
        "symbol": "WLDS",
        "company": "Wearable Devices Ltd.",
        "change_pct": 73.33,
        "premarket": 2.08,
        "volume": 18,
        "category": "g"
    },
    "OMH": {
        "symbol": "OMH",
        "company": "Ohmyhome Limited",
        "change_pct": 39.41,
        "premarket": 2.83,
        "volume": 5,
        "category": "g"
    },
    "HIMS": {
        "symbol": "HIMS",
        "company": "Hims & Hers Health, Inc.",
        "change_pct": 35.53,
        "premarket": 38.6,
        "volume": 15,
        "category": "g"
    },
    "DMN": {
        "symbol": "DMN",
        "company": "Damon Inc.",
        "change_pct": 34.21,
        "premarket": 0.0051,
        "volume": 479,
        "category": "g"
    },
    "FOXO": {
        "symbol": "FOXO",
        "company": "FOXO Technologies Inc.",
        "change_pct": 30.8,
        "premarket": 1.1,
        "volume": 400,
        "category": "g"
    },
    "LFMD": {
        "symbol": "LFMD",
        "company": "LifeMD, Inc.",
        "change_pct": 22.29,
        "premarket": 7.46,
        "volume": 2,
        "category": "g"
    },
    "OMEX": {
        "symbol": "OMEX",
        "company": "Odyssey Marine Exploration, Inc.",
        "change_pct": 21.2,
        "premarket": 1.6,
        "volume": 2,
        "category": "g"
    },
    "LEG": {
        "symbol": "LEG",
        "company": "Leggett & Platt, Incorporated",
        "change_pct": 20.5,
        "premarket": 8.76,
        "volume": 22,
        "category": "g"
    },
    "BON": {
        "symbol": "BON",
        "company": "Bon Natural Life Limited",
        "change_pct": 20.0,
        "premarket": 0.078,
        "volume": 73,
        "category": "g"
    },
    "TVGN": {
        "symbol": "TVGN",
        "company": "Tevogen Bio Holdings Inc.",
        "change_pct": 19.5,
        "premarket": 1.1202,
        "volume": 5,
        "category": "g"
    },
    "SEI": {
        "symbol": "SEI",
        "company": "Solaris Energy Infrastructure, Inc.",
        "change_pct": 16.48,
        "premarket": 23.96,
        "volume": 2,
        "category": "g"
    },
    "UBXG": {
        "symbol": "UBXG",
        "company": "U-BX Technology Ltd.",
        "change_pct": 15.95,
        "premarket": 4.34,
        "volume": 319,
        "category": "g"
    },
    "CLVT": {
        "symbol": "CLVT",
        "company": "Clarivate Plc",
        "change_pct": 15.04,
        "premarket": 4.13,
        "volume": 17,
        "category": "g"
    },
    "WOLF": {
        "symbol": "WOLF",
        "company": "Wolfspeed, Inc.",
        "change_pct": 15.01,
        "premarket": 4.75,
        "volume": 3,
        "category": "g"
    },
    "LZMH": {
        "symbol": "LZMH",
        "company": "LZ Technology Holdings Limited",
        "change_pct": 14.46,
        "premarket": 9.17,
        "volume": 14,
        "category": "g"
    },
    "FAAS": {
        "symbol": "FAAS",
        "company": "DigiAsia Corp.",
        "change_pct": 14.0,
        "premarket": 0.2696,
        "volume": 856,
        "category": "g"
    },
    "IFRX": {
        "symbol": "IFRX",
        "company": "InflaRx N.V.",
        "change_pct": 13.93,
        "premarket": 1.39,
        "volume": 919,
        "category": "g"
    },
    "AARD": {
        "symbol": "AARD",
        "company": "Aardvark Therapeutics, Inc.",
        "change_pct": 13.64,
        "premarket": 11.5,
        "volume": 1,
        "category": "g"
    },
    "AGMH": {
        "symbol": "AGMH",
        "company": "AGM Group Holdings Inc.",
        "change_pct": 12.61,
        "premarket": 0.1509,
        "volume": 82,
        "category": "g"
    },
    "YOSH": {
        "symbol": "YOSH",
        "company": "Yoshiharu Global Co.",
        "change_pct": 11.66,
        "premarket": 13.5,
        "volume": 508,
        "category": "g"
    },
    "WW": {
        "symbol": "WW",
        "company": "WW International, Inc.",
        "change_pct": 11.66,
        "premarket": 0.4617,
        "volume": 6,
        "category": "g"
    },
    "JAGX": {
        "symbol": "JAGX",
        "company": "Jaguar Health, Inc.",
        "change_pct": 11.53,
        "premarket": 11.9,
        "volume": 23,
        "category": "g"
    },
    "BYON": {
        "symbol": "BYON",
        "company": "Beyond, Inc.",
        "change_pct": 11.24,
        "premarket": 4.65,
        "volume": 220,
        "category": "g"
    },
    "GLTO": {
        "symbol": "GLTO",
        "company": "Galecto, Inc.",
        "change_pct": 11.19,
        "premarket": 2.98,
        "volume": 12,
        "category": "g"
    },
    "TRS": {
        "symbol": "TRS",
        "company": "TriMas Corporation",
        "change_pct": 10.62,
        "premarket": 23.22,
        "volume": 400,
        "category": "g"
    },
    "DGLY": {
        "symbol": "DGLY",
        "company": "Digital Ally, Inc.",
        "change_pct": 10.48,
        "premarket": 0.0348,
        "volume": 27,
        "category": "g"
    },
    "LGL": {
        "symbol": "LGL",
        "company": "LGL Group, Inc. (The)",
        "change_pct": 10.32,
        "premarket": 7.7,
        "volume": 9,
        "category": "g"
    },
    "TMC": {
        "symbol": "TMC",
        "company": "TMC the metals company Inc.",
        "change_pct": 10.27,
        "premarket": 3.65,
        "volume": 422,
        "category": "g"
    },
    "GOSS": {
        "symbol": "GOSS",
        "company": "Gossamer Bio, Inc.",
        "change_pct": 10.25,
        "premarket": 0.9662,
        "volume": 530,
        "category": "g"
    },
    "SGMA": {
        "symbol": "SGMA",
        "company": "SigmaTron International, Inc.",
        "change_pct": 10.08,
        "premarket": 1.31,
        "volume": 705,
        "category": "g"
    },
    "ZBAI": {
        "symbol": "ZBAI",
        "company": "ATIF Holdings Limited",
        "change_pct": 10.0,
        "premarket": 1.1,
        "volume": 4,
        "category": "g"
    },
    "EVLV": {
        "symbol": "EVLV",
        "company": "Evolv Technologies Holdings, Inc.",
        "change_pct": 9.86,
        "premarket": 4.57,
        "volume": 148,
        "category": "g"
    },
    "PLUG": {
        "symbol": "PLUG",
        "company": "Plug Power, Inc.",
        "change_pct": 9.8,
        "premarket": 1.12,
        "volume": 9,
        "category": "g"
    },
    "FOUR": {
        "symbol": "FOUR",
        "company": "Shift4 Payments, Inc.",
        "change_pct": 9.69,
        "premarket": 87.38,
        "volume": 19,
        "category": "g"
    },
    "HOOK": {
        "symbol": "HOOK",
        "company": "HOOKIPA Pharma Inc.",
        "change_pct": 9.48,
        "premarket": 0.8769,
        "volume": 376,
        "category": "g"
    },
    "SPWH": {
        "symbol": "SPWH",
        "company": "Sportsman's Warehouse Holdings, Inc.",
        "change_pct": 9.1,
        "premarket": 1.78,
        "volume": 100,
        "category": "g"
    },
    "SMXT": {
        "symbol": "SMXT",
        "company": "Solarmax Technology Inc.",
        "change_pct": 9.09,
        "premarket": 1.2,
        "volume": 383,
        "category": "g"
    },
    "NE": {
        "symbol": "NE",
        "company": "Noble Corporation plc A",
        "change_pct": 9.05,
        "premarket": 22.9,
        "volume": 11,
        "category": "g"
    },
    "DRRX": {
        "symbol": "DRRX",
        "company": "DURECT Corporation",
        "change_pct": 9.0,
        "premarket": 0.665,
        "volume": 675,
        "category": "g"
    },
    "CUE": {
        "symbol": "CUE",
        "company": "Cue Biopharma, Inc.",
        "change_pct": 8.85,
        "premarket": 0.86,
        "volume": 1,
        "category": "g"
    },
    "BANL": {
        "symbol": "BANL",
        "company": "CBL International Limited",
        "change_pct": 8.81,
        "premarket": 1.1,
        "volume": 300,
        "category": "g"
    },
    "MGRM": {
        "symbol": "MGRM",
        "company": "Monogram Technologies Inc.",
        "change_pct": 8.75,
        "premarket": 3.23,
        "volume": 9,
        "category": "g"
    },
    "ZBRA": {
        "symbol": "ZBRA",
        "company": "Zebra Technologies Corporation",
        "change_pct": 8.63,
        "premarket": 264.5,
        "volume": 2,
        "category": "g"
    },
    "ERNA": {
        "symbol": "ERNA",
        "company": "Ernexa Therapeutics Inc.",
        "change_pct": 8.51,
        "premarket": 0.2295,
        "volume": 500,
        "category": "g"
    },
    "MBRX": {
        "symbol": "MBRX",
        "company": "Moleculin Biotech, Inc.",
        "change_pct": 8.45,
        "premarket": 1.07,
        "volume": 204,
        "category": "g"
    },
    "ECX": {
        "symbol": "ECX",
        "company": "ECARX Holdings Inc.",
        "change_pct": 8.4,
        "premarket": 1.29,
        "volume": 36,
        "category": "g"
    },
    "SGBX": {
        "symbol": "SGBX",
        "company": "Safe & Green Holdings Corp.",
        "change_pct": 8.18,
        "premarket": 0.43,
        "volume": 14,
        "category": "g"
    },
    "ASBP": {
        "symbol": "ASBP",
        "company": "Aspire Biopharma Holdings, Inc.",
        "change_pct": 8.17,
        "premarket": 0.49,
        "volume": 1,
        "category": "g"
    },
    "EKSO": {
        "symbol": "EKSO",
        "company": "Ekso Bionics Holdings, Inc.",
        "change_pct": 8.16,
        "premarket": 0.55,
        "volume": 18,
        "category": "g"
    },
    "TBI": {
        "symbol": "TBI",
        "company": "TrueBlue, Inc.",
        "change_pct": 8.14,
        "premarket": 4.65,
        "volume": 100,
        "category": "g"
    },
    "SCLX": {
        "symbol": "SCLX",
        "company": "Scilex Holding Company",
        "change_pct": 8.08,
        "premarket": 5.35,
        "volume": 2,
        "category": "g"
    },
    "PUMP": {
        "symbol": "PUMP",
        "company": "ProPetro Holding Corp.",
        "change_pct": 7.97,
        "premarket": 5.69,
        "volume": 3,
        "category": "g"
    },
    "CARM": {
        "symbol": "CARM",
        "company": "Carisma Therapeutics, Inc.",
        "change_pct": 7.89,
        "premarket": 0.2201,
        "volume": 300,
        "category": "g"
    },
    "METC": {
        "symbol": "METC",
        "company": "Ramaco Resources, Inc.",
        "change_pct": 7.89,
        "premarket": 10.75,
        "volume": 500,
        "category": "g"
    },
    "AMOD": {
        "symbol": "AMOD",
        "company": "Alpha Modus Holdings, Inc.",
        "change_pct": 7.83,
        "premarket": 1.24,
        "volume": 10,
        "category": "g"
    },
    "STI": {
        "symbol": "STI",
        "company": "Solidion Technology, Inc.",
        "change_pct": 7.7,
        "premarket": 0.1077,
        "volume": 32,
        "category": "g"
    },
    "PMEC": {
        "symbol": "PMEC",
        "company": "Primech Holdings Ltd.",
        "change_pct": 7.65,
        "premarket": 0.9151,
        "volume": 18,
        "category": "g"
    },
    "EVEX": {
        "symbol": "EVEX",
        "company": "Eve Holding, Inc.",
        "change_pct": 7.53,
        "premarket": 4.0,
        "volume": 125,
        "category": "g"
    },
    "VOR": {
        "symbol": "VOR",
        "company": "Vor Biopharma Inc.",
        "change_pct": 7.5,
        "premarket": 0.75,
        "volume": 308,
        "category": "g"
    },
    "APCX": {
        "symbol": "APCX",
        "company": "AppTech Payments Corp.",
        "change_pct": 7.37,
        "premarket": 0.29,
        "volume": 3,
        "category": "g"
    },
    "GTI": {
        "symbol": "GTI",
        "company": "Graphjet Technology",
        "change_pct": 7.36,
        "premarket": 0.1196,
        "volume": 77,
        "category": "g"
    },
    "NXTC": {
        "symbol": "NXTC",
        "company": "NextCure, Inc.",
        "change_pct": 7.36,
        "premarket": 0.499,
        "volume": 300,
        "category": "g"
    },
    "ALZN": {
        "symbol": "ALZN",
        "company": "Alzamend Neuro, Inc.",
        "change_pct": 7.25,
        "premarket": 0.71,
        "volume": 5,
        "category": "g"
    },
    "BLNE": {
        "symbol": "BLNE",
        "company": "Beeline Holdings, Inc.",
        "change_pct": 7.19,
        "premarket": 1.64,
        "volume": 18,
        "category": "g"
    },
    "IPW": {
        "symbol": "IPW",
        "company": "iPower Inc.",
        "change_pct": 6.92,
        "premarket": 0.61,
        "volume": 1,
        "category": "g"
    },
    "IBG": {
        "symbol": "IBG",
        "company": "Innovation Beverage Group Limited",
        "change_pct": 6.9,
        "premarket": 0.7499,
        "volume": 1,
        "category": "g"
    },
    "GDHG": {
        "symbol": "GDHG",
        "company": "Golden Heaven Group Holdings Ltd.",
        "change_pct": 6.9,
        "premarket": 0.31,
        "volume": 24,
        "category": "g"
    },
    "ATXS": {
        "symbol": "ATXS",
        "company": "Astria Therapeutics, Inc.",
        "change_pct": 6.85,
        "premarket": 5.3,
        "volume": 1,
        "category": "g"
    },
    "RMCO": {
        "symbol": "RMCO",
        "company": "Royalty Management Holding Corporation",
        "change_pct": 6.84,
        "premarket": 1.25,
        "volume": 300,
        "category": "g"
    },
    "AMIX": {
        "symbol": "AMIX",
        "company": "Autonomix Medical, Inc.",
        "change_pct": 6.84,
        "premarket": 2.5,
        "volume": 16,
        "category": "g"
    },
    "EZGO": {
        "symbol": "EZGO",
        "company": "EZGO Technologies Ltd.",
        "change_pct": 6.81,
        "premarket": 0.35,
        "volume": 5,
        "category": "g"
    },
    "RDZN": {
        "symbol": "RDZN",
        "company": "Roadzen, Inc.",
        "change_pct": 6.8,
        "premarket": 0.89,
        "volume": 2,
        "category": "g"
    },
    "GNS": {
        "symbol": "GNS",
        "company": "Genius Group Limited",
        "change_pct": 6.57,
        "premarket": 0.422,
        "volume": 131,
        "category": "g"
    },
    "CRIS": {
        "symbol": "CRIS",
        "company": "Curis, Inc.",
        "change_pct": 6.45,
        "premarket": 1.98,
        "volume": 468,
        "category": "g"
    },
    "SOFI": {
        "symbol": "SOFI",
        "company": "SoFi Technologies, Inc.",
        "change_pct": 6.29,
        "premarket": 14.03,
        "volume": 11,
        "category": "g"
    },
    "NEHC": {
        "symbol": "NEHC",
        "company": "New Era Helium Inc",
        "change_pct": 6.25,
        "premarket": 1.02,
        "volume": 4,
        "category": "g"
    },
    "BCLI": {
        "symbol": "BCLI",
        "company": "Brainstorm Cell Therapeutics Inc.",
        "change_pct": 6.25,
        "premarket": 1.19,
        "volume": 5,
        "category": "g"
    },
    "MLGO": {
        "symbol": "MLGO",
        "company": "MicroAlgo, Inc.",
        "change_pct": 6.19,
        "premarket": 7.55,
        "volume": 807,
        "category": "g"
    },
    "ALBT": {
        "symbol": "ALBT",
        "company": "Avalon GloboCare Corp.",
        "change_pct": 6.17,
        "premarket": 4.3,
        "volume": 38,
        "category": "g"
    },
    "LTRX": {
        "symbol": "LTRX",
        "company": "Lantronix, Inc.",
        "change_pct": 6.13,
        "premarket": 2.25,
        "volume": 191,
        "category": "g"
    },
    "OBIO": {
        "symbol": "OBIO",
        "company": "Orchestra BioMed Holdings, Inc.",
        "change_pct": 6.13,
        "premarket": 2.77,
        "volume": 20,
        "category": "g"
    },
    "SKYX": {
        "symbol": "SKYX",
        "company": "SKYX Platforms Corp.",
        "change_pct": 5.93,
        "premarket": 1.25,
        "volume": 7,
        "category": "g"
    },
    "HUBC": {
        "symbol": "HUBC",
        "company": "Hub Cyber Security Ltd.",
        "change_pct": 5.79,
        "premarket": 2.56,
        "volume": 100,
        "category": "g"
    },
    "CYCU": {
        "symbol": "CYCU",
        "company": "Cycurion, Inc.",
        "change_pct": 5.69,
        "premarket": 0.481,
        "volume": 2,
        "category": "g"
    },
    "BSGM": {
        "symbol": "BSGM",
        "company": "BioSig Technologies, Inc.",
        "change_pct": 5.68,
        "premarket": 1.1,
        "volume": 1,
        "category": "g"
    },
    "IMTX": {
        "symbol": "IMTX",
        "company": "Immatics N.V.",
        "change_pct": 5.66,
        "premarket": 5.04,
        "volume": 100,
        "category": "g"
    },
    "LMFA": {
        "symbol": "LMFA",
        "company": "LM Funding America, Inc.",
        "change_pct": 5.59,
        "premarket": 1.7,
        "volume": 1,
        "category": "g"
    },
    "CVLT": {
        "symbol": "CVLT",
        "company": "Commvault Systems, Inc.",
        "change_pct": 5.53,
        "premarket": 175.13,
        "volume": 616,
        "category": "g"
    },
    "IKNA": {
        "symbol": "IKNA",
        "company": "Ikena Oncology, Inc.",
        "change_pct": 5.51,
        "premarket": 1.34,
        "volume": 3,
        "category": "g"
    },
    "JFBR": {
        "symbol": "JFBR",
        "company": "Jeffs' Brands Ltd",
        "change_pct": 5.48,
        "premarket": 0.83,
        "volume": 225,
        "category": "g"
    },
    "ASST": {
        "symbol": "ASST",
        "company": "Asset Entities Inc.",
        "change_pct": 5.43,
        "premarket": 0.5999,
        "volume": 3,
        "category": "g"
    },
    "SOBR": {
        "symbol": "SOBR",
        "company": "SOBR Safe, Inc.",
        "change_pct": 5.42,
        "premarket": 3.5,
        "volume": 200,
        "category": "g"
    },
    "SMTK": {
        "symbol": "SMTK",
        "company": "SmartKem, Inc.",
        "change_pct": 5.42,
        "premarket": 2.53,
        "volume": 125,
        "category": "g"
    },
    "OSRH": {
        "symbol": "OSRH",
        "company": "OSR Holdings, Inc.",
        "change_pct": 5.42,
        "premarket": 1.46,
        "volume": 5,
        "category": "g"
    },
    "GV": {
        "symbol": "GV",
        "company": "Visionary Holdings Inc.",
        "change_pct": 5.31,
        "premarket": 2.18,
        "volume": 1,
        "category": "g"
    },
    "NVNI": {
        "symbol": "NVNI",
        "company": "Nvni Group Limited",
        "change_pct": 5.29,
        "premarket": 0.1631,
        "volume": 134,
        "category": "g"
    },
    "LCTX": {
        "symbol": "LCTX",
        "company": "Lineage Cell Therapeutics, Inc.",
        "change_pct": 5.28,
        "premarket": 0.4843,
        "volume": 2,
        "category": "g"
    },
    "NUWE": {
        "symbol": "NUWE",
        "company": "Nuwellis, Inc.",
        "change_pct": 5.26,
        "premarket": 1.0,
        "volume": 288,
        "category": "g"
    },
    "JDZG": {
        "symbol": "JDZG",
        "company": "JIADE LIMITED",
        "change_pct": 5.26,
        "premarket": 0.75,
        "volume": 25,
        "category": "g"
    },
    "JBIO": {
        "symbol": "JBIO",
        "company": "Aerovate Therapeutics, Inc.",
        "change_pct": -99.6,
        "premarket": 12.99,
        "volume": 432,
        "category": "l"
    },
    "IXHL": {
        "symbol": "IXHL",
        "company": "Incannex Healthcare Inc.",
        "change_pct": -75.26,
        "premarket": 0.1509,
        "volume": 5,
        "category": "l"
    },
    "PHX": {
        "symbol": "PHX",
        "company": "PHX Minerals Inc.",
        "change_pct": -24.37,
        "premarket": 3.01,
        "volume": 200,
        "category": "l"
    },
    "ITRM": {
        "symbol": "ITRM",
        "company": "Iterum Therapeutics plc",
        "change_pct": -18.25,
        "premarket": 1.03,
        "volume": 143,
        "category": "l"
    },
    "CYCC": {
        "symbol": "CYCC",
        "company": "Cyclacel Pharmaceuticals, Inc.",
        "change_pct": -18.23,
        "premarket": 0.2333,
        "volume": 7,
        "category": "l"
    },
    "RLMD": {
        "symbol": "RLMD",
        "company": "Relmada Therapeutics, Inc.",
        "change_pct": -15.99,
        "premarket": 0.3,
        "volume": 779,
        "category": "l"
    },
    "ZDGE": {
        "symbol": "ZDGE",
        "company": "Zedge, Inc.",
        "change_pct": -15.69,
        "premarket": 2.15,
        "volume": 100,
        "category": "l"
    },
    "UPC": {
        "symbol": "UPC",
        "company": "Universe Pharmaceuticals Inc",
        "change_pct": -14.96,
        "premarket": 5.06,
        "volume": 40,
        "category": "l"
    },
    "PMAX": {
        "symbol": "PMAX",
        "company": "Powell Max Limited",
        "change_pct": -14.61,
        "premarket": 0.36,
        "volume": 207,
        "category": "l"
    },
    "INTJ": {
        "symbol": "INTJ",
        "company": "Intelligent Group Limited",
        "change_pct": -14.24,
        "premarket": 0.578,
        "volume": 92,
        "category": "l"
    },
    "LVLU": {
        "symbol": "LVLU",
        "company": "Lulu's Fashion Lounge Holdings, Inc.",
        "change_pct": -14.09,
        "premarket": 0.3866,
        "volume": 103,
        "category": "l"
    },
    "PTLE": {
        "symbol": "PTLE",
        "company": "PTL LTD",
        "change_pct": -13.97,
        "premarket": 1.17,
        "volume": 71,
        "category": "l"
    },
    "DMRC": {
        "symbol": "DMRC",
        "company": "Digimarc Corporation",
        "change_pct": -12.4,
        "premarket": 11.3,
        "volume": 100,
        "category": "l"
    },
    "UCTT": {
        "symbol": "UCTT",
        "company": "Ultra Clean Holdings, Inc.",
        "change_pct": -12.02,
        "premarket": 19.62,
        "volume": 9,
        "category": "l"
    },
    "MCRP": {
        "symbol": "MCRP",
        "company": "Micropolis Holding Company",
        "change_pct": -11.07,
        "premarket": 2.25,
        "volume": 100,
        "category": "l"
    },
    "ABVE": {
        "symbol": "ABVE",
        "company": "Above Food Ingredients Inc.",
        "change_pct": -9.81,
        "premarket": 0.8101,
        "volume": 27,
        "category": "l"
    },
    "NXTT": {
        "symbol": "NXTT",
        "company": "Next Technology Holding Inc.",
        "change_pct": -9.28,
        "premarket": 0.2713,
        "volume": 3,
        "category": "l"
    },
    "RMSG": {
        "symbol": "RMSG",
        "company": "Real Messenger Corporation",
        "change_pct": -8.51,
        "premarket": 1.97,
        "volume": 870,
        "category": "l"
    },
    "ALGS": {
        "symbol": "ALGS",
        "company": "Aligos Therapeutics, Inc.",
        "change_pct": -8.45,
        "premarket": 4.85,
        "volume": 2,
        "category": "l"
    },
    "SIGA": {
        "symbol": "SIGA",
        "company": "SIGA Technologies Inc.",
        "change_pct": -8.03,
        "premarket": 5.84,
        "volume": 4,
        "category": "l"
    },
    "SSII": {
        "symbol": "SSII",
        "company": "SS Innovations International Inc.",
        "change_pct": -7.99,
        "premarket": 10.0,
        "volume": 226,
        "category": "l"
    },
    "NXPI": {
        "symbol": "NXPI",
        "company": "NXP Semiconductors N.V.",
        "change_pct": -7.97,
        "premarket": 180.6,
        "volume": 179,
        "category": "l"
    },
    "CGTL": {
        "symbol": "CGTL",
        "company": "Creative Global Technology Holdings Limited",
        "change_pct": -7.93,
        "premarket": 1.09,
        "volume": 79,
        "category": "l"
    },
    "USGO": {
        "symbol": "USGO",
        "company": "U.S. GoldMining Inc.",
        "change_pct": -7.93,
        "premarket": 9.17,
        "volume": 100,
        "category": "l"
    },
    "EAT": {
        "symbol": "EAT",
        "company": "Brinker International, Inc.",
        "change_pct": -7.89,
        "premarket": 148.0,
        "volume": 87,
        "category": "l"
    },
    "GMM": {
        "symbol": "GMM",
        "company": "Global Mofy AI Limited",
        "change_pct": -7.65,
        "premarket": 2.4,
        "volume": 400,
        "category": "l"
    },
    "CODA": {
        "symbol": "CODA",
        "company": "Coda Octopus Group, Inc.",
        "change_pct": -7.57,
        "premarket": 6.35,
        "volume": 200,
        "category": "l"
    },
    "QMMM": {
        "symbol": "QMMM",
        "company": "QMMM Holdings Limited",
        "change_pct": -7.14,
        "premarket": 0.715,
        "volume": 3,
        "category": "l"
    },
    "TCX": {
        "symbol": "TCX",
        "company": "Tucows Inc.",
        "change_pct": -7.13,
        "premarket": 15.1,
        "volume": 300,
        "category": "l"
    },
    "NEO": {
        "symbol": "NEO",
        "company": "NeoGenomics, Inc.",
        "change_pct": -7.12,
        "premarket": 9.26,
        "volume": 1,
        "category": "l"
    },
    "PASG": {
        "symbol": "PASG",
        "company": "Passage Bio, Inc.",
        "change_pct": -7.11,
        "premarket": 0.303,
        "volume": 6,
        "category": "l"
    },
    "MRBK": {
        "symbol": "MRBK",
        "company": "Meridian Corporation",
        "change_pct": -7.04,
        "premarket": 12.8,
        "volume": 200,
        "category": "l"
    },
    "PCYO": {
        "symbol": "PCYO",
        "company": "Pure Cycle Corporation",
        "change_pct": -7.0,
        "premarket": 9.3,
        "volume": 200,
        "category": "l"
    },
    "NATR": {
        "symbol": "NATR",
        "company": "Nature's Sunshine Products, Inc.",
        "change_pct": -6.94,
        "premarket": 11.0,
        "volume": 200,
        "category": "l"
    },
    "PRTG": {
        "symbol": "PRTG",
        "company": "Portage Biotech Inc.",
        "change_pct": -6.78,
        "premarket": 10.04,
        "volume": 23,
        "category": "l"
    },
    "IVF": {
        "symbol": "IVF",
        "company": "INVO Fertility, Inc.",
        "change_pct": -6.76,
        "premarket": 1.65,
        "volume": 57,
        "category": "l"
    },
    "ZEO": {
        "symbol": "ZEO",
        "company": "Zeo Energy Corporation",
        "change_pct": -6.75,
        "premarket": 1.52,
        "volume": 1,
        "category": "l"
    },
    "ADIL": {
        "symbol": "ADIL",
        "company": "Adial Pharmaceuticals, Inc",
        "change_pct": -6.67,
        "premarket": 0.6664,
        "volume": 400,
        "category": "l"
    },
    "SPOT": {
        "symbol": "SPOT",
        "company": "Spotify Technology S.A.",
        "change_pct": -6.65,
        "premarket": 558.0,
        "volume": 241,
        "category": "l"
    },
    "INM": {
        "symbol": "INM",
        "company": "InMed Pharmaceuticals Inc.",
        "change_pct": -6.64,
        "premarket": 2.81,
        "volume": 1,
        "category": "l"
    },
    "CLBR": {
        "symbol": "CLBR",
        "company": "Colombier Acquisition Corp. II",
        "change_pct": -6.54,
        "premarket": 12.44,
        "volume": 257,
        "category": "l"
    },
    "ZONE": {
        "symbol": "ZONE",
        "company": "CleanCore Solutions Inc.",
        "change_pct": -6.51,
        "premarket": 1.22,
        "volume": 220,
        "category": "l"
    },
    "FORR": {
        "symbol": "FORR",
        "company": "Forrester Research, Inc.",
        "change_pct": -6.44,
        "premarket": 9.0,
        "volume": 300,
        "category": "l"
    },
    "PCAR": {
        "symbol": "PCAR",
        "company": "PACCAR Inc.",
        "change_pct": -6.29,
        "premarket": 86.25,
        "volume": 17,
        "category": "l"
    },
    "BEAT": {
        "symbol": "BEAT",
        "company": "Heartbeam, Inc.",
        "change_pct": -6.15,
        "premarket": 1.83,
        "volume": 40,
        "category": "l"
    },
    "SXC": {
        "symbol": "SXC",
        "company": "SunCoke Energy, Inc.",
        "change_pct": -5.99,
        "premarket": 9.1,
        "volume": 200,
        "category": "l"
    },
    "SANM": {
        "symbol": "SANM",
        "company": "Sanmina Corporation",
        "change_pct": -5.97,
        "premarket": 75.91,
        "volume": 2,
        "category": "l"
    },
    "ORN": {
        "symbol": "ORN",
        "company": "Orion Group Holdings, Inc.",
        "change_pct": -5.91,
        "premarket": 5.73,
        "volume": 3,
        "category": "l"
    },
    "REGN": {
        "symbol": "REGN",
        "company": "Regeneron Pharmaceuticals, Inc.",
        "change_pct": -5.87,
        "premarket": 575.0,
        "volume": 18,
        "category": "l"
    },
    "CNCK": {
        "symbol": "CNCK",
        "company": "Coincheck Group N.V.",
        "change_pct": -5.78,
        "premarket": 7.01,
        "volume": 100,
        "category": "l"
    },
    "SKYE": {
        "symbol": "SKYE",
        "company": "Skye Bioscience, Inc.",
        "change_pct": -5.76,
        "premarket": 1.8,
        "volume": 1,
        "category": "l"
    },
    "MSGM": {
        "symbol": "MSGM",
        "company": "Motorsport Games Inc.",
        "change_pct": -5.66,
        "premarket": 2.5,
        "volume": 2,
        "category": "l"
    },
    "ADGM": {
        "symbol": "ADGM",
        "company": "Adagio Medical Holdings, Inc",
        "change_pct": -5.65,
        "premarket": 1.17,
        "volume": 1,
        "category": "l"
    },
    "GAIA": {
        "symbol": "GAIA",
        "company": "Gaia, Inc.",
        "change_pct": -5.62,
        "premarket": 4.7,
        "volume": 300,
        "category": "l"
    },
    "VSEE": {
        "symbol": "VSEE",
        "company": "VSee Health, Inc.",
        "change_pct": -5.6,
        "premarket": 1.18,
        "volume": 268,
        "category": "l"
    },
    "BCAB": {
        "symbol": "BCAB",
        "company": "BioAtla, Inc.",
        "change_pct": -5.6,
        "premarket": 0.42,
        "volume": 6,
        "category": "l"
    },
    "KSCP": {
        "symbol": "KSCP",
        "company": "Knightscope, Inc.",
        "change_pct": -5.58,
        "premarket": 4.71,
        "volume": 1,
        "category": "l"
    },
    "BKTI": {
        "symbol": "BKTI",
        "company": "BK Technologies Corporation",
        "change_pct": -5.55,
        "premarket": 41.5,
        "volume": 100,
        "category": "l"
    },
    "ONCO": {
        "symbol": "ONCO",
        "company": "Onconetix, Inc.",
        "change_pct": -5.5,
        "premarket": 0.0756,
        "volume": 2,
        "category": "l"
    },
    "OSS": {
        "symbol": "OSS",
        "company": "One Stop Systems, Inc.",
        "change_pct": -5.41,
        "premarket": 2.1,
        "volume": 928,
        "category": "l"
    },
    "CNEY": {
        "symbol": "CNEY",
        "company": "CN Energy Group Inc.",
        "change_pct": -5.38,
        "premarket": 0.1249,
        "volume": 325,
        "category": "l"
    },
    "CGBS": {
        "symbol": "CGBS",
        "company": "Crown LNG Holdings Limited",
        "change_pct": -5.34,
        "premarket": 0.1206,
        "volume": 98,
        "category": "l"
    },
    "UAVS": {
        "symbol": "UAVS",
        "company": "AgEagle Aerial Systems, Inc.",
        "change_pct": -5.31,
        "premarket": 1.07,
        "volume": 39,
        "category": "l"
    },
    "PET": {
        "symbol": "PET",
        "company": "Wag! Group Co.",
        "change_pct": -5.28,
        "premarket": 0.156,
        "volume": 594,
        "category": "l"
    },
    "FTEL": {
        "symbol": "FTEL",
        "company": "Fitell Corporation",
        "change_pct": -5.26,
        "premarket": 0.5615,
        "volume": 7,
        "category": "l"
    },
    "LRHC": {
        "symbol": "LRHC",
        "company": "La Rosa Holdings Corp.",
        "change_pct": -5.24,
        "premarket": 0.15,
        "volume": 188,
        "category": "l"
    },
    "NCL": {
        "symbol": "NCL",
        "company": "Northann Corp.",
        "change_pct": -5.23,
        "premarket": 0.399,
        "volume": 2,
        "category": "l"
    },
    "TYRA": {
        "symbol": "TYRA",
        "company": "Tyra Biosciences, Inc.",
        "change_pct": -5.22,
        "premarket": 9.8,
        "volume": 600,
        "category": "l"
    },
    "YYAI": {
        "symbol": "YYAI",
        "company": "Connexa Sports Technologies Inc.",
        "change_pct": -5.2,
        "premarket": 0.9006,
        "volume": 1,
        "category": "l"
    },
    "EDHL": {
        "symbol": "EDHL",
        "company": "Everbright Digital Holding Limited",
        "change_pct": -5.19,
        "premarket": 4.02,
        "volume": 1,
        "category": "l"
    },
    "GNLX": {
        "symbol": "GNLX",
        "company": "Genelux Corporation",
        "change_pct": -5.17,
        "premarket": 2.75,
        "volume": 400,
        "category": "l"
    },
    "WS": {
        "symbol": "WS",
        "company": "Worthington Steel, Inc.",
        "change_pct": -5.1,
        "premarket": 24.37,
        "volume": 105,
        "category": "l"
    },
    "ABEO": {
        "symbol": "ABEO",
        "company": "Abeona Therapeutics Inc.",
        "change_pct": -5.05,
        "premarket": 5.08,
        "volume": 3,
        "category": "l"
    },
    "GNPX": {
        "symbol": "GNPX",
        "company": "Genprex, Inc.",
        "change_pct": -5.02,
        "premarket": 0.2783,
        "volume": 342,
        "category": "l"
    },
    "DOLE": {
        "symbol": "DOLE",
        "company": "Dole plc",
        "change_pct": -4.98,
        "premarket": 14.12,
        "volume": 110,
        "category": "l"
    },
    "HOFV": {
        "symbol": "HOFV",
        "company": "Hall of Fame Resort & Entertainment Company",
        "change_pct": -4.97,
        "premarket": 0.68,
        "volume": 492,
        "category": "l"
    },
    "NPWR": {
        "symbol": "NPWR",
        "company": "NET Power Inc.",
        "change_pct": -4.97,
        "premarket": 1.72,
        "volume": 6,
        "category": "l"
    },
    "GURE": {
        "symbol": "GURE",
        "company": "Gulf Resources, Inc.",
        "change_pct": -4.95,
        "premarket": 0.62,
        "volume": 2,
        "category": "l"
    },
    "MEGL": {
        "symbol": "MEGL",
        "company": "Magic Empire Global Limited",
        "change_pct": -4.91,
        "premarket": 1.26,
        "volume": 2,
        "category": "l"
    },
    "WOK": {
        "symbol": "WOK",
        "company": "WORK Medical Technology Group LTD",
        "change_pct": -4.9,
        "premarket": 0.4001,
        "volume": 26,
        "category": "l"
    },
    "PAYO": {
        "symbol": "PAYO",
        "company": "Payoneer Global Inc.",
        "change_pct": -4.89,
        "premarket": 6.61,
        "volume": 300,
        "category": "l"
    },
    "PPIH": {
        "symbol": "PPIH",
        "company": "Perma-Pipe International Holdings, Inc.",
        "change_pct": -4.88,
        "premarket": 12.09,
        "volume": 100,
        "category": "l"
    },
    "IMRX": {
        "symbol": "IMRX",
        "company": "Immuneering Corporation",
        "change_pct": -4.83,
        "premarket": 1.38,
        "volume": 552,
        "category": "l"
    },
    "KPTI": {
        "symbol": "KPTI",
        "company": "Karyopharm Therapeutics Inc.",
        "change_pct": -4.78,
        "premarket": 5.78,
        "volume": 100,
        "category": "l"
    },
    "CHSN": {
        "symbol": "CHSN",
        "company": "Chanson International Holding",
        "change_pct": -4.71,
        "premarket": 0.281,
        "volume": 34,
        "category": "l"
    },
    "LRMR": {
        "symbol": "LRMR",
        "company": "Larimar Therapeutics, Inc.",
        "change_pct": -4.68,
        "premarket": 2.24,
        "volume": 100,
        "category": "l"
    },
    "MBIN": {
        "symbol": "MBIN",
        "company": "Merchants Bancorp",
        "change_pct": -4.67,
        "premarket": 32.03,
        "volume": 500,
        "category": "l"
    },
    "PETS": {
        "symbol": "PETS",
        "company": "PetMed Express, Inc.",
        "change_pct": -4.6,
        "premarket": 3.32,
        "volume": 100,
        "category": "l"
    },
    "CVM": {
        "symbol": "CVM",
        "company": "Cel-Sci Corporation",
        "change_pct": -4.54,
        "premarket": 0.2901,
        "volume": 1,
        "category": "l"
    },
    "SBEV": {
        "symbol": "SBEV",
        "company": "Splash Beverage Group, Inc. (NV)",
        "change_pct": -4.48,
        "premarket": 5.55,
        "volume": 1,
        "category": "l"
    },
    "DIN": {
        "symbol": "DIN",
        "company": "Dine Brands Global, Inc. Common Stock",
        "change_pct": -4.41,
        "premarket": 19.17,
        "volume": 380,
        "category": "l"
    },
    "RSLS": {
        "symbol": "RSLS",
        "company": "ReShape Lifesciences, Inc.",
        "change_pct": -4.39,
        "premarket": 0.346,
        "volume": 107,
        "category": "l"
    },
    "ACMR": {
        "symbol": "ACMR",
        "company": "ACM Research, Inc.",
        "change_pct": -4.38,
        "premarket": 19.89,
        "volume": 31,
        "category": "l"
    },
    "MATV": {
        "symbol": "MATV",
        "company": "Mativ Holdings, Inc.",
        "change_pct": -4.37,
        "premarket": 5.03,
        "volume": 100,
        "category": "l"
    },
    "FAMI": {
        "symbol": "FAMI",
        "company": "Farmmi, Inc. Ordinary Shares",
        "change_pct": -4.33,
        "premarket": 1.7,
        "volume": 500,
        "category": "l"
    },
    "PSBD": {
        "symbol": "PSBD",
        "company": "Palmer Square Capital BDC Inc.",
        "change_pct": -4.31,
        "premarket": 12.2,
        "volume": 200,
        "category": "l"
    },
    "STFS": {
        "symbol": "STFS",
        "company": "Star Fashion Culture Holdings Limited",
        "change_pct": -4.27,
        "premarket": 1.12,
        "volume": 100,
        "category": "l"
    },
    "OST": {
        "symbol": "OST",
        "company": "Ostin Technology Group Co., Ltd.",
        "change_pct": -4.26,
        "premarket": 2.92,
        "volume": 1,
        "category": "l"
    },
    "REZI": {
        "symbol": "REZI",
        "company": "Resideo Technologies, Inc.",
        "change_pct": -4.24,
        "premarket": 15.6,
        "volume": 188,
        "category": "l"
    }
}