[
    {
        "symbol": "HOUR",
        "company": "Hour Loop, Inc.",
        "change_pct": 219.62,
        "premarket": 5.05,
        "volume": 8994100,
        "category": "g",
        "source": "tv",
        "fails": [],
        "shortable": false,
        "exchange_name": "NASD",
        "market_cap": 55.37557,
        "tradeable": true
    },
    {
        "symbol": "TIRX",
        "company": "TIAN RUIXIANG Holdings Ltd",
        "change_pct": 81.19,
        "premarket": 3.95,
        "volume": 2535100,
        "category": "g",
        "source": "tv",
        "fails": [
            "existing"
        ],
        "shortable": false,
        "exchange_name": "NASD",
        "market_cap": 6.59394,
        "tradeable": false
    },
    {
        "symbol": "WAFU",
        "company": "Wah Fu Education Group Limited",
        "change_pct": 63.1,
        "premarket": 4.42,
        "volume": 1114100,
        "category": "g",
        "source": "tv",
        "fails": [
            "existing"
        ],
        "shortable": true,
        "exchange_name": "NASD",
        "market_cap": 12.03263,
        "tradeable": false
    },
    {
        "symbol": "IMTX",
        "company": "Immatics N.V.",
        "change_pct": 36.2,
        "premarket": 9.97,
        "volume": 401893,
        "category": "g",
        "source": "tv",
        "fails": [
            "existing"
        ],
        "shortable": false,
        "exchange_name": "NASD",
        "market_cap": 561.2313,
        "tradeable": false
    },
    {
        "symbol": "MSGM",
        "company": "Motorsport Games Inc.",
        "change_pct": 33.48,
        "premarket": 6.22,
        "volume": 98350,
        "category": "g",
        "source": "tv",
        "fails": [
            "existing"
        ],
        "shortable": true,
        "exchange_name": "NASD",
        "market_cap": 45.19703,
        "tradeable": false
    },
    {
        "symbol": "LILM",
        "company": "Lilium N.V.",
        "change_pct": 31.26,
        "premarket": 0.503,
        "volume": 8045100,
        "category": "g",
        "source": "tv",
        "fails": [
            "premarket"
        ],
        "shortable": true,
        "exchange_name": "NASD",
        "market_cap": 152.4314,
        "tradeable": false
    },
    {
        "symbol": "AGBA",
        "company": "AGBA Group Holding Limited",
        "change_pct": 28.71,
        "premarket": 2.6,
        "volume": 1363100,
        "category": "g",
        "source": "tv",
        "fails": [
            "existing"
        ],
        "shortable": true,
        "exchange_name": "NASD",
        "market_cap": 120.3455,
        "tradeable": false
    },
    {
        "symbol": "OST",
        "company": "Ostin Technology Group Co., Ltd.",
        "change_pct": 25.63,
        "premarket": 1.25,
        "volume": 659688,
        "category": "g",
        "source": "tv",
        "fails": [],
        "shortable": false,
        "exchange_name": "NASD",
        "market_cap": 13.93622,
        "tradeable": true
    },
    {
        "symbol": "METX",
        "company": "Meten Holding Group Ltd.",
        "change_pct": 24.65,
        "premarket": 0.2705,
        "volume": 7306100,
        "category": "g",
        "source": "tv",
        "fails": [
            "premarket"
        ],
        "shortable": true,
        "exchange_name": "NASD",
        "market_cap": 5.24446,
        "tradeable": false
    },
    {
        "symbol": "ANGH",
        "company": "Anghami Inc.",
        "change_pct": 22.89,
        "premarket": 1.02,
        "volume": 108245,
        "category": "g",
        "source": "tv",
        "fails": [],
        "shortable": true,
        "exchange_name": "NASD",
        "market_cap": 21.58469,
        "tradeable": true
    },
    {
        "symbol": "CPOP",
        "company": "Pop Culture Group Co., Ltd",
        "change_pct": 20.32,
        "premarket": 0.7821,
        "volume": 204637,
        "category": "g",
        "source": "tv",
        "fails": [
            "premarket"
        ],
        "shortable": false,
        "exchange_name": "NASD",
        "market_cap": 15.6325,
        "tradeable": false
    },
    {
        "symbol": "CHGG",
        "company": "Chegg, Inc.",
        "change_pct": -46.36,
        "premarket": 9.44,
        "volume": 2557100,
        "category": "l",
        "source": "tv",
        "fails": [],
        "shortable": true,
        "exchange_name": "NYSE",
        "market_cap": 2105.458,
        "tradeable": true
    },
    {
        "symbol": "GDC",
        "company": "GD Culture Group Limited",
        "change_pct": -41.13,
        "premarket": 18.25,
        "volume": 124115,
        "category": "l",
        "source": "tv",
        "fails": [],
        "shortable": true,
        "exchange_name": "NASD",
        "market_cap": 53.05786,
        "tradeable": true
    },
    {
        "symbol": "UTME",
        "company": "UTime Limited",
        "change_pct": -35.91,
        "premarket": 1.41,
        "volume": 253655,
        "category": "l",
        "source": "tv",
        "fails": [
            "is_shortable"
        ],
        "shortable": false,
        "exchange_name": "NASD",
        "market_cap": 18.18914,
        "tradeable": false
    },
    {
        "symbol": "TANH",
        "company": "Tantech Holdings Ltd.",
        "change_pct": -28.31,
        "premarket": 3.09,
        "volume": 56542,
        "category": "l",
        "source": "tv",
        "fails": [
            "is_shortable"
        ],
        "shortable": false,
        "exchange_name": "NASD",
        "market_cap": 5.25795,
        "tradeable": false
    },
    {
        "symbol": "ETWO",
        "company": "E2open Parent Holdings, Inc.",
        "change_pct": -27.08,
        "premarket": 4.55,
        "volume": 10934,
        "category": "l",
        "source": "tv",
        "fails": [],
        "shortable": true,
        "exchange_name": "NYSE",
        "market_cap": 1886.202,
        "tradeable": true
    },
    {
        "symbol": "TVTX",
        "company": "Travere Therapeutics, Inc.",
        "change_pct": -25.7,
        "premarket": 16.8,
        "volume": 249600,
        "category": "l",
        "source": "tv",
        "fails": [],
        "shortable": true,
        "exchange_name": "NASD",
        "market_cap": 1685.475,
        "tradeable": true
    },
    {
        "symbol": "TREE",
        "company": "LendingTree, Inc.",
        "change_pct": -24.69,
        "premarket": 17.6,
        "volume": 33611,
        "category": "l",
        "source": "tv",
        "fails": [],
        "shortable": true,
        "exchange_name": "NASD",
        "market_cap": 299.4691,
        "tradeable": true
    },
    {
        "symbol": "AYTU",
        "company": "Aytu BioPharma, Inc.",
        "change_pct": -21.46,
        "premarket": 1.83,
        "volume": 43641,
        "category": "l",
        "source": "tv",
        "fails": [],
        "shortable": true,
        "exchange_name": "NASD",
        "market_cap": 8.80442,
        "tradeable": true
    },
    {
        "symbol": "CYH",
        "company": "Community Health Systems, Inc.",
        "change_pct": -19.74,
        "premarket": 5.0,
        "volume": 7311,
        "category": "l",
        "source": "tv",
        "fails": [],
        "shortable": true,
        "exchange_name": "NYSE",
        "market_cap": 851.9739,
        "tradeable": true
    },
    {
        "symbol": "ILAG",
        "company": "Intelligent Living Application Group Inc.",
        "change_pct": -19.33,
        "premarket": 1.21,
        "volume": 168468,
        "category": "l",
        "source": "tv",
        "fails": [
            "is_shortable"
        ],
        "shortable": false,
        "exchange_name": "NASD",
        "market_cap": 27.09,
        "tradeable": false
    },
    {
        "symbol": "BHAT",
        "company": "Blue Hat Interactive Entertainment Technology",
        "change_pct": -16.35,
        "premarket": 0.87,
        "volume": 9330,
        "category": "l",
        "source": "tv",
        "fails": [
            "premarket",
            "shares_value",
            "is_shortable"
        ],
        "shortable": false,
        "exchange_name": "NASD",
        "market_cap": 9.85915,
        "tradeable": false
    }
]