[
    {
        "symbol": "UFAB",
        "company": "Unique Fabricating, Inc.",
        "change_pct": 77.22,
        "premarket": 0.3828,
        "volume": 24266000,
        "category": "g",
        "source": "tv",
        "shortable": true,
        "exchange_name": "AMEX",
        "market_cap": 25.81695,
        "existing": false
    },
    {
        "symbol": "BJDX",
        "company": "Bluejay Diagnostics, Inc.",
        "change_pct": 53.08,
        "premarket": 8.19,
        "volume": 216943,
        "category": "g",
        "source": "tv",
        "shortable": false,
        "exchange_name": "NASD",
        "market_cap": 5.47489,
        "existing": false
    },
    {
        "symbol": "RETA",
        "company": "Reata Pharmaceuticals, Inc.",
        "change_pct": 51.67,
        "premarket": 164.64,
        "volume": 1487000,
        "category": "g",
        "source": "tv",
        "shortable": true,
        "exchange_name": "NASD",
        "market_cap": 4076.209,
        "existing": false
    },
    {
        "symbol": "LIDR",
        "company": "AEye, Inc.",
        "change_pct": 35.01,
        "premarket": 0.3,
        "volume": 8094000,
        "category": "g",
        "source": "tv",
        "shortable": true,
        "exchange_name": "NASD",
        "market_cap": 39.3054,
        "existing": false
    },
    {
        "symbol": "GBNH",
        "company": "Greenbrook TMS Inc.",
        "change_pct": 30.51,
        "premarket": 0.646,
        "volume": 6363000,
        "category": "g",
        "source": "tv",
        "shortable": true,
        "exchange_name": "NASD",
        "market_cap": 20.30117,
        "existing": false
    },
    {
        "symbol": "IFBD",
        "company": "Infobird Co., Ltd",
        "change_pct": 28.28,
        "premarket": 1.07,
        "volume": 3682000,
        "category": "g",
        "source": "tv",
        "shortable": true,
        "exchange_name": "NASD",
        "market_cap": 3.82674,
        "existing": false
    },
    {
        "symbol": "SIGA",
        "company": "SIGA Technologies Inc.",
        "change_pct": 26.3,
        "premarket": 6.43,
        "volume": 3356000,
        "category": "g",
        "source": "tv",
        "shortable": true,
        "exchange_name": "NASD",
        "market_cap": 362.7534,
        "existing": false
    },
    {
        "symbol": "INPX",
        "company": "Inpixon",
        "change_pct": 24.01,
        "premarket": 0.2505,
        "volume": 9917000,
        "category": "g",
        "source": "tv",
        "shortable": true,
        "exchange_name": "NASD",
        "market_cap": 9.00572,
        "existing": false
    },
    {
        "symbol": "FIXX",
        "company": "Homology Medicines, Inc.",
        "change_pct": 23.4,
        "premarket": 1.16,
        "volume": 2781000,
        "category": "g",
        "source": "tv",
        "shortable": true,
        "exchange_name": "NASD",
        "market_cap": 54.32708,
        "existing": false
    },
    {
        "symbol": "LCA",
        "company": "Landcadia Holdings IV, Inc.",
        "change_pct": 18.87,
        "premarket": 12.16,
        "volume": 100,
        "category": "g",
        "source": "tv",
        "shortable": false,
        "exchange_name": "NASD",
        "market_cap": 141.7626,
        "existing": false
    },
    {
        "symbol": "CELZ",
        "company": "Creative Medical Technology Holdings, Inc.",
        "change_pct": 17.44,
        "premarket": 6.6,
        "volume": 100,
        "category": "g",
        "source": "tv",
        "shortable": false,
        "exchange_name": "NASD",
        "market_cap": 7.91085,
        "existing": false
    },
    {
        "symbol": "INVO",
        "company": "INVO BioScience, Inc.",
        "change_pct": 16.9,
        "premarket": 4.4,
        "volume": 109720,
        "category": "g",
        "source": "tv",
        "shortable": true,
        "exchange_name": "NASD",
        "market_cap": 3.11237,
        "existing": false
    },
    {
        "symbol": "COUR",
        "company": "Coursera, Inc.",
        "change_pct": 16.45,
        "premarket": 15.15,
        "volume": 27448,
        "category": "g",
        "source": "tv",
        "shortable": true,
        "exchange_name": "NYSE",
        "market_cap": 1960.86,
        "existing": false
    },
    {
        "symbol": "TUP",
        "company": "Tupperware Brands Corporation",
        "change_pct": 15.82,
        "premarket": 3.44,
        "volume": 11685000,
        "category": "g",
        "source": "tv",
        "shortable": true,
        "exchange_name": "NYSE",
        "market_cap": 132.0997,
        "existing": false
    },
    {
        "symbol": "CGEM",
        "company": "Cullinan Oncology, Inc.",
        "change_pct": 14.57,
        "premarket": 11.4,
        "volume": 100,
        "category": "g",
        "source": "tv",
        "shortable": true,
        "exchange_name": "NASD",
        "market_cap": 391.6411,
        "existing": false
    },
    {
        "symbol": "WNNR",
        "company": "Andretti Acquisition Corp.",
        "change_pct": 13.21,
        "premarket": 12.0,
        "volume": 100,
        "category": "g",
        "source": "tv",
        "shortable": false,
        "exchange_name": "NYSE",
        "market_cap": 304.75,
        "existing": false
    },
    {
        "symbol": "BANL",
        "company": "CBL International Limited",
        "change_pct": 13.01,
        "premarket": 1.65,
        "volume": 2956,
        "category": "g",
        "source": "tv",
        "shortable": true,
        "exchange_name": "NASD",
        "market_cap": 36.60768,
        "existing": false
    },
    {
        "symbol": "FSLR",
        "company": "First Solar, Inc.",
        "change_pct": 12.7,
        "premarket": 224.04,
        "volume": 94040,
        "category": "g",
        "source": "tv",
        "shortable": true,
        "exchange_name": "NASD",
        "market_cap": 21236.94,
        "existing": false
    },
    {
        "symbol": "RCRT",
        "company": "Recruiter.com Group, Inc.",
        "change_pct": 11.81,
        "premarket": 0.2281,
        "volume": 3400,
        "category": "g",
        "source": "tv",
        "shortable": false,
        "exchange_name": "NASD",
        "market_cap": 3.51086,
        "existing": false
    },
    {
        "symbol": "SRFM",
        "company": "Surf Air Mobility Inc. Common Stock",
        "change_pct": 11.75,
        "premarket": 3.52,
        "volume": 309719,
        "category": "g",
        "source": "tv",
        "shortable": false,
        "exchange_name": "NYSE",
        "market_cap": 154.7172,
        "existing": false
    },
    {
        "symbol": "ASXC",
        "company": "Asensus Surgical, Inc.",
        "change_pct": 11.67,
        "premarket": 0.335,
        "volume": 269916,
        "category": "g",
        "source": "tv",
        "shortable": true,
        "exchange_name": "AMEX",
        "market_cap": 515.5128,
        "existing": false
    },
    {
        "symbol": "SAM",
        "company": "Boston Beer Company, Inc. (The)",
        "change_pct": 11.65,
        "premarket": 350.04,
        "volume": 9019,
        "category": "g",
        "source": "tv",
        "shortable": true,
        "exchange_name": "NYSE",
        "market_cap": 3846.811,
        "existing": false
    },
    {
        "symbol": "GIA",
        "company": "GigCapital 5, Inc.",
        "change_pct": 11.64,
        "premarket": 11.99,
        "volume": 100,
        "category": "g",
        "source": "tv",
        "shortable": false,
        "exchange_name": "NASD",
        "market_cap": 102.7174,
        "existing": false
    },
    {
        "symbol": "VVOS",
        "company": "Vivos Therapeutics, Inc.",
        "change_pct": 11.6,
        "premarket": 0.332,
        "volume": 2385,
        "category": "g",
        "source": "tv",
        "shortable": false,
        "exchange_name": "NASD",
        "market_cap": 8.90381,
        "existing": false
    },
    {
        "symbol": "KERN",
        "company": "Akerna Corp.",
        "change_pct": 11.55,
        "premarket": 0.57,
        "volume": 6173,
        "category": "g",
        "source": "tv",
        "shortable": true,
        "exchange_name": "NASD",
        "market_cap": 2.94735,
        "existing": false
    },
    {
        "symbol": "ENPH",
        "company": "Enphase Energy, Inc.",
        "change_pct": -12.89,
        "premarket": 145.3,
        "volume": 449981,
        "category": "l",
        "source": "tv",
        "shortable": true,
        "exchange_name": "NASD",
        "market_cap": 22858.89,
        "existing": false
    },
    {
        "symbol": "AVTR",
        "company": "Avantor, Inc.",
        "change_pct": -7.23,
        "premarket": 21.18,
        "volume": 202417,
        "category": "l",
        "source": "tv",
        "shortable": true,
        "exchange_name": "NYSE",
        "market_cap": 15412.71,
        "existing": false
    },
    {
        "symbol": "BEN",
        "company": "Franklin Resources, Inc.",
        "change_pct": -4.82,
        "premarket": 27.04,
        "volume": 265,
        "category": "l",
        "source": "tv",
        "shortable": true,
        "exchange_name": "NYSE",
        "market_cap": 14229.53,
        "existing": false
    },
    {
        "symbol": "DECK",
        "company": "Deckers Outdoor Corporation",
        "change_pct": -3.17,
        "premarket": 520.0,
        "volume": 3724,
        "category": "l",
        "source": "tv",
        "shortable": true,
        "exchange_name": "NYSE",
        "market_cap": 14034.73,
        "existing": false
    },
    {
        "symbol": "SEDG",
        "company": "SolarEdge Technologies, Inc.",
        "change_pct": -4.69,
        "premarket": 230.41,
        "volume": 37288,
        "category": "l",
        "source": "tv",
        "shortable": true,
        "exchange_name": "NASD",
        "market_cap": 13621.34,
        "existing": false
    },
    {
        "symbol": "JNPR",
        "company": "Juniper Networks, Inc.",
        "change_pct": -7.11,
        "premarket": 27.58,
        "volume": 13992,
        "category": "l",
        "source": "tv",
        "shortable": true,
        "exchange_name": "NYSE",
        "market_cap": 9548.069,
        "existing": false
    },
    {
        "symbol": "OLN",
        "company": "Olin Corporation",
        "change_pct": -2.67,
        "premarket": 54.24,
        "volume": 300,
        "category": "l",
        "source": "tv",
        "shortable": true,
        "exchange_name": "NYSE",
        "market_cap": 7204.498,
        "existing": false
    },
    {
        "symbol": "X",
        "company": "United States Steel Corporation",
        "change_pct": -3.12,
        "premarket": 24.25,
        "volume": 61697,
        "category": "l",
        "source": "tv",
        "shortable": true,
        "exchange_name": "NYSE",
        "market_cap": 5668.171,
        "existing": false
    },
    {
        "symbol": "CC",
        "company": "Chemours Company (The)",
        "change_pct": -3.29,
        "premarket": 36.7,
        "volume": 3096,
        "category": "l",
        "source": "tv",
        "shortable": true,
        "exchange_name": "NYSE",
        "market_cap": 5660.464,
        "existing": false
    },
    {
        "symbol": "WING",
        "company": "Wingstop Inc.",
        "change_pct": -4.16,
        "premarket": 171.57,
        "volume": 1011,
        "category": "l",
        "source": "tv",
        "shortable": true,
        "exchange_name": "NASD",
        "market_cap": 5364.728,
        "existing": false
    },
    {
        "symbol": "TPH",
        "company": "Tri Pointe Homes, Inc.",
        "change_pct": -4.34,
        "premarket": 28.63,
        "volume": 737,
        "category": "l",
        "source": "tv",
        "shortable": true,
        "exchange_name": "NYSE",
        "market_cap": 2995.941,
        "existing": false
    },
    {
        "symbol": "ARCB",
        "company": "ArcBest Corporation",
        "change_pct": -3.98,
        "premarket": 114.11,
        "volume": 1493,
        "category": "l",
        "source": "tv",
        "shortable": true,
        "exchange_name": "NASD",
        "market_cap": 2846.357,
        "existing": false
    },
    {
        "symbol": "GOGO",
        "company": "Gogo Inc.",
        "change_pct": -6.21,
        "premarket": 16.3,
        "volume": 4134,
        "category": "l",
        "source": "tv",
        "shortable": true,
        "exchange_name": "NASD",
        "market_cap": 2234.825,
        "existing": false
    },
    {
        "symbol": "SG",
        "company": "Sweetgreen, Inc.",
        "change_pct": -12.56,
        "premarket": 13.51,
        "volume": 19453,
        "category": "l",
        "source": "tv",
        "shortable": false,
        "exchange_name": "NYSE",
        "market_cap": 1721.901,
        "existing": false
    },
    {
        "symbol": "SSYS",
        "company": "Stratasys, Ltd.",
        "change_pct": -2.66,
        "premarket": 18.68,
        "volume": 35597,
        "category": "l",
        "source": "tv",
        "shortable": true,
        "exchange_name": "NASD",
        "market_cap": 1322.753,
        "existing": false
    },
    {
        "symbol": "SDA",
        "company": "SunCar Technology Group Inc.",
        "change_pct": -8.9,
        "premarket": 13.71,
        "volume": 10109,
        "category": "l",
        "source": "tv",
        "shortable": true,
        "exchange_name": "NASD",
        "market_cap": 1289.584,
        "existing": false
    },
    {
        "symbol": "SNBR",
        "company": "Sleep Number Corporation",
        "change_pct": -26.03,
        "premarket": 28.45,
        "volume": 44292,
        "category": "l",
        "source": "tv",
        "shortable": true,
        "exchange_name": "NASD",
        "market_cap": 853.1967,
        "existing": false
    },
    {
        "symbol": "EOLS",
        "company": "Evolus, Inc. Common Stock",
        "change_pct": -3.06,
        "premarket": 9.82,
        "volume": 1850,
        "category": "l",
        "source": "tv",
        "shortable": true,
        "exchange_name": "NASD",
        "market_cap": 576.6278,
        "existing": false
    },
    {
        "symbol": "CERS",
        "company": "Cerus Corporation",
        "change_pct": -6.76,
        "premarket": 2.62,
        "volume": 100,
        "category": "l",
        "source": "tv",
        "shortable": true,
        "exchange_name": "NASD",
        "market_cap": 507.3517,
        "existing": false
    },
    {
        "symbol": "MRNS",
        "company": "Marinus Pharmaceuticals, Inc.",
        "change_pct": -4.67,
        "premarket": 9.19,
        "volume": 200,
        "category": "l",
        "source": "tv",
        "shortable": true,
        "exchange_name": "NASD",
        "market_cap": 487.2826,
        "existing": false
    },
    {
        "symbol": "URGN",
        "company": "UroGen Pharma Ltd.",
        "change_pct": -6.82,
        "premarket": 16.67,
        "volume": 52204,
        "category": "l",
        "source": "tv",
        "shortable": true,
        "exchange_name": "NASD",
        "market_cap": 419.5862,
        "existing": false
    },
    {
        "symbol": "LOCO",
        "company": "El Pollo Loco Holdings, Inc.",
        "change_pct": -3.75,
        "premarket": 10.0,
        "volume": 2000,
        "category": "l",
        "source": "tv",
        "shortable": true,
        "exchange_name": "NASD",
        "market_cap": 374.3021,
        "existing": false
    },
    {
        "symbol": "TDUP",
        "company": "ThredUp Inc.",
        "change_pct": -3.32,
        "premarket": 3.2,
        "volume": 1300,
        "category": "l",
        "source": "tv",
        "shortable": true,
        "exchange_name": "NASD",
        "market_cap": 341.2288,
        "existing": false
    },
    {
        "symbol": "EOSE",
        "company": "Eos Energy Enterprises, Inc.",
        "change_pct": -14.34,
        "premarket": 2.27,
        "volume": 388037,
        "category": "l",
        "source": "tv",
        "shortable": true,
        "exchange_name": "NASD",
        "market_cap": 337.0229,
        "existing": false
    },
    {
        "symbol": "UCAR",
        "company": "U Power Limited",
        "change_pct": -2.66,
        "premarket": 5.86,
        "volume": 1493,
        "category": "l",
        "source": "tv",
        "shortable": true,
        "exchange_name": "NASD",
        "market_cap": 315.5483,
        "existing": false
    }
]