[
    {
        "symbol": "DFLI",
        "company": "Dragonfly Energy Holdings Corp",
        "change_pct": 78.72,
        "premarket": 0.3896,
        "volume": 133860000,
        "category": "g",
        "source": "tv",
        "shortable": true,
        "exchange_name": "NASDAQ",
        "market_cap": 2041165,
        "existing": false
    },
    {
        "symbol": "MITQ",
        "company": "Moving iMage Technologies, Inc.",
        "change_pct": 66.7,
        "premarket": 0.922,
        "volume": 37740000,
        "category": "g",
        "source": "tv",
        "shortable": true,
        "exchange_name": "NYSE American",
        "market_cap": 5494317,
        "existing": false
    },
    {
        "symbol": "BIYA",
        "company": "Baiya International Group Inc.",
        "change_pct": 36.23,
        "premarket": 1.13,
        "volume": 26000000,
        "category": "g",
        "source": "tv",
        "shortable": true,
        "exchange_name": "NASDAQ",
        "market_cap": 10385340,
        "existing": false
    },
    {
        "symbol": "NTCL",
        "company": "NETCLASS TECHNOLOGY INC",
        "change_pct": 36.05,
        "premarket": 2.0,
        "volume": 2620000,
        "category": "g",
        "source": "tv",
        "shortable": true,
        "exchange_name": "NASDAQ",
        "market_cap": 26210100,
        "existing": false
    },
    {
        "symbol": "GMS",
        "company": "GMS Inc.",
        "change_pct": 28.68,
        "premarket": 104.24,
        "volume": 57840,
        "category": "g",
        "source": "tv",
        "shortable": true,
        "exchange_name": "NYSE",
        "market_cap": 3091665640,
        "existing": false
    },
    {
        "symbol": "AIFF",
        "company": "Firefly Neuroscience, Inc.",
        "change_pct": 23.33,
        "premarket": 3.7,
        "volume": 7140000,
        "category": "g",
        "source": "tv",
        "shortable": true,
        "exchange_name": "NASDAQ",
        "market_cap": 39783300,
        "existing": false
    },
    {
        "symbol": "PCSA",
        "company": "Processa Pharmaceuticals, Inc.",
        "change_pct": 23.06,
        "premarket": 0.2978,
        "volume": 55400000,
        "category": "g",
        "source": "tv",
        "shortable": true,
        "exchange_name": "NASDAQ",
        "market_cap": 2876014,
        "existing": false
    },
    {
        "symbol": "LUCY",
        "company": "Innovative Eyewear, Inc.",
        "change_pct": 22.37,
        "premarket": 2.79,
        "volume": 3880000,
        "category": "g",
        "source": "tv",
        "shortable": true,
        "exchange_name": "NASDAQ",
        "market_cap": 7056039,
        "existing": false
    },
    {
        "symbol": "JFBR",
        "company": "Jeffs' Brands Ltd",
        "change_pct": 18.55,
        "premarket": 7.7,
        "volume": 1710000,
        "category": "g",
        "source": "tv",
        "shortable": true,
        "exchange_name": "NASDAQ",
        "market_cap": 0,
        "existing": false
    },
    {
        "symbol": "CRCL",
        "company": "Circle Internet Group, Inc.",
        "change_pct": 18.37,
        "premarket": 236.25,
        "volume": 3990000,
        "category": "g",
        "source": "tv",
        "shortable": true,
        "exchange_name": "NYSE",
        "market_cap": 45434690552,
        "existing": false
    },
    {
        "symbol": "AIM",
        "company": "AIM ImmunoTech Inc.",
        "change_pct": 16.87,
        "premarket": 9.7,
        "volume": 13510,
        "category": "g",
        "source": "tv",
        "shortable": true,
        "exchange_name": "NYSE American",
        "market_cap": 6780319,
        "existing": false
    },
    {
        "symbol": "GRRR",
        "company": "Gorilla Technology Group Inc.",
        "change_pct": 16.11,
        "premarket": 21.84,
        "volume": 149870,
        "category": "g",
        "source": "tv",
        "shortable": true,
        "exchange_name": "NASDAQ",
        "market_cap": 354326509,
        "existing": false
    },
    {
        "symbol": "ARQQ",
        "company": "Arqit Quantum Inc.",
        "change_pct": 15.98,
        "premarket": 44.04,
        "volume": 107500,
        "category": "g",
        "source": "tv",
        "shortable": true,
        "exchange_name": "NASDAQ",
        "market_cap": 511781606,
        "existing": false
    },
    {
        "symbol": "SMLR",
        "company": "Semler Scientific, Inc.",
        "change_pct": 14.43,
        "premarket": 36.55,
        "volume": 210590,
        "category": "g",
        "source": "tv",
        "shortable": true,
        "exchange_name": "NASDAQ",
        "market_cap": 565326757,
        "existing": false
    },
    {
        "symbol": "ACTU",
        "company": "Actuate Therapeutics, Inc.",
        "change_pct": 14.3,
        "premarket": 8.56,
        "volume": 144360,
        "category": "g",
        "source": "tv",
        "shortable": true,
        "exchange_name": "NASDAQ",
        "market_cap": 146951253,
        "existing": false
    },
    {
        "symbol": "GALT",
        "company": "Galectin Therapeutics Inc.",
        "change_pct": 14.28,
        "premarket": 3.76,
        "volume": 159060,
        "category": "g",
        "source": "tv",
        "shortable": true,
        "exchange_name": "NASDAQ",
        "market_cap": 208229314,
        "existing": false
    },
    {
        "symbol": "OSCR",
        "company": "Oscar Health, Inc.",
        "change_pct": 14.22,
        "premarket": 21.44,
        "volume": 1660000,
        "category": "g",
        "source": "tv",
        "shortable": true,
        "exchange_name": "NYSE",
        "market_cap": 4774378512,
        "existing": false
    },
    {
        "symbol": "IMG",
        "company": "CIMG Inc.",
        "change_pct": 14.02,
        "premarket": 0.37,
        "volume": 517,
        "category": "g",
        "source": "tv",
        "shortable": true,
        "exchange_name": "NASDAQ",
        "market_cap": 11810962,
        "existing": false
    },
    {
        "symbol": "SRM",
        "company": "SRM Entertainment, Inc.",
        "change_pct": 13.66,
        "premarket": 9.32,
        "volume": 1690000,
        "category": "g",
        "source": "tv",
        "shortable": true,
        "exchange_name": "NASDAQ",
        "market_cap": 141397602,
        "existing": false
    },
    {
        "symbol": "ZETA",
        "company": "Zeta Global Holdings Corp.",
        "change_pct": 12.95,
        "premarket": 14.22,
        "volume": 520760,
        "category": "g",
        "source": "tv",
        "shortable": true,
        "exchange_name": "NYSE",
        "market_cap": 2965500634,
        "existing": false
    },
    {
        "symbol": "ACN",
        "company": "Accenture plc",
        "change_pct": -5.17,
        "premarket": 290.55,
        "volume": 116330,
        "category": "l",
        "source": "tv",
        "shortable": true,
        "exchange_name": "NYSE",
        "market_cap": 191801792263,
        "existing": false
    },
    {
        "symbol": "RGC",
        "company": "Regencell Bioscience Holdings Limited",
        "change_pct": -14.76,
        "premarket": 54.0,
        "volume": 19930,
        "category": "l",
        "source": "tv",
        "shortable": true,
        "exchange_name": "NASDAQ",
        "market_cap": 31325872321,
        "existing": false
    },
    {
        "symbol": "CMC",
        "company": "Commercial Metals Company",
        "change_pct": -11.87,
        "premarket": 43.22,
        "volume": 1080,
        "category": "l",
        "source": "tv",
        "shortable": true,
        "exchange_name": "NYSE",
        "market_cap": 5541548296,
        "existing": false
    },
    {
        "symbol": "WWW",
        "company": "Wolverine World Wide, Inc.",
        "change_pct": -5.11,
        "premarket": 16.7,
        "volume": 344,
        "category": "l",
        "source": "tv",
        "shortable": true,
        "exchange_name": "NYSE",
        "market_cap": 1426375297,
        "existing": false
    },
    {
        "symbol": "SSII",
        "company": "SS Innovations International Inc.",
        "change_pct": -4.0,
        "premarket": 4.68,
        "volume": 6360,
        "category": "l",
        "source": "tv",
        "shortable": true,
        "exchange_name": "NASDAQ",
        "market_cap": 944787373,
        "existing": false
    },
    {
        "symbol": "NXTT",
        "company": "Next Technology Holding Inc.",
        "change_pct": -6.02,
        "premarket": 1.25,
        "volume": 6390,
        "category": "l",
        "source": "tv",
        "shortable": true,
        "exchange_name": "NASDAQ",
        "market_cap": 580232629,
        "existing": false
    },
    {
        "symbol": "CAPR",
        "company": "Capricor Therapeutics, Inc.",
        "change_pct": -4.86,
        "premarket": 11.36,
        "volume": 46900,
        "category": "l",
        "source": "tv",
        "shortable": true,
        "exchange_name": "NASDAQ",
        "market_cap": 545751358,
        "existing": false
    },
    {
        "symbol": "SWBI",
        "company": "Smith & Wesson Brands, Inc.",
        "change_pct": -13.88,
        "premarket": 9.37,
        "volume": 37330,
        "category": "l",
        "source": "tv",
        "shortable": true,
        "exchange_name": "NASDAQ",
        "market_cap": 478749408,
        "existing": false
    },
    {
        "symbol": "CWCO",
        "company": "Consolidated Water Co. Ltd.",
        "change_pct": -4.88,
        "premarket": 27.89,
        "volume": 201,
        "category": "l",
        "source": "tv",
        "shortable": true,
        "exchange_name": "NASDAQ",
        "market_cap": 466677204,
        "existing": false
    },
    {
        "symbol": "TERN",
        "company": "Terns Pharmaceuticals, Inc.",
        "change_pct": -6.5,
        "premarket": 3.74,
        "volume": 3250,
        "category": "l",
        "source": "tv",
        "shortable": true,
        "exchange_name": "NASDAQ",
        "market_cap": 349351204,
        "existing": false
    },
    {
        "symbol": "LDI",
        "company": "loanDepot, Inc.",
        "change_pct": -4.08,
        "premarket": 1.36,
        "volume": 225,
        "category": "l",
        "source": "tv",
        "shortable": true,
        "exchange_name": "NYSE",
        "market_cap": 295411797,
        "existing": false
    },
    {
        "symbol": "NA",
        "company": "Nano Labs Ltd",
        "change_pct": -4.34,
        "premarket": 11.44,
        "volume": 1500,
        "category": "l",
        "source": "tv",
        "shortable": true,
        "exchange_name": "NASDAQ",
        "market_cap": 203574098,
        "existing": false
    },
    {
        "symbol": "NVCT",
        "company": "Nuvectis Pharma, Inc.",
        "change_pct": -10.68,
        "premarket": 7.19,
        "volume": 100,
        "category": "l",
        "source": "tv",
        "shortable": true,
        "exchange_name": "NASDAQ",
        "market_cap": 190258417,
        "existing": false
    },
    {
        "symbol": "SORA",
        "company": "Top Win International Limited",
        "change_pct": -5.05,
        "premarket": 6.2,
        "volume": 100,
        "category": "l",
        "source": "tv",
        "shortable": true,
        "exchange_name": "NASDAQ",
        "market_cap": 162361920,
        "existing": false
    },
    {
        "symbol": "VIRC",
        "company": "Virco Manufacturing Corporation",
        "change_pct": -5.77,
        "premarket": 7.68,
        "volume": 369,
        "category": "l",
        "source": "tv",
        "shortable": true,
        "exchange_name": "NASDAQ",
        "market_cap": 128265824,
        "existing": false
    },
    {
        "symbol": "LSE",
        "company": "Leishen Energy Holding Co., Ltd.",
        "change_pct": -9.64,
        "premarket": 6.75,
        "volume": 28860,
        "category": "l",
        "source": "tv",
        "shortable": true,
        "exchange_name": "NASDAQ",
        "market_cap": 127176750,
        "existing": false
    },
    {
        "symbol": "FTRK",
        "company": "FAST TRACK GROUP",
        "change_pct": -7.53,
        "premarket": 5.53,
        "volume": 554,
        "category": "l",
        "source": "tv",
        "shortable": true,
        "exchange_name": "NASDAQ",
        "market_cap": 127075000,
        "existing": false
    },
    {
        "symbol": "DTI",
        "company": "Drilling Tools International Corporation",
        "change_pct": -4.94,
        "premarket": 3.27,
        "volume": 300,
        "category": "l",
        "source": "tv",
        "shortable": true,
        "exchange_name": "NASDAQ",
        "market_cap": 122439015,
        "existing": false
    },
    {
        "symbol": "ZJYL",
        "company": "JIN MEDICAL INTERNATIONAL LTD.",
        "change_pct": -6.15,
        "premarket": 0.6607,
        "volume": 1740,
        "category": "l",
        "source": "tv",
        "shortable": true,
        "exchange_name": "NASDAQ",
        "market_cap": 110209158,
        "existing": false
    },
    {
        "symbol": "HUHU",
        "company": "HUHUTECH International Group Inc.",
        "change_pct": -6.0,
        "premarket": 4.7,
        "volume": 100,
        "category": "l",
        "source": "tv",
        "shortable": true,
        "exchange_name": "NASDAQ",
        "market_cap": 105867065,
        "existing": false
    }
]