[
    {
        "symbol": "OCEA",
        "company": "Ocean Biomedical, Inc.",
        "premarket": 7.23,
        "change_pct": 35.9,
        "volume": 4000099,
        "category": "g",
        "source": "cnn",
        "shortable": true,
        "exchange_name": "NASD",
        "market_cap": 180.9477,
        "existing": false
    },
    {
        "symbol": "PETV",
        "company": "PetVivo Holdings Inc",
        "premarket": 2.71,
        "change_pct": 17.32,
        "volume": 5000,
        "category": "g",
        "source": "cnn",
        "shortable": false,
        "exchange_name": "NASD",
        "market_cap": 27.34494,
        "existing": false
    },
    {
        "symbol": "PCT",
        "company": "PureCycle Technologies Inc",
        "premarket": 9.14,
        "change_pct": 15.11,
        "volume": 135000,
        "category": "g",
        "source": "cnn",
        "shortable": true,
        "exchange_name": "NASD",
        "market_cap": 1299.543,
        "existing": false
    },
    {
        "symbol": "BLZE",
        "company": "Backblaze, Inc. Class A",
        "premarket": 4.94,
        "change_pct": 12.35,
        "volume": 1000,
        "category": "g",
        "source": "cnn",
        "shortable": false,
        "exchange_name": "NASD",
        "market_cap": 152.24,
        "existing": false
    },
    {
        "symbol": "CLPT",
        "company": "ClearPoint Neuro, Inc.",
        "premarket": 7.75,
        "change_pct": 11.97,
        "volume": 7,
        "category": "g",
        "source": "cnn",
        "shortable": true,
        "exchange_name": "NASD",
        "market_cap": 170.1092,
        "existing": false
    },
    {
        "symbol": "PDCO",
        "company": "Patterson Companies Incorporated",
        "premarket": 31.57,
        "change_pct": 11.71,
        "volume": 22000,
        "category": "g",
        "source": "cnn",
        "shortable": true,
        "exchange_name": "NASD",
        "market_cap": 2761.228,
        "existing": false
    },
    {
        "symbol": "SNTG",
        "company": "Sentage Holdings, Inc. Class A",
        "premarket": 2.9,
        "change_pct": 11.11,
        "volume": 65,
        "category": "g",
        "source": "cnn",
        "shortable": false,
        "exchange_name": "NASD",
        "market_cap": 7.3219,
        "existing": false
    },
    {
        "symbol": "FUSN",
        "company": "Fusion Pharmaceuticals Inc",
        "premarket": 4.8,
        "change_pct": 10.85,
        "volume": 6000,
        "category": "g",
        "source": "cnn",
        "shortable": true,
        "exchange_name": "NASD",
        "market_cap": 276.4532,
        "existing": false
    },
    {
        "symbol": "EXFY",
        "company": "Expensify, Inc. Class A",
        "premarket": 8.44,
        "change_pct": 10.18,
        "volume": 472,
        "category": "g",
        "source": "cnn",
        "shortable": true,
        "exchange_name": "NASD",
        "market_cap": 634.3909,
        "existing": false
    },
    {
        "symbol": "CCEL",
        "company": "Cryo-Cell International, Inc.",
        "premarket": 6.41,
        "change_pct": 8.64,
        "volume": 52,
        "category": "g",
        "source": "cnn",
        "shortable": false,
        "exchange_name": "AMEX",
        "market_cap": 0.0,
        "existing": false
    },
    {
        "symbol": "WRLD",
        "company": "World Acceptance Corporation",
        "premarket": 135.62,
        "change_pct": 8.12,
        "volume": 847,
        "category": "g",
        "source": "cnn",
        "shortable": true,
        "exchange_name": "NASD",
        "market_cap": 782.0569,
        "existing": false
    },
    {
        "symbol": "OCEA",
        "company": "Ocean Biomedical, Inc.",
        "premarket": 7.23,
        "change_pct": -35.9,
        "volume": 4000099,
        "category": "l",
        "source": "cnn",
        "shortable": true,
        "exchange_name": "NASD",
        "market_cap": 180.9477,
        "existing": false
    },
    {
        "symbol": "PETV",
        "company": "PetVivo Holdings Inc",
        "premarket": 2.71,
        "change_pct": -17.32,
        "volume": 5000,
        "category": "l",
        "source": "cnn",
        "shortable": false,
        "exchange_name": "NASD",
        "market_cap": 27.34494,
        "existing": false
    },
    {
        "symbol": "PCT",
        "company": "PureCycle Technologies Inc",
        "premarket": 9.14,
        "change_pct": -15.11,
        "volume": 135000,
        "category": "l",
        "source": "cnn",
        "shortable": true,
        "exchange_name": "NASD",
        "market_cap": 1299.543,
        "existing": false
    },
    {
        "symbol": "BLZE",
        "company": "Backblaze, Inc. Class A",
        "premarket": 4.94,
        "change_pct": -12.35,
        "volume": 1000,
        "category": "l",
        "source": "cnn",
        "shortable": false,
        "exchange_name": "NASD",
        "market_cap": 152.24,
        "existing": false
    },
    {
        "symbol": "CLPT",
        "company": "ClearPoint Neuro, Inc.",
        "premarket": 7.75,
        "change_pct": -11.97,
        "volume": 7,
        "category": "l",
        "source": "cnn",
        "shortable": true,
        "exchange_name": "NASD",
        "market_cap": 170.1092,
        "existing": false
    },
    {
        "symbol": "PDCO",
        "company": "Patterson Companies Incorporated",
        "premarket": 31.57,
        "change_pct": -11.71,
        "volume": 22000,
        "category": "l",
        "source": "cnn",
        "shortable": true,
        "exchange_name": "NASD",
        "market_cap": 2761.228,
        "existing": false
    },
    {
        "symbol": "SNTG",
        "company": "Sentage Holdings, Inc. Class A",
        "premarket": 2.9,
        "change_pct": -11.11,
        "volume": 65,
        "category": "l",
        "source": "cnn",
        "shortable": false,
        "exchange_name": "NASD",
        "market_cap": 7.3219,
        "existing": false
    },
    {
        "symbol": "FUSN",
        "company": "Fusion Pharmaceuticals Inc",
        "premarket": 4.8,
        "change_pct": -10.85,
        "volume": 6000,
        "category": "l",
        "source": "cnn",
        "shortable": true,
        "exchange_name": "NASD",
        "market_cap": 276.4532,
        "existing": false
    },
    {
        "symbol": "EXFY",
        "company": "Expensify, Inc. Class A",
        "premarket": 8.44,
        "change_pct": -10.18,
        "volume": 472,
        "category": "l",
        "source": "cnn",
        "shortable": true,
        "exchange_name": "NASD",
        "market_cap": 634.3909,
        "existing": false
    },
    {
        "symbol": "CCEL",
        "company": "Cryo-Cell International, Inc.",
        "premarket": 6.41,
        "change_pct": -8.64,
        "volume": 52,
        "category": "l",
        "source": "cnn",
        "shortable": false,
        "exchange_name": "AMEX",
        "market_cap": 0.0,
        "existing": false
    },
    {
        "symbol": "WRLD",
        "company": "World Acceptance Corporation",
        "premarket": 135.62,
        "change_pct": -8.12,
        "volume": 847,
        "category": "l",
        "source": "cnn",
        "shortable": true,
        "exchange_name": "NASD",
        "market_cap": 782.0569,
        "existing": false
    }
]