[
    {
        "symbol": "SAI",
        "company": "SAI.TECH Global Corporation",
        "change_pct": 302.63,
        "premarket": 6.12,
        "volume": 7674100,
        "category": "g",
        "source": "tv",
        "fails": [],
        "shortable": true,
        "exchange_name": "NASD",
        "market_cap": 110.565,
        "tradeable": true
    },
    {
        "symbol": "CXAI",
        "company": "CXApp Inc.",
        "change_pct": 161.43,
        "premarket": 18.64,
        "volume": 4134100,
        "category": "g",
        "source": "tv",
        "fails": [
            "existing"
        ],
        "shortable": false,
        "exchange_name": "NASD",
        "market_cap": 194.8695,
        "tradeable": false
    },
    {
        "symbol": "INPX",
        "company": "Inpixon",
        "change_pct": 91.67,
        "premarket": 1.38,
        "volume": 32025100,
        "category": "g",
        "source": "tv",
        "fails": [],
        "shortable": true,
        "exchange_name": "NASD",
        "market_cap": 16.34919,
        "tradeable": true
    },
    {
        "symbol": "PTPI",
        "company": "Petros Pharmaceuticals, Inc.",
        "change_pct": 79.21,
        "premarket": 1.81,
        "volume": 1885100,
        "category": "g",
        "source": "tv",
        "fails": [],
        "shortable": false,
        "exchange_name": "NASD",
        "market_cap": 9.50499,
        "tradeable": true
    },
    {
        "symbol": "FOXO",
        "company": "FOXO Technologies Inc.",
        "change_pct": 60.83,
        "premarket": 0.8011,
        "volume": 5121100,
        "category": "g",
        "source": "tv",
        "fails": [
            "premarket"
        ],
        "shortable": false,
        "exchange_name": "AMEX",
        "market_cap": 130.5116,
        "tradeable": false
    },
    {
        "symbol": "CHNR",
        "company": "China Natural Resources, Inc.",
        "change_pct": 25.55,
        "premarket": 2.85,
        "volume": 7565,
        "category": "g",
        "source": "tv",
        "fails": [
            "existing"
        ],
        "shortable": false,
        "exchange_name": "NASD",
        "market_cap": 17.44058,
        "tradeable": false
    },
    {
        "symbol": "MVLA",
        "company": "Movella Holdings Inc.",
        "change_pct": 23.91,
        "premarket": 1.71,
        "volume": 1830100,
        "category": "g",
        "source": "tv",
        "fails": [],
        "shortable": true,
        "exchange_name": "NASD",
        "market_cap": 76.03996,
        "tradeable": true
    },
    {
        "symbol": "MRAI",
        "company": "Marpai, Inc.",
        "change_pct": 22.7,
        "premarket": 2.0,
        "volume": 3594100,
        "category": "g",
        "source": "tv",
        "fails": [],
        "shortable": true,
        "exchange_name": "NASD",
        "market_cap": 40.04152,
        "tradeable": true
    },
    {
        "symbol": "RBT",
        "company": "Rubicon Technologies, Inc.",
        "change_pct": 16.85,
        "premarket": 0.6076,
        "volume": 243981,
        "category": "g",
        "source": "tv",
        "fails": [
            "premarket"
        ],
        "shortable": false,
        "exchange_name": "NYSE",
        "market_cap": 94.07545,
        "tradeable": false
    },
    {
        "symbol": "ETAO",
        "company": "Etao International Co., Ltd.",
        "change_pct": 16.75,
        "premarket": 0.93,
        "volume": 303167,
        "category": "g",
        "source": "tv",
        "fails": [
            "premarket"
        ],
        "shortable": true,
        "exchange_name": "NASD",
        "market_cap": 86.95237,
        "tradeable": false
    },
    {
        "symbol": "EXPR",
        "company": "Express, Inc.",
        "change_pct": 16.65,
        "premarket": 0.786,
        "volume": 791016,
        "category": "g",
        "source": "tv",
        "fails": [
            "premarket"
        ],
        "shortable": true,
        "exchange_name": "NYSE",
        "market_cap": 61.96002,
        "tradeable": false
    },
    {
        "symbol": "MMAT",
        "company": "Meta Materials Inc.",
        "change_pct": -41.8,
        "premarket": 0.2224,
        "volume": 17903100,
        "category": "l",
        "source": "tv",
        "fails": [
            "premarket"
        ],
        "shortable": true,
        "exchange_name": "NASD",
        "market_cap": 87.32188,
        "tradeable": false
    },
    {
        "symbol": "PEAR",
        "company": "Pear Therapeutics, Inc.",
        "change_pct": -28.27,
        "premarket": 0.085,
        "volume": 16282100,
        "category": "l",
        "source": "tv",
        "fails": [
            "premarket"
        ],
        "shortable": true,
        "exchange_name": "NASD",
        "market_cap": 10.27722,
        "tradeable": false
    },
    {
        "symbol": "IDAI",
        "company": "T Stamp Inc.",
        "change_pct": -27.39,
        "premarket": 4.03,
        "volume": 1651100,
        "category": "l",
        "source": "tv",
        "fails": [
            "existing",
            "is_shortable"
        ],
        "shortable": false,
        "exchange_name": "NASD",
        "market_cap": 18.20375,
        "tradeable": false
    },
    {
        "symbol": "CTLT",
        "company": "Catalent, Inc.",
        "change_pct": -26.55,
        "premarket": 46.5,
        "volume": 475311,
        "category": "l",
        "source": "tv",
        "fails": [
            "existing"
        ],
        "shortable": true,
        "exchange_name": "NYSE",
        "market_cap": 8341.791,
        "tradeable": false
    },
    {
        "symbol": "KAL",
        "company": "Kalera Public Limited Company",
        "change_pct": -22.22,
        "premarket": 1.26,
        "volume": 207627,
        "category": "l",
        "source": "tv",
        "fails": [],
        "shortable": true,
        "exchange_name": "NASD",
        "market_cap": 1.02903,
        "tradeable": true
    },
    {
        "symbol": "SNGX",
        "company": "Soligenix, Inc.",
        "change_pct": -20.73,
        "premarket": 1.3,
        "volume": 10266,
        "category": "l",
        "source": "tv",
        "fails": [],
        "shortable": true,
        "exchange_name": "NASD",
        "market_cap": 4.59145,
        "tradeable": true
    },
    {
        "symbol": "SABS",
        "company": "SAB Biotherapeutics, Inc.",
        "change_pct": -19.49,
        "premarket": 0.611,
        "volume": 509904,
        "category": "l",
        "source": "tv",
        "fails": [
            "premarket",
            "is_shortable"
        ],
        "shortable": false,
        "exchange_name": "NASD",
        "market_cap": 36.56358,
        "tradeable": false
    },
    {
        "symbol": "NCMI",
        "company": "National CineMedia, Inc.",
        "change_pct": -17.04,
        "premarket": 0.355,
        "volume": 7111099,
        "category": "l",
        "source": "tv",
        "fails": [
            "premarket"
        ],
        "shortable": true,
        "exchange_name": "NASD",
        "market_cap": 28.53605,
        "tradeable": false
    },
    {
        "symbol": "SASI",
        "company": "Sigma Additive Solutions, Inc.",
        "change_pct": -15.56,
        "premarket": 0.38,
        "volume": 100,
        "category": "l",
        "source": "tv",
        "fails": [
            "premarket",
            "shares_value"
        ],
        "shortable": true,
        "exchange_name": "NASD",
        "market_cap": 4.95545,
        "tradeable": false
    },
    {
        "symbol": "SPR",
        "company": "Spirit Aerosystems Holdings, Inc.",
        "change_pct": -15.45,
        "premarket": 30.1,
        "volume": 334605,
        "category": "l",
        "source": "tv",
        "fails": [
            "existing"
        ],
        "shortable": true,
        "exchange_name": "NYSE",
        "market_cap": 2964.997,
        "tradeable": false
    },
    {
        "symbol": "HTCR",
        "company": "Heartcore Enterprises, Inc.",
        "change_pct": -15.13,
        "premarket": 1.01,
        "volume": 129983,
        "category": "l",
        "source": "tv",
        "fails": [
            "is_shortable"
        ],
        "shortable": false,
        "exchange_name": "NASD",
        "market_cap": 21.28039,
        "tradeable": false
    }
]