[
    {
        "symbol": "DMAQ",
        "company": "Deep Medicine Acquisition Corp.",
        "change_pct": 71.18,
        "premarket": 19.48,
        "volume": 41910,
        "category": "g",
        "source": "tv",
        "shortable": false,
        "exchange_name": "NASD",
        "market_cap": 56.51427,
        "existing": false
    },
    {
        "symbol": "AIMD",
        "company": "Ainos, Inc.",
        "change_pct": 58.93,
        "premarket": 1.16,
        "volume": 4009000,
        "category": "g",
        "source": "tv",
        "shortable": false,
        "exchange_name": "NASD",
        "market_cap": 21.04298,
        "existing": false
    },
    {
        "symbol": "FREQ",
        "company": "Frequency Therapeutics, Inc.",
        "change_pct": 48.83,
        "premarket": 0.5953,
        "volume": 6957000,
        "category": "g",
        "source": "tv",
        "shortable": true,
        "exchange_name": "NASD",
        "market_cap": 25.38031,
        "existing": false
    },
    {
        "symbol": "EDTX",
        "company": "EdtechX Holdings Acquisition Corp. II",
        "change_pct": 46.84,
        "premarket": 63.48,
        "volume": 108914,
        "category": "g",
        "source": "tv",
        "shortable": true,
        "exchange_name": "NASD",
        "market_cap": 186.5509,
        "existing": false
    },
    {
        "symbol": "ARBB",
        "company": "ARB IOT Group Limited",
        "change_pct": 44.17,
        "premarket": 4.7,
        "volume": 1951000,
        "category": "g",
        "source": "tv",
        "shortable": true,
        "exchange_name": "NASD",
        "market_cap": 83.475,
        "existing": false
    },
    {
        "symbol": "PRFX",
        "company": "PainReform Ltd.",
        "change_pct": 39.65,
        "premarket": 8.03,
        "volume": 1274000,
        "category": "g",
        "source": "tv",
        "shortable": false,
        "exchange_name": "NASD",
        "market_cap": 8.68412,
        "existing": false
    },
    {
        "symbol": "METX",
        "company": "Meten Holding Group Ltd.",
        "change_pct": 26.17,
        "premarket": 0.27,
        "volume": 1470000,
        "category": "g",
        "source": "tv",
        "shortable": true,
        "exchange_name": "NASD",
        "market_cap": 5.07529,
        "existing": false
    },
    {
        "symbol": "EFSH",
        "company": "1847 Holdings LLC",
        "change_pct": 24.0,
        "premarket": 0.31,
        "volume": 6981000,
        "category": "g",
        "source": "tv",
        "shortable": false,
        "exchange_name": "AMEX",
        "market_cap": 5.99428,
        "existing": false
    },
    {
        "symbol": "NKLA",
        "company": "Nikola Corporation",
        "change_pct": 23.36,
        "premarket": 2.74,
        "volume": 44816000,
        "category": "g",
        "source": "tv",
        "shortable": true,
        "exchange_name": "NASD",
        "market_cap": 1612.771,
        "existing": false
    },
    {
        "symbol": "NTRB",
        "company": "Nutriband Inc.",
        "change_pct": 22.5,
        "premarket": 2.94,
        "volume": 110688,
        "category": "g",
        "source": "tv",
        "shortable": false,
        "exchange_name": "NASD",
        "market_cap": 25.30107,
        "existing": false
    },
    {
        "symbol": "WAVS",
        "company": "Western Acquisition Ventures Corp.",
        "change_pct": 21.63,
        "premarket": 12.65,
        "volume": 389820,
        "category": "g",
        "source": "tv",
        "shortable": false,
        "exchange_name": "NASD",
        "market_cap": 43.8861,
        "existing": false
    },
    {
        "symbol": "LUNR",
        "company": "Intuitive Machines, Inc.",
        "change_pct": 18.85,
        "premarket": 10.15,
        "volume": 490465,
        "category": "g",
        "source": "tv",
        "shortable": true,
        "exchange_name": "NASD",
        "market_cap": 153.6534,
        "existing": false
    },
    {
        "symbol": "BRLI",
        "company": "Brilliant Acquisition Corporation",
        "change_pct": 17.03,
        "premarket": 13.4,
        "volume": 58581,
        "category": "g",
        "source": "tv",
        "shortable": false,
        "exchange_name": "NASD",
        "market_cap": 21.10744,
        "existing": false
    },
    {
        "symbol": "ACAD",
        "company": "ACADIA Pharmaceuticals Inc.",
        "change_pct": 16.47,
        "premarket": 30.05,
        "volume": 97265,
        "category": "g",
        "source": "tv",
        "shortable": true,
        "exchange_name": "NASD",
        "market_cap": 5233.285,
        "existing": false
    },
    {
        "symbol": "STGW",
        "company": "Stagwell Inc.",
        "change_pct": 14.63,
        "premarket": 8.54,
        "volume": 100,
        "category": "g",
        "source": "tv",
        "shortable": true,
        "exchange_name": "NASD",
        "market_cap": 1966.824,
        "existing": false
    },
    {
        "symbol": "ID",
        "company": "PARTS iD, Inc.",
        "change_pct": 14.38,
        "premarket": 0.49,
        "volume": 8319,
        "category": "g",
        "source": "tv",
        "shortable": false,
        "exchange_name": "AMEX",
        "market_cap": 206.3389,
        "existing": false
    },
    {
        "symbol": "SNTG",
        "company": "Sentage Holdings Inc.",
        "change_pct": 13.59,
        "premarket": 2.76,
        "volume": 400,
        "category": "g",
        "source": "tv",
        "shortable": false,
        "exchange_name": "NASD",
        "market_cap": 6.70473,
        "existing": false
    },
    {
        "symbol": "MNPR",
        "company": "Monopar Therapeutics Inc.",
        "change_pct": 13.58,
        "premarket": 0.97,
        "volume": 960473,
        "category": "g",
        "source": "tv",
        "shortable": true,
        "exchange_name": "NASD",
        "market_cap": 13.22206,
        "existing": false
    },
    {
        "symbol": "SAI",
        "company": "SAI.TECH Global Corporation",
        "change_pct": 13.16,
        "premarket": 2.15,
        "volume": 741797,
        "category": "g",
        "source": "tv",
        "shortable": true,
        "exchange_name": "NASD",
        "market_cap": 46.58147,
        "existing": false
    },
    {
        "symbol": "XCUR",
        "company": "Exicure, Inc.",
        "change_pct": 11.11,
        "premarket": 1.4,
        "volume": 24356,
        "category": "g",
        "source": "tv",
        "shortable": true,
        "exchange_name": "NASD",
        "market_cap": 11.37873,
        "existing": false
    },
    {
        "symbol": "STT",
        "company": "State Street Corporation",
        "change_pct": -3.21,
        "premarket": 74.97,
        "volume": 31425,
        "category": "l",
        "source": "tv",
        "shortable": true,
        "exchange_name": "NYSE",
        "market_cap": 22763.03,
        "existing": false
    },
    {
        "symbol": "POOL",
        "company": "Pool Corporation",
        "change_pct": -8.03,
        "premarket": 351.93,
        "volume": 6908,
        "category": "l",
        "source": "tv",
        "shortable": true,
        "exchange_name": "NASD",
        "market_cap": 14211.45,
        "existing": false
    },
    {
        "symbol": "PNR",
        "company": "Pentair plc.",
        "change_pct": -3.36,
        "premarket": 64.5,
        "volume": 1469,
        "category": "l",
        "source": "tv",
        "shortable": true,
        "exchange_name": "NYSE",
        "market_cap": 10865.28,
        "existing": false
    },
    {
        "symbol": "SWAV",
        "company": "ShockWave Medical, Inc.",
        "change_pct": -4.92,
        "premarket": 270.0,
        "volume": 8906,
        "category": "l",
        "source": "tv",
        "shortable": true,
        "exchange_name": "NASD",
        "market_cap": 9873.328,
        "existing": false
    },
    {
        "symbol": "AA",
        "company": "Alcoa Corporation",
        "change_pct": -3.54,
        "premarket": 35.39,
        "volume": 61163,
        "category": "l",
        "source": "tv",
        "shortable": true,
        "exchange_name": "NYSE",
        "market_cap": 6158.419,
        "existing": false
    },
    {
        "symbol": "ONB",
        "company": "Old National Bancorp",
        "change_pct": -4.23,
        "premarket": 14.25,
        "volume": 273,
        "category": "l",
        "source": "tv",
        "shortable": true,
        "exchange_name": "NASD",
        "market_cap": 4260.241,
        "existing": false
    },
    {
        "symbol": "MCW",
        "company": "Mister Car Wash, Inc.",
        "change_pct": -6.37,
        "premarket": 9.25,
        "volume": 2100,
        "category": "l",
        "source": "tv",
        "shortable": true,
        "exchange_name": "NYSE",
        "market_cap": 3079.021,
        "existing": false
    },
    {
        "symbol": "HAYW",
        "company": "Hayward Holdings, Inc.",
        "change_pct": -4.13,
        "premarket": 13.0,
        "volume": 5268,
        "category": "l",
        "source": "tv",
        "shortable": true,
        "exchange_name": "NYSE",
        "market_cap": 2657.969,
        "existing": false
    },
    {
        "symbol": "OII",
        "company": "Oceaneering International, Inc.",
        "change_pct": -4.42,
        "premarket": 21.34,
        "volume": 6921,
        "category": "l",
        "source": "tv",
        "shortable": true,
        "exchange_name": "NYSE",
        "market_cap": 2221.979,
        "existing": false
    },
    {
        "symbol": "GERN",
        "company": "Geron Corporation",
        "change_pct": -3.12,
        "premarket": 3.11,
        "volume": 100,
        "category": "l",
        "source": "tv",
        "shortable": true,
        "exchange_name": "NASD",
        "market_cap": 1638.229,
        "existing": false
    },
    {
        "symbol": "CLMT",
        "company": "Calumet Specialty Products Partners, L.P.",
        "change_pct": -4.3,
        "premarket": 16.04,
        "volume": 1358,
        "category": "l",
        "source": "tv",
        "shortable": true,
        "exchange_name": "NASD",
        "market_cap": 1317.712,
        "existing": false
    },
    {
        "symbol": "LESL",
        "company": "Leslie's, Inc.",
        "change_pct": -39.5,
        "premarket": 5.76,
        "volume": 2342000,
        "category": "l",
        "source": "tv",
        "shortable": true,
        "exchange_name": "NASD",
        "market_cap": 1231.749,
        "existing": false
    },
    {
        "symbol": "TASK",
        "company": "TaskUs, Inc.",
        "change_pct": -3.38,
        "premarket": 12.86,
        "volume": 6052,
        "category": "l",
        "source": "tv",
        "shortable": true,
        "exchange_name": "NASD",
        "market_cap": 1165.186,
        "existing": false
    },
    {
        "symbol": "COMM",
        "company": "CommScope Holding Company, Inc.",
        "change_pct": -4.75,
        "premarket": 6.22,
        "volume": 18305,
        "category": "l",
        "source": "tv",
        "shortable": true,
        "exchange_name": "NASD",
        "market_cap": 1138.11,
        "existing": false
    },
    {
        "symbol": "DAWN",
        "company": "Day One Biopharmaceuticals, Inc.",
        "change_pct": -3.6,
        "premarket": 11.5,
        "volume": 105,
        "category": "l",
        "source": "tv",
        "shortable": true,
        "exchange_name": "NASD",
        "market_cap": 991.5443,
        "existing": false
    },
    {
        "symbol": "ALTI",
        "company": "AlTi Global, Inc.",
        "change_pct": -7.33,
        "premarket": 7.46,
        "volume": 105,
        "category": "l",
        "source": "tv",
        "shortable": true,
        "exchange_name": "NASD",
        "market_cap": 952.83,
        "existing": false
    },
    {
        "symbol": "LIFW",
        "company": "MSP Recovery, Inc.",
        "change_pct": -6.41,
        "premarket": 0.2761,
        "volume": 525593,
        "category": "l",
        "source": "tv",
        "shortable": true,
        "exchange_name": "NASD",
        "market_cap": 835.5275,
        "existing": false
    },
    {
        "symbol": "TSE",
        "company": "Trinseo PLC",
        "change_pct": -5.35,
        "premarket": 17.05,
        "volume": 1150,
        "category": "l",
        "source": "tv",
        "shortable": true,
        "exchange_name": "NYSE",
        "market_cap": 605.9229,
        "existing": false
    },
    {
        "symbol": "XPER",
        "company": "Xperi Inc.",
        "change_pct": -4.97,
        "premarket": 12.44,
        "volume": 200,
        "category": "l",
        "source": "tv",
        "shortable": true,
        "exchange_name": "NYSE",
        "market_cap": 550.1779,
        "existing": false
    },
    {
        "symbol": "LILM",
        "company": "Lilium N.V.",
        "change_pct": -16.47,
        "premarket": 1.42,
        "volume": 4330000,
        "category": "l",
        "source": "tv",
        "shortable": true,
        "exchange_name": "NASD",
        "market_cap": 532.1432,
        "existing": false
    }
]