[
    {
        "symbol": "SFR",
        "company": "Appreciate Holdings, Inc.",
        "change_pct": 93.08,
        "premarket": 0.3879,
        "volume": 11074100,
        "category": "g",
        "source": "tv",
        "shortable": false,
        "exchange_name": "NASD",
        "market_cap": 11.1793,
        "existing": false
    },
    {
        "symbol": "ELEV",
        "company": "Elevation Oncology, Inc.",
        "change_pct": 72.09,
        "premarket": 5.18,
        "volume": 7591100,
        "category": "g",
        "source": "tv",
        "shortable": false,
        "exchange_name": "NASD",
        "market_cap": 73.25692,
        "existing": false
    },
    {
        "symbol": "ONFO",
        "company": "Onfolio Holdings Inc.",
        "change_pct": 52.14,
        "premarket": 1.78,
        "volume": 3943100,
        "category": "g",
        "source": "tv",
        "shortable": false,
        "exchange_name": "NASD",
        "market_cap": 5.97893,
        "existing": false
    },
    {
        "symbol": "EFTR",
        "company": "eFFECTOR Therapeutics, Inc.",
        "change_pct": 50.85,
        "premarket": 0.798,
        "volume": 13131100,
        "category": "g",
        "source": "tv",
        "shortable": true,
        "exchange_name": "NASD",
        "market_cap": 22.43024,
        "existing": false
    },
    {
        "symbol": "MAX",
        "company": "MediaAlpha, Inc.",
        "change_pct": 24.61,
        "premarket": 9.47,
        "volume": 25464,
        "category": "g",
        "source": "tv",
        "shortable": true,
        "exchange_name": "NYSE",
        "market_cap": 482.7949,
        "existing": false
    },
    {
        "symbol": "SHPH",
        "company": "Shuttle Pharmaceuticals Holdings, Inc.",
        "change_pct": 24.29,
        "premarket": 1.48,
        "volume": 2011100,
        "category": "g",
        "source": "tv",
        "shortable": false,
        "exchange_name": "NASD",
        "market_cap": 16.24841,
        "existing": false
    },
    {
        "symbol": "PDSB",
        "company": "PDS Biotechnology Corporation",
        "change_pct": 22.77,
        "premarket": 8.25,
        "volume": 312587,
        "category": "g",
        "source": "tv",
        "shortable": true,
        "exchange_name": "NASD",
        "market_cap": 207.1347,
        "existing": false
    },
    {
        "symbol": "LYRA",
        "company": "Lyra Therapeutics, Inc.",
        "change_pct": 21.4,
        "premarket": 2.95,
        "volume": 84919,
        "category": "g",
        "source": "tv",
        "shortable": true,
        "exchange_name": "NASD",
        "market_cap": 77.36346,
        "existing": false
    },
    {
        "symbol": "ONCR",
        "company": "Oncorus, Inc.",
        "change_pct": 20.45,
        "premarket": 0.2409,
        "volume": 4891100,
        "category": "g",
        "source": "tv",
        "shortable": true,
        "exchange_name": "NASD",
        "market_cap": 5.21897,
        "existing": false
    },
    {
        "symbol": "FWBI",
        "company": "First Wave BioPharma, Inc.",
        "change_pct": 18.38,
        "premarket": 2.19,
        "volume": 100,
        "category": "g",
        "source": "tv",
        "shortable": false,
        "exchange_name": "NASD",
        "market_cap": 3.35528,
        "existing": false
    },
    {
        "symbol": "PIXY",
        "company": "ShiftPixy, Inc.",
        "change_pct": 17.76,
        "premarket": 2.52,
        "volume": 125,
        "category": "g",
        "source": "tv",
        "shortable": true,
        "exchange_name": "NASD",
        "market_cap": 21.34979,
        "existing": false
    },
    {
        "symbol": "MRVL",
        "company": "Marvell Technology, Inc.",
        "change_pct": 17.55,
        "premarket": 58.15,
        "volume": 1137100,
        "category": "g",
        "source": "tv",
        "shortable": true,
        "exchange_name": "NASD",
        "market_cap": 42502.44,
        "existing": false
    },
    {
        "symbol": "RCUS",
        "company": "Arcus Biosciences, Inc.",
        "change_pct": 17.14,
        "premarket": 20.5,
        "volume": 26287,
        "category": "g",
        "source": "tv",
        "shortable": true,
        "exchange_name": "NYSE",
        "market_cap": 1279.348,
        "existing": false
    },
    {
        "symbol": "ANGN",
        "company": "Angion Biomedica Corp.",
        "change_pct": 16.5,
        "premarket": 0.9901,
        "volume": 327525,
        "category": "g",
        "source": "tv",
        "shortable": true,
        "exchange_name": "NASD",
        "market_cap": 25.59364,
        "existing": false
    },
    {
        "symbol": "BTTR",
        "company": "Better Choice Company Inc.",
        "change_pct": 14.49,
        "premarket": 0.3879,
        "volume": 400,
        "category": "g",
        "source": "tv",
        "shortable": true,
        "exchange_name": "AMEX",
        "market_cap": 104.4389,
        "existing": false
    },
    {
        "symbol": "VCNX",
        "company": "Vaccinex, Inc.",
        "change_pct": 14.45,
        "premarket": 0.438,
        "volume": 101,
        "category": "g",
        "source": "tv",
        "shortable": true,
        "exchange_name": "NASD",
        "market_cap": 20.99353,
        "existing": false
    },
    {
        "symbol": "MFH",
        "company": "Mercurity Fintech Holding Inc. - American",
        "change_pct": 13.99,
        "premarket": 2.2,
        "volume": 35764,
        "category": "g",
        "source": "tv",
        "shortable": true,
        "exchange_name": "NASD",
        "market_cap": 89.81856,
        "existing": false
    },
    {
        "symbol": "CMRA",
        "company": "Comera Life Sciences Holdings, Inc.",
        "change_pct": 13.62,
        "premarket": 0.5989,
        "volume": 400,
        "category": "g",
        "source": "tv",
        "shortable": false,
        "exchange_name": "NASD",
        "market_cap": 11.75704,
        "existing": false
    },
    {
        "symbol": "CLSD",
        "company": "Clearside Biomedical, Inc.",
        "change_pct": 12.37,
        "premarket": 1.18,
        "volume": 100,
        "category": "g",
        "source": "tv",
        "shortable": true,
        "exchange_name": "NASD",
        "market_cap": 64.74944,
        "existing": false
    },
    {
        "symbol": "BLBX",
        "company": "Blackboxstocks Inc.",
        "change_pct": 11.53,
        "premarket": 3.87,
        "volume": 500,
        "category": "g",
        "source": "tv",
        "shortable": false,
        "exchange_name": "NASD",
        "market_cap": 10.94543,
        "existing": false
    },
    {
        "symbol": "EFOI",
        "company": "Energy Focus, Inc.",
        "change_pct": 11.51,
        "premarket": 0.523,
        "volume": 400,
        "category": "g",
        "source": "tv",
        "shortable": true,
        "exchange_name": "NASD",
        "market_cap": 9.02525,
        "existing": false
    },
    {
        "symbol": "EKSO",
        "company": "Ekso Bionics Holdings, Inc.",
        "change_pct": 9.93,
        "premarket": 1.55,
        "volume": 176,
        "category": "g",
        "source": "tv",
        "shortable": true,
        "exchange_name": "NASD",
        "market_cap": 19.03905,
        "existing": false
    },
    {
        "symbol": "CURO",
        "company": "CURO Group Holdings Corp.",
        "change_pct": 9.8,
        "premarket": 1.12,
        "volume": 21411,
        "category": "g",
        "source": "tv",
        "shortable": true,
        "exchange_name": "NYSE",
        "market_cap": 41.79476,
        "existing": false
    },
    {
        "symbol": "WDAY",
        "company": "Workday, Inc.",
        "change_pct": 9.72,
        "premarket": 215.5,
        "volume": 30020,
        "category": "g",
        "source": "tv",
        "shortable": true,
        "exchange_name": "NASD",
        "market_cap": 51146.62,
        "existing": false
    },
    {
        "symbol": "CLPS",
        "company": "CLPS Incorporation",
        "change_pct": 9.57,
        "premarket": 1.26,
        "volume": 497204,
        "category": "g",
        "source": "tv",
        "shortable": true,
        "exchange_name": "NASD",
        "market_cap": 27.17004,
        "existing": false
    },
    {
        "symbol": "APVO",
        "company": "Aptevo Therapeutics Inc.",
        "change_pct": 9.56,
        "premarket": 1.79,
        "volume": 100,
        "category": "g",
        "source": "tv",
        "shortable": true,
        "exchange_name": "NASD",
        "market_cap": 11.8829,
        "existing": false
    },
    {
        "symbol": "AGIL",
        "company": "AgileThought, Inc.",
        "change_pct": 9.56,
        "premarket": 0.745,
        "volume": 1264,
        "category": "g",
        "source": "tv",
        "shortable": false,
        "exchange_name": "NASD",
        "market_cap": 34.02845,
        "existing": false
    },
    {
        "symbol": "CNTX",
        "company": "Context Therapeutics Inc.",
        "change_pct": 9.36,
        "premarket": 0.9186,
        "volume": 28433,
        "category": "g",
        "source": "tv",
        "shortable": false,
        "exchange_name": "NASD",
        "market_cap": 13.41148,
        "existing": false
    },
    {
        "symbol": "PETZ",
        "company": "TDH Holdings, Inc.",
        "change_pct": 9.12,
        "premarket": 1.36,
        "volume": 350,
        "category": "g",
        "source": "tv",
        "shortable": true,
        "exchange_name": "NASD",
        "market_cap": 12.85247,
        "existing": false
    },
    {
        "symbol": "SONN",
        "company": "Sonnet BioTherapeutics Holdings, Inc.",
        "change_pct": 9.05,
        "premarket": 0.4362,
        "volume": 1000100,
        "category": "g",
        "source": "tv",
        "shortable": true,
        "exchange_name": "NASD",
        "market_cap": 10.99147,
        "existing": false
    },
    {
        "symbol": "BAOS",
        "company": "Baosheng Media Group Holdings Limited",
        "change_pct": 8.61,
        "premarket": 6.94,
        "volume": 300,
        "category": "g",
        "source": "tv",
        "shortable": false,
        "exchange_name": "NASD",
        "market_cap": 9.80537,
        "existing": false
    },
    {
        "symbol": "NXGL",
        "company": "NexGel, Inc",
        "change_pct": 8.6,
        "premarket": 2.4,
        "volume": 88578,
        "category": "g",
        "source": "tv",
        "shortable": false,
        "exchange_name": "NASD",
        "market_cap": 12.407,
        "existing": false
    },
    {
        "symbol": "MLEC",
        "company": "Moolec Science SA",
        "change_pct": 8.52,
        "premarket": 2.93,
        "volume": 100,
        "category": "g",
        "source": "tv",
        "shortable": true,
        "exchange_name": "NASD",
        "market_cap": 101.4127,
        "existing": false
    },
    {
        "symbol": "GPS",
        "company": "Gap, Inc. (The)",
        "change_pct": 8.49,
        "premarket": 8.05,
        "volume": 445319,
        "category": "g",
        "source": "tv",
        "shortable": true,
        "exchange_name": "NYSE",
        "market_cap": 2729.289,
        "existing": false
    },
    {
        "symbol": "RPHM",
        "company": "Reneo Pharmaceuticals, Inc.",
        "change_pct": 8.43,
        "premarket": 9.0,
        "volume": 100,
        "category": "g",
        "source": "tv",
        "shortable": false,
        "exchange_name": "NASD",
        "market_cap": 279.3375,
        "existing": false
    },
    {
        "symbol": "PLRX",
        "company": "Pliant Therapeutics, Inc.",
        "change_pct": 8.38,
        "premarket": 22.75,
        "volume": 250,
        "category": "g",
        "source": "tv",
        "shortable": true,
        "exchange_name": "NASD",
        "market_cap": 1241.694,
        "existing": false
    },
    {
        "symbol": "SRGA",
        "company": "Surgalign Holdings, Inc.",
        "change_pct": 8.38,
        "premarket": 0.9451,
        "volume": 1155,
        "category": "g",
        "source": "tv",
        "shortable": true,
        "exchange_name": "NASD",
        "market_cap": 8.00797,
        "existing": false
    },
    {
        "symbol": "SLNO",
        "company": "Soleno Therapeutics, Inc.",
        "change_pct": 8.35,
        "premarket": 5.45,
        "volume": 500,
        "category": "g",
        "source": "tv",
        "shortable": true,
        "exchange_name": "NASD",
        "market_cap": 41.089,
        "existing": false
    },
    {
        "symbol": "ENSV",
        "company": "Enservco Corporation",
        "change_pct": 8.33,
        "premarket": 0.39,
        "volume": 239,
        "category": "g",
        "source": "tv",
        "shortable": true,
        "exchange_name": "AMEX",
        "market_cap": 12.91898,
        "existing": false
    },
    {
        "symbol": "PARA",
        "company": "Paramount Global",
        "change_pct": 8.03,
        "premarket": 15.21,
        "volume": 441524,
        "category": "g",
        "source": "tv",
        "shortable": true,
        "exchange_name": "NASD",
        "market_cap": 9265.511,
        "existing": false
    }
]