[
    {
        "symbol": "WAVD",
        "company": "WaveDancer, Inc.",
        "change_pct": 143.6,
        "premarket": 0.6699,
        "volume": 10975000,
        "category": "g",
        "source": "tv",
        "shortable": false,
        "exchange_name": "NASD",
        "market_cap": 5.29645,
        "existing": false
    },
    {
        "symbol": "MEDS",
        "company": "TRxADE HEALTH, Inc.",
        "change_pct": 59.91,
        "premarket": 10.73,
        "volume": 531412,
        "category": "g",
        "source": "tv",
        "shortable": false,
        "exchange_name": "NASD",
        "market_cap": 4.57958,
        "existing": false
    },
    {
        "symbol": "CRKN",
        "company": "Crown Electrokinetics Corp.",
        "change_pct": 35.94,
        "premarket": 0.0938,
        "volume": 54058000,
        "category": "g",
        "source": "tv",
        "shortable": false,
        "exchange_name": "NASD",
        "market_cap": 5.81749,
        "existing": false
    },
    {
        "symbol": "RBT",
        "company": "Rubicon Technologies, Inc.",
        "change_pct": 30.33,
        "premarket": 1.59,
        "volume": 6276000,
        "category": "g",
        "source": "tv",
        "shortable": false,
        "exchange_name": "NYSE",
        "market_cap": 233.5344,
        "existing": false
    },
    {
        "symbol": "LIDR",
        "company": "AEye, Inc.",
        "change_pct": 24.93,
        "premarket": 0.7,
        "volume": 13273000,
        "category": "g",
        "source": "tv",
        "shortable": true,
        "exchange_name": "NASD",
        "market_cap": 99.11258,
        "existing": false
    },
    {
        "symbol": "DPCS",
        "company": "DP Cap Acquisition Corp I",
        "change_pct": 23.03,
        "premarket": 12.93,
        "volume": 263,
        "category": "g",
        "source": "tv",
        "shortable": false,
        "exchange_name": "NASD",
        "market_cap": 302.1625,
        "existing": false
    },
    {
        "symbol": "FEXD",
        "company": "Fintech Ecosystem Development Corp.",
        "change_pct": 21.54,
        "premarket": 12.92,
        "volume": 100,
        "category": "g",
        "source": "tv",
        "shortable": false,
        "exchange_name": "NASD",
        "market_cap": 153.4175,
        "existing": false
    },
    {
        "symbol": "ROVR",
        "company": "Rover Group, Inc.",
        "change_pct": 20.06,
        "premarket": 6.7,
        "volume": 117149,
        "category": "g",
        "source": "tv",
        "shortable": true,
        "exchange_name": "NASD",
        "market_cap": 1027.949,
        "existing": false
    },
    {
        "symbol": "YOU",
        "company": "Clear Secure, Inc.",
        "change_pct": 19.67,
        "premarket": 27.2,
        "volume": 94918,
        "category": "g",
        "source": "tv",
        "shortable": true,
        "exchange_name": "NYSE",
        "market_cap": 3482.457,
        "existing": false
    },
    {
        "symbol": "POWL",
        "company": "Powell Industries, Inc.",
        "change_pct": 19.12,
        "premarket": 73.01,
        "volume": 948,
        "category": "g",
        "source": "tv",
        "shortable": true,
        "exchange_name": "NASD",
        "market_cap": 726.9413,
        "existing": false
    },
    {
        "symbol": "CDLX",
        "company": "Cardlytics, Inc. Common Stock",
        "change_pct": 19.08,
        "premarket": 13.42,
        "volume": 18861,
        "category": "g",
        "source": "tv",
        "shortable": true,
        "exchange_name": "NASD",
        "market_cap": 382.1454,
        "existing": false
    },
    {
        "symbol": "FTDR",
        "company": "Frontdoor, Inc.",
        "change_pct": 17.38,
        "premarket": 41.0,
        "volume": 1475,
        "category": "g",
        "source": "tv",
        "shortable": true,
        "exchange_name": "NASD",
        "market_cap": 2854.697,
        "existing": false
    },
    {
        "symbol": "VRT",
        "company": "Vertiv Holdings, LLC",
        "change_pct": 16.89,
        "premarket": 31.01,
        "volume": 680703,
        "category": "g",
        "source": "tv",
        "shortable": true,
        "exchange_name": "NYSE",
        "market_cap": 10074.4,
        "existing": false
    },
    {
        "symbol": "ELF",
        "company": "e.l.f. Beauty, Inc.",
        "change_pct": 16.35,
        "premarket": 135.55,
        "volume": 50491,
        "category": "g",
        "source": "tv",
        "shortable": true,
        "exchange_name": "NYSE",
        "market_cap": 6339.648,
        "existing": false
    },
    {
        "symbol": "XPL",
        "company": "Solitario Resources Corp.",
        "change_pct": 15.67,
        "premarket": 0.62,
        "volume": 8799,
        "category": "g",
        "source": "tv",
        "shortable": false,
        "exchange_name": "AMEX",
        "market_cap": 32.48305,
        "existing": false
    },
    {
        "symbol": "IDAI",
        "company": "T Stamp Inc.",
        "change_pct": 15.17,
        "premarket": 1.67,
        "volume": 1062000,
        "category": "g",
        "source": "tv",
        "shortable": true,
        "exchange_name": "NASD",
        "market_cap": 10.79636,
        "existing": false
    },
    {
        "symbol": "INM",
        "company": "InMed Pharmaceuticals Inc.",
        "change_pct": 14.56,
        "premarket": 1.18,
        "volume": 389,
        "category": "g",
        "source": "tv",
        "shortable": true,
        "exchange_name": "NASD",
        "market_cap": 3.42804,
        "existing": false
    },
    {
        "symbol": "FRSH",
        "company": "Freshworks Inc.",
        "change_pct": 14.31,
        "premarket": 20.85,
        "volume": 87666,
        "category": "g",
        "source": "tv",
        "shortable": true,
        "exchange_name": "NASD",
        "market_cap": 5310.441,
        "existing": false
    },
    {
        "symbol": "SLGG",
        "company": "Super League Gaming, Inc.",
        "change_pct": 13.76,
        "premarket": 0.3895,
        "volume": 864745,
        "category": "g",
        "source": "tv",
        "shortable": true,
        "exchange_name": "NASD",
        "market_cap": 16.73965,
        "existing": false
    },
    {
        "symbol": "SMFL",
        "company": "Smart for Life, Inc.",
        "change_pct": 12.92,
        "premarket": 2.27,
        "volume": 422960,
        "category": "g",
        "source": "tv",
        "shortable": true,
        "exchange_name": "NASD",
        "market_cap": 3.04018,
        "existing": false
    },
    {
        "symbol": "ABEO",
        "company": "Abeona Therapeutics Inc.",
        "change_pct": 12.39,
        "premarket": 3.72,
        "volume": 1296,
        "category": "g",
        "source": "tv",
        "shortable": true,
        "exchange_name": "NASD",
        "market_cap": 70.21752,
        "existing": false
    },
    {
        "symbol": "MITQ",
        "company": "Moving iMage Technologies, Inc.",
        "change_pct": 11.4,
        "premarket": 1.08,
        "volume": 14603,
        "category": "g",
        "source": "tv",
        "shortable": false,
        "exchange_name": "AMEX",
        "market_cap": 26.83733,
        "existing": false
    },
    {
        "symbol": "SRFM",
        "company": "Surf Air Mobility Inc.",
        "change_pct": 10.9,
        "premarket": 1.73,
        "volume": 579481,
        "category": "g",
        "source": "tv",
        "shortable": true,
        "exchange_name": "NYSE",
        "market_cap": 109.8911,
        "existing": false
    },
    {
        "symbol": "MLGO",
        "company": "MicroAlgo, Inc.",
        "change_pct": 10.82,
        "premarket": 2.56,
        "volume": 100,
        "category": "g",
        "source": "tv",
        "shortable": false,
        "exchange_name": "NASD",
        "market_cap": 101.309,
        "existing": false
    },
    {
        "symbol": "LUXH",
        "company": "LuxUrban Hotels Inc.",
        "change_pct": 10.67,
        "premarket": 3.32,
        "volume": 100,
        "category": "g",
        "source": "tv",
        "shortable": false,
        "exchange_name": "NASD",
        "market_cap": 97.2509,
        "existing": false
    },
    {
        "symbol": "JCI",
        "company": "Johnson Controls International plc",
        "change_pct": -8.27,
        "premarket": 64.24,
        "volume": 31252,
        "category": "l",
        "source": "tv",
        "shortable": true,
        "exchange_name": "NYSE",
        "market_cap": 48047.5,
        "existing": false
    },
    {
        "symbol": "PRU",
        "company": "Prudential Financial, Inc.",
        "change_pct": -5.01,
        "premarket": 91.51,
        "volume": 100,
        "category": "l",
        "source": "tv",
        "shortable": true,
        "exchange_name": "NYSE",
        "market_cap": 35164.1,
        "existing": false
    },
    {
        "symbol": "PAYC",
        "company": "Paycom Software, Inc.",
        "change_pct": -8.41,
        "premarket": 339.6,
        "volume": 3244,
        "category": "l",
        "source": "tv",
        "shortable": true,
        "exchange_name": "NYSE",
        "market_cap": 21458.19,
        "existing": false
    },
    {
        "symbol": "DT",
        "company": "Dynatrace, Inc.",
        "change_pct": -8.32,
        "premarket": 50.6,
        "volume": 130057,
        "category": "l",
        "source": "tv",
        "shortable": true,
        "exchange_name": "NYSE",
        "market_cap": 16179.48,
        "existing": false
    },
    {
        "symbol": "SEDG",
        "company": "SolarEdge Technologies, Inc.",
        "change_pct": -14.68,
        "premarket": 204.31,
        "volume": 128280,
        "category": "l",
        "source": "tv",
        "shortable": true,
        "exchange_name": "NASD",
        "market_cap": 13492.87,
        "existing": false
    },
    {
        "symbol": "CG",
        "company": "The Carlyle Group Inc.",
        "change_pct": -6.43,
        "premarket": 33.17,
        "volume": 5055,
        "category": "l",
        "source": "tv",
        "shortable": true,
        "exchange_name": "NASD",
        "market_cap": 12836.97,
        "existing": false
    },
    {
        "symbol": "PEN",
        "company": "Penumbra, Inc.",
        "change_pct": -9.71,
        "premarket": 269.37,
        "volume": 1977,
        "category": "l",
        "source": "tv",
        "shortable": true,
        "exchange_name": "NYSE",
        "market_cap": 11412.01,
        "existing": false
    },
    {
        "symbol": "GNRC",
        "company": "Generac Holdings Inc.",
        "change_pct": -15.45,
        "premarket": 129.68,
        "volume": 67977,
        "category": "l",
        "source": "tv",
        "shortable": true,
        "exchange_name": "NYSE",
        "market_cap": 9539.216,
        "existing": false
    },
    {
        "symbol": "AXTA",
        "company": "Axalta Coating Systems Ltd.",
        "change_pct": -5.59,
        "premarket": 30.4,
        "volume": 9894,
        "category": "l",
        "source": "tv",
        "shortable": true,
        "exchange_name": "NYSE",
        "market_cap": 7133.353,
        "existing": false
    },
    {
        "symbol": "QS",
        "company": "QuantumScape Corporation",
        "change_pct": -5.27,
        "premarket": 11.86,
        "volume": 188335,
        "category": "l",
        "source": "tv",
        "shortable": true,
        "exchange_name": "NYSE",
        "market_cap": 5604.689,
        "existing": false
    },
    {
        "symbol": "LPX",
        "company": "Louisiana-Pacific Corporation",
        "change_pct": -6.89,
        "premarket": 71.17,
        "volume": 8867,
        "category": "l",
        "source": "tv",
        "shortable": true,
        "exchange_name": "NYSE",
        "market_cap": 5506.994,
        "existing": false
    },
    {
        "symbol": "ALIT",
        "company": "Alight, Inc.",
        "change_pct": -7.54,
        "premarket": 8.95,
        "volume": 4058,
        "category": "l",
        "source": "tv",
        "shortable": true,
        "exchange_name": "NYSE",
        "market_cap": 4817.315,
        "existing": false
    },
    {
        "symbol": "SHLS",
        "company": "Shoals Technologies Group, Inc.",
        "change_pct": -6.78,
        "premarket": 24.34,
        "volume": 13461,
        "category": "l",
        "source": "tv",
        "shortable": true,
        "exchange_name": "NASD",
        "market_cap": 4434.011,
        "existing": false
    },
    {
        "symbol": "DRVN",
        "company": "Driven Brands Holdings Inc.",
        "change_pct": -22.57,
        "premarket": 20.0,
        "volume": 29424,
        "category": "l",
        "source": "tv",
        "shortable": true,
        "exchange_name": "NASD",
        "market_cap": 4328.082,
        "existing": false
    },
    {
        "symbol": "SMG",
        "company": "Scotts Miracle-Gro Company (The)",
        "change_pct": -18.32,
        "premarket": 58.35,
        "volume": 32853,
        "category": "l",
        "source": "tv",
        "shortable": true,
        "exchange_name": "NYSE",
        "market_cap": 4005.793,
        "existing": false
    },
    {
        "symbol": "SFM",
        "company": "Sprouts Farmers Market, Inc.",
        "change_pct": -8.52,
        "premarket": 35.0,
        "volume": 62347,
        "category": "l",
        "source": "tv",
        "shortable": true,
        "exchange_name": "NASD",
        "market_cap": 3942.628,
        "existing": false
    },
    {
        "symbol": "BPMC",
        "company": "Blueprint Medicines Corporation",
        "change_pct": -9.62,
        "premarket": 57.97,
        "volume": 25123,
        "category": "l",
        "source": "tv",
        "shortable": true,
        "exchange_name": "NASD",
        "market_cap": 3878.375,
        "existing": false
    },
    {
        "symbol": "RVMD",
        "company": "Revolution Medicines, Inc.",
        "change_pct": -5.56,
        "premarket": 29.75,
        "volume": 3308,
        "category": "l",
        "source": "tv",
        "shortable": true,
        "exchange_name": "NASD",
        "market_cap": 3348.867,
        "existing": false
    },
    {
        "symbol": "SPR",
        "company": "Spirit Aerosystems Holdings, Inc.",
        "change_pct": -6.2,
        "premarket": 29.49,
        "volume": 39387,
        "category": "l",
        "source": "tv",
        "shortable": true,
        "exchange_name": "NYSE",
        "market_cap": 3307.958,
        "existing": false
    },
    {
        "symbol": "INTA",
        "company": "Intapp, Inc.",
        "change_pct": -5.76,
        "premarket": 38.78,
        "volume": 487,
        "category": "l",
        "source": "tv",
        "shortable": true,
        "exchange_name": "NASD",
        "market_cap": 2766.137,
        "existing": false
    },
    {
        "symbol": "CWH",
        "company": "Camping World Holdings, Inc.",
        "change_pct": -9.63,
        "premarket": 28.26,
        "volume": 87487,
        "category": "l",
        "source": "tv",
        "shortable": true,
        "exchange_name": "NYSE",
        "market_cap": 2624.604,
        "existing": false
    },
    {
        "symbol": "LUMN",
        "company": "Lumen Technologies, Inc.",
        "change_pct": -9.85,
        "premarket": 1.83,
        "volume": 764268,
        "category": "l",
        "source": "tv",
        "shortable": true,
        "exchange_name": "NYSE",
        "market_cap": 2038.781,
        "existing": false
    },
    {
        "symbol": "TLRY",
        "company": "Tilray Brands, Inc.",
        "change_pct": -5.04,
        "premarket": 2.26,
        "volume": 1006000,
        "category": "l",
        "source": "tv",
        "shortable": true,
        "exchange_name": "NASD",
        "market_cap": 1673.752,
        "existing": false
    },
    {
        "symbol": "SILK",
        "company": "Silk Road Medical, Inc.",
        "change_pct": -11.91,
        "premarket": 20.18,
        "volume": 214,
        "category": "l",
        "source": "tv",
        "shortable": true,
        "exchange_name": "NASD",
        "market_cap": 887.2734,
        "existing": false
    },
    {
        "symbol": "IMXI",
        "company": "International Money Express, Inc.",
        "change_pct": -12.35,
        "premarket": 21.0,
        "volume": 1509,
        "category": "l",
        "source": "tv",
        "shortable": true,
        "exchange_name": "NASD",
        "market_cap": 872.5818,
        "existing": false
    }
]