[
    {
        "symbol": "CRKN",
        "company": "Crown Electrokinetics Corp.",
        "change_pct": 51.88,
        "premarket": 0.1048,
        "volume": 21245000,
        "category": "g",
        "source": "tv",
        "shortable": false,
        "exchange_name": "NASD",
        "market_cap": 5.9018,
        "existing": false
    },
    {
        "symbol": "RBT",
        "company": "Rubicon Technologies, Inc.",
        "change_pct": 28.69,
        "premarket": 1.57,
        "volume": 1746000,
        "category": "g",
        "source": "tv",
        "shortable": false,
        "exchange_name": "NYSE",
        "market_cap": 166.5368,
        "existing": false
    },
    {
        "symbol": "FRSH",
        "company": "Freshworks Inc.",
        "change_pct": 22.53,
        "premarket": 22.35,
        "volume": 1500,
        "category": "g",
        "source": "tv",
        "shortable": true,
        "exchange_name": "NASD",
        "market_cap": 5432.721,
        "existing": false
    },
    {
        "symbol": "ROVR",
        "company": "Rover Group, Inc.",
        "change_pct": 20.25,
        "premarket": 6.71,
        "volume": 20951,
        "category": "g",
        "source": "tv",
        "shortable": true,
        "exchange_name": "NASD",
        "market_cap": 1009.527,
        "existing": false
    },
    {
        "symbol": "CDLX",
        "company": "Cardlytics, Inc. Common Stock",
        "change_pct": 17.3,
        "premarket": 13.22,
        "volume": 1202,
        "category": "g",
        "source": "tv",
        "shortable": true,
        "exchange_name": "NASD",
        "market_cap": 395.7087,
        "existing": false
    },
    {
        "symbol": "IRNT",
        "company": "IronNet, Inc.",
        "change_pct": 14.53,
        "premarket": 0.1947,
        "volume": 1739000,
        "category": "g",
        "source": "tv",
        "shortable": true,
        "exchange_name": "NYSE",
        "market_cap": 15.64856,
        "existing": false
    },
    {
        "symbol": "LIDR",
        "company": "AEye, Inc.",
        "change_pct": 13.74,
        "premarket": 0.6373,
        "volume": 516891,
        "category": "g",
        "source": "tv",
        "shortable": true,
        "exchange_name": "NASD",
        "market_cap": 68.98788,
        "existing": false
    },
    {
        "symbol": "MYMD",
        "company": "MyMD Pharmaceuticals, Inc.",
        "change_pct": 11.38,
        "premarket": 1.86,
        "volume": 629,
        "category": "g",
        "source": "tv",
        "shortable": true,
        "exchange_name": "NASD",
        "market_cap": 59.14948,
        "existing": false
    },
    {
        "symbol": "AURC",
        "company": "Aurora Acquisition Corp.",
        "change_pct": 11.13,
        "premarket": 34.45,
        "volume": 300,
        "category": "g",
        "source": "tv",
        "shortable": true,
        "exchange_name": "NASD",
        "market_cap": 414.0399,
        "existing": false
    },
    {
        "symbol": "MLGO",
        "company": "MicroAlgo, Inc.",
        "change_pct": 10.82,
        "premarket": 2.56,
        "volume": 100,
        "category": "g",
        "source": "tv",
        "shortable": false,
        "exchange_name": "NASD",
        "market_cap": 101.7476,
        "existing": false
    },
    {
        "symbol": "GDHG",
        "company": "Golden Heaven Group Holdings Ltd.",
        "change_pct": 10.77,
        "premarket": 3.6,
        "volume": 900,
        "category": "g",
        "source": "tv",
        "shortable": false,
        "exchange_name": "NASD",
        "market_cap": 191.9873,
        "existing": false
    },
    {
        "symbol": "FNGR",
        "company": "FingerMotion, Inc.",
        "change_pct": 9.72,
        "premarket": 5.87,
        "volume": 3111,
        "category": "g",
        "source": "tv",
        "shortable": true,
        "exchange_name": "NASD",
        "market_cap": 307.7691,
        "existing": false
    },
    {
        "symbol": "CNTG",
        "company": "Centogene N.V.",
        "change_pct": 8.91,
        "premarket": 1.1,
        "volume": 300,
        "category": "g",
        "source": "tv",
        "shortable": true,
        "exchange_name": "NASD",
        "market_cap": 27.86575,
        "existing": false
    },
    {
        "symbol": "MTCH",
        "company": "Match Group, Inc.",
        "change_pct": 7.67,
        "premarket": 49.69,
        "volume": 7116,
        "category": "g",
        "source": "tv",
        "shortable": true,
        "exchange_name": "NASD",
        "market_cap": 12951.21,
        "existing": false
    },
    {
        "symbol": "GTHX",
        "company": "G1 Therapeutics, Inc.",
        "change_pct": 7.31,
        "premarket": 2.35,
        "volume": 1170,
        "category": "g",
        "source": "tv",
        "shortable": true,
        "exchange_name": "NASD",
        "market_cap": 123.9853,
        "existing": false
    },
    {
        "symbol": "HSDT",
        "company": "Helius Medical Technologies, Inc.",
        "change_pct": 7.0,
        "premarket": 0.22,
        "volume": 1000,
        "category": "g",
        "source": "tv",
        "shortable": true,
        "exchange_name": "NASD",
        "market_cap": 5.92523,
        "existing": false
    },
    {
        "symbol": "HRYU",
        "company": "HANRYU HOLDINGS INC",
        "change_pct": 6.41,
        "premarket": 8.3,
        "volume": 7810,
        "category": "g",
        "source": "tv",
        "shortable": false,
        "exchange_name": "NASD",
        "market_cap": 0,
        "existing": false
    },
    {
        "symbol": "GMBL",
        "company": "Esports Entertainment Group Inc.",
        "change_pct": 5.24,
        "premarket": 0.4399,
        "volume": 300,
        "category": "g",
        "source": "tv",
        "shortable": true,
        "exchange_name": "NASD",
        "market_cap": 1.4093,
        "existing": false
    },
    {
        "symbol": "ARDX",
        "company": "Ardelyx, Inc.",
        "change_pct": 5.21,
        "premarket": 4.04,
        "volume": 8270,
        "category": "g",
        "source": "tv",
        "shortable": true,
        "exchange_name": "NASD",
        "market_cap": 844.982,
        "existing": false
    },
    {
        "symbol": "SYTA",
        "company": "Siyata Mobile, Inc.",
        "change_pct": 5.18,
        "premarket": 0.0447,
        "volume": 3368000,
        "category": "g",
        "source": "tv",
        "shortable": false,
        "exchange_name": "NASD",
        "market_cap": 7.86068,
        "existing": false
    },
    {
        "symbol": "POL",
        "company": "Polished Inc.",
        "change_pct": 5.05,
        "premarket": 0.21,
        "volume": 189753,
        "category": "g",
        "source": "tv",
        "shortable": true,
        "exchange_name": "AMEX",
        "market_cap": 326.6091,
        "existing": false
    },
    {
        "symbol": "AREB",
        "company": "American Rebel Holdings, Inc.",
        "change_pct": 4.96,
        "premarket": 1.48,
        "volume": 100,
        "category": "g",
        "source": "tv",
        "shortable": false,
        "exchange_name": "NASD",
        "market_cap": 1.0226,
        "existing": false
    },
    {
        "symbol": "CIFR",
        "company": "Cipher Mining Inc.",
        "change_pct": 4.82,
        "premarket": 3.7,
        "volume": 100,
        "category": "g",
        "source": "tv",
        "shortable": true,
        "exchange_name": "NASD",
        "market_cap": 945.8428,
        "existing": false
    },
    {
        "symbol": "CTNT",
        "company": "CHEETAH NET SUPPLY CHAIN SERVICE IN",
        "change_pct": 4.78,
        "premarket": 7.23,
        "volume": 112085,
        "category": "g",
        "source": "tv",
        "shortable": false,
        "exchange_name": "NASD",
        "market_cap": 0.0,
        "existing": false
    },
    {
        "symbol": "GREE",
        "company": "Greenidge Generation Holdings Inc.",
        "change_pct": 4.69,
        "premarket": 5.36,
        "volume": 100,
        "category": "g",
        "source": "tv",
        "shortable": false,
        "exchange_name": "NASD",
        "market_cap": 36.87446,
        "existing": false
    },
    {
        "symbol": "PLTR",
        "company": "Palantir Technologies Inc.",
        "change_pct": -4.05,
        "premarket": 19.18,
        "volume": 324245,
        "category": "l",
        "source": "tv",
        "shortable": true,
        "exchange_name": "NYSE",
        "market_cap": 42010.01,
        "existing": false
    },
    {
        "symbol": "EA",
        "company": "Electronic Arts Inc.",
        "change_pct": -4.53,
        "premarket": 129.95,
        "volume": 400,
        "category": "l",
        "source": "tv",
        "shortable": true,
        "exchange_name": "NASD",
        "market_cap": 37103.15,
        "existing": false
    },
    {
        "symbol": "PINS",
        "company": "Pinterest, Inc.",
        "change_pct": -4.73,
        "premarket": 27.59,
        "volume": 3226,
        "category": "l",
        "source": "tv",
        "shortable": true,
        "exchange_name": "NYSE",
        "market_cap": 19822.12,
        "existing": false
    },
    {
        "symbol": "EXAS",
        "company": "Exact Sciences Corporation",
        "change_pct": -4.6,
        "premarket": 92.0,
        "volume": 205,
        "category": "l",
        "source": "tv",
        "shortable": true,
        "exchange_name": "NASD",
        "market_cap": 17595.06,
        "existing": false
    },
    {
        "symbol": "SEDG",
        "company": "SolarEdge Technologies, Inc.",
        "change_pct": -12.83,
        "premarket": 208.75,
        "volume": 5224,
        "category": "l",
        "source": "tv",
        "shortable": true,
        "exchange_name": "NASD",
        "market_cap": 13605.0,
        "existing": false
    },
    {
        "symbol": "MOS",
        "company": "Mosaic Company (The)",
        "change_pct": -4.3,
        "premarket": 38.5,
        "volume": 1057,
        "category": "l",
        "source": "tv",
        "shortable": true,
        "exchange_name": "NYSE",
        "market_cap": 13536.77,
        "existing": false
    },
    {
        "symbol": "HOOD",
        "company": "Robinhood Markets, Inc.",
        "change_pct": -4.12,
        "premarket": 12.34,
        "volume": 26245,
        "category": "l",
        "source": "tv",
        "shortable": true,
        "exchange_name": "NASD",
        "market_cap": 11612.01,
        "existing": false
    },
    {
        "symbol": "APP",
        "company": "Applovin Corporation",
        "change_pct": -5.38,
        "premarket": 29.74,
        "volume": 325,
        "category": "l",
        "source": "tv",
        "shortable": true,
        "exchange_name": "NASD",
        "market_cap": 10924.33,
        "existing": false
    },
    {
        "symbol": "SOFI",
        "company": "SoFi Technologies, Inc.",
        "change_pct": -3.96,
        "premarket": 9.94,
        "volume": 189182,
        "category": "l",
        "source": "tv",
        "shortable": true,
        "exchange_name": "NASD",
        "market_cap": 10773.25,
        "existing": false
    },
    {
        "symbol": "CVNA",
        "company": "Carvana Co.",
        "change_pct": -4.3,
        "premarket": 47.0,
        "volume": 23417,
        "category": "l",
        "source": "tv",
        "shortable": true,
        "exchange_name": "NYSE",
        "market_cap": 8704.958,
        "existing": false
    },
    {
        "symbol": "PLUG",
        "company": "Plug Power, Inc.",
        "change_pct": -3.76,
        "premarket": 12.28,
        "volume": 81780,
        "category": "l",
        "source": "tv",
        "shortable": true,
        "exchange_name": "NASD",
        "market_cap": 7879.042,
        "existing": false
    },
    {
        "symbol": "JOBY",
        "company": "Joby Aviation, Inc.",
        "change_pct": -5.6,
        "premarket": 8.26,
        "volume": 30953,
        "category": "l",
        "source": "tv",
        "shortable": true,
        "exchange_name": "NYSE",
        "market_cap": 6063.021,
        "existing": false
    },
    {
        "symbol": "QS",
        "company": "QuantumScape Corporation",
        "change_pct": -4.47,
        "premarket": 11.96,
        "volume": 39671,
        "category": "l",
        "source": "tv",
        "shortable": true,
        "exchange_name": "NYSE",
        "market_cap": 5958.339,
        "existing": false
    },
    {
        "symbol": "UPST",
        "company": "Upstart Holdings, Inc.",
        "change_pct": -4.4,
        "premarket": 68.92,
        "volume": 29064,
        "category": "l",
        "source": "tv",
        "shortable": true,
        "exchange_name": "NASD",
        "market_cap": 5678.671,
        "existing": false
    },
    {
        "symbol": "ASAN",
        "company": "Asana, Inc.",
        "change_pct": -4.14,
        "premarket": 23.4,
        "volume": 1495,
        "category": "l",
        "source": "tv",
        "shortable": true,
        "exchange_name": "NYSE",
        "market_cap": 5264.887,
        "existing": false
    },
    {
        "symbol": "AI",
        "company": "C3.ai, Inc.",
        "change_pct": -4.67,
        "premarket": 42.3,
        "volume": 46174,
        "category": "l",
        "source": "tv",
        "shortable": true,
        "exchange_name": "NYSE",
        "market_cap": 4855.755,
        "existing": false
    },
    {
        "symbol": "RNG",
        "company": "RingCentral, Inc.",
        "change_pct": -4.55,
        "premarket": 39.65,
        "volume": 2226,
        "category": "l",
        "source": "tv",
        "shortable": true,
        "exchange_name": "NYSE",
        "market_cap": 3954.076,
        "existing": false
    },
    {
        "symbol": "IONQ",
        "company": "IonQ, Inc.",
        "change_pct": -5.44,
        "premarket": 18.78,
        "volume": 149552,
        "category": "l",
        "source": "tv",
        "shortable": true,
        "exchange_name": "NYSE",
        "market_cap": 3869.795,
        "existing": false
    },
    {
        "symbol": "PAGS",
        "company": "PagSeguro Digital Ltd.",
        "change_pct": -4.06,
        "premarket": 11.1,
        "volume": 5272,
        "category": "l",
        "source": "tv",
        "shortable": true,
        "exchange_name": "NYSE",
        "market_cap": 3744.349,
        "existing": false
    },
    {
        "symbol": "OPEN",
        "company": "Opendoor Technologies Inc",
        "change_pct": -6.64,
        "premarket": 4.92,
        "volume": 76408,
        "category": "l",
        "source": "tv",
        "shortable": true,
        "exchange_name": "NASD",
        "market_cap": 3315.252,
        "existing": false
    },
    {
        "symbol": "PACB",
        "company": "Pacific Biosciences of California, Inc.",
        "change_pct": -4.27,
        "premarket": 12.77,
        "volume": 306,
        "category": "l",
        "source": "tv",
        "shortable": true,
        "exchange_name": "NASD",
        "market_cap": 3301.065,
        "existing": false
    },
    {
        "symbol": "LAZR",
        "company": "Luminar Technologies, Inc.",
        "change_pct": -7.14,
        "premarket": 7.28,
        "volume": 23076,
        "category": "l",
        "source": "tv",
        "shortable": true,
        "exchange_name": "NASD",
        "market_cap": 2794.66,
        "existing": false
    },
    {
        "symbol": "CWH",
        "company": "Camping World Holdings, Inc.",
        "change_pct": -10.46,
        "premarket": 28.0,
        "volume": 418,
        "category": "l",
        "source": "tv",
        "shortable": true,
        "exchange_name": "NYSE",
        "market_cap": 2688.393,
        "existing": false
    },
    {
        "symbol": "FSLY",
        "company": "Fastly, Inc.",
        "change_pct": -5.24,
        "premarket": 17.0,
        "volume": 1554,
        "category": "l",
        "source": "tv",
        "shortable": true,
        "exchange_name": "NYSE",
        "market_cap": 2332.99,
        "existing": false
    },
    {
        "symbol": "PRFT",
        "company": "Perficient, Inc.",
        "change_pct": -5.87,
        "premarket": 57.44,
        "volume": 127,
        "category": "l",
        "source": "tv",
        "shortable": true,
        "exchange_name": "NASD",
        "market_cap": 2220.842,
        "existing": false
    }
]