[
    {
        "symbol": "WAVD",
        "company": "WaveDancer, Inc.",
        "change_pct": 142.91,
        "premarket": 0.668,
        "volume": 15510000,
        "category": "g",
        "source": "tv",
        "shortable": false,
        "exchange_name": "NASD",
        "market_cap": 5.29645,
        "existing": false
    },
    {
        "symbol": "MEDS",
        "company": "TRxADE HEALTH, Inc.",
        "change_pct": 58.12,
        "premarket": 10.61,
        "volume": 745800,
        "category": "g",
        "source": "tv",
        "shortable": false,
        "exchange_name": "NASD",
        "market_cap": 4.57958,
        "existing": false
    },
    {
        "symbol": "CRKN",
        "company": "Crown Electrokinetics Corp.",
        "change_pct": 36.67,
        "premarket": 0.0943,
        "volume": 57607000,
        "category": "g",
        "source": "tv",
        "shortable": false,
        "exchange_name": "NASD",
        "market_cap": 5.81749,
        "existing": false
    },
    {
        "symbol": "RBT",
        "company": "Rubicon Technologies, Inc.",
        "change_pct": 32.79,
        "premarket": 1.62,
        "volume": 6825000,
        "category": "g",
        "source": "tv",
        "shortable": false,
        "exchange_name": "NYSE",
        "market_cap": 233.5344,
        "existing": false
    },
    {
        "symbol": "ROVR",
        "company": "Rover Group, Inc.",
        "change_pct": 25.09,
        "premarket": 6.98,
        "volume": 165149,
        "category": "g",
        "source": "tv",
        "shortable": true,
        "exchange_name": "NASD",
        "market_cap": 1027.949,
        "existing": false
    },
    {
        "symbol": "DPCS",
        "company": "DP Cap Acquisition Corp I",
        "change_pct": 23.03,
        "premarket": 12.93,
        "volume": 263,
        "category": "g",
        "source": "tv",
        "shortable": false,
        "exchange_name": "NASD",
        "market_cap": 302.1625,
        "existing": false
    },
    {
        "symbol": "VRT",
        "company": "Vertiv Holdings, LLC",
        "change_pct": 22.88,
        "premarket": 32.6,
        "volume": 836454,
        "category": "g",
        "source": "tv",
        "shortable": true,
        "exchange_name": "NYSE",
        "market_cap": 10074.4,
        "existing": false
    },
    {
        "symbol": "FEXD",
        "company": "Fintech Ecosystem Development Corp.",
        "change_pct": 21.54,
        "premarket": 12.92,
        "volume": 100,
        "category": "g",
        "source": "tv",
        "shortable": false,
        "exchange_name": "NASD",
        "market_cap": 153.4175,
        "existing": false
    },
    {
        "symbol": "CDLX",
        "company": "Cardlytics, Inc. Common Stock",
        "change_pct": 21.3,
        "premarket": 13.67,
        "volume": 42041,
        "category": "g",
        "source": "tv",
        "shortable": true,
        "exchange_name": "NASD",
        "market_cap": 382.1454,
        "existing": false
    },
    {
        "symbol": "IDAI",
        "company": "T Stamp Inc.",
        "change_pct": 20.0,
        "premarket": 1.74,
        "volume": 2791000,
        "category": "g",
        "source": "tv",
        "shortable": true,
        "exchange_name": "NASD",
        "market_cap": 10.79636,
        "existing": false
    },
    {
        "symbol": "LIDR",
        "company": "AEye, Inc.",
        "change_pct": 19.36,
        "premarket": 0.6688,
        "volume": 13832000,
        "category": "g",
        "source": "tv",
        "shortable": true,
        "exchange_name": "NASD",
        "market_cap": 99.11258,
        "existing": false
    },
    {
        "symbol": "POWL",
        "company": "Powell Industries, Inc.",
        "change_pct": 19.11,
        "premarket": 73.0,
        "volume": 2248,
        "category": "g",
        "source": "tv",
        "shortable": true,
        "exchange_name": "NASD",
        "market_cap": 726.9413,
        "existing": false
    },
    {
        "symbol": "YOU",
        "company": "Clear Secure, Inc.",
        "change_pct": 18.35,
        "premarket": 26.9,
        "volume": 124662,
        "category": "g",
        "source": "tv",
        "shortable": true,
        "exchange_name": "NYSE",
        "market_cap": 3482.457,
        "existing": false
    },
    {
        "symbol": "FRSH",
        "company": "Freshworks Inc.",
        "change_pct": 16.67,
        "premarket": 21.28,
        "volume": 102778,
        "category": "g",
        "source": "tv",
        "shortable": true,
        "exchange_name": "NASD",
        "market_cap": 5310.441,
        "existing": false
    },
    {
        "symbol": "ELF",
        "company": "e.l.f. Beauty, Inc.",
        "change_pct": 15.55,
        "premarket": 134.62,
        "volume": 74378,
        "category": "g",
        "source": "tv",
        "shortable": true,
        "exchange_name": "NYSE",
        "market_cap": 6339.648,
        "existing": false
    },
    {
        "symbol": "CRGO",
        "company": "Freightos Limited",
        "change_pct": 14.66,
        "premarket": 3.52,
        "volume": 2100,
        "category": "g",
        "source": "tv",
        "shortable": true,
        "exchange_name": "NASD",
        "market_cap": 145.6266,
        "existing": false
    },
    {
        "symbol": "SRFM",
        "company": "Surf Air Mobility Inc.",
        "change_pct": 12.82,
        "premarket": 1.76,
        "volume": 650040,
        "category": "g",
        "source": "tv",
        "shortable": true,
        "exchange_name": "NYSE",
        "market_cap": 109.8911,
        "existing": false
    },
    {
        "symbol": "DXYN",
        "company": "The Dixie Group, Inc.",
        "change_pct": 11.65,
        "premarket": 1.15,
        "volume": 2676,
        "category": "g",
        "source": "tv",
        "shortable": false,
        "exchange_name": "NASD",
        "market_cap": 15.98461,
        "existing": false
    },
    {
        "symbol": "SMFL",
        "company": "Smart for Life, Inc.",
        "change_pct": 11.43,
        "premarket": 2.24,
        "volume": 475154,
        "category": "g",
        "source": "tv",
        "shortable": true,
        "exchange_name": "NASD",
        "market_cap": 3.04018,
        "existing": false
    },
    {
        "symbol": "XPL",
        "company": "Solitario Resources Corp.",
        "change_pct": 11.19,
        "premarket": 0.596,
        "volume": 8899,
        "category": "g",
        "source": "tv",
        "shortable": false,
        "exchange_name": "AMEX",
        "market_cap": 32.48305,
        "existing": false
    },
    {
        "symbol": "MLGO",
        "company": "MicroAlgo, Inc.",
        "change_pct": 10.82,
        "premarket": 2.56,
        "volume": 100,
        "category": "g",
        "source": "tv",
        "shortable": false,
        "exchange_name": "NASD",
        "market_cap": 101.309,
        "existing": false
    },
    {
        "symbol": "LUXH",
        "company": "LuxUrban Hotels Inc.",
        "change_pct": 10.67,
        "premarket": 3.32,
        "volume": 100,
        "category": "g",
        "source": "tv",
        "shortable": false,
        "exchange_name": "NASD",
        "market_cap": 97.2509,
        "existing": false
    },
    {
        "symbol": "AIHS",
        "company": "Senmiao Technology Limited",
        "change_pct": 9.97,
        "premarket": 0.6,
        "volume": 2324,
        "category": "g",
        "source": "tv",
        "shortable": false,
        "exchange_name": "NASD",
        "market_cap": 4.361,
        "existing": false
    },
    {
        "symbol": "ERIE",
        "company": "Erie Indemnity Company",
        "change_pct": 9.77,
        "premarket": 241.9,
        "volume": 3250,
        "category": "g",
        "source": "tv",
        "shortable": true,
        "exchange_name": "NASD",
        "market_cap": 11523.12,
        "existing": false
    },
    {
        "symbol": "COCO",
        "company": "The Vita Coco Company, Inc.",
        "change_pct": 9.62,
        "premarket": 28.93,
        "volume": 10259,
        "category": "g",
        "source": "tv",
        "shortable": true,
        "exchange_name": "NASD",
        "market_cap": 1486.103,
        "existing": false
    },
    {
        "symbol": "PAYC",
        "company": "Paycom Software, Inc.",
        "change_pct": -10.19,
        "premarket": 333.0,
        "volume": 4968,
        "category": "l",
        "source": "tv",
        "shortable": true,
        "exchange_name": "NYSE",
        "market_cap": 21458.19,
        "existing": false
    },
    {
        "symbol": "EXAS",
        "company": "Exact Sciences Corporation",
        "change_pct": -8.75,
        "premarket": 88.0,
        "volume": 34789,
        "category": "l",
        "source": "tv",
        "shortable": true,
        "exchange_name": "NASD",
        "market_cap": 17396.63,
        "existing": false
    },
    {
        "symbol": "DT",
        "company": "Dynatrace, Inc.",
        "change_pct": -12.12,
        "premarket": 48.5,
        "volume": 182423,
        "category": "l",
        "source": "tv",
        "shortable": true,
        "exchange_name": "NYSE",
        "market_cap": 16179.48,
        "existing": false
    },
    {
        "symbol": "SEDG",
        "company": "SolarEdge Technologies, Inc.",
        "change_pct": -14.63,
        "premarket": 204.44,
        "volume": 164974,
        "category": "l",
        "source": "tv",
        "shortable": true,
        "exchange_name": "NASD",
        "market_cap": 13492.87,
        "existing": false
    },
    {
        "symbol": "CG",
        "company": "The Carlyle Group Inc.",
        "change_pct": -9.17,
        "premarket": 32.2,
        "volume": 10367,
        "category": "l",
        "source": "tv",
        "shortable": true,
        "exchange_name": "NASD",
        "market_cap": 12836.97,
        "existing": false
    },
    {
        "symbol": "PEN",
        "company": "Penumbra, Inc.",
        "change_pct": -10.94,
        "premarket": 265.7,
        "volume": 7084,
        "category": "l",
        "source": "tv",
        "shortable": true,
        "exchange_name": "NYSE",
        "market_cap": 11412.01,
        "existing": false
    },
    {
        "symbol": "GNRC",
        "company": "Generac Holdings Inc.",
        "change_pct": -18.56,
        "premarket": 124.91,
        "volume": 96915,
        "category": "l",
        "source": "tv",
        "shortable": true,
        "exchange_name": "NYSE",
        "market_cap": 9539.216,
        "existing": false
    },
    {
        "symbol": "AXTA",
        "company": "Axalta Coating Systems Ltd.",
        "change_pct": -6.06,
        "premarket": 30.25,
        "volume": 22384,
        "category": "l",
        "source": "tv",
        "shortable": true,
        "exchange_name": "NYSE",
        "market_cap": 7133.353,
        "existing": false
    },
    {
        "symbol": "JOBY",
        "company": "Joby Aviation, Inc.",
        "change_pct": -5.14,
        "premarket": 8.3,
        "volume": 187451,
        "category": "l",
        "source": "tv",
        "shortable": true,
        "exchange_name": "NYSE",
        "market_cap": 5927.535,
        "existing": false
    },
    {
        "symbol": "LPX",
        "company": "Louisiana-Pacific Corporation",
        "change_pct": -10.57,
        "premarket": 68.36,
        "volume": 10465,
        "category": "l",
        "source": "tv",
        "shortable": true,
        "exchange_name": "NYSE",
        "market_cap": 5506.994,
        "existing": false
    },
    {
        "symbol": "ALIT",
        "company": "Alight, Inc.",
        "change_pct": -8.06,
        "premarket": 8.9,
        "volume": 4208,
        "category": "l",
        "source": "tv",
        "shortable": true,
        "exchange_name": "NYSE",
        "market_cap": 4817.315,
        "existing": false
    },
    {
        "symbol": "COLM",
        "company": "Columbia Sportswear Company",
        "change_pct": -6.84,
        "premarket": 72.01,
        "volume": 100,
        "category": "l",
        "source": "tv",
        "shortable": true,
        "exchange_name": "NASD",
        "market_cap": 4795.705,
        "existing": false
    },
    {
        "symbol": "SHLS",
        "company": "Shoals Technologies Group, Inc.",
        "change_pct": -8.96,
        "premarket": 23.77,
        "volume": 29895,
        "category": "l",
        "source": "tv",
        "shortable": true,
        "exchange_name": "NASD",
        "market_cap": 4434.011,
        "existing": false
    },
    {
        "symbol": "DRVN",
        "company": "Driven Brands Holdings Inc.",
        "change_pct": -26.83,
        "premarket": 18.9,
        "volume": 32191,
        "category": "l",
        "source": "tv",
        "shortable": true,
        "exchange_name": "NASD",
        "market_cap": 4328.082,
        "existing": false
    },
    {
        "symbol": "SMG",
        "company": "Scotts Miracle-Gro Company (The)",
        "change_pct": -16.0,
        "premarket": 60.01,
        "volume": 34919,
        "category": "l",
        "source": "tv",
        "shortable": true,
        "exchange_name": "NYSE",
        "market_cap": 4005.793,
        "existing": false
    },
    {
        "symbol": "BPMC",
        "company": "Blueprint Medicines Corporation",
        "change_pct": -7.19,
        "premarket": 59.53,
        "volume": 26725,
        "category": "l",
        "source": "tv",
        "shortable": true,
        "exchange_name": "NASD",
        "market_cap": 3878.375,
        "existing": false
    },
    {
        "symbol": "SPR",
        "company": "Spirit Aerosystems Holdings, Inc.",
        "change_pct": -5.22,
        "premarket": 29.8,
        "volume": 44666,
        "category": "l",
        "source": "tv",
        "shortable": true,
        "exchange_name": "NYSE",
        "market_cap": 3307.958,
        "existing": false
    },
    {
        "symbol": "MCW",
        "company": "Mister Car Wash, Inc.",
        "change_pct": -7.08,
        "premarket": 8.92,
        "volume": 26137,
        "category": "l",
        "source": "tv",
        "shortable": true,
        "exchange_name": "NYSE",
        "market_cap": 2961.784,
        "existing": false
    },
    {
        "symbol": "INTA",
        "company": "Intapp, Inc.",
        "change_pct": -5.76,
        "premarket": 38.78,
        "volume": 487,
        "category": "l",
        "source": "tv",
        "shortable": true,
        "exchange_name": "NASD",
        "market_cap": 2766.137,
        "existing": false
    },
    {
        "symbol": "CWH",
        "company": "Camping World Holdings, Inc.",
        "change_pct": -16.15,
        "premarket": 26.22,
        "volume": 111366,
        "category": "l",
        "source": "tv",
        "shortable": true,
        "exchange_name": "NYSE",
        "market_cap": 2624.604,
        "existing": false
    },
    {
        "symbol": "LUMN",
        "company": "Lumen Technologies, Inc.",
        "change_pct": -13.79,
        "premarket": 1.75,
        "volume": 1132000,
        "category": "l",
        "source": "tv",
        "shortable": true,
        "exchange_name": "NYSE",
        "market_cap": 2038.781,
        "existing": false
    },
    {
        "symbol": "SKYW",
        "company": "SkyWest, Inc.",
        "change_pct": -4.98,
        "premarket": 42.16,
        "volume": 141,
        "category": "l",
        "source": "tv",
        "shortable": true,
        "exchange_name": "NASD",
        "market_cap": 1971.556,
        "existing": false
    },
    {
        "symbol": "TLRY",
        "company": "Tilray Brands, Inc.",
        "change_pct": -5.04,
        "premarket": 2.26,
        "volume": 1116000,
        "category": "l",
        "source": "tv",
        "shortable": true,
        "exchange_name": "NASD",
        "market_cap": 1673.752,
        "existing": false
    },
    {
        "symbol": "CHEF",
        "company": "The Chefs' Warehouse, Inc.",
        "change_pct": -4.97,
        "premarket": 34.58,
        "volume": 1615,
        "category": "l",
        "source": "tv",
        "shortable": true,
        "exchange_name": "NASD",
        "market_cap": 1438.941,
        "existing": false
    },
    {
        "symbol": "SPCE",
        "company": "Virgin Galactic Holdings, Inc.",
        "change_pct": -5.8,
        "premarket": 3.9,
        "volume": 563940,
        "category": "l",
        "source": "tv",
        "shortable": true,
        "exchange_name": "NYSE",
        "market_cap": 1169.907,
        "existing": false
    }
]