[
    {
        "symbol": "UCAR",
        "company": "U Power Limited",
        "change_pct": 65.27,
        "premarket": 5.14,
        "volume": 6811100,
        "category": "g",
        "source": "tv",
        "shortable": true,
        "exchange_name": "NASD",
        "market_cap": 163.0158,
        "existing": false
    },
    {
        "symbol": "TTOO",
        "company": "T2 Biosystems, Inc.",
        "change_pct": 40.44,
        "premarket": 0.1264,
        "volume": 24171100,
        "category": "g",
        "source": "tv",
        "shortable": true,
        "exchange_name": "NASD",
        "market_cap": 2.23989,
        "existing": false
    },
    {
        "symbol": "WLDS",
        "company": "Wearable Devices Ltd.",
        "change_pct": 34.69,
        "premarket": 1.98,
        "volume": 6278099,
        "category": "g",
        "source": "tv",
        "shortable": false,
        "exchange_name": "NASD",
        "market_cap": 22.3717,
        "existing": false
    },
    {
        "symbol": "MNPR",
        "company": "Monopar Therapeutics Inc.",
        "change_pct": 31.9,
        "premarket": 1.29,
        "volume": 2501100,
        "category": "g",
        "source": "tv",
        "shortable": true,
        "exchange_name": "NASD",
        "market_cap": 12.93117,
        "existing": false
    },
    {
        "symbol": "WEJO",
        "company": "Wejo Group Limited",
        "change_pct": 26.82,
        "premarket": 0.1078,
        "volume": 9020100,
        "category": "g",
        "source": "tv",
        "shortable": false,
        "exchange_name": "NASD",
        "market_cap": 9.34155,
        "existing": false
    },
    {
        "symbol": "MIMO",
        "company": "Airspan Networks Holdings Inc.",
        "change_pct": 24.09,
        "premarket": 0.2931,
        "volume": 357149,
        "category": "g",
        "source": "tv",
        "shortable": false,
        "exchange_name": "AMEX",
        "market_cap": 123.2392,
        "existing": false
    },
    {
        "symbol": "VCIG",
        "company": "VCI Global Limited",
        "change_pct": 23.64,
        "premarket": 3.4,
        "volume": 423678,
        "category": "g",
        "source": "tv",
        "shortable": true,
        "exchange_name": "NASD",
        "market_cap": 101.7619,
        "existing": false
    },
    {
        "symbol": "CHWY",
        "company": "Chewy, Inc.",
        "change_pct": 19.16,
        "premarket": 35.14,
        "volume": 425012,
        "category": "g",
        "source": "tv",
        "shortable": true,
        "exchange_name": "NYSE",
        "market_cap": 12590.62,
        "existing": false
    },
    {
        "symbol": "VVOS",
        "company": "Vivos Therapeutics, Inc.",
        "change_pct": 17.92,
        "premarket": 0.45,
        "volume": 2205,
        "category": "g",
        "source": "tv",
        "shortable": false,
        "exchange_name": "NASD",
        "market_cap": 11.32542,
        "existing": false
    },
    {
        "symbol": "HOTH",
        "company": "Hoth Therapeutics, Inc.",
        "change_pct": 17.61,
        "premarket": 1.87,
        "volume": 878202,
        "category": "g",
        "source": "tv",
        "shortable": true,
        "exchange_name": "NASD",
        "market_cap": 5.25036,
        "existing": false
    },
    {
        "symbol": "AULT",
        "company": "Ault Alliance, Inc.",
        "change_pct": 16.7,
        "premarket": 13.0,
        "volume": 255,
        "category": "g",
        "source": "tv",
        "shortable": true,
        "exchange_name": "AMEX",
        "market_cap": 155.8324,
        "existing": false
    },
    {
        "symbol": "ATTO",
        "company": "Atento S.A.",
        "change_pct": 15.85,
        "premarket": 3.07,
        "volume": 107262,
        "category": "g",
        "source": "tv",
        "shortable": true,
        "exchange_name": "NYSE",
        "market_cap": 40.94692,
        "existing": false
    },
    {
        "symbol": "ADIL",
        "company": "Adial Pharmaceuticals, Inc",
        "change_pct": 14.83,
        "premarket": 0.302,
        "volume": 100,
        "category": "g",
        "source": "tv",
        "shortable": false,
        "exchange_name": "NASD",
        "market_cap": 7.49986,
        "existing": false
    },
    {
        "symbol": "VMAR",
        "company": "Vision Marine Technologies Inc.",
        "change_pct": 14.63,
        "premarket": 4.23,
        "volume": 100,
        "category": "g",
        "source": "tv",
        "shortable": false,
        "exchange_name": "NASD",
        "market_cap": 36.62897,
        "existing": false
    },
    {
        "symbol": "BURU",
        "company": "Nuburu, Inc.",
        "change_pct": 13.88,
        "premarket": 0.8,
        "volume": 625426,
        "category": "g",
        "source": "tv",
        "shortable": true,
        "exchange_name": "AMEX",
        "market_cap": 420.2762,
        "existing": false
    },
    {
        "symbol": "AGBA",
        "company": "AGBA Group Holding Limited",
        "change_pct": 13.58,
        "premarket": 1.84,
        "volume": 3445100,
        "category": "g",
        "source": "tv",
        "shortable": true,
        "exchange_name": "NASD",
        "market_cap": 101.8185,
        "existing": false
    },
    {
        "symbol": "SNES",
        "company": "SenesTech, Inc.",
        "change_pct": 13.56,
        "premarket": 1.34,
        "volume": 130120,
        "category": "g",
        "source": "tv",
        "shortable": true,
        "exchange_name": "NASD",
        "market_cap": 3.49809,
        "existing": false
    },
    {
        "symbol": "ALOT",
        "company": "AstroNova, Inc.",
        "change_pct": 12.66,
        "premarket": 17.97,
        "volume": 400,
        "category": "g",
        "source": "tv",
        "shortable": true,
        "exchange_name": "NASD",
        "market_cap": 118.0389,
        "existing": false
    },
    {
        "symbol": "RNXT",
        "company": "RenovoRx, Inc.",
        "change_pct": 12.37,
        "premarket": 2.09,
        "volume": 300,
        "category": "g",
        "source": "tv",
        "shortable": false,
        "exchange_name": "NASD",
        "market_cap": 18.84514,
        "existing": false
    },
    {
        "symbol": "LPTX",
        "company": "Leap Therapeutics, Inc.",
        "change_pct": 12.35,
        "premarket": 0.9999,
        "volume": 477421,
        "category": "g",
        "source": "tv",
        "shortable": true,
        "exchange_name": "NASD",
        "market_cap": 106.2758,
        "existing": false
    },
    {
        "symbol": "CARM",
        "company": "Carisma Therapeutics, Inc.",
        "change_pct": 12.17,
        "premarket": 6.36,
        "volume": 2058,
        "category": "g",
        "source": "tv",
        "shortable": true,
        "exchange_name": "NASD",
        "market_cap": 228.244,
        "existing": false
    },
    {
        "symbol": "CARV",
        "company": "Carver Bancorp, Inc.",
        "change_pct": 11.42,
        "premarket": 4.0,
        "volume": 366,
        "category": "g",
        "source": "tv",
        "shortable": true,
        "exchange_name": "NASD",
        "market_cap": 15.17356,
        "existing": false
    },
    {
        "symbol": "VEDU",
        "company": "Visionary Education Technology Holdings Group Inc.",
        "change_pct": 10.89,
        "premarket": 0.499,
        "volume": 200,
        "category": "g",
        "source": "tv",
        "shortable": false,
        "exchange_name": "NASD",
        "market_cap": 17.66254,
        "existing": false
    },
    {
        "symbol": "ASNS",
        "company": "Actelis Networks, Inc.",
        "change_pct": 10.28,
        "premarket": 2.79,
        "volume": 300,
        "category": "g",
        "source": "tv",
        "shortable": false,
        "exchange_name": "NASD",
        "market_cap": 4.91408,
        "existing": false
    },
    {
        "symbol": "VEEV",
        "company": "Veeva Systems Inc.",
        "change_pct": 9.84,
        "premarket": 182.01,
        "volume": 20977,
        "category": "g",
        "source": "tv",
        "shortable": true,
        "exchange_name": "NYSE",
        "market_cap": 26543.46,
        "existing": false
    },
    {
        "symbol": "FBIO",
        "company": "Fortress Biotech, Inc.",
        "change_pct": 9.83,
        "premarket": 0.5909,
        "volume": 21618,
        "category": "g",
        "source": "tv",
        "shortable": true,
        "exchange_name": "NASD",
        "market_cap": 72.26711,
        "existing": false
    },
    {
        "symbol": "INM",
        "company": "InMed Pharmaceuticals Inc.",
        "change_pct": 9.7,
        "premarket": 1.47,
        "volume": 48354,
        "category": "g",
        "source": "tv",
        "shortable": true,
        "exchange_name": "NASD",
        "market_cap": 4.45978,
        "existing": false
    },
    {
        "symbol": "EJH",
        "company": "E-Home Household Service Holdings Limited",
        "change_pct": 9.6,
        "premarket": 0.1896,
        "volume": 121976,
        "category": "g",
        "source": "tv",
        "shortable": false,
        "exchange_name": "NASD",
        "market_cap": 4.171,
        "existing": false
    },
    {
        "symbol": "SNSE",
        "company": "Sensei Biotherapeutics, Inc.",
        "change_pct": 9.59,
        "premarket": 1.6,
        "volume": 576,
        "category": "g",
        "source": "tv",
        "shortable": true,
        "exchange_name": "NASD",
        "market_cap": 45.23203,
        "existing": false
    },
    {
        "symbol": "YS",
        "company": "YS Biopharma Co., Ltd.",
        "change_pct": 9.27,
        "premarket": 1.65,
        "volume": 364278,
        "category": "g",
        "source": "tv",
        "shortable": false,
        "exchange_name": "NASD",
        "market_cap": 140.5179,
        "existing": false
    },
    {
        "symbol": "CNEY",
        "company": "CN Energy Group Inc.",
        "change_pct": 8.78,
        "premarket": 0.223,
        "volume": 7403,
        "category": "g",
        "source": "tv",
        "shortable": true,
        "exchange_name": "NASD",
        "market_cap": 8.69552,
        "existing": false
    },
    {
        "symbol": "MEDS",
        "company": "TRxADE HEALTH, Inc.",
        "change_pct": 8.75,
        "premarket": 0.3045,
        "volume": 2504,
        "category": "g",
        "source": "tv",
        "shortable": false,
        "exchange_name": "NASD",
        "market_cap": 2.85905,
        "existing": false
    },
    {
        "symbol": "PRFX",
        "company": "PainReform Ltd.",
        "change_pct": 8.7,
        "premarket": 0.5,
        "volume": 100,
        "category": "g",
        "source": "tv",
        "shortable": false,
        "exchange_name": "NASD",
        "market_cap": 4.93172,
        "existing": false
    },
    {
        "symbol": "BTTX",
        "company": "Better Therapeutics, Inc.",
        "change_pct": 8.56,
        "premarket": 0.76,
        "volume": 200,
        "category": "g",
        "source": "tv",
        "shortable": true,
        "exchange_name": "NASD",
        "market_cap": 22.21512,
        "existing": false
    },
    {
        "symbol": "AXTI",
        "company": "AXT Inc",
        "change_pct": 8.5,
        "premarket": 3.7,
        "volume": 1500,
        "category": "g",
        "source": "tv",
        "shortable": true,
        "exchange_name": "NASD",
        "market_cap": 148.6313,
        "existing": false
    },
    {
        "symbol": "LE",
        "company": "Lands' End Inc",
        "change_pct": 8.45,
        "premarket": 6.8,
        "volume": 16284,
        "category": "g",
        "source": "tv",
        "shortable": true,
        "exchange_name": "NASD",
        "market_cap": 203.5246,
        "existing": false
    },
    {
        "symbol": "RETO",
        "company": "ReTo Eco-Solutions, Inc.",
        "change_pct": 8.45,
        "premarket": 1.54,
        "volume": 29009,
        "category": "g",
        "source": "tv",
        "shortable": false,
        "exchange_name": "NASD",
        "market_cap": 10.47786,
        "existing": false
    },
    {
        "symbol": "SNCE",
        "company": "Science 37 Holdings, Inc.",
        "change_pct": 8.42,
        "premarket": 0.278,
        "volume": 200,
        "category": "g",
        "source": "tv",
        "shortable": false,
        "exchange_name": "NASD",
        "market_cap": 29.93743,
        "existing": false
    },
    {
        "symbol": "BLUE",
        "company": "bluebird bio, Inc.",
        "change_pct": 8.36,
        "premarket": 3.63,
        "volume": 73181,
        "category": "g",
        "source": "tv",
        "shortable": false,
        "exchange_name": "NASD",
        "market_cap": 356.4802,
        "existing": false
    },
    {
        "symbol": "ETAO",
        "company": "Etao International Co., Ltd.",
        "change_pct": 8.34,
        "premarket": 0.4988,
        "volume": 4459,
        "category": "g",
        "source": "tv",
        "shortable": true,
        "exchange_name": "NASD",
        "market_cap": 47.0975,
        "existing": false
    }
]