[
    {
        "symbol": "MDXH",
        "company": "MDxHealth S.A. Sponsored ADR",
        "premarket": 4.07,
        "change_pct": 21.86,
        "volume": 799750,
        "category": "g",
        "source": "cnn",
        "fails": [],
        "shortable": false,
        "exchange_name": "NASD",
        "market_cap": 54.59636,
        "tradeable": true
    },
    {
        "symbol": "DRMA",
        "company": "Dermata Therapeutics, Inc.",
        "premarket": 3.08,
        "change_pct": 20.35,
        "volume": 1550100,
        "category": "g",
        "source": "cnn",
        "fails": [],
        "shortable": true,
        "exchange_name": "NASD",
        "market_cap": 2.1891,
        "tradeable": true
    },
    {
        "symbol": "GAMC",
        "company": "Golden Arrow Merger Corp. Class A",
        "premarket": 12.14,
        "change_pct": 19.72,
        "volume": 5,
        "category": "g",
        "source": "cnn",
        "fails": [
            "shares_value"
        ],
        "shortable": false,
        "exchange_name": "NASD",
        "market_cap": 94.18013,
        "tradeable": false
    },
    {
        "symbol": "LEXX",
        "company": "Lexaria Bioscience Corp.",
        "premarket": 2.64,
        "change_pct": 17.85,
        "volume": 187,
        "category": "g",
        "source": "cnn",
        "fails": [
            "shares_value"
        ],
        "shortable": false,
        "exchange_name": "NASD",
        "market_cap": 13.40786,
        "tradeable": false
    },
    {
        "symbol": "OCEA",
        "company": "Ocean Biomedical, Inc.",
        "premarket": 7.61,
        "change_pct": 15.65,
        "volume": 391430,
        "category": "g",
        "source": "cnn",
        "fails": [],
        "shortable": true,
        "exchange_name": "NASD",
        "market_cap": 222.236,
        "tradeable": true
    },
    {
        "symbol": "KITT",
        "company": "Nauticus Robotics, Inc.",
        "premarket": 2.79,
        "change_pct": 15.29,
        "volume": 29980,
        "category": "g",
        "source": "cnn",
        "fails": [],
        "shortable": false,
        "exchange_name": "NASD",
        "market_cap": 114.4207,
        "tradeable": true
    },
    {
        "symbol": "RMCF",
        "company": "Rocky Mountain Chocolate Factory, Inc.",
        "premarket": 6.15,
        "change_pct": 14.53,
        "volume": 100,
        "category": "g",
        "source": "cnn",
        "fails": [
            "shares_value"
        ],
        "shortable": true,
        "exchange_name": "NASD",
        "market_cap": 33.56409,
        "tradeable": false
    },
    {
        "symbol": "GBBK",
        "company": "Global Blockchain Acquisition Corp.",
        "premarket": 11.83,
        "change_pct": 14.52,
        "volume": 52,
        "category": "g",
        "source": "cnn",
        "fails": [
            "shares_value"
        ],
        "shortable": false,
        "exchange_name": "NASD",
        "market_cap": 227.3891,
        "tradeable": false
    },
    {
        "symbol": "EVOK",
        "company": "Evoke Pharma, Inc.",
        "premarket": 2.35,
        "change_pct": 11.9,
        "volume": 12450,
        "category": "g",
        "source": "cnn",
        "fails": [],
        "shortable": true,
        "exchange_name": "NASD",
        "market_cap": 7.02045,
        "tradeable": true
    },
    {
        "symbol": "CALX",
        "company": "Calix, Inc.",
        "premarket": 54.2,
        "change_pct": 11.82,
        "volume": 13670,
        "category": "g",
        "source": "cnn",
        "fails": [],
        "shortable": true,
        "exchange_name": "NYSE",
        "market_cap": 3209.942,
        "tradeable": true
    },
    {
        "symbol": "XPO",
        "company": "XPO, Inc.",
        "premarket": 38.51,
        "change_pct": 11.36,
        "volume": 89010,
        "category": "g",
        "source": "cnn",
        "fails": [],
        "shortable": true,
        "exchange_name": "NYSE",
        "market_cap": 3976.7,
        "tradeable": true
    },
    {
        "symbol": "WINT",
        "company": "Windtree Therapeutics, Inc.",
        "premarket": 2.3,
        "change_pct": -58.93,
        "volume": 3270100,
        "category": "l",
        "source": "cnn",
        "fails": [],
        "shortable": true,
        "exchange_name": "NASD",
        "market_cap": 5.09047,
        "tradeable": true
    },
    {
        "symbol": "ZVZZT",
        "company": "SUPERMONTAGE TEST",
        "premarket": 15.18,
        "change_pct": -21.06,
        "volume": 31730,
        "category": "l",
        "source": "cnn",
        "fails": [
            "symbol_length",
            "is_shortable"
        ],
        "shortable": false,
        "exchange_name": "NASD",
        "market_cap": -1.0,
        "tradeable": false
    },
    {
        "symbol": "KA",
        "company": "Kineta, Inc.",
        "premarket": 4.0,
        "change_pct": -15.79,
        "volume": 14830,
        "category": "l",
        "source": "cnn",
        "fails": [],
        "shortable": true,
        "exchange_name": "NASD",
        "market_cap": 40.38149,
        "tradeable": true
    },
    {
        "symbol": "GFF",
        "company": "Griffon Corporation",
        "premarket": 27.5,
        "change_pct": -13.0,
        "volume": 16100,
        "category": "l",
        "source": "cnn",
        "fails": [],
        "shortable": true,
        "exchange_name": "NYSE",
        "market_cap": 1807.656,
        "tradeable": true
    },
    {
        "symbol": "RSLS",
        "company": "ReShape Lifesciences, Inc.",
        "premarket": 2.76,
        "change_pct": -11.25,
        "volume": 68610,
        "category": "l",
        "source": "cnn",
        "fails": [],
        "shortable": true,
        "exchange_name": "NASD",
        "market_cap": 8.23852,
        "tradeable": true
    },
    {
        "symbol": "BPTS",
        "company": "Biophytis SA ADR",
        "premarket": 3.69,
        "change_pct": -10.22,
        "volume": 5,
        "category": "l",
        "source": "cnn",
        "fails": [
            "shares_value",
            "is_shortable"
        ],
        "shortable": false,
        "exchange_name": "NASD",
        "market_cap": 11.1336,
        "tradeable": false
    },
    {
        "symbol": "SLNO",
        "company": "Soleno Therapeutics Inc",
        "premarket": 3.45,
        "change_pct": -9.21,
        "volume": 66,
        "category": "l",
        "source": "cnn",
        "fails": [
            "shares_value"
        ],
        "shortable": true,
        "exchange_name": "NASD",
        "market_cap": 31.04139,
        "tradeable": false
    },
    {
        "symbol": "SAI",
        "company": "SAI.TECH Global Corporation Class A",
        "premarket": 3.82,
        "change_pct": -9.16,
        "volume": 139940,
        "category": "l",
        "source": "cnn",
        "fails": [],
        "shortable": true,
        "exchange_name": "NASD",
        "market_cap": 94.88283,
        "tradeable": true
    },
    {
        "symbol": "VIA",
        "company": "Via Renewables, Inc. Class A",
        "premarket": 16.68,
        "change_pct": -9.05,
        "volume": 5450,
        "category": "l",
        "source": "cnn",
        "fails": [],
        "shortable": true,
        "exchange_name": "NASD",
        "market_cap": 131.7955,
        "tradeable": true
    },
    {
        "symbol": "BTDR",
        "company": "Bitdeer Technologies Group Class A",
        "premarket": 5.84,
        "change_pct": -8.89,
        "volume": 4300,
        "category": "l",
        "source": "cnn",
        "fails": [],
        "shortable": true,
        "exchange_name": "NASD",
        "market_cap": 717.9829,
        "tradeable": true
    },
    {
        "symbol": "TSLA",
        "company": "Tesla, Inc.",
        "premarket": 164.75,
        "change_pct": -8.77,
        "volume": 8670100,
        "category": "l",
        "source": "cnn",
        "fails": [],
        "shortable": true,
        "exchange_name": "NASD",
        "market_cap": 572346.4,
        "tradeable": true
    }
]