[
    {
        "symbol": "SFR",
        "company": "Appreciate Holdings, Inc.",
        "change_pct": 95.32,
        "premarket": 0.3924,
        "volume": 11848100,
        "category": "g",
        "source": "tv",
        "shortable": false,
        "exchange_name": "NASD",
        "market_cap": 17.81789,
        "existing": false
    },
    {
        "symbol": "ELEV",
        "company": "Elevation Oncology, Inc.",
        "change_pct": 90.36,
        "premarket": 5.73,
        "volume": 10103100,
        "category": "g",
        "source": "tv",
        "shortable": false,
        "exchange_name": "NASD",
        "market_cap": 122.176,
        "existing": false
    },
    {
        "symbol": "ONFO",
        "company": "Onfolio Holdings Inc.",
        "change_pct": 57.26,
        "premarket": 1.84,
        "volume": 5473100,
        "category": "g",
        "source": "tv",
        "shortable": false,
        "exchange_name": "NASD",
        "market_cap": 7.15427,
        "existing": false
    },
    {
        "symbol": "EFTR",
        "company": "eFFECTOR Therapeutics, Inc.",
        "change_pct": 35.16,
        "premarket": 0.715,
        "volume": 16412099,
        "category": "g",
        "source": "tv",
        "shortable": true,
        "exchange_name": "NASD",
        "market_cap": 27.9848,
        "existing": false
    },
    {
        "symbol": "SHPH",
        "company": "Shuttle Pharmaceuticals Holdings, Inc.",
        "change_pct": 21.01,
        "premarket": 1.44,
        "volume": 2087100,
        "category": "g",
        "source": "tv",
        "shortable": false,
        "exchange_name": "NASD",
        "market_cap": 16.56574,
        "existing": false
    },
    {
        "symbol": "MAX",
        "company": "MediaAlpha, Inc.",
        "change_pct": 19.87,
        "premarket": 9.11,
        "volume": 36889,
        "category": "g",
        "source": "tv",
        "shortable": true,
        "exchange_name": "NYSE",
        "market_cap": 589.518,
        "existing": false
    },
    {
        "symbol": "RCUS",
        "company": "Arcus Biosciences, Inc.",
        "change_pct": 19.49,
        "premarket": 20.91,
        "volume": 53321,
        "category": "g",
        "source": "tv",
        "shortable": true,
        "exchange_name": "NYSE",
        "market_cap": 1610.516,
        "existing": false
    },
    {
        "symbol": "MFH",
        "company": "Mercurity Fintech Holding Inc. - American",
        "change_pct": 19.17,
        "premarket": 2.3,
        "volume": 36671,
        "category": "g",
        "source": "tv",
        "shortable": true,
        "exchange_name": "NASD",
        "market_cap": 107.9684,
        "existing": false
    },
    {
        "symbol": "MRVL",
        "company": "Marvell Technology, Inc.",
        "change_pct": 18.78,
        "premarket": 58.76,
        "volume": 1488100,
        "category": "g",
        "source": "tv",
        "shortable": true,
        "exchange_name": "NASD",
        "market_cap": 56283.3,
        "existing": false
    },
    {
        "symbol": "PDSB",
        "company": "PDS Biotechnology Corporation",
        "change_pct": 18.75,
        "premarket": 7.98,
        "volume": 351983,
        "category": "g",
        "source": "tv",
        "shortable": true,
        "exchange_name": "NASD",
        "market_cap": 263.8501,
        "existing": false
    },
    {
        "symbol": "FWBI",
        "company": "First Wave BioPharma, Inc.",
        "change_pct": 18.38,
        "premarket": 2.19,
        "volume": 100,
        "category": "g",
        "source": "tv",
        "shortable": false,
        "exchange_name": "NASD",
        "market_cap": 3.64546,
        "existing": false
    },
    {
        "symbol": "PIXY",
        "company": "ShiftPixy, Inc.",
        "change_pct": 17.76,
        "premarket": 2.52,
        "volume": 125,
        "category": "g",
        "source": "tv",
        "shortable": true,
        "exchange_name": "NASD",
        "market_cap": 22.14791,
        "existing": false
    },
    {
        "symbol": "ANGN",
        "company": "Angion Biomedica Corp.",
        "change_pct": 17.66,
        "premarket": 1.0,
        "volume": 337977,
        "category": "g",
        "source": "tv",
        "shortable": true,
        "exchange_name": "NASD",
        "market_cap": 28.602,
        "existing": false
    },
    {
        "symbol": "ONCR",
        "company": "Oncorus, Inc.",
        "change_pct": 14.9,
        "premarket": 0.2298,
        "volume": 5067100,
        "category": "g",
        "source": "tv",
        "shortable": true,
        "exchange_name": "NASD",
        "market_cap": 5.73304,
        "existing": false
    },
    {
        "symbol": "BTTR",
        "company": "Better Choice Company Inc.",
        "change_pct": 14.49,
        "premarket": 0.3879,
        "volume": 400,
        "category": "g",
        "source": "tv",
        "shortable": true,
        "exchange_name": "AMEX",
        "market_cap": 104.4389,
        "existing": false
    },
    {
        "symbol": "LYRA",
        "company": "Lyra Therapeutics, Inc.",
        "change_pct": 14.4,
        "premarket": 2.78,
        "volume": 90740,
        "category": "g",
        "source": "tv",
        "shortable": true,
        "exchange_name": "NASD",
        "market_cap": 82.45735,
        "existing": false
    },
    {
        "symbol": "CMRA",
        "company": "Comera Life Sciences Holdings, Inc.",
        "change_pct": 13.62,
        "premarket": 0.5989,
        "volume": 400,
        "category": "g",
        "source": "tv",
        "shortable": false,
        "exchange_name": "NASD",
        "market_cap": 12.71393,
        "existing": false
    },
    {
        "symbol": "ADN",
        "company": "Advent Technologies Holdings, Inc.",
        "change_pct": 13.22,
        "premarket": 1.11,
        "volume": 147475,
        "category": "g",
        "source": "tv",
        "shortable": true,
        "exchange_name": "NASD",
        "market_cap": 56.07107,
        "existing": false
    },
    {
        "symbol": "CLPS",
        "company": "CLPS Incorporation",
        "change_pct": 13.04,
        "premarket": 1.3,
        "volume": 514604,
        "category": "g",
        "source": "tv",
        "shortable": true,
        "exchange_name": "NASD",
        "market_cap": 29.06013,
        "existing": false
    },
    {
        "symbol": "VSTM",
        "company": "Verastem, Inc.",
        "change_pct": 12.77,
        "premarket": 0.51,
        "volume": 52987,
        "category": "g",
        "source": "tv",
        "shortable": true,
        "exchange_name": "NASD",
        "market_cap": 202.87,
        "existing": false
    },
    {
        "symbol": "NXGL",
        "company": "NexGel, Inc",
        "change_pct": 12.67,
        "premarket": 2.49,
        "volume": 92078,
        "category": "g",
        "source": "tv",
        "shortable": false,
        "exchange_name": "NASD",
        "market_cap": 12.85612,
        "existing": false
    },
    {
        "symbol": "CLSD",
        "company": "Clearside Biomedical, Inc.",
        "change_pct": 12.37,
        "premarket": 1.18,
        "volume": 100,
        "category": "g",
        "source": "tv",
        "shortable": true,
        "exchange_name": "NASD",
        "market_cap": 65.98276,
        "existing": false
    },
    {
        "symbol": "BLBX",
        "company": "Blackboxstocks Inc.",
        "change_pct": 11.53,
        "premarket": 3.87,
        "volume": 500,
        "category": "g",
        "source": "tv",
        "shortable": false,
        "exchange_name": "NASD",
        "market_cap": 11.45012,
        "existing": false
    },
    {
        "symbol": "EFOI",
        "company": "Energy Focus, Inc.",
        "change_pct": 11.51,
        "premarket": 0.523,
        "volume": 400,
        "category": "g",
        "source": "tv",
        "shortable": true,
        "exchange_name": "NASD",
        "market_cap": 8.46524,
        "existing": false
    },
    {
        "symbol": "CNTX",
        "company": "Context Therapeutics Inc.",
        "change_pct": 10.95,
        "premarket": 0.932,
        "volume": 28833,
        "category": "g",
        "source": "tv",
        "shortable": false,
        "exchange_name": "NASD",
        "market_cap": 14.05013,
        "existing": false
    },
    {
        "symbol": "YGMZ",
        "company": "MingZhu Logistics Holdings Limited",
        "change_pct": 10.77,
        "premarket": 1.35,
        "volume": 13146,
        "category": "g",
        "source": "tv",
        "shortable": false,
        "exchange_name": "NASD",
        "market_cap": 26.17472,
        "existing": false
    },
    {
        "symbol": "EKSO",
        "company": "Ekso Bionics Holdings, Inc.",
        "change_pct": 9.93,
        "premarket": 1.55,
        "volume": 176,
        "category": "g",
        "source": "tv",
        "shortable": true,
        "exchange_name": "NASD",
        "market_cap": 18.90402,
        "existing": false
    },
    {
        "symbol": "WTER",
        "company": "The Alkaline Water Company Inc.",
        "change_pct": 9.91,
        "premarket": 2.33,
        "volume": 21340,
        "category": "g",
        "source": "tv",
        "shortable": true,
        "exchange_name": "NASD",
        "market_cap": 20.88575,
        "existing": false
    },
    {
        "symbol": "MBOT",
        "company": "Microbot Medical Inc.",
        "change_pct": 9.91,
        "premarket": 2.33,
        "volume": 241789,
        "category": "g",
        "source": "tv",
        "shortable": true,
        "exchange_name": "NASD",
        "market_cap": 20.59613,
        "existing": false
    },
    {
        "symbol": "GPS",
        "company": "Gap, Inc. (The)",
        "change_pct": 9.7,
        "premarket": 8.14,
        "volume": 621678,
        "category": "g",
        "source": "tv",
        "shortable": true,
        "exchange_name": "NYSE",
        "market_cap": 3067.691,
        "existing": false
    },
    {
        "symbol": "INFI",
        "company": "Infinity Pharmaceuticals, Inc.",
        "change_pct": 9.61,
        "premarket": 0.1699,
        "volume": 300,
        "category": "g",
        "source": "tv",
        "shortable": false,
        "exchange_name": "NASD",
        "market_cap": 13.71048,
        "existing": false
    },
    {
        "symbol": "APVO",
        "company": "Aptevo Therapeutics Inc.",
        "change_pct": 9.56,
        "premarket": 1.79,
        "volume": 100,
        "category": "g",
        "source": "tv",
        "shortable": true,
        "exchange_name": "NASD",
        "market_cap": 12.0287,
        "existing": false
    },
    {
        "symbol": "AGIL",
        "company": "AgileThought, Inc.",
        "change_pct": 9.56,
        "premarket": 0.745,
        "volume": 1264,
        "category": "g",
        "source": "tv",
        "shortable": false,
        "exchange_name": "NASD",
        "market_cap": 36.88084,
        "existing": false
    },
    {
        "symbol": "AXDX",
        "company": "Accelerate Diagnostics, Inc.",
        "change_pct": 9.36,
        "premarket": 0.7874,
        "volume": 19798,
        "category": "g",
        "source": "tv",
        "shortable": true,
        "exchange_name": "NASD",
        "market_cap": 73.64572,
        "existing": false
    },
    {
        "symbol": "WDAY",
        "company": "Workday, Inc.",
        "change_pct": 9.36,
        "premarket": 214.79,
        "volume": 46304,
        "category": "g",
        "source": "tv",
        "shortable": true,
        "exchange_name": "NASD",
        "market_cap": 56266.23,
        "existing": false
    },
    {
        "symbol": "INTZ",
        "company": "Intrusion Inc.",
        "change_pct": 9.28,
        "premarket": 1.4,
        "volume": 400,
        "category": "g",
        "source": "tv",
        "shortable": true,
        "exchange_name": "NASD",
        "market_cap": 28.79553,
        "existing": false
    },
    {
        "symbol": "PETZ",
        "company": "TDH Holdings, Inc.",
        "change_pct": 9.12,
        "premarket": 1.36,
        "volume": 350,
        "category": "g",
        "source": "tv",
        "shortable": true,
        "exchange_name": "NASD",
        "market_cap": 12.38689,
        "existing": false
    },
    {
        "symbol": "CURO",
        "company": "CURO Group Holdings Corp.",
        "change_pct": 8.82,
        "premarket": 1.11,
        "volume": 21811,
        "category": "g",
        "source": "tv",
        "shortable": true,
        "exchange_name": "NYSE",
        "market_cap": 44.66303,
        "existing": false
    },
    {
        "symbol": "BAOS",
        "company": "Baosheng Media Group Holdings Limited",
        "change_pct": 8.61,
        "premarket": 6.94,
        "volume": 300,
        "category": "g",
        "source": "tv",
        "shortable": false,
        "exchange_name": "NASD",
        "market_cap": 9.7133,
        "existing": false
    },
    {
        "symbol": "MLEC",
        "company": "Moolec Science SA",
        "change_pct": 8.52,
        "premarket": 2.93,
        "volume": 100,
        "category": "g",
        "source": "tv",
        "shortable": true,
        "exchange_name": "NASD",
        "market_cap": 109.2628,
        "existing": false
    }
]