[
    {
        "symbol": "DAIC",
        "company": "CID HoldCo, Inc.",
        "change_pct": 92.62,
        "premarket": 8.88,
        "volume": 2920000,
        "category": "g",
        "source": "tv",
        "shortable": true,
        "exchange_name": "NASDAQ",
        "market_cap": 141777497,
        "existing": false
    },
    {
        "symbol": "NAMM",
        "company": "Namib Minerals",
        "change_pct": 46.8,
        "premarket": 10.1,
        "volume": 1440000,
        "category": "g",
        "source": "tv",
        "shortable": true,
        "exchange_name": "NASDAQ",
        "market_cap": 436161748,
        "existing": false
    },
    {
        "symbol": "GRYP",
        "company": "Gryphon Digital Mining, Inc",
        "change_pct": 36.53,
        "premarket": 1.2304,
        "volume": 20520000,
        "category": "g",
        "source": "tv",
        "shortable": true,
        "exchange_name": "NASDAQ",
        "market_cap": 63945114,
        "existing": false
    },
    {
        "symbol": "BON",
        "company": "Bon Natural Life Limited",
        "change_pct": 29.27,
        "premarket": 1.59,
        "volume": 11020000,
        "category": "g",
        "source": "tv",
        "shortable": true,
        "exchange_name": "NASDAQ",
        "market_cap": 208527,
        "existing": false
    },
    {
        "symbol": "GVH",
        "company": "Globavend Holdings Limited - Ord Shares",
        "change_pct": 28.66,
        "premarket": 0.0862,
        "volume": 181650000,
        "category": "g",
        "source": "tv",
        "shortable": true,
        "exchange_name": "NASDAQ",
        "market_cap": 1724544,
        "existing": false
    },
    {
        "symbol": "JWEL",
        "company": "Jowell Global Ltd.",
        "change_pct": 22.78,
        "premarket": 3.18,
        "volume": 3110,
        "category": "g",
        "source": "tv",
        "shortable": true,
        "exchange_name": "NASDAQ",
        "market_cap": 4319245,
        "existing": false
    },
    {
        "symbol": "PMNT",
        "company": "Perfect Moment Ltd.",
        "change_pct": 21.81,
        "premarket": 0.282,
        "volume": 24460000,
        "category": "g",
        "source": "tv",
        "shortable": true,
        "exchange_name": "NYSE American",
        "market_cap": 4499698,
        "existing": false
    },
    {
        "symbol": "BGL",
        "company": "Blue Gold Limited",
        "change_pct": 19.53,
        "premarket": 86.0,
        "volume": 5830,
        "category": "g",
        "source": "tv",
        "shortable": true,
        "exchange_name": "NASDAQ",
        "market_cap": 1279337933,
        "existing": false
    },
    {
        "symbol": "CYN",
        "company": "Cyngn Inc.",
        "change_pct": 16.56,
        "premarket": 14.92,
        "volume": 3320000,
        "category": "g",
        "source": "tv",
        "shortable": true,
        "exchange_name": "NASDAQ",
        "market_cap": 25227446,
        "existing": false
    },
    {
        "symbol": "NTRB",
        "company": "Nutriband Inc.",
        "change_pct": 13.84,
        "premarket": 9.13,
        "volume": 56280,
        "category": "g",
        "source": "tv",
        "shortable": true,
        "exchange_name": "NASDAQ",
        "market_cap": 87595232,
        "existing": false
    },
    {
        "symbol": "GBX",
        "company": "Greenbrier Companies, Inc. (The)",
        "change_pct": 13.4,
        "premarket": 53.3,
        "volume": 14020,
        "category": "g",
        "source": "tv",
        "shortable": true,
        "exchange_name": "NYSE",
        "market_cap": 1445482192,
        "existing": false
    },
    {
        "symbol": "LIXT",
        "company": "Lixte Biotechnology Holdings, Inc.",
        "change_pct": 11.86,
        "premarket": 1.32,
        "volume": 63150,
        "category": "g",
        "source": "tv",
        "shortable": false,
        "exchange_name": "NASDAQ",
        "market_cap": 2495076,
        "existing": false
    },
    {
        "symbol": "CIFR",
        "company": "Cipher Mining Inc.",
        "change_pct": 11.84,
        "premarket": 5.48,
        "volume": 1080000,
        "category": "g",
        "source": "tv",
        "shortable": true,
        "exchange_name": "NASDAQ",
        "market_cap": 1774399989,
        "existing": false
    },
    {
        "symbol": "ADN",
        "company": "Advent Technologies Holdings, Inc.",
        "change_pct": 11.65,
        "premarket": 2.3,
        "volume": 357,
        "category": "g",
        "source": "tv",
        "shortable": true,
        "exchange_name": "NASDAQ",
        "market_cap": 5554194,
        "existing": false
    },
    {
        "symbol": "MODD",
        "company": "Modular Medical, Inc.",
        "change_pct": 11.53,
        "premarket": 0.79,
        "volume": 938,
        "category": "g",
        "source": "tv",
        "shortable": true,
        "exchange_name": "NASDAQ",
        "market_cap": 40414304,
        "existing": false
    },
    {
        "symbol": "GITS",
        "company": "Global Interactive Technologies, Inc.",
        "change_pct": 11.43,
        "premarket": 1.56,
        "volume": 181360,
        "category": "g",
        "source": "tv",
        "shortable": true,
        "exchange_name": "NASDAQ",
        "market_cap": 3590983,
        "existing": false
    },
    {
        "symbol": "KIDZ",
        "company": "Classover Holdings, Inc.",
        "change_pct": 10.07,
        "premarket": 3.06,
        "volume": 102060,
        "category": "g",
        "source": "tv",
        "shortable": true,
        "exchange_name": "NASDAQ",
        "market_cap": 69646051,
        "existing": false
    },
    {
        "symbol": "TIL",
        "company": "Instil Bio, Inc.",
        "change_pct": 9.99,
        "premarket": 24.12,
        "volume": 5390,
        "category": "g",
        "source": "tv",
        "shortable": true,
        "exchange_name": "NASDAQ",
        "market_cap": 136643279,
        "existing": false
    },
    {
        "symbol": "VRNT",
        "company": "Verint Systems Inc.",
        "change_pct": 9.36,
        "premarket": 20.33,
        "volume": 425460,
        "category": "g",
        "source": "tv",
        "shortable": true,
        "exchange_name": "NASDAQ",
        "market_cap": 1183355166,
        "existing": false
    },
    {
        "symbol": "HLP",
        "company": "Hongli Group Inc.",
        "change_pct": 9.32,
        "premarket": 0.798,
        "volume": 2380,
        "category": "g",
        "source": "tv",
        "shortable": true,
        "exchange_name": "NASDAQ",
        "market_cap": 57282225,
        "existing": false
    },
    {
        "symbol": "ELV",
        "company": "Elevance Health, Inc.",
        "change_pct": -5.75,
        "premarket": 373.0,
        "volume": 13970,
        "category": "l",
        "source": "tv",
        "shortable": true,
        "exchange_name": "NYSE",
        "market_cap": 87879522016,
        "existing": false
    },
    {
        "symbol": "CNC",
        "company": "Centene Corporation",
        "change_pct": -31.07,
        "premarket": 39.05,
        "volume": 2660000,
        "category": "l",
        "source": "tv",
        "shortable": true,
        "exchange_name": "NYSE",
        "market_cap": 27009890840,
        "existing": false
    },
    {
        "symbol": "MOH",
        "company": "Molina Healthcare Inc",
        "change_pct": -11.85,
        "premarket": 270.0,
        "volume": 950,
        "category": "l",
        "source": "tv",
        "shortable": true,
        "exchange_name": "NYSE",
        "market_cap": 16146180000,
        "existing": false
    },
    {
        "symbol": "OSCR",
        "company": "Oscar Health, Inc.",
        "change_pct": -11.98,
        "premarket": 18.0,
        "volume": 3410000,
        "category": "l",
        "source": "tv",
        "shortable": true,
        "exchange_name": "NYSE",
        "market_cap": 5453525589,
        "existing": false
    },
    {
        "symbol": "BLCO",
        "company": "Bausch + Lomb Corporation",
        "change_pct": -4.39,
        "premarket": 12.86,
        "volume": 946,
        "category": "l",
        "source": "tv",
        "shortable": true,
        "exchange_name": "NYSE",
        "market_cap": 4601915400,
        "existing": false
    },
    {
        "symbol": "OI",
        "company": "O-I Glass, Inc.",
        "change_pct": -4.96,
        "premarket": 14.38,
        "volume": 400,
        "category": "l",
        "source": "tv",
        "shortable": true,
        "exchange_name": "NYSE",
        "market_cap": 2280028599,
        "existing": false
    },
    {
        "symbol": "BV",
        "company": "BrightView Holdings, Inc.",
        "change_pct": -8.78,
        "premarket": 15.37,
        "volume": 1100,
        "category": "l",
        "source": "tv",
        "shortable": true,
        "exchange_name": "NYSE",
        "market_cap": 1586745000,
        "existing": false
    },
    {
        "symbol": "IART",
        "company": "Integra LifeSciences Holdings Corporation",
        "change_pct": -4.98,
        "premarket": 12.59,
        "volume": 450,
        "category": "l",
        "source": "tv",
        "shortable": true,
        "exchange_name": "NASDAQ",
        "market_cap": 953529601,
        "existing": false
    },
    {
        "symbol": "VSTS",
        "company": "Vestis Corporation",
        "change_pct": -5.43,
        "premarket": 5.75,
        "volume": 200,
        "category": "l",
        "source": "tv",
        "shortable": true,
        "exchange_name": "NYSE",
        "market_cap": 755115283,
        "existing": false
    },
    {
        "symbol": "XERS",
        "company": "Xeris Biopharma Holdings, Inc.",
        "change_pct": -4.29,
        "premarket": 4.46,
        "volume": 1020,
        "category": "l",
        "source": "tv",
        "shortable": true,
        "exchange_name": "NASDAQ",
        "market_cap": 747923850,
        "existing": false
    },
    {
        "symbol": "TK",
        "company": "Teekay Corporation Ltd.",
        "change_pct": -11.84,
        "premarket": 7.3,
        "volume": 48150,
        "category": "l",
        "source": "tv",
        "shortable": true,
        "exchange_name": "NYSE",
        "market_cap": 689375964,
        "existing": false
    },
    {
        "symbol": "EYPT",
        "company": "EyePoint Pharmaceuticals, Inc.",
        "change_pct": -5.55,
        "premarket": 9.02,
        "volume": 200,
        "category": "l",
        "source": "tv",
        "shortable": true,
        "exchange_name": "NASDAQ",
        "market_cap": 647518435,
        "existing": false
    },
    {
        "symbol": "TTGT",
        "company": "TechTarget, Inc.",
        "change_pct": -11.96,
        "premarket": 6.92,
        "volume": 9100,
        "category": "l",
        "source": "tv",
        "shortable": true,
        "exchange_name": "NASDAQ",
        "market_cap": 555469530,
        "existing": false
    },
    {
        "symbol": "TGE",
        "company": "The Generation Essentials Group",
        "change_pct": -5.6,
        "premarket": 7.08,
        "volume": 173740,
        "category": "l",
        "source": "tv",
        "shortable": true,
        "exchange_name": "NYSE",
        "market_cap": 335834427,
        "existing": false
    },
    {
        "symbol": "DFDV",
        "company": "DeFi Development Corp.",
        "change_pct": -4.81,
        "premarket": 20.0,
        "volume": 35140,
        "category": "l",
        "source": "tv",
        "shortable": true,
        "exchange_name": "NASDAQ",
        "market_cap": 316042301,
        "existing": false
    },
    {
        "symbol": "SCPH",
        "company": "scPharmaceuticals Inc.",
        "change_pct": -5.36,
        "premarket": 3.71,
        "volume": 3030,
        "category": "l",
        "source": "tv",
        "shortable": true,
        "exchange_name": "NASDAQ",
        "market_cap": 201137436,
        "existing": false
    },
    {
        "symbol": "NPWR",
        "company": "NET Power Inc.",
        "change_pct": -5.53,
        "premarket": 2.39,
        "volume": 275,
        "category": "l",
        "source": "tv",
        "shortable": true,
        "exchange_name": "NYSE",
        "market_cap": 191985324,
        "existing": false
    },
    {
        "symbol": "PLBY",
        "company": "Playboy, Inc.",
        "change_pct": -5.56,
        "premarket": 1.51,
        "volume": 200,
        "category": "l",
        "source": "tv",
        "shortable": true,
        "exchange_name": "NASDAQ",
        "market_cap": 152190247,
        "existing": false
    },
    {
        "symbol": "YAAS",
        "company": "Youxin Technology Ltd",
        "change_pct": -16.82,
        "premarket": 0.4159,
        "volume": 1280000,
        "category": "l",
        "source": "tv",
        "shortable": true,
        "exchange_name": "NASDAQ",
        "market_cap": 139903500,
        "existing": false
    },
    {
        "symbol": "RCT",
        "company": "RedCloud Holdings plc",
        "change_pct": -22.38,
        "premarket": 3.33,
        "volume": 90710,
        "category": "l",
        "source": "tv",
        "shortable": true,
        "exchange_name": "NASDAQ",
        "market_cap": 132679905,
        "existing": false
    }
]