{
    "GLMD": {
        "symbol": "GLMD",
        "company": "Galmed Pharmaceuticals Ltd.",
        "change_pct": 57.32,
        "premarket": 2.47,
        "volume": 20,
        "category": "g"
    },
    "PRTG": {
        "symbol": "PRTG",
        "company": "Portage Biotech Inc.",
        "change_pct": 38.7,
        "premarket": 11.72,
        "volume": 2,
        "category": "g"
    },
    "CGON": {
        "symbol": "CGON",
        "company": "CG Oncology, Inc.",
        "change_pct": 38.58,
        "premarket": 31.0,
        "volume": 411,
        "category": "g"
    },
    "MLGO": {
        "symbol": "MLGO",
        "company": "MicroAlgo, Inc.",
        "change_pct": 33.96,
        "premarket": 10.61,
        "volume": 5,
        "category": "g"
    },
    "AGMH": {
        "symbol": "AGMH",
        "company": "AGM Group Holdings Inc.",
        "change_pct": 27.57,
        "premarket": 0.062,
        "volume": 85,
        "category": "g"
    },
    "PLUG": {
        "symbol": "PLUG",
        "company": "Plug Power, Inc.",
        "change_pct": 20.16,
        "premarket": 0.9752,
        "volume": 11,
        "category": "g"
    },
    "GNS": {
        "symbol": "GNS",
        "company": "Genius Group Limited",
        "change_pct": 20.0,
        "premarket": 0.42,
        "volume": 185,
        "category": "g"
    },
    "TTNP": {
        "symbol": "TTNP",
        "company": "Titan Pharmaceuticals, Inc.",
        "change_pct": 18.65,
        "premarket": 4.39,
        "volume": 226,
        "category": "g"
    },
    "YOSH": {
        "symbol": "YOSH",
        "company": "Yoshiharu Global Co.",
        "change_pct": 18.29,
        "premarket": 13.0,
        "volume": 2,
        "category": "g"
    },
    "SABR": {
        "symbol": "SABR",
        "company": "Sabre Corporation",
        "change_pct": 16.89,
        "premarket": 2.56,
        "volume": 353,
        "category": "g"
    },
    "BCDA": {
        "symbol": "BCDA",
        "company": "BioCardia, Inc.",
        "change_pct": 16.73,
        "premarket": 2.3,
        "volume": 23,
        "category": "g"
    },
    "ZBAI": {
        "symbol": "ZBAI",
        "company": "ATIF Holdings Limited",
        "change_pct": 16.48,
        "premarket": 1.06,
        "volume": 2,
        "category": "g"
    },
    "RBOT": {
        "symbol": "RBOT",
        "company": "Vicarious Surgical Inc.",
        "change_pct": 15.7,
        "premarket": 9.8,
        "volume": 649,
        "category": "g"
    },
    "WW": {
        "symbol": "WW",
        "company": "WW International, Inc.",
        "change_pct": 15.19,
        "premarket": 0.4557,
        "volume": 36,
        "category": "g"
    },
    "AMPY": {
        "symbol": "AMPY",
        "company": "Amplify Energy Corp.",
        "change_pct": 13.75,
        "premarket": 3.06,
        "volume": 2,
        "category": "g"
    },
    "BRN": {
        "symbol": "BRN",
        "company": "Barnwell Industries, Inc.",
        "change_pct": 13.33,
        "premarket": 1.53,
        "volume": 664,
        "category": "g"
    },
    "SPIR": {
        "symbol": "SPIR",
        "company": "Spire Global, Inc.",
        "change_pct": 12.78,
        "premarket": 12.0,
        "volume": 60,
        "category": "g"
    },
    "SXTP": {
        "symbol": "SXTP",
        "company": "60 Degrees Pharmaceuticals, Inc.",
        "change_pct": 12.54,
        "premarket": 3.32,
        "volume": 500,
        "category": "g"
    },
    "ADMA": {
        "symbol": "ADMA",
        "company": "ADMA Biologics Inc",
        "change_pct": 12.03,
        "premarket": 24.49,
        "volume": 93,
        "category": "g"
    },
    "BSGM": {
        "symbol": "BSGM",
        "company": "BioSig Technologies, Inc.",
        "change_pct": 11.96,
        "premarket": 1.03,
        "volume": 14,
        "category": "g"
    },
    "WAI": {
        "symbol": "WAI",
        "company": "Top KingWin Ltd",
        "change_pct": 11.6,
        "premarket": 0.1674,
        "volume": 965,
        "category": "g"
    },
    "CASK": {
        "symbol": "CASK",
        "company": "Heritage Distilling Holding Company, Inc.",
        "change_pct": 11.44,
        "premarket": 0.6499,
        "volume": 3,
        "category": "g"
    },
    "OMEX": {
        "symbol": "OMEX",
        "company": "Odyssey Marine Exploration, Inc.",
        "change_pct": 11.25,
        "premarket": 1.68,
        "volume": 17,
        "category": "g"
    },
    "GITS": {
        "symbol": "GITS",
        "company": "Global Interactive Technologies, Inc.",
        "change_pct": 11.2,
        "premarket": 1.39,
        "volume": 455,
        "category": "g"
    },
    "PALI": {
        "symbol": "PALI",
        "company": "Palisade Bio, Inc.",
        "change_pct": 10.75,
        "premarket": 0.7974,
        "volume": 450,
        "category": "g"
    },
    "ISPR": {
        "symbol": "ISPR",
        "company": "Ispire Technology Inc.",
        "change_pct": 10.73,
        "premarket": 3.2,
        "volume": 300,
        "category": "g"
    },
    "AMIX": {
        "symbol": "AMIX",
        "company": "Autonomix Medical, Inc.",
        "change_pct": 10.58,
        "premarket": 2.3,
        "volume": 49,
        "category": "g"
    },
    "MI": {
        "symbol": "MI",
        "company": "NFT Limited",
        "change_pct": 10.57,
        "premarket": 2.51,
        "volume": 825,
        "category": "g"
    },
    "HBIO": {
        "symbol": "HBIO",
        "company": "Harvard Bioscience, Inc.",
        "change_pct": 10.21,
        "premarket": 0.4154,
        "volume": 100,
        "category": "g"
    },
    "SAIH": {
        "symbol": "SAIH",
        "company": "SAIHEAT Limited",
        "change_pct": 10.14,
        "premarket": 7.6,
        "volume": 2,
        "category": "g"
    },
    "HAO": {
        "symbol": "HAO",
        "company": "Haoxi Health Technology Limited",
        "change_pct": 9.93,
        "premarket": 1.55,
        "volume": 1,
        "category": "g"
    },
    "BBAI": {
        "symbol": "BBAI",
        "company": "BigBear.ai, Inc.",
        "change_pct": 9.92,
        "premarket": 3.88,
        "volume": 6,
        "category": "g"
    },
    "ADCT": {
        "symbol": "ADCT",
        "company": "ADC Therapeutics SA",
        "change_pct": 9.77,
        "premarket": 1.46,
        "volume": 7,
        "category": "g"
    },
    "VXRT": {
        "symbol": "VXRT",
        "company": "Vaxart, Inc. - Common Stock",
        "change_pct": 9.63,
        "premarket": 0.4393,
        "volume": 705,
        "category": "g"
    },
    "BSLK": {
        "symbol": "BSLK",
        "company": "Bolt Projects Holdings, Inc.",
        "change_pct": 9.6,
        "premarket": 6.05,
        "volume": 5,
        "category": "g"
    },
    "BGI": {
        "symbol": "BGI",
        "company": "Birks Group Inc.",
        "change_pct": 9.59,
        "premarket": 1.14,
        "volume": 5,
        "category": "g"
    },
    "WETH": {
        "symbol": "WETH",
        "company": "Wetouch Technology Inc.",
        "change_pct": 9.09,
        "premarket": 0.9,
        "volume": 92,
        "category": "g"
    },
    "LNKS": {
        "symbol": "LNKS",
        "company": "Linkers Industries Limited",
        "change_pct": 9.02,
        "premarket": 0.6995,
        "volume": 400,
        "category": "g"
    },
    "BATL": {
        "symbol": "BATL",
        "company": "Battalion Oil Corporation",
        "change_pct": 8.96,
        "premarket": 1.46,
        "volume": 7,
        "category": "g"
    },
    "SATL": {
        "symbol": "SATL",
        "company": "Satellogic Inc.",
        "change_pct": 8.89,
        "premarket": 4.04,
        "volume": 107,
        "category": "g"
    },
    "ARBE": {
        "symbol": "ARBE",
        "company": "Arbe Robotics Ltd.",
        "change_pct": 8.82,
        "premarket": 1.48,
        "volume": 273,
        "category": "g"
    },
    "MYNZ": {
        "symbol": "MYNZ",
        "company": "Mainz Biomed N.V.",
        "change_pct": 8.78,
        "premarket": 3.84,
        "volume": 380,
        "category": "g"
    },
    "LTRY": {
        "symbol": "LTRY",
        "company": "Lottery.com, Inc.",
        "change_pct": 8.73,
        "premarket": 1.0,
        "volume": 181,
        "category": "g"
    },
    "PRE": {
        "symbol": "PRE",
        "company": "Prenetics Global Limited",
        "change_pct": 8.6,
        "premarket": 5.43,
        "volume": 100,
        "category": "g"
    },
    "FFAI": {
        "symbol": "FFAI",
        "company": "Faraday Future Intelligent Electric Inc.",
        "change_pct": 8.57,
        "premarket": 1.14,
        "volume": 831,
        "category": "g"
    },
    "BTOG": {
        "symbol": "BTOG",
        "company": "Bit Origin Limited",
        "change_pct": 8.52,
        "premarket": 0.1668,
        "volume": 7,
        "category": "g"
    },
    "SCNX": {
        "symbol": "SCNX",
        "company": "Scienture Holdings, Inc.",
        "change_pct": 8.08,
        "premarket": 1.07,
        "volume": 4,
        "category": "g"
    },
    "FNGR": {
        "symbol": "FNGR",
        "company": "FingerMotion, Inc.",
        "change_pct": 8.06,
        "premarket": 2.01,
        "volume": 36,
        "category": "g"
    },
    "SYNX": {
        "symbol": "SYNX",
        "company": "Silynxcom Ltd.",
        "change_pct": 7.82,
        "premarket": 1.93,
        "volume": 600,
        "category": "g"
    },
    "AURA": {
        "symbol": "AURA",
        "company": "Aura Biosciences, Inc.",
        "change_pct": 7.81,
        "premarket": 5.8,
        "volume": 100,
        "category": "g"
    },
    "CMCL": {
        "symbol": "CMCL",
        "company": "Caledonia Mining Corporation Plc",
        "change_pct": 7.73,
        "premarket": 14.07,
        "volume": 200,
        "category": "g"
    },
    "BON": {
        "symbol": "BON",
        "company": "Bon Natural Life Limited",
        "change_pct": 7.67,
        "premarket": 0.0618,
        "volume": 13,
        "category": "g"
    },
    "EFOI": {
        "symbol": "EFOI",
        "company": "Energy Focus, Inc.",
        "change_pct": 7.64,
        "premarket": 1.89,
        "volume": 100,
        "category": "g"
    },
    "AUR": {
        "symbol": "AUR",
        "company": "Aurora Innovation, Inc.",
        "change_pct": 7.56,
        "premarket": 7.4,
        "volume": 770,
        "category": "g"
    },
    "CRVS": {
        "symbol": "CRVS",
        "company": "Corvus Pharmaceuticals, Inc.",
        "change_pct": 7.41,
        "premarket": 3.9,
        "volume": 3,
        "category": "g"
    },
    "MTC": {
        "symbol": "MTC",
        "company": "MMTec, Inc.",
        "change_pct": 7.21,
        "premarket": 1.19,
        "volume": 2,
        "category": "g"
    },
    "GUTS": {
        "symbol": "GUTS",
        "company": "Fractyl Health, Inc.",
        "change_pct": 7.14,
        "premarket": 1.35,
        "volume": 100,
        "category": "g"
    },
    "UPC": {
        "symbol": "UPC",
        "company": "Universe Pharmaceuticals Inc",
        "change_pct": 7.14,
        "premarket": 4.5,
        "volume": 7,
        "category": "g"
    },
    "CODX": {
        "symbol": "CODX",
        "company": "Co-Diagnostics, Inc.",
        "change_pct": 7.11,
        "premarket": 0.3749,
        "volume": 17,
        "category": "g"
    },
    "NMRA": {
        "symbol": "NMRA",
        "company": "Neumora Therapeutics, Inc.",
        "change_pct": 6.93,
        "premarket": 0.81,
        "volume": 4,
        "category": "g"
    },
    "CETY": {
        "symbol": "CETY",
        "company": "Clean Energy Technologies, Inc.",
        "change_pct": 6.85,
        "premarket": 0.46,
        "volume": 22,
        "category": "g"
    },
    "SGMA": {
        "symbol": "SGMA",
        "company": "SigmaTron International, Inc.",
        "change_pct": 6.83,
        "premarket": 1.33,
        "volume": 1,
        "category": "g"
    },
    "WIMI": {
        "symbol": "WIMI",
        "company": "WiMi Hologram Cloud Inc.",
        "change_pct": 6.72,
        "premarket": 5.4,
        "volume": 19,
        "category": "g"
    },
    "BULL": {
        "symbol": "BULL",
        "company": "Webull Corporation",
        "change_pct": 6.54,
        "premarket": 18.4,
        "volume": 129,
        "category": "g"
    },
    "GVH": {
        "symbol": "GVH",
        "company": "Globavend Holdings Limited - Ord Shares",
        "change_pct": 6.54,
        "premarket": 0.5035,
        "volume": 9,
        "category": "g"
    },
    "NXTC": {
        "symbol": "NXTC",
        "company": "NextCure, Inc.",
        "change_pct": 6.5,
        "premarket": 0.4899,
        "volume": 50,
        "category": "g"
    },
    "UGRO": {
        "symbol": "UGRO",
        "company": "urban-gro, Inc.",
        "change_pct": 6.5,
        "premarket": 0.49,
        "volume": 1,
        "category": "g"
    },
    "GORV": {
        "symbol": "GORV",
        "company": "Lazydays Holdings, Inc.",
        "change_pct": 6.47,
        "premarket": 0.27,
        "volume": 17,
        "category": "g"
    },
    "SNDA": {
        "symbol": "SNDA",
        "company": "Sonida Senior Living, Inc.",
        "change_pct": 6.42,
        "premarket": 23.7,
        "volume": 200,
        "category": "g"
    },
    "IMG": {
        "symbol": "IMG",
        "company": "CIMG Inc.",
        "change_pct": 6.33,
        "premarket": 0.68,
        "volume": 1,
        "category": "g"
    },
    "BTTR": {
        "symbol": "BTTR",
        "company": "Better Choice Company Inc.",
        "change_pct": 6.33,
        "premarket": 2.15,
        "volume": 19,
        "category": "g"
    },
    "CNTX": {
        "symbol": "CNTX",
        "company": "Context Therapeutics Inc.",
        "change_pct": 6.28,
        "premarket": 0.999,
        "volume": 677,
        "category": "g"
    },
    "LITM": {
        "symbol": "LITM",
        "company": "Snow Lake Resources Ltd.",
        "change_pct": 6.27,
        "premarket": 0.4189,
        "volume": 114,
        "category": "g"
    },
    "SMMT": {
        "symbol": "SMMT",
        "company": "Summit Therapeutics Inc.",
        "change_pct": 6.16,
        "premarket": 24.91,
        "volume": 219,
        "category": "g"
    },
    "DRTS": {
        "symbol": "DRTS",
        "company": "Alpha Tau Medical Ltd.",
        "change_pct": 6.06,
        "premarket": 2.8,
        "volume": 10,
        "category": "g"
    },
    "NAUT": {
        "symbol": "NAUT",
        "company": "Nautilus Biotechnology, Inc.",
        "change_pct": 6.04,
        "premarket": 0.73,
        "volume": 1,
        "category": "g"
    },
    "BLUE": {
        "symbol": "BLUE",
        "company": "bluebird bio, Inc.",
        "change_pct": 5.9,
        "premarket": 4.41,
        "volume": 110,
        "category": "g"
    },
    "RVTY": {
        "symbol": "RVTY",
        "company": "Revvity, Inc.",
        "change_pct": 5.89,
        "premarket": 99.84,
        "volume": 10,
        "category": "g"
    },
    "IKNA": {
        "symbol": "IKNA",
        "company": "Ikena Oncology, Inc.",
        "change_pct": 5.88,
        "premarket": 1.26,
        "volume": 14,
        "category": "g"
    },
    "XTNT": {
        "symbol": "XTNT",
        "company": "Xtant Medical Holdings, Inc.",
        "change_pct": 5.88,
        "premarket": 0.54,
        "volume": 2,
        "category": "g"
    },
    "CDTX": {
        "symbol": "CDTX",
        "company": "Cidara Therapeutics, Inc.",
        "change_pct": 5.85,
        "premarket": 22.8,
        "volume": 200,
        "category": "g"
    },
    "SMLR": {
        "symbol": "SMLR",
        "company": "Semler Scientific, Inc.",
        "change_pct": 5.82,
        "premarket": 38.98,
        "volume": 19,
        "category": "g"
    },
    "WOLF": {
        "symbol": "WOLF",
        "company": "Wolfspeed, Inc.",
        "change_pct": 5.81,
        "premarket": 3.46,
        "volume": 468,
        "category": "g"
    },
    "RZLV": {
        "symbol": "RZLV",
        "company": "Rezolve AI PLC",
        "change_pct": 5.74,
        "premarket": 2.21,
        "volume": 659,
        "category": "g"
    },
    "ONDS": {
        "symbol": "ONDS",
        "company": "Ondas Holdings Inc.",
        "change_pct": 5.72,
        "premarket": 0.756,
        "volume": 552,
        "category": "g"
    },
    "PETZ": {
        "symbol": "PETZ",
        "company": "TDH Holdings, Inc.",
        "change_pct": 5.71,
        "premarket": 1.11,
        "volume": 600,
        "category": "g"
    },
    "PRZO": {
        "symbol": "PRZO",
        "company": "ParaZero Technologies Ltd.",
        "change_pct": 5.7,
        "premarket": 0.7469,
        "volume": 3,
        "category": "g"
    },
    "BAER": {
        "symbol": "BAER",
        "company": "Bridger Aerospace Group Holdings, Inc.",
        "change_pct": 5.63,
        "premarket": 1.5,
        "volume": 100,
        "category": "g"
    },
    "BCLI": {
        "symbol": "BCLI",
        "company": "Brainstorm Cell Therapeutics Inc.",
        "change_pct": 5.63,
        "premarket": 1.0299,
        "volume": 8,
        "category": "g"
    },
    "OSTX": {
        "symbol": "OSTX",
        "company": "OS Therapies Incorporated",
        "change_pct": 5.62,
        "premarket": 1.69,
        "volume": 11,
        "category": "g"
    },
    "BAOS": {
        "symbol": "BAOS",
        "company": "Baosheng Media Group Holdings Limited",
        "change_pct": 5.62,
        "premarket": 1.88,
        "volume": 2,
        "category": "g"
    },
    "YTRA": {
        "symbol": "YTRA",
        "company": "Yatra Online, Inc.",
        "change_pct": 5.41,
        "premarket": 0.73,
        "volume": 685,
        "category": "g"
    },
    "MIND": {
        "symbol": "MIND",
        "company": "MIND Technology, Inc.",
        "change_pct": 5.36,
        "premarket": 6.88,
        "volume": 2,
        "category": "g"
    },
    "NLSP": {
        "symbol": "NLSP",
        "company": "NLS Pharmaceutics Ltd.",
        "change_pct": 5.33,
        "premarket": 1.58,
        "volume": 1,
        "category": "g"
    },
    "PERF": {
        "symbol": "PERF",
        "company": "Perfect Corp.",
        "change_pct": 5.29,
        "premarket": 1.99,
        "volume": 6,
        "category": "g"
    },
    "VYX": {
        "symbol": "VYX",
        "company": "NCR Voyix Corporation",
        "change_pct": 5.25,
        "premarket": 9.02,
        "volume": 100,
        "category": "g"
    },
    "PTON": {
        "symbol": "PTON",
        "company": "Peloton Interactive, Inc.",
        "change_pct": 5.25,
        "premarket": 6.62,
        "volume": 251,
        "category": "g"
    },
    "DERM": {
        "symbol": "DERM",
        "company": "Journey Medical Corporation",
        "change_pct": 5.22,
        "premarket": 7.86,
        "volume": 252,
        "category": "g"
    },
    "PMAX": {
        "symbol": "PMAX",
        "company": "Powell Max Limited",
        "change_pct": 5.22,
        "premarket": 0.4134,
        "volume": 17,
        "category": "g"
    },
    "BTCT": {
        "symbol": "BTCT",
        "company": "BTC Digital Ltd.",
        "change_pct": 5.16,
        "premarket": 4.39,
        "volume": 10,
        "category": "g"
    },
    "SPRB": {
        "symbol": "SPRB",
        "company": "Spruce Biosciences, Inc.",
        "change_pct": -29.66,
        "premarket": 0.0913,
        "volume": 1,
        "category": "l"
    },
    "DMAC": {
        "symbol": "DMAC",
        "company": "DiaMedica Therapeutics Inc.",
        "change_pct": -25.74,
        "premarket": 3.0,
        "volume": 200,
        "category": "l"
    },
    "IVP": {
        "symbol": "IVP",
        "company": "Inspire Veterinary Partners, Inc.",
        "change_pct": -24.54,
        "premarket": 1.23,
        "volume": 1,
        "category": "l"
    },
    "BEEP": {
        "symbol": "BEEP",
        "company": "Mobile Infrastructure Corporation",
        "change_pct": -23.53,
        "premarket": 3.25,
        "volume": 100,
        "category": "l"
    },
    "SPCB": {
        "symbol": "SPCB",
        "company": "SuperCom, Ltd.",
        "change_pct": -20.15,
        "premarket": 6.34,
        "volume": 1,
        "category": "l"
    },
    "PPIH": {
        "symbol": "PPIH",
        "company": "Perma-Pipe International Holdings, Inc.",
        "change_pct": -19.37,
        "premarket": 10.2,
        "volume": 100,
        "category": "l"
    },
    "RTC": {
        "symbol": "RTC",
        "company": "Baijiayun Group Ltd - Class",
        "change_pct": -18.04,
        "premarket": 0.2667,
        "volume": 2,
        "category": "l"
    },
    "ASTL": {
        "symbol": "ASTL",
        "company": "Algoma Steel Group Inc.",
        "change_pct": -16.57,
        "premarket": 4.28,
        "volume": 200,
        "category": "l"
    },
    "ULY": {
        "symbol": "ULY",
        "company": "Urgent.ly Inc.",
        "change_pct": -15.92,
        "premarket": 6.42,
        "volume": 970,
        "category": "l"
    },
    "JZXN": {
        "symbol": "JZXN",
        "company": "Jiuzi Holdings, Inc.",
        "change_pct": -15.15,
        "premarket": 2.52,
        "volume": 30,
        "category": "l"
    },
    "INTJ": {
        "symbol": "INTJ",
        "company": "Intelligent Group Limited",
        "change_pct": -14.95,
        "premarket": 0.6557,
        "volume": 4,
        "category": "l"
    },
    "HLP": {
        "symbol": "HLP",
        "company": "Hongli Group Inc.",
        "change_pct": -13.46,
        "premarket": 0.9,
        "volume": 1,
        "category": "l"
    },
    "ZYXI": {
        "symbol": "ZYXI",
        "company": "Zynex, Inc.",
        "change_pct": -13.28,
        "premarket": 2.09,
        "volume": 18,
        "category": "l"
    },
    "SGHT": {
        "symbol": "SGHT",
        "company": "Sight Sciences, Inc.",
        "change_pct": -13.04,
        "premarket": 2.8,
        "volume": 100,
        "category": "l"
    },
    "ABP": {
        "symbol": "ABP",
        "company": "Abpro Holdings, Inc",
        "change_pct": -12.7,
        "premarket": 0.2776,
        "volume": 3,
        "category": "l"
    },
    "SLRX": {
        "symbol": "SLRX",
        "company": "Salarius Pharmaceuticals, Inc.",
        "change_pct": -12.66,
        "premarket": 0.64,
        "volume": 1,
        "category": "l"
    },
    "DTCK": {
        "symbol": "DTCK",
        "company": "Davis Commodities Limited",
        "change_pct": -12.48,
        "premarket": 0.61,
        "volume": 955,
        "category": "l"
    },
    "SBEV": {
        "symbol": "SBEV",
        "company": "Splash Beverage Group, Inc. (NV)",
        "change_pct": -12.25,
        "premarket": 5.3,
        "volume": 5,
        "category": "l"
    },
    "YGMZ": {
        "symbol": "YGMZ",
        "company": "MingZhu Logistics Holdings Limited",
        "change_pct": -11.71,
        "premarket": 1.06,
        "volume": 2,
        "category": "l"
    },
    "PHOE": {
        "symbol": "PHOE",
        "company": "Phoenix Asia Holdings Limited",
        "change_pct": -10.96,
        "premarket": 3.25,
        "volume": 35,
        "category": "l"
    },
    "RSVR": {
        "symbol": "RSVR",
        "company": "Reservoir Media, Inc..",
        "change_pct": -10.74,
        "premarket": 6.4,
        "volume": 100,
        "category": "l"
    },
    "STBX": {
        "symbol": "STBX",
        "company": "Starbox Group Holdings Ltd.",
        "change_pct": -10.05,
        "premarket": 1.97,
        "volume": 4,
        "category": "l"
    },
    "NDRA": {
        "symbol": "NDRA",
        "company": "ENDRA Life Sciences Inc.",
        "change_pct": -9.53,
        "premarket": 3.6,
        "volume": 12,
        "category": "l"
    },
    "SNSE": {
        "symbol": "SNSE",
        "company": "Sensei Biotherapeutics, Inc.",
        "change_pct": -9.51,
        "premarket": 0.3664,
        "volume": 1,
        "category": "l"
    },
    "UPB": {
        "symbol": "UPB",
        "company": "Upstream Bio, Inc.",
        "change_pct": -9.42,
        "premarket": 7.6,
        "volume": 200,
        "category": "l"
    },
    "THAR": {
        "symbol": "THAR",
        "company": "Tharimmune, Inc.",
        "change_pct": -9.16,
        "premarket": 1.09,
        "volume": 968,
        "category": "l"
    },
    "AREN": {
        "symbol": "AREN",
        "company": "The Arena Group Holdings, Inc.",
        "change_pct": -9.03,
        "premarket": 4.43,
        "volume": 2,
        "category": "l"
    },
    "ZBAO": {
        "symbol": "ZBAO",
        "company": "Zhibao Technology Inc.",
        "change_pct": -8.96,
        "premarket": 1.0,
        "volume": 2,
        "category": "l"
    },
    "RETO": {
        "symbol": "RETO",
        "company": "ReTo Eco-Solutions, Inc.",
        "change_pct": -8.71,
        "premarket": 3.54,
        "volume": 10,
        "category": "l"
    },
    "OPTX": {
        "symbol": "OPTX",
        "company": "Syntec Optics Holdings, Inc.",
        "change_pct": -8.39,
        "premarket": 1.42,
        "volume": 1,
        "category": "l"
    },
    "LGCB": {
        "symbol": "LGCB",
        "company": "Linkage Global Inc",
        "change_pct": -8.16,
        "premarket": 1.8,
        "volume": 6,
        "category": "l"
    },
    "BKYI": {
        "symbol": "BKYI",
        "company": "BIO-key International, Inc.",
        "change_pct": -8.11,
        "premarket": 0.73,
        "volume": 14,
        "category": "l"
    },
    "ECDA": {
        "symbol": "ECDA",
        "company": "ECD Automotive Design, Inc.",
        "change_pct": -8.08,
        "premarket": 0.33,
        "volume": 15,
        "category": "l"
    },
    "AARD": {
        "symbol": "AARD",
        "company": "Aardvark Therapeutics, Inc.",
        "change_pct": -7.94,
        "premarket": 7.3,
        "volume": 100,
        "category": "l"
    },
    "DRCT": {
        "symbol": "DRCT",
        "company": "Direct Digital Holdings, Inc.",
        "change_pct": -7.81,
        "premarket": 0.62,
        "volume": 3,
        "category": "l"
    },
    "ABTS": {
        "symbol": "ABTS",
        "company": "Abits Group Inc",
        "change_pct": -7.76,
        "premarket": 2.97,
        "volume": 600,
        "category": "l"
    },
    "HGTY": {
        "symbol": "HGTY",
        "company": "Hagerty, Inc.",
        "change_pct": -7.62,
        "premarket": 8.0,
        "volume": 200,
        "category": "l"
    },
    "SPHL": {
        "symbol": "SPHL",
        "company": "Springview Holdings Ltd",
        "change_pct": -7.6,
        "premarket": 0.45,
        "volume": 500,
        "category": "l"
    },
    "CERO": {
        "symbol": "CERO",
        "company": "CERo Therapeutics Holdings, Inc.",
        "change_pct": -7.49,
        "premarket": 0.8234,
        "volume": 39,
        "category": "l"
    },
    "FINW": {
        "symbol": "FINW",
        "company": "FinWise Bancorp",
        "change_pct": -7.47,
        "premarket": 14.5,
        "volume": 100,
        "category": "l"
    },
    "IFBD": {
        "symbol": "IFBD",
        "company": "Infobird Co., Ltd",
        "change_pct": -7.38,
        "premarket": 0.95,
        "volume": 1,
        "category": "l"
    },
    "UBFO": {
        "symbol": "UBFO",
        "company": "United Security Bancshares",
        "change_pct": -7.22,
        "premarket": 8.1,
        "volume": 200,
        "category": "l"
    },
    "YHGJ": {
        "symbol": "YHGJ",
        "company": "Yunhong Green CTI Ltd.",
        "change_pct": -7.21,
        "premarket": 0.9001,
        "volume": 2,
        "category": "l"
    },
    "RYDE": {
        "symbol": "RYDE",
        "company": "Ryde Group Ltd.",
        "change_pct": -7.0,
        "premarket": 0.251,
        "volume": 2,
        "category": "l"
    },
    "OMER": {
        "symbol": "OMER",
        "company": "Omeros Corporation",
        "change_pct": -6.98,
        "premarket": 6.8,
        "volume": 100,
        "category": "l"
    },
    "SLSN": {
        "symbol": "SLSN",
        "company": "Solesence, Inc.",
        "change_pct": -6.83,
        "premarket": 2.32,
        "volume": 200,
        "category": "l"
    },
    "CTOR": {
        "symbol": "CTOR",
        "company": "Citius Oncology, Inc.",
        "change_pct": -6.68,
        "premarket": 0.6803,
        "volume": 2,
        "category": "l"
    },
    "ANNA": {
        "symbol": "ANNA",
        "company": "AleAnna, Inc.",
        "change_pct": -6.67,
        "premarket": 9.1,
        "volume": 100,
        "category": "l"
    },
    "CNEY": {
        "symbol": "CNEY",
        "company": "CN Energy Group Inc.",
        "change_pct": -6.66,
        "premarket": 0.122,
        "volume": 506,
        "category": "l"
    },
    "SST": {
        "symbol": "SST",
        "company": "System1, Inc.",
        "change_pct": -6.63,
        "premarket": 0.38,
        "volume": 2,
        "category": "l"
    },
    "PHGE": {
        "symbol": "PHGE",
        "company": "BiomX Inc.",
        "change_pct": -6.61,
        "premarket": 0.5706,
        "volume": 2,
        "category": "l"
    },
    "QMMM": {
        "symbol": "QMMM",
        "company": "QMMM Holdings Limited",
        "change_pct": -6.48,
        "premarket": 0.6827,
        "volume": 538,
        "category": "l"
    },
    "DHAI": {
        "symbol": "DHAI",
        "company": "DIH Holding US, Inc.",
        "change_pct": -6.4,
        "premarket": 0.161,
        "volume": 1,
        "category": "l"
    },
    "SPPL": {
        "symbol": "SPPL",
        "company": "SIMPPLE LTD.",
        "change_pct": -6.12,
        "premarket": 3.79,
        "volume": 842,
        "category": "l"
    },
    "LICN": {
        "symbol": "LICN",
        "company": "Lichen International Limited",
        "change_pct": -5.96,
        "premarket": 3.6,
        "volume": 525,
        "category": "l"
    },
    "TLSA": {
        "symbol": "TLSA",
        "company": "Tiziana Life Sciences Ltd",
        "change_pct": -5.88,
        "premarket": 1.28,
        "volume": 260,
        "category": "l"
    },
    "EQ": {
        "symbol": "EQ",
        "company": "Equillium, Inc.",
        "change_pct": -5.85,
        "premarket": 0.4126,
        "volume": 226,
        "category": "l"
    },
    "VLCN": {
        "symbol": "VLCN",
        "company": "Volcon, Inc.",
        "change_pct": -5.77,
        "premarket": 0.7906,
        "volume": 1,
        "category": "l"
    },
    "KLTO": {
        "symbol": "KLTO",
        "company": "Klotho Neurosciences, Inc.",
        "change_pct": -5.75,
        "premarket": 0.1622,
        "volume": 650,
        "category": "l"
    },
    "IDAI": {
        "symbol": "IDAI",
        "company": "T Stamp Inc.",
        "change_pct": -5.63,
        "premarket": 2.01,
        "volume": 4,
        "category": "l"
    },
    "NVFY": {
        "symbol": "NVFY",
        "company": "Nova Lifestyle, Inc",
        "change_pct": -5.61,
        "premarket": 1.01,
        "volume": 683,
        "category": "l"
    },
    "SHIP": {
        "symbol": "SHIP",
        "company": "Seanergy Maritime Holdings Corp.",
        "change_pct": -5.58,
        "premarket": 5.41,
        "volume": 200,
        "category": "l"
    },
    "APYX": {
        "symbol": "APYX",
        "company": "Apyx Medical Corporation",
        "change_pct": -5.56,
        "premarket": 0.841,
        "volume": 200,
        "category": "l"
    },
    "OLB": {
        "symbol": "OLB",
        "company": "The OLB Group, Inc.",
        "change_pct": -5.56,
        "premarket": 1.7,
        "volume": 57,
        "category": "l"
    },
    "KVHI": {
        "symbol": "KVHI",
        "company": "KVH Industries, Inc.",
        "change_pct": -5.5,
        "premarket": 4.81,
        "volume": 100,
        "category": "l"
    },
    "JFBR": {
        "symbol": "JFBR",
        "company": "Jeffs' Brands Ltd",
        "change_pct": -5.46,
        "premarket": 0.7516,
        "volume": 239,
        "category": "l"
    },
    "SAGT": {
        "symbol": "SAGT",
        "company": "SAGTEC GLOBAL LIMITED",
        "change_pct": -5.41,
        "premarket": 3.5,
        "volume": 700,
        "category": "l"
    },
    "CSIQ": {
        "symbol": "CSIQ",
        "company": "Canadian Solar Inc.",
        "change_pct": -5.38,
        "premarket": 10.55,
        "volume": 77,
        "category": "l"
    },
    "TARA": {
        "symbol": "TARA",
        "company": "Protara Therapeutics, Inc.",
        "change_pct": -5.32,
        "premarket": 4.09,
        "volume": 47,
        "category": "l"
    },
    "CGTL": {
        "symbol": "CGTL",
        "company": "Creative Global Technology Holdings Limited",
        "change_pct": -5.31,
        "premarket": 1.43,
        "volume": 121,
        "category": "l"
    },
    "BOLT": {
        "symbol": "BOLT",
        "company": "Bolt Biotherapeutics, Inc.",
        "change_pct": -5.31,
        "premarket": 0.3693,
        "volume": 1,
        "category": "l"
    },
    "CMT": {
        "symbol": "CMT",
        "company": "Core Molding Technologies Inc",
        "change_pct": -5.3,
        "premarket": 14.29,
        "volume": 349,
        "category": "l"
    },
    "ATEC": {
        "symbol": "ATEC",
        "company": "Alphatec Holdings, Inc.",
        "change_pct": -5.3,
        "premarket": 10.9,
        "volume": 174,
        "category": "l"
    },
    "GBCI": {
        "symbol": "GBCI",
        "company": "Glacier Bancorp, Inc.",
        "change_pct": -5.22,
        "premarket": 38.68,
        "volume": 900,
        "category": "l"
    },
    "SILO": {
        "symbol": "SILO",
        "company": "Silo Pharma, Inc.",
        "change_pct": -5.22,
        "premarket": 1.09,
        "volume": 375,
        "category": "l"
    },
    "CBAN": {
        "symbol": "CBAN",
        "company": "Colony Bankcorp, Inc.",
        "change_pct": -5.19,
        "premarket": 14.61,
        "volume": 200,
        "category": "l"
    },
    "SBET": {
        "symbol": "SBET",
        "company": "SharpLink Gaming, Inc.",
        "change_pct": -5.19,
        "premarket": 0.256,
        "volume": 484,
        "category": "l"
    },
    "LEXX": {
        "symbol": "LEXX",
        "company": "Lexaria Bioscience Corp.",
        "change_pct": -5.18,
        "premarket": 1.28,
        "volume": 11,
        "category": "l"
    },
    "ORMP": {
        "symbol": "ORMP",
        "company": "Oramed Pharmaceuticals Inc.",
        "change_pct": -5.15,
        "premarket": 2.21,
        "volume": 30,
        "category": "l"
    },
    "CHRO": {
        "symbol": "CHRO",
        "company": "Channel Therapeutics Corporation",
        "change_pct": -5.15,
        "premarket": 1.29,
        "volume": 532,
        "category": "l"
    },
    "ORN": {
        "symbol": "ORN",
        "company": "Orion Group Holdings, Inc.",
        "change_pct": -5.14,
        "premarket": 5.9,
        "volume": 600,
        "category": "l"
    },
    "SURG": {
        "symbol": "SURG",
        "company": "SurgePays, Inc.",
        "change_pct": -5.11,
        "premarket": 3.16,
        "volume": 6,
        "category": "l"
    },
    "VMD": {
        "symbol": "VMD",
        "company": "Viemed Healthcare, Inc.",
        "change_pct": -5.09,
        "premarket": 6.71,
        "volume": 400,
        "category": "l"
    },
    "CSBR": {
        "symbol": "CSBR",
        "company": "Champions Oncology, Inc.",
        "change_pct": -5.06,
        "premarket": 7.5,
        "volume": 100,
        "category": "l"
    },
    "CLRB": {
        "symbol": "CLRB",
        "company": "Cellectar Biosciences, Inc.",
        "change_pct": -5.0,
        "premarket": 0.2945,
        "volume": 12,
        "category": "l"
    },
    "SNOA": {
        "symbol": "SNOA",
        "company": "Sonoma Pharmaceuticals, Inc.",
        "change_pct": -4.96,
        "premarket": 4.02,
        "volume": 14,
        "category": "l"
    },
    "ZCAR": {
        "symbol": "ZCAR",
        "company": "Zoomcar Holdings, Inc.",
        "change_pct": -4.96,
        "premarket": 3.69,
        "volume": 1,
        "category": "l"
    },
    "SHFS": {
        "symbol": "SHFS",
        "company": "SHF Holdings, Inc.",
        "change_pct": -4.95,
        "premarket": 3.84,
        "volume": 190,
        "category": "l"
    },
    "JAGX": {
        "symbol": "JAGX",
        "company": "Jaguar Health, Inc.",
        "change_pct": -4.95,
        "premarket": 10.37,
        "volume": 2,
        "category": "l"
    },
    "CJMB": {
        "symbol": "CJMB",
        "company": "Callan JMB Inc.",
        "change_pct": -4.95,
        "premarket": 4.61,
        "volume": 200,
        "category": "l"
    },
    "NINE": {
        "symbol": "NINE",
        "company": "Nine Energy Service, Inc.",
        "change_pct": -4.85,
        "premarket": 0.7803,
        "volume": 7,
        "category": "l"
    },
    "VIVS": {
        "symbol": "VIVS",
        "company": "VivoSim Labs, Inc.",
        "change_pct": -4.84,
        "premarket": 1.77,
        "volume": 8,
        "category": "l"
    },
    "FLL": {
        "symbol": "FLL",
        "company": "Full House Resorts, Inc.",
        "change_pct": -4.82,
        "premarket": 2.96,
        "volume": 633,
        "category": "l"
    },
    "CURI": {
        "symbol": "CURI",
        "company": "CuriosityStream Inc.",
        "change_pct": -4.82,
        "premarket": 3.36,
        "volume": 294,
        "category": "l"
    },
    "GELS": {
        "symbol": "GELS",
        "company": "Gelteq Limited",
        "change_pct": -4.74,
        "premarket": 1.81,
        "volume": 15,
        "category": "l"
    },
    "LODE": {
        "symbol": "LODE",
        "company": "Comstock Inc.",
        "change_pct": -4.71,
        "premarket": 2.16,
        "volume": 2,
        "category": "l"
    },
    "LUCD": {
        "symbol": "LUCD",
        "company": "Lucid Diagnostics Inc.",
        "change_pct": -4.68,
        "premarket": 1.27,
        "volume": 120,
        "category": "l"
    },
    "PRPH": {
        "symbol": "PRPH",
        "company": "ProPhase Labs, Inc.",
        "change_pct": -4.64,
        "premarket": 0.3518,
        "volume": 6,
        "category": "l"
    },
    "MYFW": {
        "symbol": "MYFW",
        "company": "First Western Financial, Inc.",
        "change_pct": -4.62,
        "premarket": 19.4,
        "volume": 100,
        "category": "l"
    }
}