[
    {
        "symbol": "SGN",
        "company": "Signing Day Sports, Inc.",
        "change_pct": 224.1,
        "premarket": 2.69,
        "volume": 18480000,
        "category": "g",
        "source": "tv",
        "shortable": true,
        "exchange_name": "NYSE American",
        "market_cap": 1255388,
        "existing": false
    },
    {
        "symbol": "SPRO",
        "company": "Spero Therapeutics, Inc.",
        "change_pct": 216.72,
        "premarket": 2.16,
        "volume": 59280000,
        "category": "g",
        "source": "tv",
        "shortable": true,
        "exchange_name": "NASDAQ",
        "market_cap": 38930579,
        "existing": false
    },
    {
        "symbol": "SGBX",
        "company": "Safe & Green Holdings Corp.",
        "change_pct": 115.19,
        "premarket": 1.19,
        "volume": 41780000,
        "category": "g",
        "source": "tv",
        "shortable": true,
        "exchange_name": "NASDAQ",
        "market_cap": 3831402,
        "existing": false
    },
    {
        "symbol": "ASBP",
        "company": "Aspire Biopharma Holdings, Inc.",
        "change_pct": 82.15,
        "premarket": 0.4326,
        "volume": 90290000,
        "category": "g",
        "source": "tv",
        "shortable": true,
        "exchange_name": "NASDAQ",
        "market_cap": 11002718,
        "existing": false
    },
    {
        "symbol": "LVWR",
        "company": "LiveWire Group, Inc.",
        "change_pct": 55.47,
        "premarket": 3.98,
        "volume": 12940000,
        "category": "g",
        "source": "tv",
        "shortable": true,
        "exchange_name": "NYSE",
        "market_cap": 205601890,
        "existing": false
    },
    {
        "symbol": "BROG",
        "company": "Brooge Energy Limited",
        "change_pct": 53.63,
        "premarket": 4.9,
        "volume": 6080000,
        "category": "g",
        "source": "tv",
        "shortable": true,
        "exchange_name": "NASDAQ",
        "market_cap": 270681996,
        "existing": false
    },
    {
        "symbol": "CGBS",
        "company": "Crown LNG Holdings Limited",
        "change_pct": 36.55,
        "premarket": 0.0792,
        "volume": 205480000,
        "category": "g",
        "source": "tv",
        "shortable": true,
        "exchange_name": "NASDAQ",
        "market_cap": 31507424,
        "existing": false
    },
    {
        "symbol": "ANF",
        "company": "Abercrombie & Fitch Company",
        "change_pct": 27.35,
        "premarket": 98.25,
        "volume": 864390,
        "category": "g",
        "source": "tv",
        "shortable": true,
        "exchange_name": "NYSE",
        "market_cap": 3485718630,
        "existing": false
    },
    {
        "symbol": "ITOS",
        "company": "iTeos Therapeutics, Inc.",
        "change_pct": 26.03,
        "premarket": 10.75,
        "volume": 1790000,
        "category": "g",
        "source": "tv",
        "shortable": true,
        "exchange_name": "NASDAQ",
        "market_cap": 327623685,
        "existing": false
    },
    {
        "symbol": "JFB",
        "company": "JFB Construction Holdings",
        "change_pct": 23.32,
        "premarket": 6.45,
        "volume": 255,
        "category": "g",
        "source": "tv",
        "shortable": true,
        "exchange_name": "NASDAQ",
        "market_cap": 44400000,
        "existing": false
    },
    {
        "symbol": "MNRO",
        "company": "Monro, Inc.",
        "change_pct": 16.76,
        "premarket": 14.91,
        "volume": 10370,
        "category": "g",
        "source": "tv",
        "shortable": true,
        "exchange_name": "NASDAQ",
        "market_cap": 379159188,
        "existing": false
    },
    {
        "symbol": "JFBR",
        "company": "Jeffs' Brands Ltd",
        "change_pct": 16.07,
        "premarket": 0.4701,
        "volume": 5770000,
        "category": "g",
        "source": "tv",
        "shortable": true,
        "exchange_name": "NASDAQ",
        "market_cap": 0,
        "existing": false
    },
    {
        "symbol": "PMAX",
        "company": "Powell Max Limited",
        "change_pct": 15.9,
        "premarket": 0.4462,
        "volume": 32610000,
        "category": "g",
        "source": "tv",
        "shortable": true,
        "exchange_name": "NASDAQ",
        "market_cap": 9971270,
        "existing": false
    },
    {
        "symbol": "SCWO",
        "company": "374Water Inc.",
        "change_pct": 15.09,
        "premarket": 0.402,
        "volume": 8350000,
        "category": "g",
        "source": "tv",
        "shortable": true,
        "exchange_name": "NASDAQ",
        "market_cap": 45256830,
        "existing": false
    },
    {
        "symbol": "PLRZ",
        "company": "Polyrizon Ltd.",
        "change_pct": 14.46,
        "premarket": 0.7394,
        "volume": 278930,
        "category": "g",
        "source": "tv",
        "shortable": true,
        "exchange_name": "NASDAQ",
        "market_cap": 23137,
        "existing": false
    },
    {
        "symbol": "JOBY",
        "company": "Joby Aviation, Inc.",
        "change_pct": 14.39,
        "premarket": 7.87,
        "volume": 1970000,
        "category": "g",
        "source": "tv",
        "shortable": true,
        "exchange_name": "NYSE",
        "market_cap": 5249621243,
        "existing": false
    },
    {
        "symbol": "SKK",
        "company": "SKK Holdings Limited",
        "change_pct": 13.92,
        "premarket": 0.68,
        "volume": 23540,
        "category": "g",
        "source": "tv",
        "shortable": true,
        "exchange_name": "NASDAQ",
        "market_cap": 10000000,
        "existing": false
    },
    {
        "symbol": "VERU",
        "company": "Veru Inc.",
        "change_pct": 13.6,
        "premarket": 0.5782,
        "volume": 14170000,
        "category": "g",
        "source": "tv",
        "shortable": true,
        "exchange_name": "NASDAQ",
        "market_cap": 73072084,
        "existing": false
    },
    {
        "symbol": "ILLR",
        "company": "Triller Group Inc.",
        "change_pct": 13.11,
        "premarket": 0.69,
        "volume": 271320,
        "category": "g",
        "source": "tv",
        "shortable": true,
        "exchange_name": "NASDAQ",
        "market_cap": 133263402,
        "existing": false
    },
    {
        "symbol": "ZBAI",
        "company": "ATIF Holdings Limited",
        "change_pct": 12.02,
        "premarket": 0.9798,
        "volume": 691,
        "category": "g",
        "source": "tv",
        "shortable": true,
        "exchange_name": "NASDAQ",
        "market_cap": 15589170,
        "existing": false
    },
    {
        "symbol": "OKTA",
        "company": "Okta, Inc.",
        "change_pct": -13.72,
        "premarket": 108.28,
        "volume": 1260000,
        "category": "l",
        "source": "tv",
        "shortable": true,
        "exchange_name": "NASDAQ",
        "market_cap": 21659824081,
        "existing": false
    },
    {
        "symbol": "IONQ",
        "company": "IonQ, Inc.",
        "change_pct": -4.5,
        "premarket": 45.88,
        "volume": 1050000,
        "category": "l",
        "source": "tv",
        "shortable": true,
        "exchange_name": "NYSE",
        "market_cap": 11321209199,
        "existing": false
    },
    {
        "symbol": "IESC",
        "company": "IES Holdings, Inc.",
        "change_pct": -8.55,
        "premarket": 235.7,
        "volume": 1700,
        "category": "l",
        "source": "tv",
        "shortable": true,
        "exchange_name": "NASDAQ",
        "market_cap": 4855794521,
        "existing": false
    },
    {
        "symbol": "PLAB",
        "company": "Photronics, Inc.",
        "change_pct": -7.83,
        "premarket": 18.49,
        "volume": 26860,
        "category": "l",
        "source": "tv",
        "shortable": true,
        "exchange_name": "NASDAQ",
        "market_cap": 1237546474,
        "existing": false
    },
    {
        "symbol": "PEBO",
        "company": "Peoples Bancorp Inc.",
        "change_pct": -4.97,
        "premarket": 28.27,
        "volume": 100,
        "category": "l",
        "source": "tv",
        "shortable": true,
        "exchange_name": "NASDAQ",
        "market_cap": 1022252699,
        "existing": false
    },
    {
        "symbol": "EEX",
        "company": "Emerald Holding, Inc.",
        "change_pct": -10.85,
        "premarket": 4.19,
        "volume": 100,
        "category": "l",
        "source": "tv",
        "shortable": true,
        "exchange_name": "NYSE",
        "market_cap": 890887643,
        "existing": false
    },
    {
        "symbol": "ARIS",
        "company": "Aris Water Solutions, Inc.",
        "change_pct": -4.99,
        "premarket": 22.66,
        "volume": 100,
        "category": "l",
        "source": "tv",
        "shortable": true,
        "exchange_name": "NYSE",
        "market_cap": 762179632,
        "existing": false
    },
    {
        "symbol": "CODI",
        "company": "D/B/A Compass Diversified Holdings Shares of Beneficial Interest",
        "change_pct": -12.5,
        "premarket": 6.58,
        "volume": 41070,
        "category": "l",
        "source": "tv",
        "shortable": true,
        "exchange_name": "NYSE",
        "market_cap": 554489069,
        "existing": false
    },
    {
        "symbol": "COGT",
        "company": "Cogent Biosciences, Inc.",
        "change_pct": -3.89,
        "premarket": 4.69,
        "volume": 500,
        "category": "l",
        "source": "tv",
        "shortable": true,
        "exchange_name": "NASDAQ",
        "market_cap": 549160853,
        "existing": false
    },
    {
        "symbol": "RSVR",
        "company": "Reservoir Media, Inc..",
        "change_pct": -3.85,
        "premarket": 7.5,
        "volume": 2150,
        "category": "l",
        "source": "tv",
        "shortable": true,
        "exchange_name": "NASDAQ",
        "market_cap": 471631387,
        "existing": false
    },
    {
        "symbol": "CTKB",
        "company": "Cytek Biosciences, Inc.",
        "change_pct": -4.28,
        "premarket": 2.46,
        "volume": 266,
        "category": "l",
        "source": "tv",
        "shortable": true,
        "exchange_name": "NASDAQ",
        "market_cap": 306515254,
        "existing": false
    },
    {
        "symbol": "GHI",
        "company": "Greystone Housing Impact Investors LP Beneficial",
        "change_pct": -4.96,
        "premarket": 11.11,
        "volume": 980,
        "category": "l",
        "source": "tv",
        "shortable": true,
        "exchange_name": "NYSE",
        "market_cap": 276791679,
        "existing": false
    },
    {
        "symbol": "SORA",
        "company": "Top Win International Limited",
        "change_pct": -10.52,
        "premarket": 10.8,
        "volume": 26860,
        "category": "l",
        "source": "tv",
        "shortable": true,
        "exchange_name": "NASDAQ",
        "market_cap": 256845120,
        "existing": false
    },
    {
        "symbol": "VNDA",
        "company": "Vanda Pharmaceuticals Inc.",
        "change_pct": -3.7,
        "premarket": 4.17,
        "volume": 1000,
        "category": "l",
        "source": "tv",
        "shortable": true,
        "exchange_name": "NASDAQ",
        "market_cap": 255186307,
        "existing": false
    },
    {
        "symbol": "ALMU",
        "company": "Aeluma, Inc.",
        "change_pct": -8.19,
        "premarket": 13.22,
        "volume": 468,
        "category": "l",
        "source": "tv",
        "shortable": true,
        "exchange_name": "NASDAQ",
        "market_cap": 223347903,
        "existing": false
    },
    {
        "symbol": "YMAB",
        "company": "Y-mAbs Therapeutics, Inc.",
        "change_pct": -7.03,
        "premarket": 4.1,
        "volume": 204,
        "category": "l",
        "source": "tv",
        "shortable": true,
        "exchange_name": "NASDAQ",
        "market_cap": 195625484,
        "existing": false
    },
    {
        "symbol": "FINW",
        "company": "FinWise Bancorp",
        "change_pct": -4.97,
        "premarket": 13.97,
        "volume": 115,
        "category": "l",
        "source": "tv",
        "shortable": true,
        "exchange_name": "NASDAQ",
        "market_cap": 190918163,
        "existing": false
    },
    {
        "symbol": "HAIN",
        "company": "The Hain Celestial Group, Inc.",
        "change_pct": -5.88,
        "premarket": 1.9,
        "volume": 968,
        "category": "l",
        "source": "tv",
        "shortable": true,
        "exchange_name": "NASDAQ",
        "market_cap": 168774013,
        "existing": false
    },
    {
        "symbol": "TRUE",
        "company": "TrueCar, Inc.",
        "change_pct": -12.2,
        "premarket": 1.44,
        "volume": 100,
        "category": "l",
        "source": "tv",
        "shortable": true,
        "exchange_name": "NASDAQ",
        "market_cap": 130637788,
        "existing": false
    },
    {
        "symbol": "IFRX",
        "company": "InflaRx N.V.",
        "change_pct": -55.49,
        "premarket": 0.81,
        "volume": 1050000,
        "category": "l",
        "source": "tv",
        "shortable": true,
        "exchange_name": "NASDAQ",
        "market_cap": 125332190,
        "existing": false
    }
]