[
    {
        "symbol": "CLRO",
        "company": "ClearOne, Inc.",
        "change_pct": 84.78,
        "premarket": 2.3,
        "volume": 16008099,
        "category": "g",
        "source": "tv",
        "shortable": false,
        "exchange_name": "NASD",
        "market_cap": 29.81774,
        "existing": false
    },
    {
        "symbol": "ENSC",
        "company": "Ensysce Biosciences, Inc.",
        "change_pct": 52.03,
        "premarket": 5.23,
        "volume": 2362100,
        "category": "g",
        "source": "tv",
        "shortable": false,
        "exchange_name": "NASD",
        "market_cap": 4.422,
        "existing": false
    },
    {
        "symbol": "TCRX",
        "company": "TScan Therapeutics, Inc.",
        "change_pct": 43.59,
        "premarket": 3.23,
        "volume": 511762,
        "category": "g",
        "source": "tv",
        "shortable": false,
        "exchange_name": "NASD",
        "market_cap": 54.49628,
        "existing": false
    },
    {
        "symbol": "MOBQ",
        "company": "Mobiquity Technologies, Inc.",
        "change_pct": 38.19,
        "premarket": 0.2142,
        "volume": 17173099,
        "category": "g",
        "source": "tv",
        "shortable": false,
        "exchange_name": "NASD",
        "market_cap": 2.64304,
        "existing": false
    },
    {
        "symbol": "MTEK",
        "company": "Maris-Tech Ltd.",
        "change_pct": 32.14,
        "premarket": 1.12,
        "volume": 4263100,
        "category": "g",
        "source": "tv",
        "shortable": false,
        "exchange_name": "NASD",
        "market_cap": 6.78014,
        "existing": false
    },
    {
        "symbol": "NVAX",
        "company": "Novavax, Inc.",
        "change_pct": 25.5,
        "premarket": 9.35,
        "volume": 1035099,
        "category": "g",
        "source": "tv",
        "shortable": true,
        "exchange_name": "NASD",
        "market_cap": 642.9677,
        "existing": false
    },
    {
        "symbol": "SYBX",
        "company": "Synlogic, Inc.",
        "change_pct": 23.21,
        "premarket": 0.69,
        "volume": 4340100,
        "category": "g",
        "source": "tv",
        "shortable": false,
        "exchange_name": "NASD",
        "market_cap": 38.16538,
        "existing": false
    },
    {
        "symbol": "EVER",
        "company": "EverQuote, Inc.",
        "change_pct": 22.41,
        "premarket": 8.14,
        "volume": 11629,
        "category": "g",
        "source": "tv",
        "shortable": true,
        "exchange_name": "NASD",
        "market_cap": 219.3737,
        "existing": false
    },
    {
        "symbol": "GSMG",
        "company": "Glory Star New Media Group Holdings Limited",
        "change_pct": 19.78,
        "premarket": 0.8,
        "volume": 6462099,
        "category": "g",
        "source": "tv",
        "shortable": true,
        "exchange_name": "NASD",
        "market_cap": 45.50029,
        "existing": false
    },
    {
        "symbol": "SHLS",
        "company": "Shoals Technologies Group, Inc.",
        "change_pct": 18.61,
        "premarket": 23.39,
        "volume": 144756,
        "category": "g",
        "source": "tv",
        "shortable": true,
        "exchange_name": "NASD",
        "market_cap": 3346.375,
        "existing": false
    },
    {
        "symbol": "GVP",
        "company": "GSE Systems, Inc.",
        "change_pct": 18.05,
        "premarket": 0.7083,
        "volume": 900,
        "category": "g",
        "source": "tv",
        "shortable": false,
        "exchange_name": "NASD",
        "market_cap": 14.11448,
        "existing": false
    },
    {
        "symbol": "PLTR",
        "company": "Palantir Technologies Inc.",
        "change_pct": 17.7,
        "premarket": 9.11,
        "volume": 8528100,
        "category": "g",
        "source": "tv",
        "shortable": true,
        "exchange_name": "NYSE",
        "market_cap": 16393.12,
        "existing": false
    },
    {
        "symbol": "ALTO",
        "company": "Alto Ingredients, Inc.",
        "change_pct": 16.8,
        "premarket": 1.59,
        "volume": 267086,
        "category": "g",
        "source": "tv",
        "shortable": true,
        "exchange_name": "NASD",
        "market_cap": 103.5037,
        "existing": false
    },
    {
        "symbol": "INVO",
        "company": "INVO BioScience, Inc.",
        "change_pct": 16.69,
        "premarket": 0.3999,
        "volume": 100,
        "category": "g",
        "source": "tv",
        "shortable": true,
        "exchange_name": "NASD",
        "market_cap": 4.78796,
        "existing": false
    },
    {
        "symbol": "STIM",
        "company": "Neuronetics, Inc.",
        "change_pct": 15.91,
        "premarket": 2.55,
        "volume": 38419,
        "category": "g",
        "source": "tv",
        "shortable": false,
        "exchange_name": "NASD",
        "market_cap": 62.59597,
        "existing": false
    },
    {
        "symbol": "HUBC",
        "company": "Hub Cyber Security Ltd.",
        "change_pct": 15.48,
        "premarket": 0.7391,
        "volume": 3899100,
        "category": "g",
        "source": "tv",
        "shortable": true,
        "exchange_name": "NASD",
        "market_cap": 65.44927,
        "existing": false
    },
    {
        "symbol": "TIVC",
        "company": "Tivic Health Systems, Inc.",
        "change_pct": 15.15,
        "premarket": 0.1497,
        "volume": 2467100,
        "category": "g",
        "source": "tv",
        "shortable": false,
        "exchange_name": "NASD",
        "market_cap": 3.85811,
        "existing": false
    },
    {
        "symbol": "TCMD",
        "company": "Tactile Systems Technology, Inc.",
        "change_pct": 14.73,
        "premarket": 21.5,
        "volume": 7005,
        "category": "g",
        "source": "tv",
        "shortable": true,
        "exchange_name": "NASD",
        "market_cap": 435.3786,
        "existing": false
    },
    {
        "symbol": "NEO",
        "company": "NeoGenomics, Inc.",
        "change_pct": 14.68,
        "premarket": 17.66,
        "volume": 21166,
        "category": "g",
        "source": "tv",
        "shortable": true,
        "exchange_name": "NASD",
        "market_cap": 1964.342,
        "existing": false
    },
    {
        "symbol": "OPRT",
        "company": "Oportun Financial Corporation",
        "change_pct": 14.58,
        "premarket": 4.95,
        "volume": 11137,
        "category": "g",
        "source": "tv",
        "shortable": true,
        "exchange_name": "NASD",
        "market_cap": 146.3804,
        "existing": false
    },
    {
        "symbol": "AMCX",
        "company": "AMC Networks Inc.",
        "change_pct": 14.33,
        "premarket": 17.47,
        "volume": 4006,
        "category": "g",
        "source": "tv",
        "shortable": true,
        "exchange_name": "NASD",
        "market_cap": 664.7421,
        "existing": false
    },
    {
        "symbol": "SEAT",
        "company": "Vivid Seats Inc.",
        "change_pct": 14.07,
        "premarket": 9.0,
        "volume": 26482,
        "category": "g",
        "source": "tv",
        "shortable": true,
        "exchange_name": "NASD",
        "market_cap": 1544.907,
        "existing": false
    },
    {
        "symbol": "FTK",
        "company": "Flotek Industries, Inc.",
        "change_pct": 13.82,
        "premarket": 0.7,
        "volume": 10060,
        "category": "g",
        "source": "tv",
        "shortable": true,
        "exchange_name": "NYSE",
        "market_cap": 54.124,
        "existing": false
    },
    {
        "symbol": "ARIS",
        "company": "Aris Water Solutions, Inc.",
        "change_pct": 13.73,
        "premarket": 8.2,
        "volume": 2919,
        "category": "g",
        "source": "tv",
        "shortable": true,
        "exchange_name": "NYSE",
        "market_cap": 415.499,
        "existing": false
    },
    {
        "symbol": "CREG",
        "company": "Smart Powerr Corp.",
        "change_pct": 13.29,
        "premarket": 1.79,
        "volume": 304,
        "category": "g",
        "source": "tv",
        "shortable": true,
        "exchange_name": "NASD",
        "market_cap": 11.62572,
        "existing": false
    },
    {
        "symbol": "BRQS",
        "company": "Borqs Technologies, Inc.",
        "change_pct": 12.8,
        "premarket": 0.2485,
        "volume": 27864,
        "category": "g",
        "source": "tv",
        "shortable": true,
        "exchange_name": "NASD",
        "market_cap": 7.71145,
        "existing": false
    },
    {
        "symbol": "TRNR",
        "company": "Interactive Strength Inc.",
        "change_pct": 12.71,
        "premarket": 3.99,
        "volume": 500,
        "category": "g",
        "source": "tv",
        "shortable": false,
        "exchange_name": "NASD",
        "market_cap": 50.71782,
        "existing": false
    },
    {
        "symbol": "ANGH",
        "company": "Anghami Inc.",
        "change_pct": 12.38,
        "premarket": 1.27,
        "volume": 270,
        "category": "g",
        "source": "tv",
        "shortable": true,
        "exchange_name": "NASD",
        "market_cap": 29.38899,
        "existing": false
    },
    {
        "symbol": "LGVN",
        "company": "Longeveron Inc.",
        "change_pct": 12.34,
        "premarket": 3.55,
        "volume": 486126,
        "category": "g",
        "source": "tv",
        "shortable": true,
        "exchange_name": "NASD",
        "market_cap": 66.521,
        "existing": false
    },
    {
        "symbol": "ASRT",
        "company": "Assertio Holdings, Inc.",
        "change_pct": 12.3,
        "premarket": 7.03,
        "volume": 335227,
        "category": "g",
        "source": "tv",
        "shortable": true,
        "exchange_name": "NASD",
        "market_cap": 348.4585,
        "existing": false
    },
    {
        "symbol": "GROM",
        "company": "Grom Social Enterprises Inc.",
        "change_pct": 12.17,
        "premarket": 0.5124,
        "volume": 100,
        "category": "g",
        "source": "tv",
        "shortable": true,
        "exchange_name": "NASD",
        "market_cap": 3.32924,
        "existing": false
    },
    {
        "symbol": "SGTX",
        "company": "Sigilon Therapeutics, Inc.",
        "change_pct": 11.85,
        "premarket": 0.609,
        "volume": 370,
        "category": "g",
        "source": "tv",
        "shortable": true,
        "exchange_name": "NASD",
        "market_cap": 17.67814,
        "existing": false
    },
    {
        "symbol": "LFLY",
        "company": "Leafly Holdings, Inc.",
        "change_pct": 11.68,
        "premarket": 0.46,
        "volume": 7060,
        "category": "g",
        "source": "tv",
        "shortable": true,
        "exchange_name": "NASD",
        "market_cap": 16.79622,
        "existing": false
    },
    {
        "symbol": "YMAB",
        "company": "Y-mAbs Therapeutics, Inc.",
        "change_pct": 10.93,
        "premarket": 7.51,
        "volume": 1041,
        "category": "g",
        "source": "tv",
        "shortable": true,
        "exchange_name": "NASD",
        "market_cap": 295.6961,
        "existing": false
    },
    {
        "symbol": "SPPI",
        "company": "Spectrum Pharmaceuticals, Inc.",
        "change_pct": 10.91,
        "premarket": 1.22,
        "volume": 1009099,
        "category": "g",
        "source": "tv",
        "shortable": true,
        "exchange_name": "NASD",
        "market_cap": 225.813,
        "existing": false
    },
    {
        "symbol": "CTIB",
        "company": "Yunhong CTI Ltd.",
        "change_pct": 10.59,
        "premarket": 1.88,
        "volume": 800,
        "category": "g",
        "source": "tv",
        "shortable": true,
        "exchange_name": "NASD",
        "market_cap": 33.95198,
        "existing": false
    },
    {
        "symbol": "SMMT",
        "company": "Summit Therapeutics Inc.",
        "change_pct": 10.31,
        "premarket": 2.14,
        "volume": 50895,
        "category": "g",
        "source": "tv",
        "shortable": true,
        "exchange_name": "NASD",
        "market_cap": 1353.51,
        "existing": false
    },
    {
        "symbol": "SEMR",
        "company": "SEMrush Holdings, Inc.",
        "change_pct": 9.76,
        "premarket": 10.8,
        "volume": 100,
        "category": "g",
        "source": "tv",
        "shortable": true,
        "exchange_name": "NYSE",
        "market_cap": 1397.377,
        "existing": false
    },
    {
        "symbol": "HNRG",
        "company": "Hallador Energy Company",
        "change_pct": 9.72,
        "premarket": 8.58,
        "volume": 800,
        "category": "g",
        "source": "tv",
        "shortable": true,
        "exchange_name": "NASD",
        "market_cap": 259.1314,
        "existing": false
    },
    {
        "symbol": "BACK",
        "company": "IMAC Holdings, Inc.",
        "change_pct": 9.63,
        "premarket": 0.181,
        "volume": 318295,
        "category": "g",
        "source": "tv",
        "shortable": true,
        "exchange_name": "NASD",
        "market_cap": 5.40781,
        "existing": false
    }
]