[
    {
        "symbol": "MOTS",
        "company": "Motus GI Holdings, Inc.",
        "change_pct": 160.62,
        "premarket": 1.7,
        "volume": 29183000,
        "category": "g",
        "source": "tv",
        "shortable": false,
        "exchange_name": "NASD",
        "market_cap": 1.00914,
        "existing": false
    },
    {
        "symbol": "GBNH",
        "company": "Greenbrook TMS Inc.",
        "change_pct": 89.59,
        "premarket": 0.3678,
        "volume": 26135000,
        "category": "g",
        "source": "tv",
        "shortable": true,
        "exchange_name": "NASD",
        "market_cap": 8.29816,
        "existing": false
    },
    {
        "symbol": "IVP",
        "company": "Inspire Veterinary Partners, Inc.",
        "change_pct": 45.31,
        "premarket": 0.195,
        "volume": 20266000,
        "category": "g",
        "source": "tv",
        "shortable": false,
        "exchange_name": "NASD",
        "market_cap": 3.97848,
        "existing": false
    },
    {
        "symbol": "SEED",
        "company": "Origin Agritech Limited",
        "change_pct": 39.12,
        "premarket": 3.2,
        "volume": 5023000,
        "category": "g",
        "source": "tv",
        "shortable": true,
        "exchange_name": "NASD",
        "market_cap": 14.57113,
        "existing": false
    },
    {
        "symbol": "VTYX",
        "company": "Ventyx Biosciences, Inc.",
        "change_pct": 36.76,
        "premarket": 4.09,
        "volume": 1636000,
        "category": "g",
        "source": "tv",
        "shortable": true,
        "exchange_name": "NASD",
        "market_cap": 176.5538,
        "existing": false
    },
    {
        "symbol": "EFOI",
        "company": "Energy Focus, Inc.",
        "change_pct": 30.23,
        "premarket": 1.68,
        "volume": 3655000,
        "category": "g",
        "source": "tv",
        "shortable": true,
        "exchange_name": "NASD",
        "market_cap": 5.60981,
        "existing": false
    },
    {
        "symbol": "HOLO",
        "company": "MicroCloud Hologram Inc.",
        "change_pct": 29.43,
        "premarket": 21.24,
        "volume": 770791,
        "category": "g",
        "source": "tv",
        "shortable": true,
        "exchange_name": "NASD",
        "market_cap": 98.08592,
        "existing": false
    },
    {
        "symbol": "VCNX",
        "company": "Vaccinex, Inc.",
        "change_pct": 23.33,
        "premarket": 10.35,
        "volume": 2061,
        "category": "g",
        "source": "tv",
        "shortable": true,
        "exchange_name": "NASD",
        "market_cap": 9.78802,
        "existing": false
    },
    {
        "symbol": "LUNR",
        "company": "Intuitive Machines, Inc.",
        "change_pct": 17.29,
        "premarket": 12.89,
        "volume": 2716000,
        "category": "g",
        "source": "tv",
        "shortable": true,
        "exchange_name": "NASD",
        "market_cap": 1100.451,
        "existing": false
    },
    {
        "symbol": "CNEY",
        "company": "CN Energy Group Inc.",
        "change_pct": 14.29,
        "premarket": 1.52,
        "volume": 10660000,
        "category": "g",
        "source": "tv",
        "shortable": true,
        "exchange_name": "NASD",
        "market_cap": 3.50105,
        "existing": false
    },
    {
        "symbol": "VCIG",
        "company": "VCI Global Limited",
        "change_pct": 14.29,
        "premarket": 1.28,
        "volume": 6431000,
        "category": "g",
        "source": "tv",
        "shortable": true,
        "exchange_name": "NASD",
        "market_cap": 45.05489,
        "existing": false
    },
    {
        "symbol": "DDC",
        "company": "DDC Enterprise Limited",
        "change_pct": 13.89,
        "premarket": 2.05,
        "volume": 1259,
        "category": "g",
        "source": "tv",
        "shortable": false,
        "exchange_name": "AMEX",
        "market_cap": 1172.389,
        "existing": false
    },
    {
        "symbol": "BHIL",
        "company": "Benson Hill, Inc.",
        "change_pct": 12.73,
        "premarket": 0.2188,
        "volume": 4261,
        "category": "g",
        "source": "tv",
        "shortable": true,
        "exchange_name": "NYSE",
        "market_cap": 40.44637,
        "existing": false
    },
    {
        "symbol": "SINT",
        "company": "SiNtx Technologies, Inc.",
        "change_pct": 12.32,
        "premarket": 0.1659,
        "volume": 2346000,
        "category": "g",
        "source": "tv",
        "shortable": true,
        "exchange_name": "NASD",
        "market_cap": 0.78586,
        "existing": false
    },
    {
        "symbol": "NEO",
        "company": "NeoGenomics, Inc.",
        "change_pct": 12.18,
        "premarket": 16.49,
        "volume": 91531,
        "category": "g",
        "source": "tv",
        "shortable": true,
        "exchange_name": "NASD",
        "market_cap": 1873.748,
        "existing": false
    },
    {
        "symbol": "LCAA",
        "company": "L Catterton Asia Acquisition Corp",
        "change_pct": 11.98,
        "premarket": 12.15,
        "volume": 274,
        "category": "g",
        "source": "tv",
        "shortable": true,
        "exchange_name": "NASD",
        "market_cap": 314.0678,
        "existing": false
    },
    {
        "symbol": "VVPR",
        "company": "VivoPower International PLC",
        "change_pct": 11.73,
        "premarket": 1.62,
        "volume": 600,
        "category": "g",
        "source": "tv",
        "shortable": false,
        "exchange_name": "NASD",
        "market_cap": 4.5564,
        "existing": false
    },
    {
        "symbol": "EBS",
        "company": "Emergent Biosolutions, Inc.",
        "change_pct": 11.18,
        "premarket": 1.69,
        "volume": 892589,
        "category": "g",
        "source": "tv",
        "shortable": true,
        "exchange_name": "NYSE",
        "market_cap": 78.86428,
        "existing": false
    },
    {
        "symbol": "EVGN",
        "company": "Evogene Ltd.",
        "change_pct": 10.82,
        "premarket": 0.84,
        "volume": 1238000,
        "category": "g",
        "source": "tv",
        "shortable": true,
        "exchange_name": "NASD",
        "market_cap": 38.31676,
        "existing": false
    },
    {
        "symbol": "AUST",
        "company": "Austin Gold Corp.",
        "change_pct": 10.57,
        "premarket": 0.96,
        "volume": 100,
        "category": "g",
        "source": "tv",
        "shortable": false,
        "exchange_name": "AMEX",
        "market_cap": 0.0,
        "existing": false
    },
    {
        "symbol": "DYAI",
        "company": "Dyadic International, Inc.",
        "change_pct": 10.37,
        "premarket": 1.49,
        "volume": 11199,
        "category": "g",
        "source": "tv",
        "shortable": true,
        "exchange_name": "NASD",
        "market_cap": 38.89493,
        "existing": false
    },
    {
        "symbol": "LOCL",
        "company": "Local Bounti Corporation",
        "change_pct": 10.33,
        "premarket": 2.67,
        "volume": 5529,
        "category": "g",
        "source": "tv",
        "shortable": true,
        "exchange_name": "NYSE",
        "market_cap": 20.01761,
        "existing": false
    },
    {
        "symbol": "VSME",
        "company": "VS Media Holdings Limited",
        "change_pct": 10.21,
        "premarket": 0.609,
        "volume": 8432,
        "category": "g",
        "source": "tv",
        "shortable": true,
        "exchange_name": "NASD",
        "market_cap": 12.1572,
        "existing": false
    },
    {
        "symbol": "BVS",
        "company": "Bioventus Inc.",
        "change_pct": 9.89,
        "premarket": 5.0,
        "volume": 400,
        "category": "g",
        "source": "tv",
        "shortable": false,
        "exchange_name": "NASD",
        "market_cap": 358.3242,
        "existing": false
    },
    {
        "symbol": "BLCO",
        "company": "Bausch + Lomb Corporation",
        "change_pct": 9.66,
        "premarket": 16.0,
        "volume": 27791,
        "category": "g",
        "source": "tv",
        "shortable": true,
        "exchange_name": "NYSE",
        "market_cap": 5121.032,
        "existing": false
    },
    {
        "symbol": "PANW",
        "company": "Palo Alto Networks, Inc.",
        "change_pct": -24.88,
        "premarket": 275.0,
        "volume": 1143000,
        "category": "l",
        "source": "tv",
        "shortable": true,
        "exchange_name": "NASD",
        "market_cap": 115428.2,
        "existing": false
    },
    {
        "symbol": "CRWD",
        "company": "CrowdStrike Holdings, Inc.",
        "change_pct": -12.38,
        "premarket": 283.63,
        "volume": 120790,
        "category": "l",
        "source": "tv",
        "shortable": true,
        "exchange_name": "NASD",
        "market_cap": 77737.27,
        "existing": false
    },
    {
        "symbol": "FTNT",
        "company": "Fortinet, Inc.",
        "change_pct": -9.56,
        "premarket": 61.42,
        "volume": 97534,
        "category": "l",
        "source": "tv",
        "shortable": true,
        "exchange_name": "NASD",
        "market_cap": 52148.74,
        "existing": false
    },
    {
        "symbol": "ZS",
        "company": "Zscaler, Inc.",
        "change_pct": -14.36,
        "premarket": 213.27,
        "volume": 83947,
        "category": "l",
        "source": "tv",
        "shortable": true,
        "exchange_name": "NASD",
        "market_cap": 36940.96,
        "existing": false
    },
    {
        "symbol": "KEYS",
        "company": "Keysight Technologies Inc.",
        "change_pct": -9.99,
        "premarket": 139.0,
        "volume": 7432,
        "category": "l",
        "source": "tv",
        "shortable": true,
        "exchange_name": "NYSE",
        "market_cap": 26974.13,
        "existing": false
    },
    {
        "symbol": "VRT",
        "company": "Vertiv Holdings, LLC",
        "change_pct": -11.32,
        "premarket": 55.0,
        "volume": 1208000,
        "category": "l",
        "source": "tv",
        "shortable": true,
        "exchange_name": "NYSE",
        "market_cap": 23657.0,
        "existing": false
    },
    {
        "symbol": "IFF",
        "company": "International Flavors & Fragrances, Inc.",
        "change_pct": -8.57,
        "premarket": 75.0,
        "volume": 48267,
        "category": "l",
        "source": "tv",
        "shortable": true,
        "exchange_name": "NYSE",
        "market_cap": 20940.55,
        "existing": false
    },
    {
        "symbol": "CHKP",
        "company": "Check Point Software Technologies Ltd.",
        "change_pct": -5.68,
        "premarket": 151.0,
        "volume": 12362,
        "category": "l",
        "source": "tv",
        "shortable": true,
        "exchange_name": "NASD",
        "market_cap": 18730.7,
        "existing": false
    },
    {
        "symbol": "RGEN",
        "company": "Repligen Corporation",
        "change_pct": -7.37,
        "premarket": 185.0,
        "volume": 31657,
        "category": "l",
        "source": "tv",
        "shortable": true,
        "exchange_name": "NASD",
        "market_cap": 11151.33,
        "existing": false
    },
    {
        "symbol": "CYBR",
        "company": "CyberArk Software Ltd.",
        "change_pct": -6.01,
        "premarket": 234.98,
        "volume": 5489,
        "category": "l",
        "source": "tv",
        "shortable": true,
        "exchange_name": "NASD",
        "market_cap": 10441.27,
        "existing": false
    },
    {
        "symbol": "CZR",
        "company": "Caesars Entertainment, Inc.",
        "change_pct": -5.4,
        "premarket": 39.4,
        "volume": 13298,
        "category": "l",
        "source": "tv",
        "shortable": true,
        "exchange_name": "NASD",
        "market_cap": 8984.35,
        "existing": false
    },
    {
        "symbol": "S",
        "company": "SentinelOne, Inc.",
        "change_pct": -10.81,
        "premarket": 26.0,
        "volume": 132851,
        "category": "l",
        "source": "tv",
        "shortable": true,
        "exchange_name": "NYSE",
        "market_cap": 8706.37,
        "existing": false
    },
    {
        "symbol": "GLBE",
        "company": "Global-E Online Ltd.",
        "change_pct": -16.05,
        "premarket": 33.84,
        "volume": 153055,
        "category": "l",
        "source": "tv",
        "shortable": true,
        "exchange_name": "NASD",
        "market_cap": 6621.061,
        "existing": false
    },
    {
        "symbol": "CAVA",
        "company": "CAVA Group, Inc.",
        "change_pct": -5.41,
        "premarket": 51.25,
        "volume": 88872,
        "category": "l",
        "source": "tv",
        "shortable": true,
        "exchange_name": "NYSE",
        "market_cap": 6155.471,
        "existing": false
    },
    {
        "symbol": "TENB",
        "company": "Tenable Holdings, Inc.",
        "change_pct": -5.76,
        "premarket": 47.16,
        "volume": 5746,
        "category": "l",
        "source": "tv",
        "shortable": true,
        "exchange_name": "NASD",
        "market_cap": 5862.086,
        "existing": false
    },
    {
        "symbol": "ESI",
        "company": "Element Solutions Inc.",
        "change_pct": -10.01,
        "premarket": 21.13,
        "volume": 200,
        "category": "l",
        "source": "tv",
        "shortable": true,
        "exchange_name": "NYSE",
        "market_cap": 5670.803,
        "existing": false
    },
    {
        "symbol": "MARA",
        "company": "Marathon Digital Holdings, Inc.",
        "change_pct": -6.57,
        "premarket": 22.9,
        "volume": 2185000,
        "category": "l",
        "source": "tv",
        "shortable": true,
        "exchange_name": "NASD",
        "market_cap": 5456.541,
        "existing": false
    },
    {
        "symbol": "ALIT",
        "company": "Alight, Inc.",
        "change_pct": -10.23,
        "premarket": 8.6,
        "volume": 684979,
        "category": "l",
        "source": "tv",
        "shortable": true,
        "exchange_name": "NYSE",
        "market_cap": 5297.581,
        "existing": false
    },
    {
        "symbol": "WK",
        "company": "Workiva Inc.",
        "change_pct": -6.57,
        "premarket": 88.0,
        "volume": 395,
        "category": "l",
        "source": "tv",
        "shortable": true,
        "exchange_name": "NYSE",
        "market_cap": 5090.785,
        "existing": false
    },
    {
        "symbol": "SEDG",
        "company": "SolarEdge Technologies, Inc.",
        "change_pct": -17.08,
        "premarket": 70.0,
        "volume": 734504,
        "category": "l",
        "source": "tv",
        "shortable": true,
        "exchange_name": "NASD",
        "market_cap": 4796.004,
        "existing": false
    },
    {
        "symbol": "TDOC",
        "company": "Teladoc Health, Inc.",
        "change_pct": -18.01,
        "premarket": 16.8,
        "volume": 891027,
        "category": "l",
        "source": "tv",
        "shortable": true,
        "exchange_name": "NYSE",
        "market_cap": 3392.269,
        "existing": false
    },
    {
        "symbol": "RIOT",
        "company": "Riot Platforms, Inc.",
        "change_pct": -5.42,
        "premarket": 15.17,
        "volume": 489098,
        "category": "l",
        "source": "tv",
        "shortable": true,
        "exchange_name": "NASD",
        "market_cap": 3312.507,
        "existing": false
    },
    {
        "symbol": "CLSK",
        "company": "CleanSpark, Inc.",
        "change_pct": -8.27,
        "premarket": 15.19,
        "volume": 1191000,
        "category": "l",
        "source": "tv",
        "shortable": true,
        "exchange_name": "NASD",
        "market_cap": 3279.952,
        "existing": false
    },
    {
        "symbol": "ENVX",
        "company": "Enovix Corporation",
        "change_pct": -9.17,
        "premarket": 10.7,
        "volume": 208084,
        "category": "l",
        "source": "tv",
        "shortable": true,
        "exchange_name": "NASD",
        "market_cap": 1976.379,
        "existing": false
    },
    {
        "symbol": "PLAB",
        "company": "Photronics, Inc.",
        "change_pct": -10.63,
        "premarket": 27.9,
        "volume": 26566,
        "category": "l",
        "source": "tv",
        "shortable": true,
        "exchange_name": "NASD",
        "market_cap": 1954.528,
        "existing": false
    }
]