[
    {
        "symbol": "CXAI",
        "company": "CXApp Inc. Class A",
        "premarket": 8.64,
        "change_pct": 37.36,
        "volume": 3900100,
        "category": "g",
        "source": "cnn",
        "fails": [],
        "shortable": true,
        "exchange_name": "NASD",
        "market_cap": 88.50029,
        "tradeable": true
    },
    {
        "symbol": "MORF",
        "company": "Morphic Holding, Inc.",
        "premarket": 54.81,
        "change_pct": 25.91,
        "volume": 747310,
        "category": "g",
        "source": "cnn",
        "fails": [],
        "shortable": true,
        "exchange_name": "NASD",
        "market_cap": 1720.921,
        "tradeable": true
    },
    {
        "symbol": "MEDP",
        "company": "Medpace Holdings, Inc.",
        "premarket": 223.57,
        "change_pct": 19.39,
        "volume": 30990,
        "category": "g",
        "source": "cnn",
        "fails": [],
        "shortable": true,
        "exchange_name": "NASD",
        "market_cap": 5766.313,
        "tradeable": true
    },
    {
        "symbol": "ASTS",
        "company": "AST SpaceMobile, Inc. Class A",
        "premarket": 5.15,
        "change_pct": 18.12,
        "volume": 2430100,
        "category": "g",
        "source": "cnn",
        "fails": [],
        "shortable": true,
        "exchange_name": "NASD",
        "market_cap": 531.5682,
        "tradeable": true
    },
    {
        "symbol": "AAN",
        "company": "Aaron's Company Inc",
        "premarket": 12.04,
        "change_pct": 17.81,
        "volume": 4050,
        "category": "g",
        "source": "cnn",
        "fails": [],
        "shortable": true,
        "exchange_name": "NYSE",
        "market_cap": 325.3082,
        "tradeable": true
    },
    {
        "symbol": "ARWR",
        "company": "Arrowhead Pharmaceuticals, Inc.",
        "premarket": 35.05,
        "change_pct": 16.76,
        "volume": 183260,
        "category": "g",
        "source": "cnn",
        "fails": [],
        "shortable": true,
        "exchange_name": "NASD",
        "market_cap": 3251.471,
        "tradeable": true
    },
    {
        "symbol": "APLM",
        "company": "Apollomics Inc. Class A",
        "premarket": 4.64,
        "change_pct": 14.85,
        "volume": 27830,
        "category": "g",
        "source": "cnn",
        "fails": [],
        "shortable": true,
        "exchange_name": "NASD",
        "market_cap": 350.6552,
        "tradeable": true
    },
    {
        "symbol": "PTPI",
        "company": "Petros Pharmaceuticals Inc",
        "premarket": 4.41,
        "change_pct": 14.84,
        "volume": 165680,
        "category": "g",
        "source": "cnn",
        "fails": [],
        "shortable": false,
        "exchange_name": "NASD",
        "market_cap": 7.95188,
        "tradeable": true
    },
    {
        "symbol": "NPCE",
        "company": "NeuroPace, Inc.",
        "premarket": 4.53,
        "change_pct": 9.42,
        "volume": 21,
        "category": "g",
        "source": "cnn",
        "fails": [
            "shares_value"
        ],
        "shortable": true,
        "exchange_name": "NASD",
        "market_cap": 103.9101,
        "tradeable": false
    },
    {
        "symbol": "ZVZZT",
        "company": "SUPERMONTAGE TEST",
        "premarket": 25.04,
        "change_pct": 9.2,
        "volume": 22300,
        "category": "g",
        "source": "cnn",
        "fails": [
            "symbol_length"
        ],
        "shortable": false,
        "exchange_name": "NASD",
        "market_cap": -1.0,
        "tradeable": false
    },
    {
        "symbol": "SHLT",
        "company": "Shl Telemedicine Ltd. ADR",
        "premarket": 10.62,
        "change_pct": 8.37,
        "volume": 4,
        "category": "g",
        "source": "cnn",
        "fails": [
            "shares_value"
        ],
        "shortable": true,
        "exchange_name": "NASD",
        "market_cap": 0.0,
        "tradeable": false
    },
    {
        "symbol": "NBTX",
        "company": "Nanobiotix SA Sponsored ADR",
        "premarket": 2.79,
        "change_pct": -34.81,
        "volume": 7430,
        "category": "l",
        "source": "cnn",
        "fails": [
            "is_shortable"
        ],
        "shortable": false,
        "exchange_name": "NASD",
        "market_cap": 135.8338,
        "tradeable": false
    },
    {
        "symbol": "FRC",
        "company": "First Republic Bank",
        "premarket": 12.23,
        "change_pct": -23.56,
        "volume": 8300100,
        "category": "l",
        "source": "cnn",
        "fails": [],
        "shortable": true,
        "exchange_name": "NYSE",
        "market_cap": 2979.5,
        "tradeable": true
    },
    {
        "symbol": "SFR",
        "company": "Appreciate Holdings, Inc. Class A",
        "premarket": 1.53,
        "change_pct": -23.5,
        "volume": 354230,
        "category": "l",
        "source": "cnn",
        "fails": [
            "is_shortable"
        ],
        "shortable": false,
        "exchange_name": "NASD",
        "market_cap": 111.2922,
        "tradeable": false
    },
    {
        "symbol": "TENB",
        "company": "Tenable Holdings, Inc.",
        "premarket": 35.15,
        "change_pct": -22.58,
        "volume": 94650,
        "category": "l",
        "source": "cnn",
        "fails": [],
        "shortable": true,
        "exchange_name": "NASD",
        "market_cap": 5209.348,
        "tradeable": true
    },
    {
        "symbol": "CLXT",
        "company": "Calyxt, Inc.",
        "premarket": 2.76,
        "change_pct": -20.92,
        "volume": 828,
        "category": "l",
        "source": "cnn",
        "fails": [
            "shares_value"
        ],
        "shortable": true,
        "exchange_name": "NASD",
        "market_cap": 17.35769,
        "tradeable": false
    },
    {
        "symbol": "MAIA",
        "company": "MAIA Biotechnology, Inc.",
        "premarket": 2.2,
        "change_pct": -19.12,
        "volume": 290270,
        "category": "l",
        "source": "cnn",
        "fails": [
            "is_shortable"
        ],
        "shortable": false,
        "exchange_name": "AMEX",
        "market_cap": 0.0,
        "tradeable": false
    },
    {
        "symbol": "HMST",
        "company": "HomeStreet, Inc.",
        "premarket": 14.3,
        "change_pct": -17.82,
        "volume": 567,
        "category": "l",
        "source": "cnn",
        "fails": [
            "shares_value"
        ],
        "shortable": true,
        "exchange_name": "NASD",
        "market_cap": 326.5599,
        "tradeable": false
    },
    {
        "symbol": "ASRT",
        "company": "Assertio Holdings, Inc.",
        "premarket": 5.3,
        "change_pct": -17.19,
        "volume": 666600,
        "category": "l",
        "source": "cnn",
        "fails": [],
        "shortable": true,
        "exchange_name": "NASD",
        "market_cap": 356.2359,
        "tradeable": true
    },
    {
        "symbol": "ABUS",
        "company": "Arbutus Biopharma Corporation",
        "premarket": 2.5,
        "change_pct": -13.49,
        "volume": 199040,
        "category": "l",
        "source": "cnn",
        "fails": [],
        "shortable": true,
        "exchange_name": "NASD",
        "market_cap": 477.0622,
        "tradeable": true
    },
    {
        "symbol": "DAWN",
        "company": "Day One Biopharmaceuticals, Inc.",
        "premarket": 11.87,
        "change_pct": -13.42,
        "volume": 79560,
        "category": "l",
        "source": "cnn",
        "fails": [],
        "shortable": true,
        "exchange_name": "NASD",
        "market_cap": 1008.879,
        "tradeable": true
    },
    {
        "symbol": "NXPL",
        "company": "NextPlat Corp",
        "premarket": 2.39,
        "change_pct": -13.09,
        "volume": 35330,
        "category": "l",
        "source": "cnn",
        "fails": [
            "is_shortable"
        ],
        "shortable": false,
        "exchange_name": "NASD",
        "market_cap": 39.71282,
        "tradeable": false
    }
]