[
    {
        "symbol": "LEJU",
        "company": "Leju Holdings Ltd. Sponsored ADR",
        "premarket": 6.11,
        "change_pct": 71.63,
        "volume": 2000100,
        "category": "g",
        "source": "cnn",
        "fails": [],
        "shortable": true,
        "exchange_name": "NYSE",
        "market_cap": 48.83345,
        "tradeable": true
    },
    {
        "symbol": "TIRX",
        "company": "TIAN RUIXIANG Holdings Ltd. Class A",
        "premarket": 3.65,
        "change_pct": 67.43,
        "volume": 4000099,
        "category": "g",
        "source": "cnn",
        "fails": [],
        "shortable": false,
        "exchange_name": "NASD",
        "market_cap": 6.59394,
        "tradeable": true
    },
    {
        "symbol": "WAFU",
        "company": "Wah Fu Education Group Ltd.",
        "premarket": 3.98,
        "change_pct": 46.86,
        "volume": 2000100,
        "category": "g",
        "source": "cnn",
        "fails": [],
        "shortable": true,
        "exchange_name": "NASD",
        "market_cap": 12.03263,
        "tradeable": true
    },
    {
        "symbol": "IMTX",
        "company": "Immatics N.V.",
        "premarket": 9.98,
        "change_pct": 36.34,
        "volume": 558000,
        "category": "g",
        "source": "cnn",
        "fails": [],
        "shortable": false,
        "exchange_name": "NASD",
        "market_cap": 561.2313,
        "tradeable": true
    },
    {
        "symbol": "AGBA",
        "company": "AGBA Group Holding Limited",
        "premarket": 2.59,
        "change_pct": 28.22,
        "volume": 2000100,
        "category": "g",
        "source": "cnn",
        "fails": [],
        "shortable": true,
        "exchange_name": "NASD",
        "market_cap": 120.3455,
        "tradeable": true
    },
    {
        "symbol": "MSGM",
        "company": "Motorsport Games, Inc. Class A",
        "premarket": 5.55,
        "change_pct": 19.09,
        "volume": 179000,
        "category": "g",
        "source": "cnn",
        "fails": [],
        "shortable": true,
        "exchange_name": "NASD",
        "market_cap": 45.19703,
        "tradeable": true
    },
    {
        "symbol": "SIM",
        "company": "Grupo Simec SAB de CV Sponsored ADR Class B",
        "premarket": 37.95,
        "change_pct": 17.31,
        "volume": 706,
        "category": "g",
        "source": "cnn",
        "fails": [],
        "shortable": true,
        "exchange_name": "AMEX",
        "market_cap": 4402.305,
        "tradeable": true
    },
    {
        "symbol": "QH",
        "company": "Quhuo Ltd. Sponsored ADR Class A",
        "premarket": 2.8,
        "change_pct": 15.7,
        "volume": 975000,
        "category": "g",
        "source": "cnn",
        "fails": [],
        "shortable": false,
        "exchange_name": "NASD",
        "market_cap": 14.92564,
        "tradeable": true
    },
    {
        "symbol": "ATLX",
        "company": "Atlas Lithium Corporation",
        "premarket": 44.98,
        "change_pct": 15.66,
        "volume": 41000,
        "category": "g",
        "source": "cnn",
        "fails": [],
        "shortable": true,
        "exchange_name": "NASD",
        "market_cap": 262.0432,
        "tradeable": true
    },
    {
        "symbol": "KWE",
        "company": "KWESST Micro Systems Inc",
        "premarket": 2.8,
        "change_pct": 15.23,
        "volume": 393000,
        "category": "g",
        "source": "cnn",
        "fails": [],
        "shortable": false,
        "exchange_name": "NASD",
        "market_cap": 0.0,
        "tradeable": true
    },
    {
        "symbol": "CVU",
        "company": "CPI Aerostructures, Inc.",
        "premarket": 3.73,
        "change_pct": 14.77,
        "volume": 59,
        "category": "g",
        "source": "cnn",
        "fails": [
            "shares_value"
        ],
        "shortable": true,
        "exchange_name": "AMEX",
        "market_cap": 38.03619,
        "tradeable": false
    },
    {
        "symbol": "LEJU",
        "company": "Leju Holdings Ltd. Sponsored ADR",
        "premarket": 6.11,
        "change_pct": -71.63,
        "volume": 2000100,
        "category": "l",
        "source": "cnn",
        "fails": [],
        "shortable": true,
        "exchange_name": "NYSE",
        "market_cap": 48.83345,
        "tradeable": true
    },
    {
        "symbol": "TIRX",
        "company": "TIAN RUIXIANG Holdings Ltd. Class A",
        "premarket": 3.65,
        "change_pct": -67.43,
        "volume": 4000099,
        "category": "l",
        "source": "cnn",
        "fails": [
            "is_shortable"
        ],
        "shortable": false,
        "exchange_name": "NASD",
        "market_cap": 6.59394,
        "tradeable": false
    },
    {
        "symbol": "WAFU",
        "company": "Wah Fu Education Group Ltd.",
        "premarket": 3.98,
        "change_pct": -46.86,
        "volume": 2000100,
        "category": "l",
        "source": "cnn",
        "fails": [],
        "shortable": true,
        "exchange_name": "NASD",
        "market_cap": 12.03263,
        "tradeable": true
    },
    {
        "symbol": "IMTX",
        "company": "Immatics N.V.",
        "premarket": 9.98,
        "change_pct": -36.34,
        "volume": 558000,
        "category": "l",
        "source": "cnn",
        "fails": [
            "is_shortable"
        ],
        "shortable": false,
        "exchange_name": "NASD",
        "market_cap": 561.2313,
        "tradeable": false
    },
    {
        "symbol": "AGBA",
        "company": "AGBA Group Holding Limited",
        "premarket": 2.59,
        "change_pct": -28.22,
        "volume": 2000100,
        "category": "l",
        "source": "cnn",
        "fails": [],
        "shortable": true,
        "exchange_name": "NASD",
        "market_cap": 120.3455,
        "tradeable": true
    },
    {
        "symbol": "MSGM",
        "company": "Motorsport Games, Inc. Class A",
        "premarket": 5.55,
        "change_pct": -19.09,
        "volume": 179000,
        "category": "l",
        "source": "cnn",
        "fails": [],
        "shortable": true,
        "exchange_name": "NASD",
        "market_cap": 45.19703,
        "tradeable": true
    },
    {
        "symbol": "SIM",
        "company": "Grupo Simec SAB de CV Sponsored ADR Class B",
        "premarket": 37.95,
        "change_pct": -17.31,
        "volume": 706,
        "category": "l",
        "source": "cnn",
        "fails": [],
        "shortable": true,
        "exchange_name": "AMEX",
        "market_cap": 4402.305,
        "tradeable": true
    },
    {
        "symbol": "QH",
        "company": "Quhuo Ltd. Sponsored ADR Class A",
        "premarket": 2.8,
        "change_pct": -15.7,
        "volume": 975000,
        "category": "l",
        "source": "cnn",
        "fails": [
            "is_shortable"
        ],
        "shortable": false,
        "exchange_name": "NASD",
        "market_cap": 14.92564,
        "tradeable": false
    },
    {
        "symbol": "ATLX",
        "company": "Atlas Lithium Corporation",
        "premarket": 44.98,
        "change_pct": -15.66,
        "volume": 41000,
        "category": "l",
        "source": "cnn",
        "fails": [],
        "shortable": true,
        "exchange_name": "NASD",
        "market_cap": 262.0432,
        "tradeable": true
    },
    {
        "symbol": "KWE",
        "company": "KWESST Micro Systems Inc",
        "premarket": 2.8,
        "change_pct": -15.23,
        "volume": 393000,
        "category": "l",
        "source": "cnn",
        "fails": [
            "is_shortable"
        ],
        "shortable": false,
        "exchange_name": "NASD",
        "market_cap": 0.0,
        "tradeable": false
    },
    {
        "symbol": "CVU",
        "company": "CPI Aerostructures, Inc.",
        "premarket": 3.73,
        "change_pct": -14.77,
        "volume": 59,
        "category": "l",
        "source": "cnn",
        "fails": [
            "shares_value"
        ],
        "shortable": true,
        "exchange_name": "AMEX",
        "market_cap": 38.03619,
        "tradeable": false
    }
]