[
    {
        "symbol": "EVLO",
        "company": "Evelo Biosciences, Inc.",
        "change_pct": 318.88,
        "premarket": 0.3473,
        "volume": 37716100,
        "category": "g",
        "source": "tv",
        "shortable": true,
        "exchange_name": "NASD",
        "market_cap": 9.28427,
        "existing": false
    },
    {
        "symbol": "ONCR",
        "company": "Oncorus, Inc.",
        "change_pct": 90.08,
        "premarket": 0.1475,
        "volume": 17080099,
        "category": "g",
        "source": "tv",
        "shortable": true,
        "exchange_name": "NASD",
        "market_cap": 2.02496,
        "existing": false
    },
    {
        "symbol": "SPCE",
        "company": "Virgin Galactic Holdings, Inc.",
        "change_pct": 42.36,
        "premarket": 5.78,
        "volume": 8751100,
        "category": "g",
        "source": "tv",
        "shortable": true,
        "exchange_name": "NYSE",
        "market_cap": 1147.3,
        "existing": false
    },
    {
        "symbol": "SURF",
        "company": "Surface Oncology, Inc.",
        "change_pct": 31.49,
        "premarket": 0.973,
        "volume": 4263100,
        "category": "g",
        "source": "tv",
        "shortable": true,
        "exchange_name": "NASD",
        "market_cap": 44.93049,
        "existing": false
    },
    {
        "symbol": "VCIG",
        "company": "VCI Global Limited",
        "change_pct": 26.67,
        "premarket": 3.04,
        "volume": 2169100,
        "category": "g",
        "source": "tv",
        "shortable": true,
        "exchange_name": "NASD",
        "market_cap": 88.81043,
        "existing": false
    },
    {
        "symbol": "HGEN",
        "company": "Humanigen, Inc.",
        "change_pct": 25.63,
        "premarket": 0.201,
        "volume": 18096100,
        "category": "g",
        "source": "tv",
        "shortable": true,
        "exchange_name": "NASD",
        "market_cap": 19.05282,
        "existing": false
    },
    {
        "symbol": "ADRT",
        "company": "Ault Disruptive Technologies Corporation",
        "change_pct": 18.72,
        "premarket": 12.94,
        "volume": 148434,
        "category": "g",
        "source": "tv",
        "shortable": false,
        "exchange_name": "AMEX",
        "market_cap": 0.0,
        "existing": false
    },
    {
        "symbol": "IRBT",
        "company": "iRobot Corporation",
        "change_pct": 18.27,
        "premarket": 49.77,
        "volume": 479522,
        "category": "g",
        "source": "tv",
        "shortable": true,
        "exchange_name": "NASD",
        "market_cap": 1161.159,
        "existing": false
    },
    {
        "symbol": "NKLA",
        "company": "Nikola Corporation",
        "change_pct": 17.86,
        "premarket": 1.65,
        "volume": 17971100,
        "category": "g",
        "source": "tv",
        "shortable": true,
        "exchange_name": "NASD",
        "market_cap": 1003.502,
        "existing": false
    },
    {
        "symbol": "KNW",
        "company": "Know Labs, Inc.",
        "change_pct": 16.19,
        "premarket": 1.22,
        "volume": 500,
        "category": "g",
        "source": "tv",
        "shortable": false,
        "exchange_name": "AMEX",
        "market_cap": 0.0,
        "existing": false
    },
    {
        "symbol": "NETI",
        "company": "Eneti Inc.",
        "change_pct": 15.53,
        "premarket": 13.54,
        "volume": 653446,
        "category": "g",
        "source": "tv",
        "shortable": true,
        "exchange_name": "NYSE",
        "market_cap": 452.9442,
        "existing": false
    },
    {
        "symbol": "BTCS",
        "company": "BTCS Inc.",
        "change_pct": 14.6,
        "premarket": 1.23,
        "volume": 500,
        "category": "g",
        "source": "tv",
        "shortable": false,
        "exchange_name": "NASD",
        "market_cap": 14.79842,
        "existing": false
    },
    {
        "symbol": "GTBP",
        "company": "GT Biopharma, Inc.",
        "change_pct": 14.32,
        "premarket": 0.4,
        "volume": 17934,
        "category": "g",
        "source": "tv",
        "shortable": true,
        "exchange_name": "NASD",
        "market_cap": 13.09849,
        "existing": false
    },
    {
        "symbol": "SONN",
        "company": "Sonnet BioTherapeutics Holdings, Inc.",
        "change_pct": 14.1,
        "premarket": 1.06,
        "volume": 531597,
        "category": "g",
        "source": "tv",
        "shortable": true,
        "exchange_name": "NASD",
        "market_cap": 25.5277,
        "existing": false
    },
    {
        "symbol": "CLGN",
        "company": "CollPlant Biotechnologies Ltd.",
        "change_pct": 14.09,
        "premarket": 8.5,
        "volume": 300,
        "category": "g",
        "source": "tv",
        "shortable": true,
        "exchange_name": "NASD",
        "market_cap": 84.84695,
        "existing": false
    },
    {
        "symbol": "COMS",
        "company": "COMSovereign Holding Corp.",
        "change_pct": 14.05,
        "premarket": 2.11,
        "volume": 737327,
        "category": "g",
        "source": "tv",
        "shortable": true,
        "exchange_name": "NASD",
        "market_cap": 4.96461,
        "existing": false
    },
    {
        "symbol": "FNGR",
        "company": "FingerMotion, Inc.",
        "change_pct": 13.3,
        "premarket": 2.3,
        "volume": 373672,
        "category": "g",
        "source": "tv",
        "shortable": false,
        "exchange_name": "NASD",
        "market_cap": 105.5357,
        "existing": false
    },
    {
        "symbol": "ADCT",
        "company": "ADC Therapeutics SA",
        "change_pct": 12.99,
        "premarket": 2.61,
        "volume": 300,
        "category": "g",
        "source": "tv",
        "shortable": true,
        "exchange_name": "NYSE",
        "market_cap": 186.2842,
        "existing": false
    },
    {
        "symbol": "OPGN",
        "company": "OpGen, Inc.",
        "change_pct": 12.9,
        "premarket": 0.7,
        "volume": 57986,
        "category": "g",
        "source": "tv",
        "shortable": true,
        "exchange_name": "NASD",
        "market_cap": 3.79406,
        "existing": false
    },
    {
        "symbol": "ENVX",
        "company": "Enovix Corporation",
        "change_pct": 12.77,
        "premarket": 15.37,
        "volume": 480852,
        "category": "g",
        "source": "tv",
        "shortable": true,
        "exchange_name": "NASD",
        "market_cap": 2155.722,
        "existing": false
    },
    {
        "symbol": "LAES",
        "company": "SEALSQ Corp",
        "change_pct": 12.2,
        "premarket": 18.39,
        "volume": 1045,
        "category": "g",
        "source": "tv",
        "shortable": false,
        "exchange_name": "NASD",
        "market_cap": 24.58992,
        "existing": false
    },
    {
        "symbol": "RIDE",
        "company": "Lordstown Motors Corp.",
        "change_pct": 12.11,
        "premarket": 4.72,
        "volume": 124281,
        "category": "g",
        "source": "tv",
        "shortable": true,
        "exchange_name": "NASD",
        "market_cap": 67.08651,
        "existing": false
    },
    {
        "symbol": "SDIG",
        "company": "Stronghold Digital Mining, Inc.",
        "change_pct": 11.17,
        "premarket": 4.48,
        "volume": 30472,
        "category": "g",
        "source": "tv",
        "shortable": true,
        "exchange_name": "NASD",
        "market_cap": 22.16611,
        "existing": false
    },
    {
        "symbol": "VEDU",
        "company": "Visionary Education Technology Holdings Group Inc.",
        "change_pct": 11.09,
        "premarket": 0.5599,
        "volume": 91902,
        "category": "g",
        "source": "tv",
        "shortable": false,
        "exchange_name": "NASD",
        "market_cap": 19.782,
        "existing": false
    },
    {
        "symbol": "COHN",
        "company": "Cohen & Company Inc.",
        "change_pct": 10.64,
        "premarket": 4.99,
        "volume": 31569,
        "category": "g",
        "source": "tv",
        "shortable": true,
        "exchange_name": "AMEX",
        "market_cap": 36.4328,
        "existing": false
    },
    {
        "symbol": "ADIL",
        "company": "Adial Pharmaceuticals, Inc",
        "change_pct": 10.2,
        "premarket": 0.27,
        "volume": 5933,
        "category": "g",
        "source": "tv",
        "shortable": false,
        "exchange_name": "NASD",
        "market_cap": 6.98656,
        "existing": false
    },
    {
        "symbol": "PLAG",
        "company": "Planet Green Holdings Corp.",
        "change_pct": 10.0,
        "premarket": 1.1,
        "volume": 73876,
        "category": "g",
        "source": "tv",
        "shortable": true,
        "exchange_name": "AMEX",
        "market_cap": 37.25082,
        "existing": false
    },
    {
        "symbol": "COHR",
        "company": "Coherent Corp.",
        "change_pct": 9.85,
        "premarket": 56.32,
        "volume": 90955,
        "category": "g",
        "source": "tv",
        "shortable": true,
        "exchange_name": "NYSE",
        "market_cap": 7145.899,
        "existing": false
    },
    {
        "symbol": "TLS",
        "company": "Telos Corporation",
        "change_pct": 9.81,
        "premarket": 2.81,
        "volume": 500,
        "category": "g",
        "source": "tv",
        "shortable": true,
        "exchange_name": "NASD",
        "market_cap": 177.6371,
        "existing": false
    },
    {
        "symbol": "AZYO",
        "company": "Aziyo Biologics, Inc.",
        "change_pct": 9.68,
        "premarket": 2.59,
        "volume": 595,
        "category": "g",
        "source": "tv",
        "shortable": false,
        "exchange_name": "NASD",
        "market_cap": 38.31494,
        "existing": false
    },
    {
        "symbol": "LUNR",
        "company": "Intuitive Machines, Inc.",
        "change_pct": 9.66,
        "premarket": 9.88,
        "volume": 7079,
        "category": "g",
        "source": "tv",
        "shortable": true,
        "exchange_name": "NASD",
        "market_cap": 757.7992,
        "existing": false
    },
    {
        "symbol": "RMED",
        "company": "Ra Medical Systems, Inc.",
        "change_pct": 9.6,
        "premarket": 1.18,
        "volume": 551,
        "category": "g",
        "source": "tv",
        "shortable": true,
        "exchange_name": "AMEX",
        "market_cap": 22.00214,
        "existing": false
    },
    {
        "symbol": "GLTO",
        "company": "Galecto, Inc.",
        "change_pct": 9.33,
        "premarket": 2.46,
        "volume": 540,
        "category": "g",
        "source": "tv",
        "shortable": false,
        "exchange_name": "NASD",
        "market_cap": 57.76532,
        "existing": false
    },
    {
        "symbol": "BFI",
        "company": "BurgerFi International Inc",
        "change_pct": 9.23,
        "premarket": 2.13,
        "volume": 3119,
        "category": "g",
        "source": "tv",
        "shortable": true,
        "exchange_name": "NASD",
        "market_cap": 52.10942,
        "existing": false
    },
    {
        "symbol": "LAB",
        "company": "Standard BioTools Inc.",
        "change_pct": 8.6,
        "premarket": 2.4,
        "volume": 350,
        "category": "g",
        "source": "tv",
        "shortable": true,
        "exchange_name": "NASD",
        "market_cap": 173.2307,
        "existing": false
    },
    {
        "symbol": "NCRA",
        "company": "Nocera, Inc.",
        "change_pct": 8.5,
        "premarket": 1.66,
        "volume": 2060,
        "category": "g",
        "source": "tv",
        "shortable": false,
        "exchange_name": "NASD",
        "market_cap": 14.83119,
        "existing": false
    },
    {
        "symbol": "VINC",
        "company": "Vincerx Pharma, Inc.",
        "change_pct": 8.49,
        "premarket": 1.66,
        "volume": 700,
        "category": "g",
        "source": "tv",
        "shortable": false,
        "exchange_name": "NASD",
        "market_cap": 32.50614,
        "existing": false
    },
    {
        "symbol": "ERAS",
        "company": "Erasca, Inc.",
        "change_pct": 8.3,
        "premarket": 3.0,
        "volume": 400,
        "category": "g",
        "source": "tv",
        "shortable": true,
        "exchange_name": "NASD",
        "market_cap": 417.5957,
        "existing": false
    },
    {
        "symbol": "FWAC",
        "company": "Fifth Wall Acquisition Corp. III",
        "change_pct": 8.11,
        "premarket": 12.0,
        "volume": 1920,
        "category": "g",
        "source": "tv",
        "shortable": false,
        "exchange_name": "NASD",
        "market_cap": 391.6302,
        "existing": false
    },
    {
        "symbol": "NAVB",
        "company": "Navidea Biopharmaceuticals, Inc.",
        "change_pct": 7.93,
        "premarket": 0.0885,
        "volume": 337066,
        "category": "g",
        "source": "tv",
        "shortable": true,
        "exchange_name": "AMEX",
        "market_cap": 47.35629,
        "existing": false
    }
]