[
    {
        "symbol": "MEGL",
        "company": "Magic Empire Global Limited",
        "change_pct": 405.39,
        "premarket": 4.69,
        "volume": 15037100,
        "category": "g",
        "source": "tv",
        "fails": [],
        "shortable": true,
        "exchange_name": "NASD",
        "market_cap": 18.79766,
        "tradeable": true
    },
    {
        "symbol": "TOP",
        "company": "TOP Financial Group Limited",
        "change_pct": 294.9,
        "premarket": 78.98,
        "volume": 411569,
        "category": "g",
        "source": "tv",
        "fails": [],
        "shortable": false,
        "exchange_name": "NASD",
        "market_cap": 701.0,
        "tradeable": true
    },
    {
        "symbol": "AGBA",
        "company": "AGBA Group Holding Limited",
        "change_pct": 74.56,
        "premarket": 2.95,
        "volume": 2365100,
        "category": "g",
        "source": "tv",
        "fails": [],
        "shortable": true,
        "exchange_name": "NASD",
        "market_cap": 100.6851,
        "tradeable": true
    },
    {
        "symbol": "SIEB",
        "company": "Siebert Financial Corp.",
        "change_pct": 54.27,
        "premarket": 3.07,
        "volume": 4155100,
        "category": "g",
        "source": "tv",
        "fails": [],
        "shortable": true,
        "exchange_name": "NASD",
        "market_cap": 64.6856,
        "tradeable": true
    },
    {
        "symbol": "TPST",
        "company": "Tempest Therapeutics, Inc.",
        "change_pct": 45.35,
        "premarket": 2.5,
        "volume": 193596,
        "category": "g",
        "source": "tv",
        "fails": [],
        "shortable": true,
        "exchange_name": "NASD",
        "market_cap": 18.16612,
        "tradeable": true
    },
    {
        "symbol": "GSUN",
        "company": "Golden Sun Education Group Limited",
        "change_pct": 44.27,
        "premarket": 1.49,
        "volume": 3465100,
        "category": "g",
        "source": "tv",
        "fails": [],
        "shortable": false,
        "exchange_name": "NASD",
        "market_cap": 18.95755,
        "tradeable": true
    },
    {
        "symbol": "ILAG",
        "company": "Intelligent Living Application Group Inc.",
        "change_pct": 37.86,
        "premarket": 1.42,
        "volume": 420783,
        "category": "g",
        "source": "tv",
        "fails": [],
        "shortable": false,
        "exchange_name": "NASD",
        "market_cap": 18.6018,
        "tradeable": true
    },
    {
        "symbol": "HUDI",
        "company": "Huadi International Group Co., Ltd.",
        "change_pct": 35.53,
        "premarket": 3.7,
        "volume": 282061,
        "category": "g",
        "source": "tv",
        "fails": [],
        "shortable": true,
        "exchange_name": "NASD",
        "market_cap": 38.87297,
        "tradeable": true
    },
    {
        "symbol": "VEDU",
        "company": "Visionary Education Technology Holdings Group Inc.",
        "change_pct": 32.11,
        "premarket": 0.715,
        "volume": 3041,
        "category": "g",
        "source": "tv",
        "fails": [
            "premarket",
            "shares_value"
        ],
        "shortable": false,
        "exchange_name": "NASD",
        "market_cap": 21.2421,
        "tradeable": false
    },
    {
        "symbol": "WLGS",
        "company": "Wang & Lee Group, Inc.",
        "change_pct": 31.52,
        "premarket": 2.42,
        "volume": 1861100,
        "category": "g",
        "source": "tv",
        "fails": [],
        "shortable": false,
        "exchange_name": "NASD",
        "market_cap": 0.0,
        "tradeable": true
    },
    {
        "symbol": "ATXG",
        "company": "Addentax Group Corp.",
        "change_pct": 25.87,
        "premarket": 0.9,
        "volume": 1192100,
        "category": "g",
        "source": "tv",
        "fails": [
            "premarket"
        ],
        "shortable": false,
        "exchange_name": "NASD",
        "market_cap": 25.35009,
        "tradeable": false
    },
    {
        "symbol": "HILS",
        "company": "Hillstream BioPharma, Inc.",
        "change_pct": -56.88,
        "premarket": 0.47,
        "volume": 1180100,
        "category": "l",
        "source": "tv",
        "fails": [
            "premarket",
            "is_shortable"
        ],
        "shortable": false,
        "exchange_name": "NASD",
        "market_cap": 12.55042,
        "tradeable": false
    },
    {
        "symbol": "CNTG",
        "company": "Centogene N.V.",
        "change_pct": -24.8,
        "premarket": 0.91,
        "volume": 75139,
        "category": "l",
        "source": "tv",
        "fails": [
            "premarket",
            "is_shortable"
        ],
        "shortable": false,
        "exchange_name": "NASD",
        "market_cap": 27.30724,
        "tradeable": false
    },
    {
        "symbol": "NET",
        "company": "Cloudflare, Inc.",
        "change_pct": -23.3,
        "premarket": 45.7,
        "volume": 742705,
        "category": "l",
        "source": "tv",
        "fails": [],
        "shortable": true,
        "exchange_name": "NYSE",
        "market_cap": 19773.44,
        "tradeable": true
    },
    {
        "symbol": "VISL",
        "company": "Vislink Technologies, Inc.",
        "change_pct": -21.72,
        "premarket": 0.2155,
        "volume": 233782,
        "category": "l",
        "source": "tv",
        "fails": [
            "premarket"
        ],
        "shortable": true,
        "exchange_name": "NASD",
        "market_cap": 13.1096,
        "tradeable": false
    },
    {
        "symbol": "OPGN",
        "company": "OpGen, Inc.",
        "change_pct": -21.46,
        "premarket": 0.708,
        "volume": 119509,
        "category": "l",
        "source": "tv",
        "fails": [
            "premarket"
        ],
        "shortable": true,
        "exchange_name": "NASD",
        "market_cap": 4.95423,
        "tradeable": false
    },
    {
        "symbol": "EHTH",
        "company": "eHealth, Inc.",
        "change_pct": -20.75,
        "premarket": 4.85,
        "volume": 128547,
        "category": "l",
        "source": "tv",
        "fails": [],
        "shortable": true,
        "exchange_name": "NASD",
        "market_cap": 168.9957,
        "tradeable": true
    },
    {
        "symbol": "SFR",
        "company": "Appreciate Holdings, Inc.",
        "change_pct": -19.97,
        "premarket": 0.7283,
        "volume": 83012,
        "category": "l",
        "source": "tv",
        "fails": [
            "premarket",
            "is_shortable"
        ],
        "shortable": false,
        "exchange_name": "NASD",
        "market_cap": 50.63796,
        "tradeable": false
    },
    {
        "symbol": "BLCM",
        "company": "Bellicum Pharmaceuticals, Inc.",
        "change_pct": -18.58,
        "premarket": 0.3379,
        "volume": 52152,
        "category": "l",
        "source": "tv",
        "fails": [
            "premarket"
        ],
        "shortable": true,
        "exchange_name": "NASD",
        "market_cap": 3.75421,
        "tradeable": false
    },
    {
        "symbol": "AYX",
        "company": "Alteryx, Inc.",
        "change_pct": -17.68,
        "premarket": 42.0,
        "volume": 75601,
        "category": "l",
        "source": "tv",
        "fails": [],
        "shortable": true,
        "exchange_name": "NYSE",
        "market_cap": 3547.105,
        "tradeable": true
    },
    {
        "symbol": "SNAP",
        "company": "Snap Inc.",
        "change_pct": -17.05,
        "premarket": 8.71,
        "volume": 3579100,
        "category": "l",
        "source": "tv",
        "fails": [],
        "shortable": true,
        "exchange_name": "NYSE",
        "market_cap": 16604.02,
        "tradeable": true
    },
    {
        "symbol": "PLTK",
        "company": "Playtika Holding Corp.",
        "change_pct": -16.51,
        "premarket": 9.15,
        "volume": 3993,
        "category": "l",
        "source": "tv",
        "fails": [],
        "shortable": true,
        "exchange_name": "NASD",
        "market_cap": 4003.38,
        "tradeable": true
    }
]