[
    {
        "symbol": "LCFY",
        "company": "Locafy Ltd.",
        "premarket": 14.69,
        "change_pct": 109.86,
        "volume": 928000,
        "category": "g",
        "source": "cnn",
        "shortable": true,
        "exchange_name": "NASD",
        "market_cap": 7.18508,
        "existing": false
    },
    {
        "symbol": "ROOT",
        "company": "Root, Inc. Class A",
        "premarket": 14.49,
        "change_pct": 50.62,
        "volume": 3000100,
        "category": "g",
        "source": "cnn",
        "shortable": true,
        "exchange_name": "NASD",
        "market_cap": 137.566,
        "existing": false
    },
    {
        "symbol": "TALS",
        "company": "Talaris Therapeutics, Inc.",
        "premarket": 2.71,
        "change_pct": 23.18,
        "volume": 2000100,
        "category": "g",
        "source": "cnn",
        "shortable": false,
        "exchange_name": "NASD",
        "market_cap": 92.76525,
        "existing": false
    },
    {
        "symbol": "KWE",
        "company": "KWESST Micro Systems Inc",
        "premarket": 3.79,
        "change_pct": 14.85,
        "volume": 2,
        "category": "g",
        "source": "cnn",
        "shortable": false,
        "exchange_name": "NASD",
        "market_cap": 0.0,
        "existing": false
    },
    {
        "symbol": "PRTG",
        "company": "Portage Biotech Inc",
        "premarket": 4.07,
        "change_pct": 14.33,
        "volume": 10,
        "category": "g",
        "source": "cnn",
        "shortable": true,
        "exchange_name": "NASD",
        "market_cap": 60.75104,
        "existing": false
    },
    {
        "symbol": "AAOI",
        "company": "Applied Optoelectronics, Inc.",
        "premarket": 4.72,
        "change_pct": 13.33,
        "volume": 572000,
        "category": "g",
        "source": "cnn",
        "shortable": true,
        "exchange_name": "NASD",
        "market_cap": 121.6,
        "existing": false
    },
    {
        "symbol": "MEDS",
        "company": "TRxADE HEALTH, Inc.",
        "premarket": 6.23,
        "change_pct": 13.08,
        "volume": 7000,
        "category": "g",
        "source": "cnn",
        "shortable": false,
        "exchange_name": "NASD",
        "market_cap": 3.75046,
        "existing": false
    },
    {
        "symbol": "POAI",
        "company": "Predictive Oncology Inc",
        "premarket": 4.25,
        "change_pct": 10.97,
        "volume": 7000,
        "category": "g",
        "source": "cnn",
        "shortable": true,
        "exchange_name": "NASD",
        "market_cap": 15.34003,
        "existing": false
    },
    {
        "symbol": "CYTH",
        "company": "Cyclo Therapeutics Inc",
        "premarket": 2.29,
        "change_pct": 10.77,
        "volume": 10,
        "category": "g",
        "source": "cnn",
        "shortable": false,
        "exchange_name": "NASD",
        "market_cap": 31.68849,
        "existing": false
    },
    {
        "symbol": "CASI",
        "company": "CASI Pharmaceuticals, Inc.",
        "premarket": 2.76,
        "change_pct": 10.48,
        "volume": 84,
        "category": "g",
        "source": "cnn",
        "shortable": true,
        "exchange_name": "NASD",
        "market_cap": 33.30377,
        "existing": false
    },
    {
        "symbol": "CYRX",
        "company": "CryoPort, Inc.",
        "premarket": 22.0,
        "change_pct": 9.95,
        "volume": 26,
        "category": "g",
        "source": "cnn",
        "shortable": true,
        "exchange_name": "NASD",
        "market_cap": 911.3617,
        "existing": false
    },
    {
        "symbol": "LCFY",
        "company": "Locafy Ltd.",
        "premarket": 14.69,
        "change_pct": -109.86,
        "volume": 928000,
        "category": "l",
        "source": "cnn",
        "shortable": true,
        "exchange_name": "NASD",
        "market_cap": 7.18508,
        "existing": false
    },
    {
        "symbol": "ROOT",
        "company": "Root, Inc. Class A",
        "premarket": 14.49,
        "change_pct": -50.62,
        "volume": 3000100,
        "category": "l",
        "source": "cnn",
        "shortable": true,
        "exchange_name": "NASD",
        "market_cap": 137.566,
        "existing": false
    },
    {
        "symbol": "TALS",
        "company": "Talaris Therapeutics, Inc.",
        "premarket": 2.71,
        "change_pct": -23.18,
        "volume": 2000100,
        "category": "l",
        "source": "cnn",
        "shortable": false,
        "exchange_name": "NASD",
        "market_cap": 92.76525,
        "existing": false
    },
    {
        "symbol": "KWE",
        "company": "KWESST Micro Systems Inc",
        "premarket": 3.79,
        "change_pct": -14.85,
        "volume": 2,
        "category": "l",
        "source": "cnn",
        "shortable": false,
        "exchange_name": "NASD",
        "market_cap": 0.0,
        "existing": false
    },
    {
        "symbol": "PRTG",
        "company": "Portage Biotech Inc",
        "premarket": 4.07,
        "change_pct": -14.33,
        "volume": 10,
        "category": "l",
        "source": "cnn",
        "shortable": true,
        "exchange_name": "NASD",
        "market_cap": 60.75104,
        "existing": false
    },
    {
        "symbol": "AAOI",
        "company": "Applied Optoelectronics, Inc.",
        "premarket": 4.72,
        "change_pct": -13.33,
        "volume": 572000,
        "category": "l",
        "source": "cnn",
        "shortable": true,
        "exchange_name": "NASD",
        "market_cap": 121.6,
        "existing": false
    },
    {
        "symbol": "MEDS",
        "company": "TRxADE HEALTH, Inc.",
        "premarket": 6.23,
        "change_pct": -13.08,
        "volume": 7000,
        "category": "l",
        "source": "cnn",
        "shortable": false,
        "exchange_name": "NASD",
        "market_cap": 3.75046,
        "existing": false
    },
    {
        "symbol": "POAI",
        "company": "Predictive Oncology Inc",
        "premarket": 4.25,
        "change_pct": -10.97,
        "volume": 7000,
        "category": "l",
        "source": "cnn",
        "shortable": true,
        "exchange_name": "NASD",
        "market_cap": 15.34003,
        "existing": false
    },
    {
        "symbol": "CYTH",
        "company": "Cyclo Therapeutics Inc",
        "premarket": 2.29,
        "change_pct": -10.77,
        "volume": 10,
        "category": "l",
        "source": "cnn",
        "shortable": false,
        "exchange_name": "NASD",
        "market_cap": 31.68849,
        "existing": false
    },
    {
        "symbol": "CASI",
        "company": "CASI Pharmaceuticals, Inc.",
        "premarket": 2.76,
        "change_pct": -10.48,
        "volume": 84,
        "category": "l",
        "source": "cnn",
        "shortable": true,
        "exchange_name": "NASD",
        "market_cap": 33.30377,
        "existing": false
    },
    {
        "symbol": "CYRX",
        "company": "CryoPort, Inc.",
        "premarket": 22.0,
        "change_pct": -9.95,
        "volume": 26,
        "category": "l",
        "source": "cnn",
        "shortable": true,
        "exchange_name": "NASD",
        "market_cap": 911.3617,
        "existing": false
    }
]