[
    {
        "symbol": "LCFY",
        "company": "Locafy Ltd.",
        "premarket": 14.4,
        "change_pct": 105.71,
        "volume": 432000,
        "category": "g",
        "source": "cnn",
        "shortable": true,
        "exchange_name": "NASD",
        "market_cap": 7.18508,
        "existing": false
    },
    {
        "symbol": "ROOT",
        "company": "Root, Inc. Class A",
        "premarket": 14.64,
        "change_pct": 52.17,
        "volume": 3000100,
        "category": "g",
        "source": "cnn",
        "shortable": true,
        "exchange_name": "NASD",
        "market_cap": 137.566,
        "existing": false
    },
    {
        "symbol": "TALS",
        "company": "Talaris Therapeutics, Inc.",
        "premarket": 2.71,
        "change_pct": 23.18,
        "volume": 2000100,
        "category": "g",
        "source": "cnn",
        "shortable": false,
        "exchange_name": "NASD",
        "market_cap": 92.76525,
        "existing": false
    },
    {
        "symbol": "KWE",
        "company": "KWESST Micro Systems Inc",
        "premarket": 3.79,
        "change_pct": 14.85,
        "volume": 2,
        "category": "g",
        "source": "cnn",
        "shortable": false,
        "exchange_name": "NASD",
        "market_cap": 0.0,
        "existing": false
    },
    {
        "symbol": "PRTG",
        "company": "Portage Biotech Inc",
        "premarket": 4.07,
        "change_pct": 14.33,
        "volume": 10,
        "category": "g",
        "source": "cnn",
        "shortable": true,
        "exchange_name": "NASD",
        "market_cap": 60.75104,
        "existing": false
    },
    {
        "symbol": "AAOI",
        "company": "Applied Optoelectronics, Inc.",
        "premarket": 4.68,
        "change_pct": 12.36,
        "volume": 511000,
        "category": "g",
        "source": "cnn",
        "shortable": true,
        "exchange_name": "NASD",
        "market_cap": 121.6,
        "existing": false
    },
    {
        "symbol": "USAU",
        "company": "U.S. Gold Corp.",
        "premarket": 4.75,
        "change_pct": 10.82,
        "volume": 207000,
        "category": "g",
        "source": "cnn",
        "shortable": true,
        "exchange_name": "NASD",
        "market_cap": 39.83836,
        "existing": false
    },
    {
        "symbol": "CYTH",
        "company": "Cyclo Therapeutics Inc",
        "premarket": 2.29,
        "change_pct": 10.77,
        "volume": 10,
        "category": "g",
        "source": "cnn",
        "shortable": false,
        "exchange_name": "NASD",
        "market_cap": 31.68849,
        "existing": false
    },
    {
        "symbol": "POAI",
        "company": "Predictive Oncology Inc",
        "premarket": 4.24,
        "change_pct": 10.7,
        "volume": 5000,
        "category": "g",
        "source": "cnn",
        "shortable": true,
        "exchange_name": "NASD",
        "market_cap": 15.34003,
        "existing": false
    },
    {
        "symbol": "ROIV",
        "company": "Roivant Sciences Ltd.",
        "premarket": 10.5,
        "change_pct": 10.18,
        "volume": 813000,
        "category": "g",
        "source": "cnn",
        "shortable": true,
        "exchange_name": "NASD",
        "market_cap": 7227.813,
        "existing": false
    },
    {
        "symbol": "KRBP",
        "company": "Kiromic Biopharma, Inc.",
        "premarket": 3.33,
        "change_pct": 9.54,
        "volume": 2,
        "category": "g",
        "source": "cnn",
        "shortable": false,
        "exchange_name": "NASD",
        "market_cap": 2.9769,
        "existing": false
    }
]