[
    {
        "symbol": "AMSC",
        "company": "American Superconductor Corporation",
        "change_pct": 56.94,
        "premarket": 15.82,
        "volume": 4496000,
        "category": "g",
        "source": "tv",
        "shortable": true,
        "exchange_name": "NASD",
        "market_cap": 305.1105,
        "existing": false
    },
    {
        "symbol": "SNMP",
        "company": "Evolve Transition Infrastructure LP",
        "change_pct": 54.38,
        "premarket": 11.81,
        "volume": 156570,
        "category": "g",
        "source": "tv",
        "shortable": false,
        "exchange_name": "AMEX",
        "market_cap": 4.15858,
        "existing": false
    },
    {
        "symbol": "AGRI",
        "company": "AgriFORCE Growing Systems Ltd.",
        "change_pct": 34.51,
        "premarket": 0.175,
        "volume": 8850000,
        "category": "g",
        "source": "tv",
        "shortable": false,
        "exchange_name": "NASD",
        "market_cap": 2.40957,
        "existing": false
    },
    {
        "symbol": "MGAM",
        "company": "Mobile Global Esports Inc.",
        "change_pct": 32.15,
        "premarket": 0.695,
        "volume": 3411000,
        "category": "g",
        "source": "tv",
        "shortable": true,
        "exchange_name": "NASD",
        "market_cap": 10.73972,
        "existing": false
    },
    {
        "symbol": "UPTD",
        "company": "TradeUP Acquisition Corp.",
        "change_pct": 29.1,
        "premarket": 13.0,
        "volume": 107970,
        "category": "g",
        "source": "tv",
        "shortable": false,
        "exchange_name": "NASD",
        "market_cap": 21.83532,
        "existing": false
    },
    {
        "symbol": "OCEA",
        "company": "Ocean Biomedical, Inc.",
        "change_pct": 27.08,
        "premarket": 5.96,
        "volume": 809482,
        "category": "g",
        "source": "tv",
        "shortable": true,
        "exchange_name": "NASD",
        "market_cap": 159.5197,
        "existing": false
    },
    {
        "symbol": "AMPE",
        "company": "Ampio Pharmaceuticals, Inc.",
        "change_pct": 24.73,
        "premarket": 0.29,
        "volume": 207513,
        "category": "g",
        "source": "tv",
        "shortable": true,
        "exchange_name": "AMEX",
        "market_cap": 6.03432,
        "existing": false
    },
    {
        "symbol": "QUBT",
        "company": "Quantum Computing Inc.",
        "change_pct": 21.13,
        "premarket": 1.72,
        "volume": 4827000,
        "category": "g",
        "source": "tv",
        "shortable": false,
        "exchange_name": "NASD",
        "market_cap": 87.3472,
        "existing": false
    },
    {
        "symbol": "GMBL",
        "company": "Esports Entertainment Group Inc.",
        "change_pct": 20.88,
        "premarket": 0.5101,
        "volume": 407984,
        "category": "g",
        "source": "tv",
        "shortable": true,
        "exchange_name": "NASD",
        "market_cap": 1.4093,
        "existing": false
    },
    {
        "symbol": "QBTS",
        "company": "D-Wave Quantum Inc.",
        "change_pct": 20.48,
        "premarket": 2.53,
        "volume": 6322000,
        "category": "g",
        "source": "tv",
        "shortable": true,
        "exchange_name": "NYSE",
        "market_cap": 268.8602,
        "existing": false
    },
    {
        "symbol": "TUP",
        "company": "Tupperware Brands Corporation",
        "change_pct": 20.14,
        "premarket": 5.13,
        "volume": 7451000,
        "category": "g",
        "source": "tv",
        "shortable": true,
        "exchange_name": "NYSE",
        "market_cap": 189.9212,
        "existing": false
    },
    {
        "symbol": "MSGM",
        "company": "Motorsport Games Inc.",
        "change_pct": 19.76,
        "premarket": 4.11,
        "volume": 57164,
        "category": "g",
        "source": "tv",
        "shortable": true,
        "exchange_name": "NASD",
        "market_cap": 33.2848,
        "existing": false
    },
    {
        "symbol": "RGTI",
        "company": "Rigetti Computing, Inc.",
        "change_pct": 17.27,
        "premarket": 2.92,
        "volume": 2109000,
        "category": "g",
        "source": "tv",
        "shortable": true,
        "exchange_name": "NASD",
        "market_cap": 323.2585,
        "existing": false
    },
    {
        "symbol": "EQRX",
        "company": "EQRx, Inc.",
        "change_pct": 16.37,
        "premarket": 1.99,
        "volume": 143130,
        "category": "g",
        "source": "tv",
        "shortable": false,
        "exchange_name": "NASD",
        "market_cap": 833.3846,
        "existing": false
    },
    {
        "symbol": "VRNS",
        "company": "Varonis Systems, Inc.",
        "change_pct": 16.06,
        "premarket": 33.31,
        "volume": 2506,
        "category": "g",
        "source": "tv",
        "shortable": true,
        "exchange_name": "NASD",
        "market_cap": 3148.751,
        "existing": false
    },
    {
        "symbol": "AVGR",
        "company": "Avinger, Inc.",
        "change_pct": 14.57,
        "premarket": 0.825,
        "volume": 300,
        "category": "g",
        "source": "tv",
        "shortable": false,
        "exchange_name": "NASD",
        "market_cap": 7.79248,
        "existing": false
    },
    {
        "symbol": "ANET",
        "company": "Arista Networks, Inc.",
        "change_pct": 14.37,
        "premarket": 177.37,
        "volume": 67560,
        "category": "g",
        "source": "tv",
        "shortable": true,
        "exchange_name": "NYSE",
        "market_cap": 47811.58,
        "existing": false
    },
    {
        "symbol": "PRFX",
        "company": "PainReform Ltd.",
        "change_pct": 13.94,
        "premarket": 8.01,
        "volume": 34711,
        "category": "g",
        "source": "tv",
        "shortable": false,
        "exchange_name": "NASD",
        "market_cap": 10.80287,
        "existing": false
    },
    {
        "symbol": "CELZ",
        "company": "Creative Medical Technology Holdings, Inc.",
        "change_pct": 13.57,
        "premarket": 6.26,
        "volume": 100,
        "category": "g",
        "source": "tv",
        "shortable": false,
        "exchange_name": "NASD",
        "market_cap": 7.75601,
        "existing": false
    },
    {
        "symbol": "TAOP",
        "company": "Taoping Inc.",
        "change_pct": 13.19,
        "premarket": 6.35,
        "volume": 2954,
        "category": "g",
        "source": "tv",
        "shortable": true,
        "exchange_name": "NASD",
        "market_cap": 10.43567,
        "existing": false
    },
    {
        "symbol": "BRSH",
        "company": "Bruush Oral Care Inc.",
        "change_pct": 11.97,
        "premarket": 6.69,
        "volume": 6281,
        "category": "g",
        "source": "tv",
        "shortable": false,
        "exchange_name": "NASD",
        "market_cap": 1.94806,
        "existing": false
    },
    {
        "symbol": "PRE",
        "company": "Prenetics Global Limited",
        "change_pct": 11.72,
        "premarket": 0.8,
        "volume": 310,
        "category": "g",
        "source": "tv",
        "shortable": true,
        "exchange_name": "NASD",
        "market_cap": 114.2529,
        "existing": false
    },
    {
        "symbol": "AESI",
        "company": "Atlas Energy Solutions Inc.",
        "change_pct": 11.39,
        "premarket": 22.0,
        "volume": 1500,
        "category": "g",
        "source": "tv",
        "shortable": true,
        "exchange_name": "NYSE",
        "market_cap": 1128.663,
        "existing": false
    },
    {
        "symbol": "OSS",
        "company": "One Stop Systems, Inc.",
        "change_pct": 10.77,
        "premarket": 3.15,
        "volume": 5807,
        "category": "g",
        "source": "tv",
        "shortable": false,
        "exchange_name": "NASD",
        "market_cap": 57.8199,
        "existing": false
    },
    {
        "symbol": "GGE",
        "company": "Green Giant Inc.",
        "change_pct": 10.55,
        "premarket": 1.99,
        "volume": 4584,
        "category": "g",
        "source": "tv",
        "shortable": true,
        "exchange_name": "NASD",
        "market_cap": 100.4335,
        "existing": false
    },
    {
        "symbol": "ROK",
        "company": "Rockwell Automation, Inc.",
        "change_pct": -9.3,
        "premarket": 305.0,
        "volume": 5093,
        "category": "l",
        "source": "tv",
        "shortable": true,
        "exchange_name": "NYSE",
        "market_cap": 38631.42,
        "existing": false
    },
    {
        "symbol": "SYM",
        "company": "Symbotic Inc.",
        "change_pct": -5.57,
        "premarket": 60.0,
        "volume": 40013,
        "category": "l",
        "source": "tv",
        "shortable": true,
        "exchange_name": "NASD",
        "market_cap": 35318.55,
        "existing": false
    },
    {
        "symbol": "ZBRA",
        "company": "Zebra Technologies Corporation",
        "change_pct": -15.41,
        "premarket": 260.5,
        "volume": 5597,
        "category": "l",
        "source": "tv",
        "shortable": true,
        "exchange_name": "NASD",
        "market_cap": 15838.49,
        "existing": false
    },
    {
        "symbol": "ZI",
        "company": "ZoomInfo Technologies Inc.",
        "change_pct": -19.05,
        "premarket": 20.7,
        "volume": 263808,
        "category": "l",
        "source": "tv",
        "shortable": true,
        "exchange_name": "NASD",
        "market_cap": 10287.54,
        "existing": false
    },
    {
        "symbol": "NCLH",
        "company": "Norwegian Cruise Line Holdings Ltd.",
        "change_pct": -8.47,
        "premarket": 20.2,
        "volume": 1585000,
        "category": "l",
        "source": "tv",
        "shortable": true,
        "exchange_name": "NYSE",
        "market_cap": 9361.324,
        "existing": false
    },
    {
        "symbol": "DV",
        "company": "DoubleVerify Holdings, Inc.",
        "change_pct": -9.74,
        "premarket": 38.0,
        "volume": 2016,
        "category": "l",
        "source": "tv",
        "shortable": true,
        "exchange_name": "NYSE",
        "market_cap": 7000.736,
        "existing": false
    },
    {
        "symbol": "RMBS",
        "company": "Rambus, Inc.",
        "change_pct": -9.92,
        "premarket": 56.4,
        "volume": 18549,
        "category": "l",
        "source": "tv",
        "shortable": true,
        "exchange_name": "NASD",
        "market_cap": 6814.797,
        "existing": false
    },
    {
        "symbol": "RIG",
        "company": "Transocean Ltd (Switzerland)",
        "change_pct": -5.11,
        "premarket": 8.35,
        "volume": 64512,
        "category": "l",
        "source": "tv",
        "shortable": true,
        "exchange_name": "NYSE",
        "market_cap": 6744.743,
        "existing": false
    },
    {
        "symbol": "HUN",
        "company": "Huntsman Corporation",
        "change_pct": -4.33,
        "premarket": 28.48,
        "volume": 458,
        "category": "l",
        "source": "tv",
        "shortable": true,
        "exchange_name": "NYSE",
        "market_cap": 5393.833,
        "existing": false
    },
    {
        "symbol": "NSP",
        "company": "Insperity, Inc.",
        "change_pct": -9.89,
        "premarket": 106.01,
        "volume": 1400,
        "category": "l",
        "source": "tv",
        "shortable": true,
        "exchange_name": "NYSE",
        "market_cap": 4496.002,
        "existing": false
    },
    {
        "symbol": "IONQ",
        "company": "IonQ, Inc.",
        "change_pct": -4.31,
        "premarket": 18.42,
        "volume": 1012000,
        "category": "l",
        "source": "tv",
        "shortable": true,
        "exchange_name": "NYSE",
        "market_cap": 3869.795,
        "existing": false
    },
    {
        "symbol": "CRK",
        "company": "Comstock Resources, Inc.",
        "change_pct": -7.45,
        "premarket": 11.8,
        "volume": 11717,
        "category": "l",
        "source": "tv",
        "shortable": true,
        "exchange_name": "NYSE",
        "market_cap": 3538.255,
        "existing": false
    },
    {
        "symbol": "TGTX",
        "company": "TG Therapeutics, Inc.",
        "change_pct": -36.4,
        "premarket": 13.16,
        "volume": 1868000,
        "category": "l",
        "source": "tv",
        "shortable": true,
        "exchange_name": "NASD",
        "market_cap": 3091.004,
        "existing": false
    },
    {
        "symbol": "JBLU",
        "company": "JetBlue Airways Corporation",
        "change_pct": -5.15,
        "premarket": 7.37,
        "volume": 864245,
        "category": "l",
        "source": "tv",
        "shortable": true,
        "exchange_name": "NASD",
        "market_cap": 2547.791,
        "existing": false
    },
    {
        "symbol": "TRN",
        "company": "Trinity Industries, Inc.",
        "change_pct": -4.65,
        "premarket": 25.0,
        "volume": 574,
        "category": "l",
        "source": "tv",
        "shortable": true,
        "exchange_name": "NYSE",
        "market_cap": 2127.723,
        "existing": false
    },
    {
        "symbol": "GTX",
        "company": "Garrett Motion Inc.",
        "change_pct": -4.61,
        "premarket": 7.42,
        "volume": 130,
        "category": "l",
        "source": "tv",
        "shortable": true,
        "exchange_name": "NASD",
        "market_cap": 2013.47,
        "existing": false
    },
    {
        "symbol": "ACHR",
        "company": "Archer Aviation Inc.",
        "change_pct": -4.46,
        "premarket": 6.43,
        "volume": 290791,
        "category": "l",
        "source": "tv",
        "shortable": true,
        "exchange_name": "NYSE",
        "market_cap": 1665.321,
        "existing": false
    },
    {
        "symbol": "HLIT",
        "company": "Harmonic Inc.",
        "change_pct": -14.48,
        "premarket": 12.76,
        "volume": 7271,
        "category": "l",
        "source": "tv",
        "shortable": true,
        "exchange_name": "NASD",
        "market_cap": 1661.421,
        "existing": false
    },
    {
        "symbol": "SHCO",
        "company": "Soho House & Co Inc.",
        "change_pct": -4.86,
        "premarket": 5.68,
        "volume": 740,
        "category": "l",
        "source": "tv",
        "shortable": true,
        "exchange_name": "NYSE",
        "market_cap": 1168.247,
        "existing": false
    },
    {
        "symbol": "UAN",
        "company": "CVR Partners, LP",
        "change_pct": -6.18,
        "premarket": 87.4,
        "volume": 2186,
        "category": "l",
        "source": "tv",
        "shortable": true,
        "exchange_name": "NYSE",
        "market_cap": 984.6674,
        "existing": false
    },
    {
        "symbol": "VTS",
        "company": "Vitesse Energy Inc.",
        "change_pct": -6.71,
        "premarket": 23.5,
        "volume": 1677,
        "category": "l",
        "source": "tv",
        "shortable": true,
        "exchange_name": "NYSE",
        "market_cap": 725.1816,
        "existing": false
    },
    {
        "symbol": "MTW",
        "company": "Manitowoc Company, Inc. (The)",
        "change_pct": -3.97,
        "premarket": 17.4,
        "volume": 267,
        "category": "l",
        "source": "tv",
        "shortable": true,
        "exchange_name": "NYSE",
        "market_cap": 636.789,
        "existing": false
    },
    {
        "symbol": "HIBB",
        "company": "Hibbett, Inc.",
        "change_pct": -4.59,
        "premarket": 44.27,
        "volume": 111,
        "category": "l",
        "source": "tv",
        "shortable": true,
        "exchange_name": "NASD",
        "market_cap": 591.4382,
        "existing": false
    },
    {
        "symbol": "TARS",
        "company": "Tarsus Pharmaceuticals, Inc.",
        "change_pct": -6.59,
        "premarket": 20.56,
        "volume": 1596,
        "category": "l",
        "source": "tv",
        "shortable": true,
        "exchange_name": "NASD",
        "market_cap": 589.9501,
        "existing": false
    },
    {
        "symbol": "AAN",
        "company": "Aarons Holdings Company, Inc.",
        "change_pct": -9.54,
        "premarket": 14.31,
        "volume": 2000,
        "category": "l",
        "source": "tv",
        "shortable": true,
        "exchange_name": "NYSE",
        "market_cap": 488.9758,
        "existing": false
    }
]