[
    {
        "symbol": "ABVC",
        "company": "ABVC BioPharma, Inc.",
        "change_pct": 76.71,
        "premarket": 4.4,
        "volume": 2477000,
        "category": "g",
        "source": "tv",
        "shortable": false,
        "exchange_name": "NASD",
        "market_cap": 8.2371,
        "existing": false
    },
    {
        "symbol": "AMSC",
        "company": "American Superconductor Corporation",
        "change_pct": 58.73,
        "premarket": 16.0,
        "volume": 6148000,
        "category": "g",
        "source": "tv",
        "shortable": true,
        "exchange_name": "NASD",
        "market_cap": 305.1105,
        "existing": false
    },
    {
        "symbol": "SNMP",
        "company": "Evolve Transition Infrastructure LP",
        "change_pct": 57.52,
        "premarket": 12.05,
        "volume": 442639,
        "category": "g",
        "source": "tv",
        "shortable": false,
        "exchange_name": "AMEX",
        "market_cap": 4.15858,
        "existing": false
    },
    {
        "symbol": "AGRI",
        "company": "AgriFORCE Growing Systems Ltd.",
        "change_pct": 34.36,
        "premarket": 0.1748,
        "volume": 12362000,
        "category": "g",
        "source": "tv",
        "shortable": false,
        "exchange_name": "NASD",
        "market_cap": 2.40957,
        "existing": false
    },
    {
        "symbol": "AMPE",
        "company": "Ampio Pharmaceuticals, Inc.",
        "change_pct": 28.99,
        "premarket": 0.2999,
        "volume": 408464,
        "category": "g",
        "source": "tv",
        "shortable": true,
        "exchange_name": "AMEX",
        "market_cap": 6.03432,
        "existing": false
    },
    {
        "symbol": "NKLA",
        "company": "Nikola Corporation",
        "change_pct": 20.97,
        "premarket": 3.23,
        "volume": 38390000,
        "category": "g",
        "source": "tv",
        "shortable": true,
        "exchange_name": "NASD",
        "market_cap": 1913.821,
        "existing": false
    },
    {
        "symbol": "MGAM",
        "company": "Mobile Global Esports Inc.",
        "change_pct": 20.08,
        "premarket": 0.6315,
        "volume": 3949000,
        "category": "g",
        "source": "tv",
        "shortable": true,
        "exchange_name": "NASD",
        "market_cap": 10.73972,
        "existing": false
    },
    {
        "symbol": "EQRX",
        "company": "EQRx, Inc.",
        "change_pct": 19.88,
        "premarket": 2.05,
        "volume": 1257000,
        "category": "g",
        "source": "tv",
        "shortable": false,
        "exchange_name": "NASD",
        "market_cap": 833.3846,
        "existing": false
    },
    {
        "symbol": "TTI",
        "company": "Tetra Technologies, Inc.",
        "change_pct": 19.82,
        "premarket": 5.38,
        "volume": 74251,
        "category": "g",
        "source": "tv",
        "shortable": true,
        "exchange_name": "NYSE",
        "market_cap": 581.0032,
        "existing": false
    },
    {
        "symbol": "TUP",
        "company": "Tupperware Brands Corporation",
        "change_pct": 18.74,
        "premarket": 5.07,
        "volume": 11160000,
        "category": "g",
        "source": "tv",
        "shortable": true,
        "exchange_name": "NYSE",
        "market_cap": 189.9212,
        "existing": false
    },
    {
        "symbol": "GMBL",
        "company": "Esports Entertainment Group Inc.",
        "change_pct": 18.25,
        "premarket": 0.499,
        "volume": 681538,
        "category": "g",
        "source": "tv",
        "shortable": true,
        "exchange_name": "NASD",
        "market_cap": 1.4093,
        "existing": false
    },
    {
        "symbol": "ACON",
        "company": "Aclarion, Inc.",
        "change_pct": 17.54,
        "premarket": 0.67,
        "volume": 2443,
        "category": "g",
        "source": "tv",
        "shortable": false,
        "exchange_name": "NASD",
        "market_cap": 4.6745,
        "existing": false
    },
    {
        "symbol": "LEA",
        "company": "Lear Corporation",
        "change_pct": 16.9,
        "premarket": 180.91,
        "volume": 500,
        "category": "g",
        "source": "tv",
        "shortable": true,
        "exchange_name": "NYSE",
        "market_cap": 9134.328,
        "existing": false
    },
    {
        "symbol": "MSGM",
        "company": "Motorsport Games Inc.",
        "change_pct": 16.56,
        "premarket": 4.0,
        "volume": 63524,
        "category": "g",
        "source": "tv",
        "shortable": true,
        "exchange_name": "NASD",
        "market_cap": 33.2848,
        "existing": false
    },
    {
        "symbol": "UPTD",
        "company": "TradeUP Acquisition Corp.",
        "change_pct": 16.39,
        "premarket": 11.72,
        "volume": 137719,
        "category": "g",
        "source": "tv",
        "shortable": false,
        "exchange_name": "NASD",
        "market_cap": 21.83532,
        "existing": false
    },
    {
        "symbol": "LTRY",
        "company": "Lottery.com, Inc.",
        "change_pct": 15.71,
        "premarket": 0.235,
        "volume": 656383,
        "category": "g",
        "source": "tv",
        "shortable": false,
        "exchange_name": "NASD",
        "market_cap": 10.34292,
        "existing": false
    },
    {
        "symbol": "RGTI",
        "company": "Rigetti Computing, Inc.",
        "change_pct": 15.26,
        "premarket": 2.87,
        "volume": 2592000,
        "category": "g",
        "source": "tv",
        "shortable": true,
        "exchange_name": "NASD",
        "market_cap": 323.2585,
        "existing": false
    },
    {
        "symbol": "ANET",
        "company": "Arista Networks, Inc.",
        "change_pct": 14.45,
        "premarket": 177.5,
        "volume": 218905,
        "category": "g",
        "source": "tv",
        "shortable": true,
        "exchange_name": "NYSE",
        "market_cap": 47811.58,
        "existing": false
    },
    {
        "symbol": "CELZ",
        "company": "Creative Medical Technology Holdings, Inc.",
        "change_pct": 13.57,
        "premarket": 6.26,
        "volume": 100,
        "category": "g",
        "source": "tv",
        "shortable": false,
        "exchange_name": "NASD",
        "market_cap": 7.75601,
        "existing": false
    },
    {
        "symbol": "OCEA",
        "company": "Ocean Biomedical, Inc.",
        "change_pct": 12.94,
        "premarket": 5.3,
        "volume": 2363000,
        "category": "g",
        "source": "tv",
        "shortable": true,
        "exchange_name": "NASD",
        "market_cap": 159.5197,
        "existing": false
    },
    {
        "symbol": "VRNS",
        "company": "Varonis Systems, Inc.",
        "change_pct": 12.82,
        "premarket": 32.38,
        "volume": 35615,
        "category": "g",
        "source": "tv",
        "shortable": true,
        "exchange_name": "NASD",
        "market_cap": 3148.751,
        "existing": false
    },
    {
        "symbol": "CRNT",
        "company": "Ceragon Networks Ltd.",
        "change_pct": 11.88,
        "premarket": 2.26,
        "volume": 147089,
        "category": "g",
        "source": "tv",
        "shortable": true,
        "exchange_name": "NASD",
        "market_cap": 170.3997,
        "existing": false
    },
    {
        "symbol": "QLGN",
        "company": "Qualigen Therapeutics, Inc.",
        "change_pct": 11.5,
        "premarket": 1.26,
        "volume": 55363,
        "category": "g",
        "source": "tv",
        "shortable": true,
        "exchange_name": "NASD",
        "market_cap": 5.70928,
        "existing": false
    },
    {
        "symbol": "QUBT",
        "company": "Quantum Computing Inc.",
        "change_pct": 11.27,
        "premarket": 1.58,
        "volume": 5826000,
        "category": "g",
        "source": "tv",
        "shortable": false,
        "exchange_name": "NASD",
        "market_cap": 87.3472,
        "existing": false
    },
    {
        "symbol": "XTNT",
        "company": "Xtant Medical Holdings, Inc.",
        "change_pct": 11.24,
        "premarket": 1.03,
        "volume": 27151,
        "category": "g",
        "source": "tv",
        "shortable": false,
        "exchange_name": "AMEX",
        "market_cap": 107.517,
        "existing": false
    },
    {
        "symbol": "ROK",
        "company": "Rockwell Automation, Inc.",
        "change_pct": -9.9,
        "premarket": 303.0,
        "volume": 11840,
        "category": "l",
        "source": "tv",
        "shortable": true,
        "exchange_name": "NYSE",
        "market_cap": 38631.42,
        "existing": false
    },
    {
        "symbol": "SYM",
        "company": "Symbotic Inc.",
        "change_pct": -6.3,
        "premarket": 59.54,
        "volume": 55418,
        "category": "l",
        "source": "tv",
        "shortable": true,
        "exchange_name": "NASD",
        "market_cap": 35318.55,
        "existing": false
    },
    {
        "symbol": "ZBH",
        "company": "Zimmer Biomet Holdings, Inc.",
        "change_pct": -5.83,
        "premarket": 130.09,
        "volume": 30161,
        "category": "l",
        "source": "tv",
        "shortable": true,
        "exchange_name": "NYSE",
        "market_cap": 28813.85,
        "existing": false
    },
    {
        "symbol": "MPWR",
        "company": "Monolithic Power Systems, Inc.",
        "change_pct": -7.73,
        "premarket": 516.25,
        "volume": 3411,
        "category": "l",
        "source": "tv",
        "shortable": true,
        "exchange_name": "NASD",
        "market_cap": 26532.69,
        "existing": false
    },
    {
        "symbol": "HOLX",
        "company": "Hologic, Inc.",
        "change_pct": -7.96,
        "premarket": 73.1,
        "volume": 900,
        "category": "l",
        "source": "tv",
        "shortable": true,
        "exchange_name": "NASD",
        "market_cap": 19546.71,
        "existing": false
    },
    {
        "symbol": "WSO",
        "company": "Watsco, Inc.",
        "change_pct": -5.66,
        "premarket": 356.78,
        "volume": 100,
        "category": "l",
        "source": "tv",
        "shortable": true,
        "exchange_name": "NYSE",
        "market_cap": 16764.43,
        "existing": false
    },
    {
        "symbol": "ZBRA",
        "company": "Zebra Technologies Corporation",
        "change_pct": -19.31,
        "premarket": 248.5,
        "volume": 18378,
        "category": "l",
        "source": "tv",
        "shortable": true,
        "exchange_name": "NASD",
        "market_cap": 15838.49,
        "existing": false
    },
    {
        "symbol": "TAP",
        "company": "Molson Coors Beverage Company",
        "change_pct": -7.63,
        "premarket": 64.45,
        "volume": 95747,
        "category": "l",
        "source": "tv",
        "shortable": true,
        "exchange_name": "NYSE",
        "market_cap": 14161.71,
        "existing": false
    },
    {
        "symbol": "BURL",
        "company": "Burlington Stores, Inc.",
        "change_pct": -4.34,
        "premarket": 169.92,
        "volume": 4600,
        "category": "l",
        "source": "tv",
        "shortable": true,
        "exchange_name": "NYSE",
        "market_cap": 11524.76,
        "existing": false
    },
    {
        "symbol": "ZI",
        "company": "ZoomInfo Technologies Inc.",
        "change_pct": -19.12,
        "premarket": 20.68,
        "volume": 872342,
        "category": "l",
        "source": "tv",
        "shortable": true,
        "exchange_name": "NASD",
        "market_cap": 10287.54,
        "existing": false
    },
    {
        "symbol": "NCLH",
        "company": "Norwegian Cruise Line Holdings Ltd.",
        "change_pct": -10.74,
        "premarket": 19.7,
        "volume": 2725000,
        "category": "l",
        "source": "tv",
        "shortable": true,
        "exchange_name": "NYSE",
        "market_cap": 9361.324,
        "existing": false
    },
    {
        "symbol": "CAR",
        "company": "Avis Budget Group, Inc.",
        "change_pct": -4.53,
        "premarket": 210.3,
        "volume": 10548,
        "category": "l",
        "source": "tv",
        "shortable": true,
        "exchange_name": "NASD",
        "market_cap": 8759.246,
        "existing": false
    },
    {
        "symbol": "DV",
        "company": "DoubleVerify Holdings, Inc.",
        "change_pct": -12.71,
        "premarket": 36.75,
        "volume": 49919,
        "category": "l",
        "source": "tv",
        "shortable": true,
        "exchange_name": "NYSE",
        "market_cap": 7000.736,
        "existing": false
    },
    {
        "symbol": "RMBS",
        "company": "Rambus, Inc.",
        "change_pct": -16.39,
        "premarket": 52.35,
        "volume": 61494,
        "category": "l",
        "source": "tv",
        "shortable": true,
        "exchange_name": "NASD",
        "market_cap": 6814.797,
        "existing": false
    },
    {
        "symbol": "IGT",
        "company": "International Game Technology",
        "change_pct": -4.88,
        "premarket": 32.18,
        "volume": 1880,
        "category": "l",
        "source": "tv",
        "shortable": true,
        "exchange_name": "NYSE",
        "market_cap": 6755.31,
        "existing": false
    },
    {
        "symbol": "JOBY",
        "company": "Joby Aviation, Inc.",
        "change_pct": -4.45,
        "premarket": 8.55,
        "volume": 247410,
        "category": "l",
        "source": "tv",
        "shortable": true,
        "exchange_name": "NYSE",
        "market_cap": 6063.021,
        "existing": false
    },
    {
        "symbol": "HUN",
        "company": "Huntsman Corporation",
        "change_pct": -5.41,
        "premarket": 28.16,
        "volume": 3908,
        "category": "l",
        "source": "tv",
        "shortable": true,
        "exchange_name": "NYSE",
        "market_cap": 5393.833,
        "existing": false
    },
    {
        "symbol": "NSP",
        "company": "Insperity, Inc.",
        "change_pct": -14.15,
        "premarket": 101.0,
        "volume": 1700,
        "category": "l",
        "source": "tv",
        "shortable": true,
        "exchange_name": "NYSE",
        "market_cap": 4496.002,
        "existing": false
    },
    {
        "symbol": "IONQ",
        "company": "IonQ, Inc.",
        "change_pct": -4.31,
        "premarket": 18.42,
        "volume": 1246000,
        "category": "l",
        "source": "tv",
        "shortable": true,
        "exchange_name": "NYSE",
        "market_cap": 3869.795,
        "existing": false
    },
    {
        "symbol": "SANM",
        "company": "Sanmina Corporation",
        "change_pct": -4.2,
        "premarket": 58.88,
        "volume": 450,
        "category": "l",
        "source": "tv",
        "shortable": true,
        "exchange_name": "NASD",
        "market_cap": 3575.058,
        "existing": false
    },
    {
        "symbol": "CRK",
        "company": "Comstock Resources, Inc.",
        "change_pct": -7.45,
        "premarket": 11.8,
        "volume": 41300,
        "category": "l",
        "source": "tv",
        "shortable": true,
        "exchange_name": "NYSE",
        "market_cap": 3538.255,
        "existing": false
    },
    {
        "symbol": "SEAS",
        "company": "SeaWorld Entertainment, Inc.",
        "change_pct": -4.55,
        "premarket": 52.85,
        "volume": 1338,
        "category": "l",
        "source": "tv",
        "shortable": true,
        "exchange_name": "NYSE",
        "market_cap": 3537.417,
        "existing": false
    },
    {
        "symbol": "TGTX",
        "company": "TG Therapeutics, Inc.",
        "change_pct": -42.53,
        "premarket": 11.89,
        "volume": 3354000,
        "category": "l",
        "source": "tv",
        "shortable": true,
        "exchange_name": "NASD",
        "market_cap": 3091.004,
        "existing": false
    },
    {
        "symbol": "RVMD",
        "company": "Revolution Medicines, Inc.",
        "change_pct": -5.94,
        "premarket": 24.69,
        "volume": 18032,
        "category": "l",
        "source": "tv",
        "shortable": true,
        "exchange_name": "NASD",
        "market_cap": 2790.723,
        "existing": false
    },
    {
        "symbol": "JBLU",
        "company": "JetBlue Airways Corporation",
        "change_pct": -6.95,
        "premarket": 7.23,
        "volume": 1518000,
        "category": "l",
        "source": "tv",
        "shortable": true,
        "exchange_name": "NASD",
        "market_cap": 2547.791,
        "existing": false
    }
]