[
    {
        "symbol": "UFAB",
        "company": "Unique Fabricating, Inc.",
        "change_pct": 80.56,
        "premarket": 0.39,
        "volume": 25941000,
        "category": "g",
        "source": "tv",
        "shortable": true,
        "exchange_name": "AMEX",
        "market_cap": 25.81695,
        "existing": false
    },
    {
        "symbol": "RETA",
        "company": "Reata Pharmaceuticals, Inc.",
        "change_pct": 51.91,
        "premarket": 164.9,
        "volume": 1744000,
        "category": "g",
        "source": "tv",
        "shortable": true,
        "exchange_name": "NASD",
        "market_cap": 6278.226,
        "existing": false
    },
    {
        "symbol": "BJDX",
        "company": "Bluejay Diagnostics, Inc.",
        "change_pct": 35.89,
        "premarket": 7.27,
        "volume": 920353,
        "category": "g",
        "source": "tv",
        "shortable": false,
        "exchange_name": "NASD",
        "market_cap": 8.01278,
        "existing": false
    },
    {
        "symbol": "LIDR",
        "company": "AEye, Inc.",
        "change_pct": 27.27,
        "premarket": 0.2828,
        "volume": 9079000,
        "category": "g",
        "source": "tv",
        "shortable": true,
        "exchange_name": "NASD",
        "market_cap": 49.459,
        "existing": false
    },
    {
        "symbol": "GBNH",
        "company": "Greenbrook TMS Inc.",
        "change_pct": 27.07,
        "premarket": 0.629,
        "volume": 6824000,
        "category": "g",
        "source": "tv",
        "shortable": true,
        "exchange_name": "NASD",
        "market_cap": 20.61287,
        "existing": false
    },
    {
        "symbol": "SIGA",
        "company": "SIGA Technologies Inc.",
        "change_pct": 25.34,
        "premarket": 6.38,
        "volume": 3631000,
        "category": "g",
        "source": "tv",
        "shortable": true,
        "exchange_name": "NASD",
        "market_cap": 394.1113,
        "existing": false
    },
    {
        "symbol": "IFBD",
        "company": "Infobird Co., Ltd",
        "change_pct": 23.49,
        "premarket": 1.03,
        "volume": 4537000,
        "category": "g",
        "source": "tv",
        "shortable": true,
        "exchange_name": "NASD",
        "market_cap": 5.00077,
        "existing": false
    },
    {
        "symbol": "FIXX",
        "company": "Homology Medicines, Inc.",
        "change_pct": 23.4,
        "premarket": 1.16,
        "volume": 2910000,
        "category": "g",
        "source": "tv",
        "shortable": true,
        "exchange_name": "NASD",
        "market_cap": 76.86704,
        "existing": false
    },
    {
        "symbol": "INVO",
        "company": "INVO BioScience, Inc.",
        "change_pct": 22.21,
        "premarket": 4.6,
        "volume": 136735,
        "category": "g",
        "source": "tv",
        "shortable": true,
        "exchange_name": "NASD",
        "market_cap": 3.86486,
        "existing": false
    },
    {
        "symbol": "INPX",
        "company": "Inpixon",
        "change_pct": 21.34,
        "premarket": 0.2451,
        "volume": 10501000,
        "category": "g",
        "source": "tv",
        "shortable": true,
        "exchange_name": "NASD",
        "market_cap": 10.75782,
        "existing": false
    },
    {
        "symbol": "TUP",
        "company": "Tupperware Brands Corporation",
        "change_pct": 19.53,
        "premarket": 3.55,
        "volume": 13722000,
        "category": "g",
        "source": "tv",
        "shortable": true,
        "exchange_name": "NYSE",
        "market_cap": 136.9923,
        "existing": false
    },
    {
        "symbol": "LCA",
        "company": "Landcadia Holdings IV, Inc.",
        "change_pct": 18.87,
        "premarket": 12.16,
        "volume": 100,
        "category": "g",
        "source": "tv",
        "shortable": false,
        "exchange_name": "NASD",
        "market_cap": 141.624,
        "existing": false
    },
    {
        "symbol": "COUR",
        "company": "Coursera, Inc.",
        "change_pct": 17.22,
        "premarket": 15.25,
        "volume": 32626,
        "category": "g",
        "source": "tv",
        "shortable": true,
        "exchange_name": "NYSE",
        "market_cap": 2307.514,
        "existing": false
    },
    {
        "symbol": "CGEM",
        "company": "Cullinan Oncology, Inc.",
        "change_pct": 14.57,
        "premarket": 11.4,
        "volume": 100,
        "category": "g",
        "source": "tv",
        "shortable": true,
        "exchange_name": "NASD",
        "market_cap": 401.4814,
        "existing": false
    },
    {
        "symbol": "INDP",
        "company": "Indaptus Therapeutics, Inc.",
        "change_pct": 14.21,
        "premarket": 2.17,
        "volume": 2777,
        "category": "g",
        "source": "tv",
        "shortable": true,
        "exchange_name": "NASD",
        "market_cap": 16.80209,
        "existing": false
    },
    {
        "symbol": "BIOL",
        "company": "Biolase, Inc.",
        "change_pct": 13.66,
        "premarket": 8.07,
        "volume": 233692,
        "category": "g",
        "source": "tv",
        "shortable": true,
        "exchange_name": "NASD",
        "market_cap": 7.04498,
        "existing": false
    },
    {
        "symbol": "WNNR",
        "company": "Andretti Acquisition Corp.",
        "change_pct": 13.21,
        "premarket": 12.0,
        "volume": 100,
        "category": "g",
        "source": "tv",
        "shortable": false,
        "exchange_name": "NYSE",
        "market_cap": 305.6125,
        "existing": false
    },
    {
        "symbol": "BANL",
        "company": "CBL International Limited",
        "change_pct": 13.01,
        "premarket": 1.65,
        "volume": 2956,
        "category": "g",
        "source": "tv",
        "shortable": true,
        "exchange_name": "NASD",
        "market_cap": 39.61653,
        "existing": false
    },
    {
        "symbol": "AMSC",
        "company": "American Superconductor Corporation",
        "change_pct": 12.66,
        "premarket": 9.52,
        "volume": 102412,
        "category": "g",
        "source": "tv",
        "shortable": true,
        "exchange_name": "NASD",
        "market_cap": 297.8459,
        "existing": false
    },
    {
        "symbol": "FSLR",
        "company": "First Solar, Inc.",
        "change_pct": 12.3,
        "premarket": 223.26,
        "volume": 108134,
        "category": "g",
        "source": "tv",
        "shortable": true,
        "exchange_name": "NASD",
        "market_cap": 22262.47,
        "existing": false
    },
    {
        "symbol": "ASXC",
        "company": "Asensus Surgical, Inc.",
        "change_pct": 11.67,
        "premarket": 0.335,
        "volume": 451756,
        "category": "g",
        "source": "tv",
        "shortable": true,
        "exchange_name": "AMEX",
        "market_cap": 515.5128,
        "existing": false
    },
    {
        "symbol": "GIA",
        "company": "GigCapital 5, Inc.",
        "change_pct": 11.64,
        "premarket": 11.99,
        "volume": 100,
        "category": "g",
        "source": "tv",
        "shortable": false,
        "exchange_name": "NASD",
        "market_cap": 102.7174,
        "existing": false
    },
    {
        "symbol": "KERN",
        "company": "Akerna Corp.",
        "change_pct": 11.55,
        "premarket": 0.57,
        "volume": 6173,
        "category": "g",
        "source": "tv",
        "shortable": true,
        "exchange_name": "NASD",
        "market_cap": 3.06963,
        "existing": false
    },
    {
        "symbol": "SAM",
        "company": "Boston Beer Company, Inc. (The)",
        "change_pct": 11.16,
        "premarket": 348.5,
        "volume": 12333,
        "category": "g",
        "source": "tv",
        "shortable": true,
        "exchange_name": "NYSE",
        "market_cap": 4479.496,
        "existing": false
    },
    {
        "symbol": "TENX",
        "company": "Tenax Therapeutics, Inc.",
        "change_pct": 11.11,
        "premarket": 0.355,
        "volume": 6884,
        "category": "g",
        "source": "tv",
        "shortable": true,
        "exchange_name": "NASD",
        "market_cap": 6.96878,
        "existing": false
    },
    {
        "symbol": "ANET",
        "company": "Arista Networks, Inc.",
        "change_pct": -3.1,
        "premarket": 156.0,
        "volume": 29267,
        "category": "l",
        "source": "tv",
        "shortable": true,
        "exchange_name": "NYSE",
        "market_cap": 46578.45,
        "existing": false
    },
    {
        "symbol": "ENPH",
        "company": "Enphase Energy, Inc.",
        "change_pct": -10.08,
        "premarket": 149.99,
        "volume": 619459,
        "category": "l",
        "source": "tv",
        "shortable": true,
        "exchange_name": "NASD",
        "market_cap": 21043.72,
        "existing": false
    },
    {
        "symbol": "BEN",
        "company": "Franklin Resources, Inc.",
        "change_pct": -4.82,
        "premarket": 27.04,
        "volume": 265,
        "category": "l",
        "source": "tv",
        "shortable": true,
        "exchange_name": "NYSE",
        "market_cap": 14780.48,
        "existing": false
    },
    {
        "symbol": "AVTR",
        "company": "Avantor, Inc.",
        "change_pct": -7.53,
        "premarket": 21.11,
        "volume": 322594,
        "category": "l",
        "source": "tv",
        "shortable": true,
        "exchange_name": "NYSE",
        "market_cap": 14366.29,
        "existing": false
    },
    {
        "symbol": "DECK",
        "company": "Deckers Outdoor Corporation",
        "change_pct": -3.17,
        "premarket": 519.98,
        "volume": 4624,
        "category": "l",
        "source": "tv",
        "shortable": true,
        "exchange_name": "NYSE",
        "market_cap": 13957.37,
        "existing": false
    },
    {
        "symbol": "SEDG",
        "company": "SolarEdge Technologies, Inc.",
        "change_pct": -3.94,
        "premarket": 232.23,
        "volume": 56624,
        "category": "l",
        "source": "tv",
        "shortable": true,
        "exchange_name": "NASD",
        "market_cap": 13341.87,
        "existing": false
    },
    {
        "symbol": "JNPR",
        "company": "Juniper Networks, Inc.",
        "change_pct": -4.01,
        "premarket": 28.5,
        "volume": 44303,
        "category": "l",
        "source": "tv",
        "shortable": true,
        "exchange_name": "NYSE",
        "market_cap": 8885.59,
        "existing": false
    },
    {
        "symbol": "X",
        "company": "United States Steel Corporation",
        "change_pct": -3.12,
        "premarket": 24.25,
        "volume": 80632,
        "category": "l",
        "source": "tv",
        "shortable": true,
        "exchange_name": "NYSE",
        "market_cap": 5586.647,
        "existing": false
    },
    {
        "symbol": "CC",
        "company": "Chemours Company (The)",
        "change_pct": -3.4,
        "premarket": 36.66,
        "volume": 5897,
        "category": "l",
        "source": "tv",
        "shortable": true,
        "exchange_name": "NYSE",
        "market_cap": 5454.629,
        "existing": false
    },
    {
        "symbol": "WING",
        "company": "Wingstop Inc.",
        "change_pct": -4.58,
        "premarket": 170.81,
        "volume": 3665,
        "category": "l",
        "source": "tv",
        "shortable": true,
        "exchange_name": "NASD",
        "market_cap": 4933.775,
        "existing": false
    },
    {
        "symbol": "TPH",
        "company": "Tri Pointe Homes, Inc.",
        "change_pct": -4.34,
        "premarket": 28.63,
        "volume": 737,
        "category": "l",
        "source": "tv",
        "shortable": true,
        "exchange_name": "NYSE",
        "market_cap": 3074.768,
        "existing": false
    },
    {
        "symbol": "ARCB",
        "company": "ArcBest Corporation",
        "change_pct": -3.98,
        "premarket": 114.11,
        "volume": 1493,
        "category": "l",
        "source": "tv",
        "shortable": true,
        "exchange_name": "NASD",
        "market_cap": 2860.25,
        "existing": false
    },
    {
        "symbol": "CSTM",
        "company": "Constellium SE",
        "change_pct": -4.12,
        "premarket": 18.14,
        "volume": 20660,
        "category": "l",
        "source": "tv",
        "shortable": true,
        "exchange_name": "NYSE",
        "market_cap": 2788.11,
        "existing": false
    },
    {
        "symbol": "GOGO",
        "company": "Gogo Inc.",
        "change_pct": -6.21,
        "premarket": 16.3,
        "volume": 4134,
        "category": "l",
        "source": "tv",
        "shortable": true,
        "exchange_name": "NASD",
        "market_cap": 2034.231,
        "existing": false
    },
    {
        "symbol": "SG",
        "company": "Sweetgreen, Inc.",
        "change_pct": -7.18,
        "premarket": 14.34,
        "volume": 40173,
        "category": "l",
        "source": "tv",
        "shortable": false,
        "exchange_name": "NYSE",
        "market_cap": 1571.444,
        "existing": false
    },
    {
        "symbol": "SDA",
        "company": "SunCar Technology Group Inc.",
        "change_pct": -4.98,
        "premarket": 14.3,
        "volume": 10209,
        "category": "l",
        "source": "tv",
        "shortable": true,
        "exchange_name": "NASD",
        "market_cap": 1288.727,
        "existing": false
    },
    {
        "symbol": "SLCA",
        "company": "U.S. Silica Holdings, Inc.",
        "change_pct": -5.87,
        "premarket": 12.51,
        "volume": 4331,
        "category": "l",
        "source": "tv",
        "shortable": true,
        "exchange_name": "NYSE",
        "market_cap": 1011.079,
        "existing": false
    },
    {
        "symbol": "OBK",
        "company": "Origin Bancorp, Inc.",
        "change_pct": -4.11,
        "premarket": 31.25,
        "volume": 100,
        "category": "l",
        "source": "tv",
        "shortable": true,
        "exchange_name": "NYSE",
        "market_cap": 1003.46,
        "existing": false
    },
    {
        "symbol": "HZO",
        "company": "MarineMax, Inc. (FL)",
        "change_pct": -4.77,
        "premarket": 38.77,
        "volume": 999,
        "category": "l",
        "source": "tv",
        "shortable": true,
        "exchange_name": "NYSE",
        "market_cap": 856.2623,
        "existing": false
    },
    {
        "symbol": "SNBR",
        "company": "Sleep Number Corporation",
        "change_pct": -26.24,
        "premarket": 28.37,
        "volume": 57287,
        "category": "l",
        "source": "tv",
        "shortable": true,
        "exchange_name": "NASD",
        "market_cap": 602.7393,
        "existing": false
    },
    {
        "symbol": "CERS",
        "company": "Cerus Corporation",
        "change_pct": -6.76,
        "premarket": 2.62,
        "volume": 100,
        "category": "l",
        "source": "tv",
        "shortable": true,
        "exchange_name": "NASD",
        "market_cap": 532.629,
        "existing": false
    },
    {
        "symbol": "URGN",
        "company": "UroGen Pharma Ltd.",
        "change_pct": -7.83,
        "premarket": 16.49,
        "volume": 56452,
        "category": "l",
        "source": "tv",
        "shortable": true,
        "exchange_name": "NASD",
        "market_cap": 530.2875,
        "existing": false
    },
    {
        "symbol": "LOCO",
        "company": "El Pollo Loco Holdings, Inc.",
        "change_pct": -3.75,
        "premarket": 10.0,
        "volume": 2000,
        "category": "l",
        "source": "tv",
        "shortable": true,
        "exchange_name": "NASD",
        "market_cap": 386.5507,
        "existing": false
    },
    {
        "symbol": "TDUP",
        "company": "ThredUp Inc.",
        "change_pct": -3.32,
        "premarket": 3.2,
        "volume": 1300,
        "category": "l",
        "source": "tv",
        "shortable": true,
        "exchange_name": "NASD",
        "market_cap": 364.9396,
        "existing": false
    },
    {
        "symbol": "VAXX",
        "company": "Vaxxinity, Inc.",
        "change_pct": -5.38,
        "premarket": 2.32,
        "volume": 1000,
        "category": "l",
        "source": "tv",
        "shortable": false,
        "exchange_name": "NASD",
        "market_cap": 326.4727,
        "existing": false
    }
]