[
    {
        "symbol": "EVLO",
        "company": "Evelo Biosciences, Inc.",
        "change_pct": 100.2,
        "premarket": 0.2002,
        "volume": 18479100,
        "category": "g",
        "source": "tv",
        "fails": [
            "premarket"
        ],
        "shortable": true,
        "exchange_name": "NASD",
        "market_cap": 11.09301,
        "tradeable": false
    },
    {
        "symbol": "CFRX",
        "company": "ContraFect Corporation",
        "change_pct": 95.45,
        "premarket": 2.58,
        "volume": 9799100,
        "category": "g",
        "source": "tv",
        "fails": [],
        "shortable": true,
        "exchange_name": "NASD",
        "market_cap": 2.06701,
        "tradeable": true
    },
    {
        "symbol": "ATOM",
        "company": "Atomera Incorporated",
        "change_pct": 31.42,
        "premarket": 6.86,
        "volume": 788667,
        "category": "g",
        "source": "tv",
        "fails": [
            "existing"
        ],
        "shortable": true,
        "exchange_name": "NASD",
        "market_cap": 126.7424,
        "tradeable": false
    },
    {
        "symbol": "UCAR",
        "company": "U Power Limited",
        "change_pct": 26.54,
        "premarket": 5.15,
        "volume": 2125100,
        "category": "g",
        "source": "tv",
        "fails": [
            "existing"
        ],
        "shortable": true,
        "exchange_name": "NASD",
        "market_cap": 213.3358,
        "tradeable": false
    },
    {
        "symbol": "SYBX",
        "company": "Synlogic, Inc.",
        "change_pct": 25.34,
        "premarket": 0.6297,
        "volume": 500,
        "category": "g",
        "source": "tv",
        "fails": [
            "premarket",
            "shares_value"
        ],
        "shortable": false,
        "exchange_name": "NASD",
        "market_cap": 34.02656,
        "tradeable": false
    },
    {
        "symbol": "RNAZ",
        "company": "TransCode Therapeutics, Inc.",
        "change_pct": 19.43,
        "premarket": 0.4419,
        "volume": 1668100,
        "category": "g",
        "source": "tv",
        "fails": [
            "premarket"
        ],
        "shortable": false,
        "exchange_name": "NASD",
        "market_cap": 5.85471,
        "tradeable": false
    },
    {
        "symbol": "HCWB",
        "company": "HCW Biologics Inc.",
        "change_pct": 18.51,
        "premarket": 1.6,
        "volume": 277,
        "category": "g",
        "source": "tv",
        "fails": [
            "shares_value"
        ],
        "shortable": false,
        "exchange_name": "NASD",
        "market_cap": 48.44696,
        "tradeable": false
    },
    {
        "symbol": "RCRT",
        "company": "Recruiter.com Group, Inc.",
        "change_pct": 18.25,
        "premarket": 0.2585,
        "volume": 48168,
        "category": "g",
        "source": "tv",
        "fails": [
            "premarket"
        ],
        "shortable": false,
        "exchange_name": "NASD",
        "market_cap": 3.76212,
        "tradeable": false
    },
    {
        "symbol": "RPID",
        "company": "Rapid Micro Biosystems, Inc.",
        "change_pct": 16.59,
        "premarket": 1.14,
        "volume": 100,
        "category": "g",
        "source": "tv",
        "fails": [
            "shares_value"
        ],
        "shortable": false,
        "exchange_name": "NASD",
        "market_cap": 41.2519,
        "tradeable": false
    },
    {
        "symbol": "IMMX",
        "company": "Immix Biopharma, Inc.",
        "change_pct": 16.22,
        "premarket": 2.15,
        "volume": 381036,
        "category": "g",
        "source": "tv",
        "fails": [],
        "shortable": false,
        "exchange_name": "NASD",
        "market_cap": 25.71282,
        "tradeable": true
    },
    {
        "symbol": "NVOS",
        "company": "Novo Integrated Sciences, Inc.",
        "change_pct": 16.09,
        "premarket": 0.1277,
        "volume": 15639100,
        "category": "g",
        "source": "tv",
        "fails": [
            "premarket"
        ],
        "shortable": false,
        "exchange_name": "NASD",
        "market_cap": 15.86833,
        "tradeable": false
    },
    {
        "symbol": "BXRX",
        "company": "Baudax Bio, Inc.",
        "change_pct": -54.18,
        "premarket": 0.81,
        "volume": 1263100,
        "category": "l",
        "source": "tv",
        "fails": [
            "premarket"
        ],
        "shortable": true,
        "exchange_name": "NASD",
        "market_cap": 4.57669,
        "tradeable": false
    },
    {
        "symbol": "PI",
        "company": "Impinj, Inc.",
        "change_pct": -30.65,
        "premarket": 93.85,
        "volume": 109351,
        "category": "l",
        "source": "tv",
        "fails": [
            "existing"
        ],
        "shortable": true,
        "exchange_name": "NASD",
        "market_cap": 3506.818,
        "tradeable": false
    },
    {
        "symbol": "MBLY",
        "company": "Mobileye Global Inc.",
        "change_pct": -23.49,
        "premarket": 32.97,
        "volume": 1322100,
        "category": "l",
        "source": "tv",
        "fails": [
            "existing"
        ],
        "shortable": true,
        "exchange_name": "NASD",
        "market_cap": 34554.38,
        "tradeable": false
    },
    {
        "symbol": "NESR",
        "company": "National Energy Services Reunited Corp.",
        "change_pct": -20.42,
        "premarket": 2.63,
        "volume": 42767,
        "category": "l",
        "source": "tv",
        "fails": [
            "existing"
        ],
        "shortable": true,
        "exchange_name": "NASD",
        "market_cap": 301.9489,
        "tradeable": false
    },
    {
        "symbol": "FDMT",
        "company": "4D Molecular Therapeutics, Inc.",
        "change_pct": -14.92,
        "premarket": 17.5,
        "volume": 42756,
        "category": "l",
        "source": "tv",
        "fails": [
            "existing"
        ],
        "shortable": true,
        "exchange_name": "NASD",
        "market_cap": 683.6589,
        "tradeable": false
    },
    {
        "symbol": "WOLF",
        "company": "Wolfspeed, Inc.",
        "change_pct": -14.9,
        "premarket": 48.85,
        "volume": 237459,
        "category": "l",
        "source": "tv",
        "fails": [
            "existing"
        ],
        "shortable": true,
        "exchange_name": "NYSE",
        "market_cap": 7141.518,
        "tradeable": false
    },
    {
        "symbol": "PBLA",
        "company": "Panbela Therapeutics, Inc.",
        "change_pct": -14.29,
        "premarket": 0.48,
        "volume": 602124,
        "category": "l",
        "source": "tv",
        "fails": [
            "premarket",
            "is_shortable"
        ],
        "shortable": false,
        "exchange_name": "NASD",
        "market_cap": 8.17369,
        "tradeable": false
    },
    {
        "symbol": "NTGR",
        "company": "NETGEAR, Inc.",
        "change_pct": -13.79,
        "premarket": 14.5,
        "volume": 2493,
        "category": "l",
        "source": "tv",
        "fails": [
            "existing"
        ],
        "shortable": true,
        "exchange_name": "NASD",
        "market_cap": 488.6772,
        "tradeable": false
    },
    {
        "symbol": "ETAO",
        "company": "Etao International Co., Ltd.",
        "change_pct": -12.71,
        "premarket": 1.03,
        "volume": 159416,
        "category": "l",
        "source": "tv",
        "fails": [],
        "shortable": true,
        "exchange_name": "NASD",
        "market_cap": 120.7104,
        "tradeable": true
    },
    {
        "symbol": "MIMO",
        "company": "Airspan Networks Holdings Inc.",
        "change_pct": -12.68,
        "premarket": 0.4366,
        "volume": 200,
        "category": "l",
        "source": "tv",
        "fails": [
            "premarket",
            "shares_value",
            "is_shortable"
        ],
        "shortable": false,
        "exchange_name": "AMEX",
        "market_cap": 123.2392,
        "tradeable": false
    },
    {
        "symbol": "VCIG",
        "company": "VCI Global Limited",
        "change_pct": -11.39,
        "premarket": 2.1,
        "volume": 1322,
        "category": "l",
        "source": "tv",
        "fails": [
            "shares_value",
            "is_shortable"
        ],
        "shortable": false,
        "exchange_name": "NASD",
        "market_cap": 87.7003,
        "tradeable": false
    }
]