[
    {
        "symbol": "BLCM",
        "company": "Bellicum Pharmaceuticals, Inc.",
        "change_pct": 157.5,
        "premarket": 1.03,
        "volume": 13251100,
        "category": "g",
        "source": "tv",
        "shortable": true,
        "exchange_name": "NASD",
        "market_cap": 3.61852,
        "existing": false
    },
    {
        "symbol": "EZFL",
        "company": "EzFill Holdings, Inc.",
        "change_pct": 56.25,
        "premarket": 3.5,
        "volume": 1886100,
        "category": "g",
        "source": "tv",
        "shortable": false,
        "exchange_name": "NASD",
        "market_cap": 8.06529,
        "existing": false
    },
    {
        "symbol": "PACW",
        "company": "PacWest Bancorp",
        "change_pct": 31.08,
        "premarket": 7.55,
        "volume": 11032100,
        "category": "g",
        "source": "tv",
        "shortable": true,
        "exchange_name": "NASD",
        "market_cap": 692.6067,
        "existing": false
    },
    {
        "symbol": "CRKN",
        "company": "Crown Electrokinetics Corp.",
        "change_pct": 26.84,
        "premarket": 0.1394,
        "volume": 7855100,
        "category": "g",
        "source": "tv",
        "shortable": false,
        "exchange_name": "NASD",
        "market_cap": 4.80116,
        "existing": false
    },
    {
        "symbol": "TRVN",
        "company": "Trevena, Inc.",
        "change_pct": 24.44,
        "premarket": 0.784,
        "volume": 1951100,
        "category": "g",
        "source": "tv",
        "shortable": true,
        "exchange_name": "NASD",
        "market_cap": 6.04427,
        "existing": false
    },
    {
        "symbol": "SMX",
        "company": "SMX (Security Matters) Public Limited Company",
        "change_pct": 24.03,
        "premarket": 1.6,
        "volume": 3511100,
        "category": "g",
        "source": "tv",
        "shortable": false,
        "exchange_name": "NASD",
        "market_cap": 29.14577,
        "existing": false
    },
    {
        "symbol": "ANIP",
        "company": "ANI Pharmaceuticals, Inc.",
        "change_pct": 23.91,
        "premarket": 48.5,
        "volume": 2562,
        "category": "g",
        "source": "tv",
        "shortable": true,
        "exchange_name": "NASD",
        "market_cap": 701.694,
        "existing": false
    },
    {
        "symbol": "GTEC",
        "company": "Greenland Technologies Holding Corporation",
        "change_pct": 20.0,
        "premarket": 1.44,
        "volume": 310438,
        "category": "g",
        "source": "tv",
        "shortable": true,
        "exchange_name": "NASD",
        "market_cap": 15.5742,
        "existing": false
    },
    {
        "symbol": "ZS",
        "company": "Zscaler Inc",
        "change_pct": 19.49,
        "premarket": 106.9,
        "volume": 573626,
        "category": "g",
        "source": "tv",
        "shortable": true,
        "exchange_name": "NASD",
        "market_cap": 12982.44,
        "existing": false
    },
    {
        "symbol": "MEGL",
        "company": "Magic Empire Global Limited",
        "change_pct": 19.34,
        "premarket": 2.16,
        "volume": 1135100,
        "category": "g",
        "source": "tv",
        "shortable": true,
        "exchange_name": "NASD",
        "market_cap": 36.66354,
        "existing": false
    },
    {
        "symbol": "VVPR",
        "company": "VivoPower International PLC",
        "change_pct": 17.97,
        "premarket": 0.48,
        "volume": 12517,
        "category": "g",
        "source": "tv",
        "shortable": false,
        "exchange_name": "NASD",
        "market_cap": 9.63123,
        "existing": false
    },
    {
        "symbol": "RKDA",
        "company": "Arcadia Biosciences, Inc.",
        "change_pct": 17.09,
        "premarket": 7.4,
        "volume": 13130,
        "category": "g",
        "source": "tv",
        "shortable": true,
        "exchange_name": "NASD",
        "market_cap": 5.41986,
        "existing": false
    },
    {
        "symbol": "IMPP",
        "company": "Imperial Petroleum Inc.",
        "change_pct": 17.08,
        "premarket": 2.81,
        "volume": 420749,
        "category": "g",
        "source": "tv",
        "shortable": false,
        "exchange_name": "NASD",
        "market_cap": 39.02261,
        "existing": false
    },
    {
        "symbol": "TIRX",
        "company": "TIAN RUIXIANG Holdings Ltd",
        "change_pct": 17.07,
        "premarket": 2.4,
        "volume": 131979,
        "category": "g",
        "source": "tv",
        "shortable": false,
        "exchange_name": "NASD",
        "market_cap": 6.20073,
        "existing": false
    },
    {
        "symbol": "NSSC",
        "company": "NAPCO Security Technologies, Inc.",
        "change_pct": 16.58,
        "premarket": 31.92,
        "volume": 4672,
        "category": "g",
        "source": "tv",
        "shortable": true,
        "exchange_name": "NASD",
        "market_cap": 1006.098,
        "existing": false
    },
    {
        "symbol": "AWIN",
        "company": "AERWINS Technologies Inc.",
        "change_pct": 15.94,
        "premarket": 0.8,
        "volume": 1062,
        "category": "g",
        "source": "tv",
        "shortable": false,
        "exchange_name": "NASD",
        "market_cap": 38.7365,
        "existing": false
    },
    {
        "symbol": "LOB",
        "company": "Live Oak Bancshares, Inc.",
        "change_pct": 15.69,
        "premarket": 24.99,
        "volume": 100,
        "category": "g",
        "source": "tv",
        "shortable": true,
        "exchange_name": "NYSE",
        "market_cap": 956.6821,
        "existing": false
    },
    {
        "symbol": "WAL",
        "company": "Western Alliance Bancorporation",
        "change_pct": 15.61,
        "premarket": 31.4,
        "volume": 1384100,
        "category": "g",
        "source": "tv",
        "shortable": true,
        "exchange_name": "NYSE",
        "market_cap": 2974.125,
        "existing": false
    },
    {
        "symbol": "SIX",
        "company": "Six Flags Entertainment Corporation New",
        "change_pct": 15.02,
        "premarket": 25.81,
        "volume": 59061,
        "category": "g",
        "source": "tv",
        "shortable": true,
        "exchange_name": "NYSE",
        "market_cap": 1868.787,
        "existing": false
    },
    {
        "symbol": "GOCO",
        "company": "GoHealth, Inc.",
        "change_pct": 14.58,
        "premarket": 11.16,
        "volume": 100,
        "category": "g",
        "source": "tv",
        "shortable": true,
        "exchange_name": "NASD",
        "market_cap": 214.6255,
        "existing": false
    },
    {
        "symbol": "SOND",
        "company": "Sonder Holdings Inc.",
        "change_pct": 14.52,
        "premarket": 0.4836,
        "volume": 430,
        "category": "g",
        "source": "tv",
        "shortable": true,
        "exchange_name": "NASD",
        "market_cap": 92.60315,
        "existing": false
    },
    {
        "symbol": "IDEX",
        "company": "Ideanomics, Inc.",
        "change_pct": 13.62,
        "premarket": 0.0484,
        "volume": 23827100,
        "category": "g",
        "source": "tv",
        "shortable": true,
        "exchange_name": "NASD",
        "market_cap": 33.52715,
        "existing": false
    },
    {
        "symbol": "LILM",
        "company": "Lilium N.V.",
        "change_pct": 13.34,
        "premarket": 0.926,
        "volume": 1061100,
        "category": "g",
        "source": "tv",
        "shortable": true,
        "exchange_name": "NASD",
        "market_cap": 324.9908,
        "existing": false
    },
    {
        "symbol": "BJDX",
        "company": "Bluejay Diagnostics, Inc.",
        "change_pct": 11.91,
        "premarket": 0.3693,
        "volume": 572,
        "category": "g",
        "source": "tv",
        "shortable": false,
        "exchange_name": "NASD",
        "market_cap": 6.75149,
        "existing": false
    },
    {
        "symbol": "ASTC",
        "company": "Astrotech Corporation",
        "change_pct": 11.79,
        "premarket": 11.57,
        "volume": 597,
        "category": "g",
        "source": "tv",
        "shortable": true,
        "exchange_name": "NASD",
        "market_cap": 17.49616,
        "existing": false
    },
    {
        "symbol": "FRBK",
        "company": "Republic First Bancorp, Inc.",
        "change_pct": 11.43,
        "premarket": 0.78,
        "volume": 53544,
        "category": "g",
        "source": "tv",
        "shortable": true,
        "exchange_name": "NASD",
        "market_cap": 44.70696,
        "existing": false
    },
    {
        "symbol": "DATS",
        "company": "DatChat, Inc.",
        "change_pct": 10.62,
        "premarket": 0.3875,
        "volume": 410,
        "category": "g",
        "source": "tv",
        "shortable": false,
        "exchange_name": "NASD",
        "market_cap": 7.08781,
        "existing": false
    },
    {
        "symbol": "USGO",
        "company": "U.S. GoldMining Inc.",
        "change_pct": 10.47,
        "premarket": 11.5,
        "volume": 11045,
        "category": "g",
        "source": "tv",
        "shortable": true,
        "exchange_name": "NASD",
        "market_cap": 126.3254,
        "existing": false
    },
    {
        "symbol": "ALBT",
        "company": "Avalon GloboCare Corp.",
        "change_pct": 10.42,
        "premarket": 2.12,
        "volume": 691,
        "category": "g",
        "source": "tv",
        "shortable": true,
        "exchange_name": "NASD",
        "market_cap": 19.51547,
        "existing": false
    },
    {
        "symbol": "ANGH",
        "company": "Anghami Inc.",
        "change_pct": 10.0,
        "premarket": 1.54,
        "volume": 100,
        "category": "g",
        "source": "tv",
        "shortable": true,
        "exchange_name": "NASD",
        "market_cap": 36.40792,
        "existing": false
    },
    {
        "symbol": "ALPP",
        "company": "Alpine 4 Holdings, Inc.",
        "change_pct": 10.0,
        "premarket": 0.33,
        "volume": 300,
        "category": "g",
        "source": "tv",
        "shortable": false,
        "exchange_name": "NASD",
        "market_cap": 54.0112,
        "existing": false
    },
    {
        "symbol": "SGHT",
        "company": "Sight Sciences, Inc.",
        "change_pct": 10.0,
        "premarket": 11.0,
        "volume": 455,
        "category": "g",
        "source": "tv",
        "shortable": false,
        "exchange_name": "NASD",
        "market_cap": 484.5219,
        "existing": false
    },
    {
        "symbol": "MCB",
        "company": "Metropolitan Bank Holding Corp.",
        "change_pct": 9.99,
        "premarket": 25.39,
        "volume": 17295,
        "category": "g",
        "source": "tv",
        "shortable": true,
        "exchange_name": "NYSE",
        "market_cap": 258.7562,
        "existing": false
    },
    {
        "symbol": "ACIU",
        "company": "AC Immune SA",
        "change_pct": 9.83,
        "premarket": 2.29,
        "volume": 200,
        "category": "g",
        "source": "tv",
        "shortable": true,
        "exchange_name": "NASD",
        "market_cap": 174.3485,
        "existing": false
    },
    {
        "symbol": "UPXI",
        "company": "Upexi, Inc.",
        "change_pct": 9.79,
        "premarket": 4.6,
        "volume": 80954,
        "category": "g",
        "source": "tv",
        "shortable": false,
        "exchange_name": "NASD",
        "market_cap": 75.25553,
        "existing": false
    },
    {
        "symbol": "VNTR",
        "company": "Venator Materials PLC",
        "change_pct": 9.38,
        "premarket": 0.35,
        "volume": 100,
        "category": "g",
        "source": "tv",
        "shortable": false,
        "exchange_name": "NYSE",
        "market_cap": 34.56,
        "existing": false
    },
    {
        "symbol": "REBN",
        "company": "Reborn Coffee, Inc.",
        "change_pct": 9.21,
        "premarket": 1.07,
        "volume": 1000,
        "category": "g",
        "source": "tv",
        "shortable": false,
        "exchange_name": "NASD",
        "market_cap": 12.89657,
        "existing": false
    },
    {
        "symbol": "SPRB",
        "company": "Spruce Biosciences, Inc.",
        "change_pct": 9.13,
        "premarket": 2.51,
        "volume": 100,
        "category": "g",
        "source": "tv",
        "shortable": false,
        "exchange_name": "NASD",
        "market_cap": 91.41607,
        "existing": false
    },
    {
        "symbol": "SPRY",
        "company": "ARS Pharmaceuticals, Inc.",
        "change_pct": 9.03,
        "premarket": 6.88,
        "volume": 401,
        "category": "g",
        "source": "tv",
        "shortable": true,
        "exchange_name": "NASD",
        "market_cap": 596.9307,
        "existing": false
    },
    {
        "symbol": "RCRT",
        "company": "Recruiter.com Group, Inc.",
        "change_pct": 8.92,
        "premarket": 0.237,
        "volume": 3368,
        "category": "g",
        "source": "tv",
        "shortable": false,
        "exchange_name": "NASD",
        "market_cap": 3.74491,
        "existing": false
    }
]