[
    {
        "symbol": "EDTX",
        "company": "EdtechX Holdings Acquisition Corp. II Class A",
        "premarket": 19.52,
        "change_pct": 73.51,
        "volume": 318000,
        "category": "g",
        "source": "cnn",
        "shortable": false,
        "exchange_name": "NASD",
        "market_cap": 35.43422,
        "existing": false
    },
    {
        "symbol": "LEJU",
        "company": "Leju Holdings Ltd. Sponsored ADR",
        "premarket": 3.75,
        "change_pct": 28.42,
        "volume": 2000100,
        "category": "g",
        "source": "cnn",
        "shortable": true,
        "exchange_name": "NYSE",
        "market_cap": 40.0544,
        "existing": false
    },
    {
        "symbol": "MVIS",
        "company": "MicroVision, Inc.",
        "premarket": 5.46,
        "change_pct": 18.7,
        "volume": 3000100,
        "category": "g",
        "source": "cnn",
        "shortable": true,
        "exchange_name": "NASD",
        "market_cap": 811.997,
        "existing": false
    },
    {
        "symbol": "DFLI",
        "company": "Dragonfly Energy Holdings Corp",
        "premarket": 2.98,
        "change_pct": 16.41,
        "volume": 3000100,
        "category": "g",
        "source": "cnn",
        "shortable": true,
        "exchange_name": "NASD",
        "market_cap": 117.4669,
        "existing": false
    },
    {
        "symbol": "VSTM",
        "company": "Verastem, Inc.",
        "premarket": 10.81,
        "change_pct": 15.99,
        "volume": 27000,
        "category": "g",
        "source": "cnn",
        "shortable": true,
        "exchange_name": "NASD",
        "market_cap": 156.0111,
        "existing": false
    },
    {
        "symbol": "IDN",
        "company": "Intellicheck Inc",
        "premarket": 2.8,
        "change_pct": 11.11,
        "volume": 17,
        "category": "g",
        "source": "cnn",
        "shortable": true,
        "exchange_name": "NASD",
        "market_cap": 48.51484,
        "existing": false
    },
    {
        "symbol": "ARBB",
        "company": "ARB IOT Group Limited",
        "premarket": 3.74,
        "change_pct": 10.98,
        "volume": 51,
        "category": "g",
        "source": "cnn",
        "shortable": true,
        "exchange_name": "NASD",
        "market_cap": 88.4625,
        "existing": false
    },
    {
        "symbol": "PAHC",
        "company": "Phibro Animal Health Corporation Class A",
        "premarket": 15.0,
        "change_pct": 9.89,
        "volume": 125,
        "category": "g",
        "source": "cnn",
        "shortable": true,
        "exchange_name": "NASD",
        "market_cap": 552.8743,
        "existing": false
    },
    {
        "symbol": "CCEL",
        "company": "Cryo-Cell International, Inc.",
        "premarket": 5.85,
        "change_pct": 9.55,
        "volume": 252,
        "category": "g",
        "source": "cnn",
        "shortable": false,
        "exchange_name": "AMEX",
        "market_cap": 0.0,
        "existing": false
    },
    {
        "symbol": "DMAC",
        "company": "DiaMedica Therapeutics Inc.",
        "premarket": 3.45,
        "change_pct": 9.18,
        "volume": 15,
        "category": "g",
        "source": "cnn",
        "shortable": true,
        "exchange_name": "NASD",
        "market_cap": 85.11058,
        "existing": false
    },
    {
        "symbol": "NAOV",
        "company": "NanoVibronix, Inc.",
        "premarket": 3.7,
        "change_pct": 9.14,
        "volume": 33,
        "category": "g",
        "source": "cnn",
        "shortable": true,
        "exchange_name": "NASD",
        "market_cap": 5.6353,
        "existing": false
    },
    {
        "symbol": "EDTX",
        "company": "EdtechX Holdings Acquisition Corp. II Class A",
        "premarket": 19.52,
        "change_pct": -73.51,
        "volume": 318000,
        "category": "l",
        "source": "cnn",
        "shortable": false,
        "exchange_name": "NASD",
        "market_cap": 35.43422,
        "existing": false
    },
    {
        "symbol": "LEJU",
        "company": "Leju Holdings Ltd. Sponsored ADR",
        "premarket": 3.75,
        "change_pct": -28.42,
        "volume": 2000100,
        "category": "l",
        "source": "cnn",
        "shortable": true,
        "exchange_name": "NYSE",
        "market_cap": 40.0544,
        "existing": false
    },
    {
        "symbol": "MVIS",
        "company": "MicroVision, Inc.",
        "premarket": 5.46,
        "change_pct": -18.7,
        "volume": 3000100,
        "category": "l",
        "source": "cnn",
        "shortable": true,
        "exchange_name": "NASD",
        "market_cap": 811.997,
        "existing": false
    },
    {
        "symbol": "DFLI",
        "company": "Dragonfly Energy Holdings Corp",
        "premarket": 2.98,
        "change_pct": -16.41,
        "volume": 3000100,
        "category": "l",
        "source": "cnn",
        "shortable": true,
        "exchange_name": "NASD",
        "market_cap": 117.4669,
        "existing": false
    },
    {
        "symbol": "VSTM",
        "company": "Verastem, Inc.",
        "premarket": 10.81,
        "change_pct": -15.99,
        "volume": 27000,
        "category": "l",
        "source": "cnn",
        "shortable": true,
        "exchange_name": "NASD",
        "market_cap": 156.0111,
        "existing": false
    },
    {
        "symbol": "IDN",
        "company": "Intellicheck Inc",
        "premarket": 2.8,
        "change_pct": -11.11,
        "volume": 17,
        "category": "l",
        "source": "cnn",
        "shortable": true,
        "exchange_name": "NASD",
        "market_cap": 48.51484,
        "existing": false
    },
    {
        "symbol": "ARBB",
        "company": "ARB IOT Group Limited",
        "premarket": 3.74,
        "change_pct": -10.98,
        "volume": 51,
        "category": "l",
        "source": "cnn",
        "shortable": true,
        "exchange_name": "NASD",
        "market_cap": 88.4625,
        "existing": false
    },
    {
        "symbol": "PAHC",
        "company": "Phibro Animal Health Corporation Class A",
        "premarket": 15.0,
        "change_pct": -9.89,
        "volume": 125,
        "category": "l",
        "source": "cnn",
        "shortable": true,
        "exchange_name": "NASD",
        "market_cap": 552.8743,
        "existing": false
    },
    {
        "symbol": "CCEL",
        "company": "Cryo-Cell International, Inc.",
        "premarket": 5.85,
        "change_pct": -9.55,
        "volume": 252,
        "category": "l",
        "source": "cnn",
        "shortable": false,
        "exchange_name": "AMEX",
        "market_cap": 0.0,
        "existing": false
    },
    {
        "symbol": "DMAC",
        "company": "DiaMedica Therapeutics Inc.",
        "premarket": 3.45,
        "change_pct": -9.18,
        "volume": 15,
        "category": "l",
        "source": "cnn",
        "shortable": true,
        "exchange_name": "NASD",
        "market_cap": 85.11058,
        "existing": false
    },
    {
        "symbol": "NAOV",
        "company": "NanoVibronix, Inc.",
        "premarket": 3.7,
        "change_pct": -9.14,
        "volume": 33,
        "category": "l",
        "source": "cnn",
        "shortable": true,
        "exchange_name": "NASD",
        "market_cap": 5.6353,
        "existing": false
    }
]