[
    {
        "symbol": "MEGL",
        "company": "Magic Empire Global Limited",
        "change_pct": 350.43,
        "premarket": 4.18,
        "volume": 17219100,
        "category": "g",
        "source": "tv",
        "fails": [],
        "shortable": true,
        "exchange_name": "NASD",
        "market_cap": 18.79766,
        "tradeable": true
    },
    {
        "symbol": "TOP",
        "company": "TOP Financial Group Limited",
        "change_pct": 247.7,
        "premarket": 69.54,
        "volume": 484462,
        "category": "g",
        "source": "tv",
        "fails": [
            "existing"
        ],
        "shortable": false,
        "exchange_name": "NASD",
        "market_cap": 701.0,
        "tradeable": false
    },
    {
        "symbol": "TPST",
        "company": "Tempest Therapeutics, Inc.",
        "change_pct": 87.21,
        "premarket": 3.22,
        "volume": 969715,
        "category": "g",
        "source": "tv",
        "fails": [],
        "shortable": true,
        "exchange_name": "NASD",
        "market_cap": 18.16612,
        "tradeable": true
    },
    {
        "symbol": "TCJH",
        "company": "Top KingWin Ltd",
        "change_pct": 67.15,
        "premarket": 7.99,
        "volume": 996416,
        "category": "g",
        "source": "tv",
        "fails": [
            "existing"
        ],
        "shortable": false,
        "exchange_name": "NASD",
        "market_cap": 70.505,
        "tradeable": false
    },
    {
        "symbol": "AGBA",
        "company": "AGBA Group Holding Limited",
        "change_pct": 64.5,
        "premarket": 2.78,
        "volume": 2490100,
        "category": "g",
        "source": "tv",
        "fails": [],
        "shortable": true,
        "exchange_name": "NASD",
        "market_cap": 100.6851,
        "tradeable": true
    },
    {
        "symbol": "GSUN",
        "company": "Golden Sun Education Group Limited",
        "change_pct": 56.86,
        "premarket": 1.62,
        "volume": 4224100,
        "category": "g",
        "source": "tv",
        "fails": [],
        "shortable": false,
        "exchange_name": "NASD",
        "market_cap": 18.95755,
        "tradeable": true
    },
    {
        "symbol": "SIEB",
        "company": "Siebert Financial Corp.",
        "change_pct": 36.18,
        "premarket": 2.71,
        "volume": 4423100,
        "category": "g",
        "source": "tv",
        "fails": [],
        "shortable": true,
        "exchange_name": "NASD",
        "market_cap": 64.6856,
        "tradeable": true
    },
    {
        "symbol": "VEDU",
        "company": "Visionary Education Technology Holdings Group Inc.",
        "change_pct": 32.11,
        "premarket": 0.715,
        "volume": 3041,
        "category": "g",
        "source": "tv",
        "fails": [
            "premarket",
            "shares_value"
        ],
        "shortable": false,
        "exchange_name": "NASD",
        "market_cap": 21.2421,
        "tradeable": false
    },
    {
        "symbol": "BAOS",
        "company": "Baosheng Media Group Holdings Limited",
        "change_pct": 27.5,
        "premarket": 4.08,
        "volume": 7237,
        "category": "g",
        "source": "tv",
        "fails": [
            "existing"
        ],
        "shortable": false,
        "exchange_name": "NASD",
        "market_cap": 4.8783,
        "tradeable": false
    },
    {
        "symbol": "PBTS",
        "company": "Powerbridge Technologies Co., Ltd.",
        "change_pct": 25.37,
        "premarket": 0.0677,
        "volume": 10458100,
        "category": "g",
        "source": "tv",
        "fails": [
            "premarket"
        ],
        "shortable": true,
        "exchange_name": "NASD",
        "market_cap": 12.18721,
        "tradeable": false
    },
    {
        "symbol": "ATXG",
        "company": "Addentax Group Corp.",
        "change_pct": 24.48,
        "premarket": 0.89,
        "volume": 1285100,
        "category": "g",
        "source": "tv",
        "fails": [
            "premarket"
        ],
        "shortable": false,
        "exchange_name": "NASD",
        "market_cap": 25.35009,
        "tradeable": false
    },
    {
        "symbol": "HILS",
        "company": "Hillstream BioPharma, Inc.",
        "change_pct": -58.1,
        "premarket": 0.46,
        "volume": 1266100,
        "category": "l",
        "source": "tv",
        "fails": [
            "premarket",
            "is_shortable"
        ],
        "shortable": false,
        "exchange_name": "NASD",
        "market_cap": 12.55042,
        "tradeable": false
    },
    {
        "symbol": "NET",
        "company": "Cloudflare, Inc.",
        "change_pct": -25.44,
        "premarket": 44.42,
        "volume": 889095,
        "category": "l",
        "source": "tv",
        "fails": [],
        "shortable": true,
        "exchange_name": "NYSE",
        "market_cap": 19773.44,
        "tradeable": true
    },
    {
        "symbol": "CNTG",
        "company": "Centogene N.V.",
        "change_pct": -20.66,
        "premarket": 0.96,
        "volume": 86183,
        "category": "l",
        "source": "tv",
        "fails": [
            "premarket",
            "is_shortable"
        ],
        "shortable": false,
        "exchange_name": "NASD",
        "market_cap": 27.30724,
        "tradeable": false
    },
    {
        "symbol": "EHTH",
        "company": "eHealth, Inc.",
        "change_pct": -20.26,
        "premarket": 4.88,
        "volume": 164441,
        "category": "l",
        "source": "tv",
        "fails": [],
        "shortable": true,
        "exchange_name": "NASD",
        "market_cap": 168.9957,
        "tradeable": true
    },
    {
        "symbol": "NDRA",
        "company": "ENDRA Life Sciences Inc.",
        "change_pct": -20.16,
        "premarket": 1.03,
        "volume": 114520,
        "category": "l",
        "source": "tv",
        "fails": [],
        "shortable": true,
        "exchange_name": "NASD",
        "market_cap": 4.08814,
        "tradeable": true
    },
    {
        "symbol": "SFR",
        "company": "Appreciate Holdings, Inc.",
        "change_pct": -19.24,
        "premarket": 0.7349,
        "volume": 83672,
        "category": "l",
        "source": "tv",
        "fails": [
            "premarket",
            "is_shortable"
        ],
        "shortable": false,
        "exchange_name": "NASD",
        "market_cap": 50.63796,
        "tradeable": false
    },
    {
        "symbol": "BLCM",
        "company": "Bellicum Pharmaceuticals, Inc.",
        "change_pct": -18.02,
        "premarket": 0.3402,
        "volume": 57937,
        "category": "l",
        "source": "tv",
        "fails": [
            "premarket"
        ],
        "shortable": true,
        "exchange_name": "NASD",
        "market_cap": 3.75421,
        "tradeable": false
    },
    {
        "symbol": "SNAP",
        "company": "Snap Inc.",
        "change_pct": -18.0,
        "premarket": 8.61,
        "volume": 4243100,
        "category": "l",
        "source": "tv",
        "fails": [],
        "shortable": true,
        "exchange_name": "NYSE",
        "market_cap": 16604.02,
        "tradeable": true
    },
    {
        "symbol": "AYX",
        "company": "Alteryx, Inc.",
        "change_pct": -17.13,
        "premarket": 42.28,
        "volume": 99303,
        "category": "l",
        "source": "tv",
        "fails": [],
        "shortable": true,
        "exchange_name": "NYSE",
        "market_cap": 3547.105,
        "tradeable": true
    },
    {
        "symbol": "GETR",
        "company": "Getaround, Inc.",
        "change_pct": -16.68,
        "premarket": 0.395,
        "volume": 402633,
        "category": "l",
        "source": "tv",
        "fails": [
            "premarket",
            "is_shortable"
        ],
        "shortable": false,
        "exchange_name": "NYSE",
        "market_cap": 43.65796,
        "tradeable": false
    },
    {
        "symbol": "SLQT",
        "company": "SelectQuote, Inc.",
        "change_pct": -15.59,
        "premarket": 0.92,
        "volume": 313285,
        "category": "l",
        "source": "tv",
        "fails": [
            "premarket"
        ],
        "shortable": true,
        "exchange_name": "NYSE",
        "market_cap": 181.4978,
        "tradeable": false
    }
]