[
    {
        "symbol": "BGLC",
        "company": "BioNexus Gene Lab Corp",
        "change_pct": 316.94,
        "premarket": 12.8,
        "volume": 7100000,
        "category": "g",
        "source": "tv",
        "shortable": true,
        "exchange_name": "NASDAQ",
        "market_cap": 4976573,
        "existing": false
    },
    {
        "symbol": "CLRO",
        "company": "ClearOne, Inc.",
        "change_pct": 127.13,
        "premarket": 13.06,
        "volume": 6130000,
        "category": "g",
        "source": "tv",
        "shortable": true,
        "exchange_name": "NASDAQ",
        "market_cap": 9565425,
        "existing": false
    },
    {
        "symbol": "WOLF",
        "company": "Wolfspeed, Inc.",
        "change_pct": 85.73,
        "premarket": 0.7407,
        "volume": 44790000,
        "category": "g",
        "source": "tv",
        "shortable": true,
        "exchange_name": "NYSE",
        "market_cap": 64289398,
        "existing": false
    },
    {
        "symbol": "GPUS",
        "company": "Hyperscale Data, Inc.",
        "change_pct": 57.86,
        "premarket": 2.21,
        "volume": 47440000,
        "category": "g",
        "source": "tv",
        "shortable": true,
        "exchange_name": "NYSE American",
        "market_cap": 16015616,
        "existing": false
    },
    {
        "symbol": "VVOS",
        "company": "Vivos Therapeutics, Inc.",
        "change_pct": 44.62,
        "premarket": 4.57,
        "volume": 9220000,
        "category": "g",
        "source": "tv",
        "shortable": true,
        "exchange_name": "NASDAQ",
        "market_cap": 19317625,
        "existing": false
    },
    {
        "symbol": "BMNR",
        "company": "BitMine Immersion Technologies, Inc.",
        "change_pct": 40.41,
        "premarket": 47.6,
        "volume": 2270000,
        "category": "g",
        "source": "tv",
        "shortable": true,
        "exchange_name": "NYSE American",
        "market_cap": 26273125,
        "existing": false
    },
    {
        "symbol": "TRNR",
        "company": "Interactive Strength Inc.",
        "change_pct": 31.82,
        "premarket": 7.7,
        "volume": 6840000,
        "category": "g",
        "source": "tv",
        "shortable": true,
        "exchange_name": "NASDAQ",
        "market_cap": 5118907,
        "existing": false
    },
    {
        "symbol": "ATAI",
        "company": "ATAI Life Sciences N.V.",
        "change_pct": 29.22,
        "premarket": 2.83,
        "volume": 7970000,
        "category": "g",
        "source": "tv",
        "shortable": true,
        "exchange_name": "NASDAQ",
        "market_cap": 441656105,
        "existing": false
    },
    {
        "symbol": "NEHC",
        "company": "New Era Helium Inc",
        "change_pct": 23.98,
        "premarket": 0.61,
        "volume": 3750000,
        "category": "g",
        "source": "tv",
        "shortable": true,
        "exchange_name": "NASDAQ",
        "market_cap": 7439662,
        "existing": false
    },
    {
        "symbol": "PWM",
        "company": "Prestige Wealth Inc.",
        "change_pct": 21.64,
        "premarket": 0.43,
        "volume": 11920000,
        "category": "g",
        "source": "tv",
        "shortable": true,
        "exchange_name": "NASDAQ",
        "market_cap": 11153790,
        "existing": false
    },
    {
        "symbol": "CHRO",
        "company": "Channel Therapeutics Corporation",
        "change_pct": 17.46,
        "premarket": 1.48,
        "volume": 3040,
        "category": "g",
        "source": "tv",
        "shortable": true,
        "exchange_name": "NYSE American",
        "market_cap": 8754759,
        "existing": false
    },
    {
        "symbol": "SNGX",
        "company": "Soligenix, Inc.",
        "change_pct": 16.79,
        "premarket": 1.53,
        "volume": 22940000,
        "category": "g",
        "source": "tv",
        "shortable": true,
        "exchange_name": "NASDAQ",
        "market_cap": 4439510,
        "existing": false
    },
    {
        "symbol": "ENFY",
        "company": "Enlightify Inc.",
        "change_pct": 16.44,
        "premarket": 1.28,
        "volume": 2500,
        "category": "g",
        "source": "tv",
        "shortable": true,
        "exchange_name": "NYSE",
        "market_cap": 18212112,
        "existing": false
    },
    {
        "symbol": "JWEL",
        "company": "Jowell Global Ltd.",
        "change_pct": 14.57,
        "premarket": 2.28,
        "volume": 313,
        "category": "g",
        "source": "tv",
        "shortable": true,
        "exchange_name": "NASDAQ",
        "market_cap": 4319245,
        "existing": false
    },
    {
        "symbol": "METC",
        "company": "Ramaco Resources, Inc.",
        "change_pct": 12.71,
        "premarket": 14.81,
        "volume": 105170,
        "category": "g",
        "source": "tv",
        "shortable": true,
        "exchange_name": "NASDAQ",
        "market_cap": 616884341,
        "existing": false
    },
    {
        "symbol": "LIXT",
        "company": "Lixte Biotechnology Holdings, Inc.",
        "change_pct": 12.71,
        "premarket": 1.02,
        "volume": 37650,
        "category": "g",
        "source": "tv",
        "shortable": true,
        "exchange_name": "NASDAQ",
        "market_cap": 1970145,
        "existing": false
    },
    {
        "symbol": "MB",
        "company": "MasterBeef Group",
        "change_pct": 12.21,
        "premarket": 9.65,
        "volume": 4880,
        "category": "g",
        "source": "tv",
        "shortable": true,
        "exchange_name": "NASDAQ",
        "market_cap": 148733850,
        "existing": false
    },
    {
        "symbol": "BRLS",
        "company": "Borealis Foods Inc.",
        "change_pct": 10.66,
        "premarket": 4.05,
        "volume": 700,
        "category": "g",
        "source": "tv",
        "shortable": true,
        "exchange_name": "NASDAQ",
        "market_cap": 85099770,
        "existing": false
    },
    {
        "symbol": "BTAI",
        "company": "BioXcel Therapeutics, Inc.",
        "change_pct": 10.5,
        "premarket": 2.0,
        "volume": 29310,
        "category": "g",
        "source": "tv",
        "shortable": true,
        "exchange_name": "NASDAQ",
        "market_cap": 10719201,
        "existing": false
    },
    {
        "symbol": "HBNB",
        "company": "JVSPAC Acquisition Corp.",
        "change_pct": 10.16,
        "premarket": 4.01,
        "volume": 317190,
        "category": "g",
        "source": "tv",
        "shortable": true,
        "exchange_name": "NASDAQ",
        "market_cap": 82242875,
        "existing": false
    },
    {
        "symbol": "TSLA",
        "company": "Tesla, Inc.",
        "change_pct": -5.75,
        "premarket": 299.4,
        "volume": 4060000,
        "category": "l",
        "source": "tv",
        "shortable": true,
        "exchange_name": "NASDAQ",
        "market_cap": 1042398058565,
        "existing": false
    },
    {
        "symbol": "WBD",
        "company": "Warner Bros. Discovery, Inc. - Series A",
        "change_pct": -4.8,
        "premarket": 10.91,
        "volume": 2660000,
        "category": "l",
        "source": "tv",
        "shortable": true,
        "exchange_name": "NASDAQ",
        "market_cap": 27957047533,
        "existing": false
    },
    {
        "symbol": "APG",
        "company": "APi Group Corporation",
        "change_pct": -33.3,
        "premarket": 34.05,
        "volume": 1660,
        "category": "l",
        "source": "tv",
        "shortable": true,
        "exchange_name": "NYSE",
        "market_cap": 14082848561,
        "existing": false
    },
    {
        "symbol": "AVAV",
        "company": "AeroVironment, Inc.",
        "change_pct": -7.36,
        "premarket": 263.99,
        "volume": 35730,
        "category": "l",
        "source": "tv",
        "shortable": true,
        "exchange_name": "NASDAQ",
        "market_cap": 12660739545,
        "existing": false
    },
    {
        "symbol": "KARO",
        "company": "Karooooo Ltd.",
        "change_pct": -4.98,
        "premarket": 46.54,
        "volume": 120,
        "category": "l",
        "source": "tv",
        "shortable": true,
        "exchange_name": "NASDAQ",
        "market_cap": 1474846142,
        "existing": false
    },
    {
        "symbol": "AMC",
        "company": "AMC Entertainment Holdings, Inc.",
        "change_pct": -6.44,
        "premarket": 2.9,
        "volume": 1620000,
        "category": "l",
        "source": "tv",
        "shortable": true,
        "exchange_name": "NYSE",
        "market_cap": 1329750732,
        "existing": false
    },
    {
        "symbol": "TNDM",
        "company": "Tandem Diabetes Care, Inc.",
        "change_pct": -7.67,
        "premarket": 17.21,
        "volume": 23170,
        "category": "l",
        "source": "tv",
        "shortable": true,
        "exchange_name": "NASDAQ",
        "market_cap": 1261540481,
        "existing": false
    },
    {
        "symbol": "BOW",
        "company": "Bowhead Specialty Holdings Inc.",
        "change_pct": -4.98,
        "premarket": 35.66,
        "volume": 100,
        "category": "l",
        "source": "tv",
        "shortable": true,
        "exchange_name": "NYSE",
        "market_cap": 1222424558,
        "existing": false
    },
    {
        "symbol": "DYN",
        "company": "Dyne Therapeutics, Inc.",
        "change_pct": -11.55,
        "premarket": 8.42,
        "volume": 504260,
        "category": "l",
        "source": "tv",
        "shortable": true,
        "exchange_name": "NASDAQ",
        "market_cap": 1087789151,
        "existing": false
    },
    {
        "symbol": "ECVT",
        "company": "Ecovyst Inc.",
        "change_pct": -8.87,
        "premarket": 7.5,
        "volume": 10990,
        "category": "l",
        "source": "tv",
        "shortable": true,
        "exchange_name": "NYSE",
        "market_cap": 1007296375,
        "existing": false
    },
    {
        "symbol": "ADSE",
        "company": "ADS-TEC ENERGY PLC",
        "change_pct": -6.45,
        "premarket": 12.91,
        "volume": 387,
        "category": "l",
        "source": "tv",
        "shortable": true,
        "exchange_name": "NASDAQ",
        "market_cap": 726666128,
        "existing": false
    },
    {
        "symbol": "NAMM",
        "company": "Namib Minerals",
        "change_pct": -8.07,
        "premarket": 6.95,
        "volume": 2550,
        "category": "l",
        "source": "tv",
        "shortable": true,
        "exchange_name": "NASDAQ",
        "market_cap": 520970977,
        "existing": false
    },
    {
        "symbol": "ARKO",
        "company": "ARKO Corp.",
        "change_pct": -5.45,
        "premarket": 4.0,
        "volume": 140,
        "category": "l",
        "source": "tv",
        "shortable": true,
        "exchange_name": "NASDAQ",
        "market_cap": 496843268,
        "existing": false
    },
    {
        "symbol": "EHAB",
        "company": "Enhabit, Inc.",
        "change_pct": -8.09,
        "premarket": 8.86,
        "volume": 12260,
        "category": "l",
        "source": "tv",
        "shortable": true,
        "exchange_name": "NYSE",
        "market_cap": 484093706,
        "existing": false
    },
    {
        "symbol": "RAPP",
        "company": "Rapport Therapeutics, Inc.",
        "change_pct": -9.85,
        "premarket": 10.25,
        "volume": 850,
        "category": "l",
        "source": "tv",
        "shortable": true,
        "exchange_name": "NASDAQ",
        "market_cap": 417167053,
        "existing": false
    },
    {
        "symbol": "SPIR",
        "company": "Spire Global, Inc.",
        "change_pct": -9.52,
        "premarket": 10.77,
        "volume": 1120,
        "category": "l",
        "source": "tv",
        "shortable": true,
        "exchange_name": "NYSE",
        "market_cap": 358313878,
        "existing": false
    },
    {
        "symbol": "ALDX",
        "company": "Aldeyra Therapeutics, Inc.",
        "change_pct": -5.22,
        "premarket": 3.63,
        "volume": 166,
        "category": "l",
        "source": "tv",
        "shortable": true,
        "exchange_name": "NASDAQ",
        "market_cap": 227004278,
        "existing": false
    },
    {
        "symbol": "SDM",
        "company": "Smart Digital Group Limited",
        "change_pct": -7.49,
        "premarket": 10.55,
        "volume": 1300,
        "category": "l",
        "source": "tv",
        "shortable": true,
        "exchange_name": "NASDAQ",
        "market_cap": 214334500,
        "existing": false
    },
    {
        "symbol": "YAAS",
        "company": "Youxin Technology Ltd",
        "change_pct": -5.76,
        "premarket": 3.93,
        "volume": 5010,
        "category": "l",
        "source": "tv",
        "shortable": true,
        "exchange_name": "NASDAQ",
        "market_cap": 150975000,
        "existing": false
    },
    {
        "symbol": "RCT",
        "company": "RedCloud Holdings plc",
        "change_pct": -16.33,
        "premarket": 2.51,
        "volume": 54190,
        "category": "l",
        "source": "tv",
        "shortable": true,
        "exchange_name": "NASDAQ",
        "market_cap": 143294297,
        "existing": false
    }
]