[
    {
        "symbol": "DWSN",
        "company": "Dawson Geophysical Company",
        "change_pct": 335.04,
        "premarket": 5.96,
        "volume": 10800000,
        "category": "g",
        "source": "tv",
        "shortable": true,
        "exchange_name": "NASDAQ",
        "market_cap": 42448301,
        "existing": false
    },
    {
        "symbol": "SRM",
        "company": "SRM Entertainment, Inc.",
        "change_pct": 185.52,
        "premarket": 4.14,
        "volume": 14700000,
        "category": "g",
        "source": "tv",
        "shortable": true,
        "exchange_name": "NASDAQ",
        "market_cap": 25003234,
        "existing": false
    },
    {
        "symbol": "SONM",
        "company": "Sonim Technologies, Inc.",
        "change_pct": 144.14,
        "premarket": 2.27,
        "volume": 17530000,
        "category": "g",
        "source": "tv",
        "shortable": true,
        "exchange_name": "NASDAQ",
        "market_cap": 8555613,
        "existing": false
    },
    {
        "symbol": "STAK",
        "company": "STAK Inc.",
        "change_pct": 114.87,
        "premarket": 4.19,
        "volume": 7890000,
        "category": "g",
        "source": "tv",
        "shortable": true,
        "exchange_name": "NASDAQ",
        "market_cap": 17369270,
        "existing": false
    },
    {
        "symbol": "OP",
        "company": "OceanPal Inc.",
        "change_pct": 95.03,
        "premarket": 3.14,
        "volume": 33300000,
        "category": "g",
        "source": "tv",
        "shortable": true,
        "exchange_name": "NASDAQ",
        "market_cap": 12083021,
        "existing": false
    },
    {
        "symbol": "RGC",
        "company": "Regencell Bioscience Holdings Limited",
        "change_pct": 94.88,
        "premarket": 30.52,
        "volume": 130400,
        "category": "g",
        "source": "tv",
        "shortable": true,
        "exchange_name": "NASDAQ",
        "market_cap": 7743956556,
        "existing": false
    },
    {
        "symbol": "BATL",
        "company": "Battalion Oil Corporation",
        "change_pct": 88.41,
        "premarket": 3.09,
        "volume": 14230000,
        "category": "g",
        "source": "tv",
        "shortable": true,
        "exchange_name": "NYSE American",
        "market_cap": 26988763,
        "existing": false
    },
    {
        "symbol": "TMDE",
        "company": "TMD Energy Limited",
        "change_pct": 80.92,
        "premarket": 2.37,
        "volume": 29550000,
        "category": "g",
        "source": "tv",
        "shortable": true,
        "exchange_name": "NYSE American",
        "market_cap": 30870150,
        "existing": false
    },
    {
        "symbol": "LSE",
        "company": "Leishen Energy Holding Co., Ltd.",
        "change_pct": 62.55,
        "premarket": 8.29,
        "volume": 2580000,
        "category": "g",
        "source": "tv",
        "shortable": true,
        "exchange_name": "NASDAQ",
        "market_cap": 86827500,
        "existing": false
    },
    {
        "symbol": "KWM",
        "company": "K Wave Media, Ltd.",
        "change_pct": 47.59,
        "premarket": 4.28,
        "volume": 3070000,
        "category": "g",
        "source": "tv",
        "shortable": true,
        "exchange_name": "NASDAQ",
        "market_cap": 183414241,
        "existing": false
    },
    {
        "symbol": "SATS",
        "company": "EchoStar Corporation",
        "change_pct": 43.56,
        "premarket": 24.18,
        "volume": 509640,
        "category": "g",
        "source": "tv",
        "shortable": true,
        "exchange_name": "NASDAQ",
        "market_cap": 4839456297,
        "existing": false
    },
    {
        "symbol": "SAGE",
        "company": "Sage Therapeutics, Inc.",
        "change_pct": 34.64,
        "premarket": 9.02,
        "volume": 3910000,
        "category": "g",
        "source": "tv",
        "shortable": true,
        "exchange_name": "NASDAQ",
        "market_cap": 419558649,
        "existing": false
    },
    {
        "symbol": "HCTI",
        "company": "Healthcare Triangle, Inc.",
        "change_pct": 34.48,
        "premarket": 0.0273,
        "volume": 245790000,
        "category": "g",
        "source": "tv",
        "shortable": true,
        "exchange_name": "NASDAQ",
        "market_cap": 8291445,
        "existing": false
    },
    {
        "symbol": "AIRO",
        "company": "AIRO Group Holdings, Inc.",
        "change_pct": 27.67,
        "premarket": 30.64,
        "volume": 854490,
        "category": "g",
        "source": "tv",
        "shortable": true,
        "exchange_name": "NASDAQ",
        "market_cap": 621679344,
        "existing": false
    },
    {
        "symbol": "SSII",
        "company": "SS Innovations International Inc.",
        "change_pct": 22.88,
        "premarket": 4.35,
        "volume": 7750,
        "category": "g",
        "source": "tv",
        "shortable": true,
        "exchange_name": "NASDAQ",
        "market_cap": 685358053,
        "existing": false
    },
    {
        "symbol": "BRN",
        "company": "Barnwell Industries, Inc.",
        "change_pct": 18.08,
        "premarket": 2.09,
        "volume": 9450000,
        "category": "g",
        "source": "tv",
        "shortable": true,
        "exchange_name": "NYSE American",
        "market_cap": 17794755,
        "existing": false
    },
    {
        "symbol": "CWD",
        "company": "CaliberCos Inc.",
        "change_pct": 17.95,
        "premarket": 4.14,
        "volume": 4420,
        "category": "g",
        "source": "tv",
        "shortable": true,
        "exchange_name": "NASDAQ",
        "market_cap": 4570206,
        "existing": false
    },
    {
        "symbol": "APDN",
        "company": "Applied DNA Sciences, Inc.",
        "change_pct": 17.22,
        "premarket": 5.48,
        "volume": 200,
        "category": "g",
        "source": "tv",
        "shortable": true,
        "exchange_name": "NASDAQ",
        "market_cap": 2431000,
        "existing": false
    },
    {
        "symbol": "NEON",
        "company": "Neonode Inc.",
        "change_pct": 17.13,
        "premarket": 19.69,
        "volume": 61130,
        "category": "g",
        "source": "tv",
        "shortable": true,
        "exchange_name": "NASDAQ",
        "market_cap": 282120918,
        "existing": false
    },
    {
        "symbol": "SBET",
        "company": "SharpLink Gaming, Inc.",
        "change_pct": 15.31,
        "premarket": 10.62,
        "volume": 2480000,
        "category": "g",
        "source": "tv",
        "shortable": true,
        "exchange_name": "NASDAQ",
        "market_cap": 560954363,
        "existing": false
    },
    {
        "symbol": "SRPT",
        "company": "Sarepta Therapeutics, Inc.",
        "change_pct": -40.02,
        "premarket": 21.7,
        "volume": 2540000,
        "category": "l",
        "source": "tv",
        "shortable": true,
        "exchange_name": "NASDAQ",
        "market_cap": 3555663017,
        "existing": false
    },
    {
        "symbol": "ALVO",
        "company": "Alvotech",
        "change_pct": -4.21,
        "premarket": 9.33,
        "volume": 4720,
        "category": "l",
        "source": "tv",
        "shortable": true,
        "exchange_name": "NASDAQ",
        "market_cap": 2955819003,
        "existing": false
    },
    {
        "symbol": "HTLD",
        "company": "Heartland Express, Inc.",
        "change_pct": -3.94,
        "premarket": 8.36,
        "volume": 500,
        "category": "l",
        "source": "tv",
        "shortable": true,
        "exchange_name": "NASDAQ",
        "market_cap": 683416024,
        "existing": false
    },
    {
        "symbol": "KALV",
        "company": "KalVista Pharmaceuticals, Inc.",
        "change_pct": -5.86,
        "premarket": 12.2,
        "volume": 30720,
        "category": "l",
        "source": "tv",
        "shortable": true,
        "exchange_name": "NASDAQ",
        "market_cap": 644314642,
        "existing": false
    },
    {
        "symbol": "MAX",
        "company": "MediaAlpha, Inc.",
        "change_pct": -5.33,
        "premarket": 10.31,
        "volume": 200,
        "category": "l",
        "source": "tv",
        "shortable": true,
        "exchange_name": "NYSE",
        "market_cap": 608703584,
        "existing": false
    },
    {
        "symbol": "MTUS",
        "company": "Metallus Inc.",
        "change_pct": -19.2,
        "premarket": 11.32,
        "volume": 1590,
        "category": "l",
        "source": "tv",
        "shortable": true,
        "exchange_name": "NYSE",
        "market_cap": 588745984,
        "existing": false
    },
    {
        "symbol": "SAFX",
        "company": "XCF Global, Inc.",
        "change_pct": -10.0,
        "premarket": 3.15,
        "volume": 23800,
        "category": "l",
        "source": "tv",
        "shortable": true,
        "exchange_name": "NASDAQ",
        "market_cap": 539951765,
        "existing": false
    },
    {
        "symbol": "ACIC",
        "company": "American Coastal Insurance Corporation",
        "change_pct": -4.6,
        "premarket": 9.95,
        "volume": 100,
        "category": "l",
        "source": "tv",
        "shortable": true,
        "exchange_name": "NASDAQ",
        "market_cap": 504326087,
        "existing": false
    },
    {
        "symbol": "LAB",
        "company": "Standard BioTools Inc.",
        "change_pct": -4.76,
        "premarket": 1.0,
        "volume": 139,
        "category": "l",
        "source": "tv",
        "shortable": true,
        "exchange_name": "NASDAQ",
        "market_cap": 398813381,
        "existing": false
    },
    {
        "symbol": "GROY",
        "company": "Gold Royalty Corp.",
        "change_pct": -8.3,
        "premarket": 2.1,
        "volume": 285750,
        "category": "l",
        "source": "tv",
        "shortable": true,
        "exchange_name": "NYSE American",
        "market_cap": 390415891,
        "existing": false
    },
    {
        "symbol": "KULR",
        "company": "KULR Technology Group, Inc.",
        "change_pct": -20.8,
        "premarket": 0.91,
        "volume": 2780000,
        "category": "l",
        "source": "tv",
        "shortable": true,
        "exchange_name": "NYSE American",
        "market_cap": 351438813,
        "existing": false
    },
    {
        "symbol": "SLDB",
        "company": "Solid Biosciences Inc.",
        "change_pct": -9.09,
        "premarket": 4.1,
        "volume": 44140,
        "category": "l",
        "source": "tv",
        "shortable": true,
        "exchange_name": "NASDAQ",
        "market_cap": 349594350,
        "existing": false
    },
    {
        "symbol": "BROG",
        "company": "Brooge Energy Limited",
        "change_pct": -4.99,
        "premarket": 2.53,
        "volume": 11670,
        "category": "l",
        "source": "tv",
        "shortable": true,
        "exchange_name": "NASDAQ",
        "market_cap": 291503688,
        "existing": false
    },
    {
        "symbol": "LPRO",
        "company": "Open Lending Corporation",
        "change_pct": -4.85,
        "premarket": 1.96,
        "volume": 34800,
        "category": "l",
        "source": "tv",
        "shortable": true,
        "exchange_name": "NASDAQ",
        "market_cap": 246760027,
        "existing": false
    },
    {
        "symbol": "EUDA",
        "company": "Euda Health Holdings Limited",
        "change_pct": -8.36,
        "premarket": 3.4,
        "volume": 8690,
        "category": "l",
        "source": "tv",
        "shortable": true,
        "exchange_name": "NASDAQ",
        "market_cap": 137837811,
        "existing": false
    },
    {
        "symbol": "VNTG",
        "company": "Vantage Corp",
        "change_pct": -5.81,
        "premarket": 4.05,
        "volume": 8950,
        "category": "l",
        "source": "tv",
        "shortable": true,
        "exchange_name": "NYSE American",
        "market_cap": 134375000,
        "existing": false
    },
    {
        "symbol": "KBSX",
        "company": "FST Corp.",
        "change_pct": -11.86,
        "premarket": 1.56,
        "volume": 12980,
        "category": "l",
        "source": "tv",
        "shortable": true,
        "exchange_name": "NASDAQ",
        "market_cap": 108296442,
        "existing": false
    },
    {
        "symbol": "CSBR",
        "company": "Champions Oncology, Inc.",
        "change_pct": -4.96,
        "premarket": 7.28,
        "volume": 200,
        "category": "l",
        "source": "tv",
        "shortable": true,
        "exchange_name": "NASDAQ",
        "market_cap": 104992333,
        "existing": false
    },
    {
        "symbol": "PHOE",
        "company": "Phoenix Asia Holdings Limited",
        "change_pct": -11.89,
        "premarket": 4.15,
        "volume": 280,
        "category": "l",
        "source": "tv",
        "shortable": true,
        "exchange_name": "NASDAQ",
        "market_cap": 101736000,
        "existing": false
    },
    {
        "symbol": "BAER",
        "company": "Bridger Aerospace Group Holdings, Inc.",
        "change_pct": -3.91,
        "premarket": 1.72,
        "volume": 500,
        "category": "l",
        "source": "tv",
        "shortable": true,
        "exchange_name": "NASDAQ",
        "market_cap": 97953536,
        "existing": false
    }
]