[
    {
        "symbol": "NGMS",
        "company": "NeoGames S.A.",
        "change_pct": 113.86,
        "premarket": 27.46,
        "volume": 160747,
        "category": "g",
        "source": "tv",
        "shortable": false,
        "exchange_name": "NASD",
        "market_cap": 438.3949,
        "existing": false
    },
    {
        "symbol": "LMFA",
        "company": "LM Funding America, Inc.",
        "change_pct": 49.41,
        "premarket": 1.11,
        "volume": 5450100,
        "category": "g",
        "source": "tv",
        "shortable": false,
        "exchange_name": "NASD",
        "market_cap": 9.72596,
        "existing": false
    },
    {
        "symbol": "WISA",
        "company": "WiSA Technologies, Inc.",
        "change_pct": 48.1,
        "premarket": 2.34,
        "volume": 6575100,
        "category": "g",
        "source": "tv",
        "shortable": true,
        "exchange_name": "NASD",
        "market_cap": 6.00709,
        "existing": false
    },
    {
        "symbol": "MGOL",
        "company": "MGO Global Inc.",
        "change_pct": 36.67,
        "premarket": 1.64,
        "volume": 5209099,
        "category": "g",
        "source": "tv",
        "shortable": false,
        "exchange_name": "NASD",
        "market_cap": 17.08985,
        "existing": false
    },
    {
        "symbol": "MIND",
        "company": "MIND Technology, Inc.",
        "change_pct": 29.24,
        "premarket": 0.5299,
        "volume": 1517100,
        "category": "g",
        "source": "tv",
        "shortable": false,
        "exchange_name": "NASD",
        "market_cap": 5.65338,
        "existing": false
    },
    {
        "symbol": "BNMV",
        "company": "BitNile Metaverse, Inc.",
        "change_pct": 27.21,
        "premarket": 1.7,
        "volume": 58466,
        "category": "g",
        "source": "tv",
        "shortable": false,
        "exchange_name": "NASD",
        "market_cap": 1.67617,
        "existing": false
    },
    {
        "symbol": "ALGS",
        "company": "Aligos Therapeutics, Inc.",
        "change_pct": 25.69,
        "premarket": 1.37,
        "volume": 2142100,
        "category": "g",
        "source": "tv",
        "shortable": true,
        "exchange_name": "NASD",
        "market_cap": 46.8047,
        "existing": false
    },
    {
        "symbol": "EFSH",
        "company": "1847 Holdings LLC",
        "change_pct": 24.89,
        "premarket": 0.687,
        "volume": 29103,
        "category": "g",
        "source": "tv",
        "shortable": false,
        "exchange_name": "AMEX",
        "market_cap": 5.99428,
        "existing": false
    },
    {
        "symbol": "OMH",
        "company": "Ohmyhome Limited",
        "change_pct": 19.72,
        "premarket": 22.1,
        "volume": 99868,
        "category": "g",
        "source": "tv",
        "shortable": true,
        "exchange_name": "NASD",
        "market_cap": 351.663,
        "existing": false
    },
    {
        "symbol": "PRSO",
        "company": "Peraso Inc.",
        "change_pct": 15.73,
        "premarket": 0.4165,
        "volume": 141875,
        "category": "g",
        "source": "tv",
        "shortable": true,
        "exchange_name": "NASD",
        "market_cap": 5.13563,
        "existing": false
    },
    {
        "symbol": "MMP",
        "company": "Magellan Midstream Partners L.P. Limited Partnership",
        "change_pct": 15.14,
        "premarket": 63.8,
        "volume": 249514,
        "category": "g",
        "source": "tv",
        "shortable": true,
        "exchange_name": "NYSE",
        "market_cap": 11198.12,
        "existing": false
    },
    {
        "symbol": "TIVC",
        "company": "Tivic Health Systems, Inc.",
        "change_pct": 15.13,
        "premarket": 0.2047,
        "volume": 1682100,
        "category": "g",
        "source": "tv",
        "shortable": false,
        "exchange_name": "NASD",
        "market_cap": 5.2767,
        "existing": false
    },
    {
        "symbol": "MNDY",
        "company": "monday.com Ltd.",
        "change_pct": 14.92,
        "premarket": 150.66,
        "volume": 52535,
        "category": "g",
        "source": "tv",
        "shortable": true,
        "exchange_name": "NASD",
        "market_cap": 6258.435,
        "existing": false
    },
    {
        "symbol": "DPSI",
        "company": "DecisionPoint Systems, Inc.",
        "change_pct": 14.65,
        "premarket": 7.12,
        "volume": 1606,
        "category": "g",
        "source": "tv",
        "shortable": false,
        "exchange_name": "AMEX",
        "market_cap": 52.71423,
        "existing": false
    },
    {
        "symbol": "STRC",
        "company": "Sarcos Technology and Robotics Corporation",
        "change_pct": 14.26,
        "premarket": 0.3999,
        "volume": 2361,
        "category": "g",
        "source": "tv",
        "shortable": true,
        "exchange_name": "NASD",
        "market_cap": 54.00204,
        "existing": false
    },
    {
        "symbol": "CVKD",
        "company": "Cadrenal Therapeutics, Inc.",
        "change_pct": 14.12,
        "premarket": 1.6,
        "volume": 350,
        "category": "g",
        "source": "tv",
        "shortable": true,
        "exchange_name": "NASD",
        "market_cap": 16.41186,
        "existing": false
    },
    {
        "symbol": "IPDN",
        "company": "Professional Diversity Network, Inc.",
        "change_pct": 13.62,
        "premarket": 5.09,
        "volume": 695,
        "category": "g",
        "source": "tv",
        "shortable": true,
        "exchange_name": "NASD",
        "market_cap": 46.00749,
        "existing": false
    },
    {
        "symbol": "NNBR",
        "company": "NN, Inc.",
        "change_pct": 13.39,
        "premarket": 1.44,
        "volume": 400,
        "category": "g",
        "source": "tv",
        "shortable": true,
        "exchange_name": "NASD",
        "market_cap": 57.9802,
        "existing": false
    },
    {
        "symbol": "NCRA",
        "company": "Nocera, Inc.",
        "change_pct": 13.16,
        "premarket": 1.72,
        "volume": 200,
        "category": "g",
        "source": "tv",
        "shortable": false,
        "exchange_name": "NASD",
        "market_cap": 14.05025,
        "existing": false
    },
    {
        "symbol": "BRTX",
        "company": "BioRestorative Therapies, Inc.",
        "change_pct": 13.0,
        "premarket": 5.65,
        "volume": 3902,
        "category": "g",
        "source": "tv",
        "shortable": false,
        "exchange_name": "NASD",
        "market_cap": 18.8377,
        "existing": false
    },
    {
        "symbol": "ALLG",
        "company": "Allego N.V.",
        "change_pct": 12.92,
        "premarket": 2.36,
        "volume": 1237,
        "category": "g",
        "source": "tv",
        "shortable": false,
        "exchange_name": "NYSE",
        "market_cap": 558.4012,
        "existing": false
    },
    {
        "symbol": "CPIX",
        "company": "Cumberland Pharmaceuticals Inc.",
        "change_pct": 12.73,
        "premarket": 1.86,
        "volume": 43177,
        "category": "g",
        "source": "tv",
        "shortable": true,
        "exchange_name": "NASD",
        "market_cap": 23.80958,
        "existing": false
    },
    {
        "symbol": "RMTI",
        "company": "Rockwell Medical, Inc.",
        "change_pct": 12.24,
        "premarket": 2.75,
        "volume": 9899,
        "category": "g",
        "source": "tv",
        "shortable": true,
        "exchange_name": "NASD",
        "market_cap": 30.75405,
        "existing": false
    },
    {
        "symbol": "MOVE",
        "company": "Movano Inc.",
        "change_pct": 12.2,
        "premarket": 1.38,
        "volume": 784,
        "category": "g",
        "source": "tv",
        "shortable": true,
        "exchange_name": "NASD",
        "market_cap": 50.97939,
        "existing": false
    },
    {
        "symbol": "TIO",
        "company": "Tingo Group, Inc.",
        "change_pct": 11.38,
        "premarket": 3.23,
        "volume": 769134,
        "category": "g",
        "source": "tv",
        "shortable": true,
        "exchange_name": "NASD",
        "market_cap": 474.8094,
        "existing": false
    },
    {
        "symbol": "TLS",
        "company": "Telos Corporation",
        "change_pct": 10.72,
        "premarket": 2.47,
        "volume": 27441,
        "category": "g",
        "source": "tv",
        "shortable": true,
        "exchange_name": "NASD",
        "market_cap": 156.3443,
        "existing": false
    },
    {
        "symbol": "NMTC",
        "company": "NeuroOne Medical Technologies Corporation",
        "change_pct": 10.69,
        "premarket": 1.45,
        "volume": 41172,
        "category": "g",
        "source": "tv",
        "shortable": false,
        "exchange_name": "NASD",
        "market_cap": 21.2819,
        "existing": false
    },
    {
        "symbol": "SOND",
        "company": "Sonder Holdings Inc.",
        "change_pct": 10.34,
        "premarket": 0.32,
        "volume": 2948,
        "category": "g",
        "source": "tv",
        "shortable": true,
        "exchange_name": "NASD",
        "market_cap": 63.59203,
        "existing": false
    },
    {
        "symbol": "NSPR",
        "company": "InspireMD Inc.",
        "change_pct": 10.34,
        "premarket": 1.6,
        "volume": 179630,
        "category": "g",
        "source": "tv",
        "shortable": true,
        "exchange_name": "NASD",
        "market_cap": 12.07364,
        "existing": false
    },
    {
        "symbol": "AGS",
        "company": "PlayAGS, Inc.",
        "change_pct": 10.19,
        "premarket": 5.84,
        "volume": 12294,
        "category": "g",
        "source": "tv",
        "shortable": true,
        "exchange_name": "NYSE",
        "market_cap": 200.9594,
        "existing": false
    },
    {
        "symbol": "PIII",
        "company": "P3 Health Partners Inc.",
        "change_pct": 9.89,
        "premarket": 2.89,
        "volume": 4277,
        "category": "g",
        "source": "tv",
        "shortable": false,
        "exchange_name": "NASD",
        "market_cap": 822.5613,
        "existing": false
    },
    {
        "symbol": "SD",
        "company": "SandRidge Energy, Inc.",
        "change_pct": 9.84,
        "premarket": 16.3,
        "volume": 25759,
        "category": "g",
        "source": "tv",
        "shortable": true,
        "exchange_name": "NYSE",
        "market_cap": 547.6188,
        "existing": false
    },
    {
        "symbol": "YOSH",
        "company": "Yoshiharu Global Co.",
        "change_pct": 9.61,
        "premarket": 1.0,
        "volume": 16986,
        "category": "g",
        "source": "tv",
        "shortable": false,
        "exchange_name": "NASD",
        "market_cap": 11.80516,
        "existing": false
    },
    {
        "symbol": "ADIL",
        "company": "Adial Pharmaceuticals, Inc",
        "change_pct": 9.53,
        "premarket": 0.33,
        "volume": 100,
        "category": "g",
        "source": "tv",
        "shortable": false,
        "exchange_name": "NASD",
        "market_cap": 8.59204,
        "existing": false
    },
    {
        "symbol": "KINS",
        "company": "Kingstone Companies, Inc",
        "change_pct": 9.32,
        "premarket": 1.29,
        "volume": 202,
        "category": "g",
        "source": "tv",
        "shortable": true,
        "exchange_name": "NASD",
        "market_cap": 12.69157,
        "existing": false
    },
    {
        "symbol": "PROC",
        "company": "Procaps Group, S.A.",
        "change_pct": 9.32,
        "premarket": 4.81,
        "volume": 800,
        "category": "g",
        "source": "tv",
        "shortable": true,
        "exchange_name": "NASD",
        "market_cap": 496.4264,
        "existing": false
    },
    {
        "symbol": "SPI",
        "company": "SPI Energy Co., Ltd.",
        "change_pct": 9.24,
        "premarket": 1.3,
        "volume": 620,
        "category": "g",
        "source": "tv",
        "shortable": true,
        "exchange_name": "NASD",
        "market_cap": 36.04862,
        "existing": false
    },
    {
        "symbol": "ORMP",
        "company": "Oramed Pharmaceuticals Inc.",
        "change_pct": 9.19,
        "premarket": 3.09,
        "volume": 41039,
        "category": "g",
        "source": "tv",
        "shortable": true,
        "exchange_name": "NASD",
        "market_cap": 112.5882,
        "existing": false
    },
    {
        "symbol": "JCSE",
        "company": "JE Cleantech Holdings Limited",
        "change_pct": 9.09,
        "premarket": 0.6,
        "volume": 9074,
        "category": "g",
        "source": "tv",
        "shortable": false,
        "exchange_name": "NASD",
        "market_cap": 8.261,
        "existing": false
    },
    {
        "symbol": "MYMD",
        "company": "MyMD Pharmaceuticals, Inc.",
        "change_pct": 8.89,
        "premarket": 1.96,
        "volume": 2685,
        "category": "g",
        "source": "tv",
        "shortable": true,
        "exchange_name": "NASD",
        "market_cap": 71.04602,
        "existing": false
    }
]