{
    "GELS": {
        "symbol": "GELS",
        "company": "Gelteq Limited",
        "change_pct": 367.78,
        "premarket": 4.21,
        "volume": 32,
        "category": "g"
    },
    "TIVC": {
        "symbol": "TIVC",
        "company": "Tivic Health Systems, Inc.",
        "change_pct": 218.86,
        "premarket": 11.16,
        "volume": 7,
        "category": "g"
    },
    "OBLG": {
        "symbol": "OBLG",
        "company": "Oblong Inc.",
        "change_pct": 104.21,
        "premarket": 4.37,
        "volume": 1,
        "category": "g"
    },
    "WNW": {
        "symbol": "WNW",
        "company": "Meiwu Technology Company Limited",
        "change_pct": 62.1,
        "premarket": 2.01,
        "volume": 38,
        "category": "g"
    },
    "HOLO": {
        "symbol": "HOLO",
        "company": "MicroCloud Hologram Inc.",
        "change_pct": 37.87,
        "premarket": 16.82,
        "volume": 767,
        "category": "g"
    },
    "SXTC": {
        "symbol": "SXTC",
        "company": "China SXT Pharmaceuticals, Inc.",
        "change_pct": 23.53,
        "premarket": 1.26,
        "volume": 875,
        "category": "g"
    },
    "EGAN": {
        "symbol": "EGAN",
        "company": "eGain Corporation",
        "change_pct": 20.61,
        "premarket": 5.5,
        "volume": 200,
        "category": "g"
    },
    "COOT": {
        "symbol": "COOT",
        "company": "Australian Oilseeds Holdings Limited",
        "change_pct": 20.21,
        "premarket": 0.9136,
        "volume": 250,
        "category": "g"
    },
    "QUAD": {
        "symbol": "QUAD",
        "company": "Quad Graphics, Inc",
        "change_pct": 17.82,
        "premarket": 5.95,
        "volume": 200,
        "category": "g"
    },
    "GDHG": {
        "symbol": "GDHG",
        "company": "Golden Heaven Group Holdings Ltd.",
        "change_pct": 17.38,
        "premarket": 0.3175,
        "volume": 740,
        "category": "g"
    },
    "SBEV": {
        "symbol": "SBEV",
        "company": "Splash Beverage Group, Inc. (NV)",
        "change_pct": 16.99,
        "premarket": 7.78,
        "volume": 431,
        "category": "g"
    },
    "IBIO": {
        "symbol": "IBIO",
        "company": "iBio, Inc.",
        "change_pct": 16.8,
        "premarket": 0.9902,
        "volume": 2,
        "category": "g"
    },
    "DTC": {
        "symbol": "DTC",
        "company": "Solo Brands, Inc.",
        "change_pct": 16.55,
        "premarket": 0.119,
        "volume": 1,
        "category": "g"
    },
    "BLIN": {
        "symbol": "BLIN",
        "company": "Bridgeline Digital, Inc.",
        "change_pct": 15.89,
        "premarket": 1.75,
        "volume": 388,
        "category": "g"
    },
    "GORV": {
        "symbol": "GORV",
        "company": "Lazydays Holdings, Inc.",
        "change_pct": 14.78,
        "premarket": 0.2353,
        "volume": 300,
        "category": "g"
    },
    "OPHC": {
        "symbol": "OPHC",
        "company": "OptimumBank Holdings, Inc.",
        "change_pct": 14.72,
        "premarket": 4.52,
        "volume": 350,
        "category": "g"
    },
    "RPAY": {
        "symbol": "RPAY",
        "company": "Repay Holdings Corporation",
        "change_pct": 14.68,
        "premarket": 5.0,
        "volume": 200,
        "category": "g"
    },
    "CALX": {
        "symbol": "CALX",
        "company": "Calix, Inc",
        "change_pct": 14.29,
        "premarket": 38.0,
        "volume": 49,
        "category": "g"
    },
    "OBIO": {
        "symbol": "OBIO",
        "company": "Orchestra BioMed Holdings, Inc.",
        "change_pct": 13.38,
        "premarket": 3.22,
        "volume": 6,
        "category": "g"
    },
    "FLXS": {
        "symbol": "FLXS",
        "company": "Flexsteel Industries, Inc.",
        "change_pct": 12.73,
        "premarket": 36.0,
        "volume": 150,
        "category": "g"
    },
    "CNFR": {
        "symbol": "CNFR",
        "company": "Conifer Holdings, Inc.",
        "change_pct": 12.62,
        "premarket": 0.6799,
        "volume": 1,
        "category": "g"
    },
    "DTCK": {
        "symbol": "DTCK",
        "company": "Davis Commodities Limited",
        "change_pct": 12.0,
        "premarket": 0.5489,
        "volume": 349,
        "category": "g"
    },
    "FUFU": {
        "symbol": "FUFU",
        "company": "BitFuFu Inc.",
        "change_pct": 11.95,
        "premarket": 4.48,
        "volume": 39,
        "category": "g"
    },
    "BZAI": {
        "symbol": "BZAI",
        "company": "Blaize Holdings, Inc.",
        "change_pct": 11.61,
        "premarket": 2.98,
        "volume": 2,
        "category": "g"
    },
    "ZDGE": {
        "symbol": "ZDGE",
        "company": "Zedge, Inc.",
        "change_pct": 11.46,
        "premarket": 2.23,
        "volume": 3,
        "category": "g"
    },
    "SLE": {
        "symbol": "SLE",
        "company": "Super League Enterprise, Inc.",
        "change_pct": 10.54,
        "premarket": 0.279,
        "volume": 200,
        "category": "g"
    },
    "SXTP": {
        "symbol": "SXTP",
        "company": "60 Degrees Pharmaceuticals, Inc.",
        "change_pct": 10.44,
        "premarket": 3.49,
        "volume": 27,
        "category": "g"
    },
    "NG": {
        "symbol": "NG",
        "company": "Novagold Resources Inc.",
        "change_pct": 10.29,
        "premarket": 3.43,
        "volume": 272,
        "category": "g"
    },
    "FLGC": {
        "symbol": "FLGC",
        "company": "Flora Growth Corp.",
        "change_pct": 9.78,
        "premarket": 0.5489,
        "volume": 430,
        "category": "g"
    },
    "AEHL": {
        "symbol": "AEHL",
        "company": "Antelope Enterprise Holdings Limited",
        "change_pct": 9.69,
        "premarket": 2.83,
        "volume": 9,
        "category": "g"
    },
    "TPIC": {
        "symbol": "TPIC",
        "company": "TPI Composites, Inc.",
        "change_pct": 9.62,
        "premarket": 0.817,
        "volume": 2,
        "category": "g"
    },
    "SFWL": {
        "symbol": "SFWL",
        "company": "Shengfeng Development Limited",
        "change_pct": 9.57,
        "premarket": 1.03,
        "volume": 13,
        "category": "g"
    },
    "VIGL": {
        "symbol": "VIGL",
        "company": "Vigil Neuroscience, Inc.",
        "change_pct": 9.52,
        "premarket": 1.84,
        "volume": 20,
        "category": "g"
    },
    "GLTO": {
        "symbol": "GLTO",
        "company": "Galecto, Inc.",
        "change_pct": 9.48,
        "premarket": 2.65,
        "volume": 25,
        "category": "g"
    },
    "EGHT": {
        "symbol": "EGHT",
        "company": "8x8 Inc",
        "change_pct": 9.44,
        "premarket": 1.79,
        "volume": 589,
        "category": "g"
    },
    "SAG": {
        "symbol": "SAG",
        "company": "SAG Holdings Limited",
        "change_pct": 9.44,
        "premarket": 0.974,
        "volume": 914,
        "category": "g"
    },
    "GNLN": {
        "symbol": "GNLN",
        "company": "Greenlane Holdings, Inc.",
        "change_pct": 9.43,
        "premarket": 0.267,
        "volume": 100,
        "category": "g"
    },
    "ZYBT": {
        "symbol": "ZYBT",
        "company": "Zhengye Biotechnology Holding Limited",
        "change_pct": 9.25,
        "premarket": 8.41,
        "volume": 463,
        "category": "g"
    },
    "BCAB": {
        "symbol": "BCAB",
        "company": "BioAtla, Inc.",
        "change_pct": 9.18,
        "premarket": 0.37,
        "volume": 200,
        "category": "g"
    },
    "ADIL": {
        "symbol": "ADIL",
        "company": "Adial Pharmaceuticals, Inc",
        "change_pct": 9.08,
        "premarket": 0.709,
        "volume": 700,
        "category": "g"
    },
    "GV": {
        "symbol": "GV",
        "company": "Visionary Holdings Inc.",
        "change_pct": 9.04,
        "premarket": 2.05,
        "volume": 1,
        "category": "g"
    },
    "TRGP": {
        "symbol": "TRGP",
        "company": "Targa Resources, Inc.",
        "change_pct": 8.79,
        "premarket": 179.0,
        "volume": 100,
        "category": "g"
    },
    "CRBU": {
        "symbol": "CRBU",
        "company": "Caribou Biosciences, Inc.",
        "change_pct": 8.76,
        "premarket": 0.865,
        "volume": 868,
        "category": "g"
    },
    "VOC": {
        "symbol": "VOC",
        "company": "VOC Energy Trust",
        "change_pct": 8.74,
        "premarket": 3.48,
        "volume": 7,
        "category": "g"
    },
    "GOVX": {
        "symbol": "GOVX",
        "company": "GeoVax Labs, Inc.",
        "change_pct": 8.74,
        "premarket": 0.8265,
        "volume": 4,
        "category": "g"
    },
    "AGRI": {
        "symbol": "AGRI",
        "company": "AgriFORCE Growing Systems Ltd.",
        "change_pct": 8.73,
        "premarket": 1.37,
        "volume": 100,
        "category": "g"
    },
    "RZLT": {
        "symbol": "RZLT",
        "company": "Rezolute, Inc.",
        "change_pct": 8.6,
        "premarket": 3.41,
        "volume": 2,
        "category": "g"
    },
    "PEPG": {
        "symbol": "PEPG",
        "company": "PepGen Inc.",
        "change_pct": 8.55,
        "premarket": 1.65,
        "volume": 4,
        "category": "g"
    },
    "BVFL": {
        "symbol": "BVFL",
        "company": "BV Financial, Inc.",
        "change_pct": 8.47,
        "premarket": 16.0,
        "volume": 100,
        "category": "g"
    },
    "STBX": {
        "symbol": "STBX",
        "company": "Starbox Group Holdings Ltd.",
        "change_pct": 8.47,
        "premarket": 2.05,
        "volume": 20,
        "category": "g"
    },
    "PAYS": {
        "symbol": "PAYS",
        "company": "Paysign, Inc.",
        "change_pct": 8.29,
        "premarket": 2.35,
        "volume": 600,
        "category": "g"
    },
    "DLTH": {
        "symbol": "DLTH",
        "company": "Duluth Holdings Inc.",
        "change_pct": 8.29,
        "premarket": 1.96,
        "volume": 409,
        "category": "g"
    },
    "PCT": {
        "symbol": "PCT",
        "company": "PureCycle Technologies, Inc.",
        "change_pct": 7.82,
        "premarket": 6.0,
        "volume": 29,
        "category": "g"
    },
    "FSLR": {
        "symbol": "FSLR",
        "company": "First Solar, Inc.",
        "change_pct": 7.8,
        "premarket": 132.0,
        "volume": 100,
        "category": "g"
    },
    "XBP": {
        "symbol": "XBP",
        "company": "XBP Europe Holdings, Inc.",
        "change_pct": 7.76,
        "premarket": 1.14,
        "volume": 135,
        "category": "g"
    },
    "OCUL": {
        "symbol": "OCUL",
        "company": "Ocular Therapeutix, Inc.",
        "change_pct": 7.75,
        "premarket": 8.2,
        "volume": 100,
        "category": "g"
    },
    "SONO": {
        "symbol": "SONO",
        "company": "Sonos, Inc.",
        "change_pct": 7.57,
        "premarket": 8.68,
        "volume": 250,
        "category": "g"
    },
    "XBIT": {
        "symbol": "XBIT",
        "company": "XBiotech Inc.",
        "change_pct": 7.54,
        "premarket": 3.19,
        "volume": 152,
        "category": "g"
    },
    "HSCS": {
        "symbol": "HSCS",
        "company": "HeartSciences Inc.",
        "change_pct": 7.5,
        "premarket": 3.44,
        "volume": 145,
        "category": "g"
    },
    "LCTX": {
        "symbol": "LCTX",
        "company": "Lineage Cell Therapeutics, Inc.",
        "change_pct": 7.47,
        "premarket": 0.4299,
        "volume": 1,
        "category": "g"
    },
    "CMLS": {
        "symbol": "CMLS",
        "company": "Cumulus Media Inc.",
        "change_pct": 7.44,
        "premarket": 0.2714,
        "volume": 1,
        "category": "g"
    },
    "WIX": {
        "symbol": "WIX",
        "company": "Wix.com Ltd.",
        "change_pct": 7.4,
        "premarket": 157.34,
        "volume": 1,
        "category": "g"
    },
    "BLFY": {
        "symbol": "BLFY",
        "company": "Blue Foundry Bancorp",
        "change_pct": 7.34,
        "premarket": 9.5,
        "volume": 300,
        "category": "g"
    },
    "NXTC": {
        "symbol": "NXTC",
        "company": "NextCure, Inc.",
        "change_pct": 7.32,
        "premarket": 0.396,
        "volume": 7,
        "category": "g"
    },
    "AP": {
        "symbol": "AP",
        "company": "Ampco-Pittsburgh Corporation",
        "change_pct": 7.3,
        "premarket": 1.91,
        "volume": 452,
        "category": "g"
    },
    "BGFV": {
        "symbol": "BGFV",
        "company": "Big 5 Sporting Goods Corporation",
        "change_pct": 7.29,
        "premarket": 0.8799,
        "volume": 1,
        "category": "g"
    },
    "ABP": {
        "symbol": "ABP",
        "company": "Abpro Holdings, Inc",
        "change_pct": 7.27,
        "premarket": 0.2478,
        "volume": 34,
        "category": "g"
    },
    "MTVA": {
        "symbol": "MTVA",
        "company": "MetaVia Inc.",
        "change_pct": 7.22,
        "premarket": 0.7855,
        "volume": 413,
        "category": "g"
    },
    "KOPN": {
        "symbol": "KOPN",
        "company": "Kopin Corporation",
        "change_pct": 7.19,
        "premarket": 0.9979,
        "volume": 51,
        "category": "g"
    },
    "SCWO": {
        "symbol": "SCWO",
        "company": "374Water Inc.",
        "change_pct": 7.16,
        "premarket": 0.2708,
        "volume": 3,
        "category": "g"
    },
    "BURU": {
        "symbol": "BURU",
        "company": "Nuburu, Inc.",
        "change_pct": 7.15,
        "premarket": 0.1693,
        "volume": 1,
        "category": "g"
    },
    "SHOT": {
        "symbol": "SHOT",
        "company": "Safety Shot, Inc.",
        "change_pct": 7.14,
        "premarket": 0.45,
        "volume": 850,
        "category": "g"
    },
    "KNW": {
        "symbol": "KNW",
        "company": "Know Labs, Inc.",
        "change_pct": 7.02,
        "premarket": 0.43,
        "volume": 128,
        "category": "g"
    },
    "PNR": {
        "symbol": "PNR",
        "company": "Pentair plc.",
        "change_pct": 7.02,
        "premarket": 84.5,
        "volume": 5,
        "category": "g"
    },
    "ATKR": {
        "symbol": "ATKR",
        "company": "Atkore Inc.",
        "change_pct": 7.0,
        "premarket": 60.7,
        "volume": 500,
        "category": "g"
    },
    "SABR": {
        "symbol": "SABR",
        "company": "Sabre Corporation",
        "change_pct": 6.97,
        "premarket": 2.15,
        "volume": 457,
        "category": "g"
    },
    "QURE": {
        "symbol": "QURE",
        "company": "uniQure N.V.",
        "change_pct": 6.92,
        "premarket": 14.21,
        "volume": 23,
        "category": "g"
    },
    "ITRM": {
        "symbol": "ITRM",
        "company": "Iterum Therapeutics plc",
        "change_pct": 6.8,
        "premarket": 1.1,
        "volume": 248,
        "category": "g"
    },
    "JANX": {
        "symbol": "JANX",
        "company": "Janux Therapeutics, Inc.",
        "change_pct": 6.76,
        "premarket": 31.28,
        "volume": 200,
        "category": "g"
    },
    "TE": {
        "symbol": "TE",
        "company": "T1 Energy Inc.",
        "change_pct": 6.7,
        "premarket": 1.1,
        "volume": 12,
        "category": "g"
    },
    "SENS": {
        "symbol": "SENS",
        "company": "Senseonics Holdings, Inc.",
        "change_pct": 6.67,
        "premarket": 0.64,
        "volume": 116,
        "category": "g"
    },
    "DEVS": {
        "symbol": "DEVS",
        "company": "DevvStream Corp.",
        "change_pct": 6.62,
        "premarket": 0.198,
        "volume": 500,
        "category": "g"
    },
    "CNTM": {
        "symbol": "CNTM",
        "company": "ConnectM Technology Solutions, Inc.",
        "change_pct": 6.62,
        "premarket": 0.6798,
        "volume": 109,
        "category": "g"
    },
    "ORGN": {
        "symbol": "ORGN",
        "company": "Origin Materials, Inc.",
        "change_pct": 6.51,
        "premarket": 0.687,
        "volume": 1,
        "category": "g"
    },
    "JAZZ": {
        "symbol": "JAZZ",
        "company": "Jazz Pharmaceuticals plc",
        "change_pct": 6.43,
        "premarket": 106.79,
        "volume": 338,
        "category": "g"
    },
    "AEMD": {
        "symbol": "AEMD",
        "company": "Aethlon Medical, Inc.",
        "change_pct": 6.42,
        "premarket": 0.3499,
        "volume": 100,
        "category": "g"
    },
    "ASPS": {
        "symbol": "ASPS",
        "company": "Altisource Portfolio Solutions S.A.",
        "change_pct": 6.37,
        "premarket": 0.835,
        "volume": 200,
        "category": "g"
    },
    "CTOR": {
        "symbol": "CTOR",
        "company": "Citius Oncology, Inc.",
        "change_pct": 6.28,
        "premarket": 0.66,
        "volume": 100,
        "category": "g"
    },
    "CDTG": {
        "symbol": "CDTG",
        "company": "CDT Environmental Technology Investment Holdings Limited",
        "change_pct": 6.19,
        "premarket": 2.4,
        "volume": 6,
        "category": "g"
    },
    "SEAT": {
        "symbol": "SEAT",
        "company": "Vivid Seats Inc.",
        "change_pct": 6.17,
        "premarket": 2.58,
        "volume": 500,
        "category": "g"
    },
    "IR": {
        "symbol": "IR",
        "company": "Ingersoll Rand Inc.",
        "change_pct": 6.14,
        "premarket": 74.0,
        "volume": 300,
        "category": "g"
    },
    "ACLS": {
        "symbol": "ACLS",
        "company": "Axcelis Technologies, Inc.",
        "change_pct": 6.12,
        "premarket": 48.0,
        "volume": 100,
        "category": "g"
    },
    "LNKS": {
        "symbol": "LNKS",
        "company": "Linkers Industries Limited",
        "change_pct": 6.07,
        "premarket": 0.61,
        "volume": 4,
        "category": "g"
    },
    "OSTX": {
        "symbol": "OSTX",
        "company": "OS Therapies Incorporated",
        "change_pct": 6.04,
        "premarket": 1.58,
        "volume": 117,
        "category": "g"
    },
    "IVZ": {
        "symbol": "IVZ",
        "company": "Invesco Ltd",
        "change_pct": 6.02,
        "premarket": 13.21,
        "volume": 5,
        "category": "g"
    },
    "CGBS": {
        "symbol": "CGBS",
        "company": "Crown LNG Holdings Limited",
        "change_pct": 6.01,
        "premarket": 0.1305,
        "volume": 34,
        "category": "g"
    },
    "CLEU": {
        "symbol": "CLEU",
        "company": "China Liberal Education Holdings Limited",
        "change_pct": 5.97,
        "premarket": 1.74,
        "volume": 9,
        "category": "g"
    },
    "AMST": {
        "symbol": "AMST",
        "company": "Amesite Inc.",
        "change_pct": 5.88,
        "premarket": 2.16,
        "volume": 258,
        "category": "g"
    },
    "GAMB": {
        "symbol": "GAMB",
        "company": "Gambling.com Group Limited",
        "change_pct": 5.84,
        "premarket": 12.33,
        "volume": 219,
        "category": "g"
    },
    "MKDW": {
        "symbol": "MKDW",
        "company": "MKDWELL Tech Inc.",
        "change_pct": -37.06,
        "premarket": 0.2449,
        "volume": 946,
        "category": "l"
    },
    "MDCX": {
        "symbol": "MDCX",
        "company": "Medicus Pharma Ltd.",
        "change_pct": -26.11,
        "premarket": 3.0,
        "volume": 100,
        "category": "l"
    },
    "SHFS": {
        "symbol": "SHFS",
        "company": "SHF Holdings, Inc.",
        "change_pct": -21.48,
        "premarket": 3.29,
        "volume": 117,
        "category": "l"
    },
    "UPXI": {
        "symbol": "UPXI",
        "company": "Upexi, Inc.",
        "change_pct": -20.02,
        "premarket": 7.91,
        "volume": 369,
        "category": "l"
    },
    "SCPH": {
        "symbol": "SCPH",
        "company": "scPharmaceuticals Inc.",
        "change_pct": -19.14,
        "premarket": 2.07,
        "volume": 2,
        "category": "l"
    },
    "GAIA": {
        "symbol": "GAIA",
        "company": "Gaia, Inc.",
        "change_pct": -18.95,
        "premarket": 3.25,
        "volume": 200,
        "category": "l"
    },
    "SHMD": {
        "symbol": "SHMD",
        "company": "SCHMID Group N.V.",
        "change_pct": -17.75,
        "premarket": 2.41,
        "volume": 100,
        "category": "l"
    },
    "SION": {
        "symbol": "SION",
        "company": "Sionna Therapeutics, Inc.",
        "change_pct": -17.52,
        "premarket": 9.32,
        "volume": 100,
        "category": "l"
    },
    "OM": {
        "symbol": "OM",
        "company": "Outset Medical, Inc.",
        "change_pct": -16.83,
        "premarket": 8.3,
        "volume": 100,
        "category": "l"
    },
    "TYRA": {
        "symbol": "TYRA",
        "company": "Tyra Biosciences, Inc.",
        "change_pct": -16.11,
        "premarket": 7.6,
        "volume": 200,
        "category": "l"
    },
    "BEEP": {
        "symbol": "BEEP",
        "company": "Mobile Infrastructure Corporation",
        "change_pct": -15.63,
        "premarket": 3.4,
        "volume": 100,
        "category": "l"
    },
    "DRCT": {
        "symbol": "DRCT",
        "company": "Direct Digital Holdings, Inc.",
        "change_pct": -15.01,
        "premarket": 0.5006,
        "volume": 142,
        "category": "l"
    },
    "FULC": {
        "symbol": "FULC",
        "company": "Fulcrum Therapeutics, Inc.",
        "change_pct": -14.74,
        "premarket": 2.95,
        "volume": 100,
        "category": "l"
    },
    "GURE": {
        "symbol": "GURE",
        "company": "Gulf Resources, Inc.",
        "change_pct": -14.1,
        "premarket": 0.67,
        "volume": 115,
        "category": "l"
    },
    "SONM": {
        "symbol": "SONM",
        "company": "Sonim Technologies, Inc.",
        "change_pct": -13.42,
        "premarket": 1.29,
        "volume": 13,
        "category": "l"
    },
    "ACOG": {
        "symbol": "ACOG",
        "company": "Alpha Cognition Inc.",
        "change_pct": -13.3,
        "premarket": 3.65,
        "volume": 100,
        "category": "l"
    },
    "ADD": {
        "symbol": "ADD",
        "company": "Color Star Technology Co., Ltd.",
        "change_pct": -12.98,
        "premarket": 0.6821,
        "volume": 702,
        "category": "l"
    },
    "MB": {
        "symbol": "MB",
        "company": "MasterBeef Group",
        "change_pct": -12.62,
        "premarket": 2.84,
        "volume": 696,
        "category": "l"
    },
    "FMTO": {
        "symbol": "FMTO",
        "company": "Femto Technologies Inc.",
        "change_pct": -12.33,
        "premarket": 5.26,
        "volume": 13,
        "category": "l"
    },
    "FPH": {
        "symbol": "FPH",
        "company": "Five Point Holdings, LLC",
        "change_pct": -11.7,
        "premarket": 4.3,
        "volume": 200,
        "category": "l"
    },
    "WAI": {
        "symbol": "WAI",
        "company": "Top KingWin Ltd",
        "change_pct": -11.59,
        "premarket": 0.1342,
        "volume": 2,
        "category": "l"
    },
    "FATN": {
        "symbol": "FATN",
        "company": "FatPipe, Inc.",
        "change_pct": -10.97,
        "premarket": 9.25,
        "volume": 23,
        "category": "l"
    },
    "SISI": {
        "symbol": "SISI",
        "company": "Shineco, Inc.",
        "change_pct": -10.59,
        "premarket": 0.4551,
        "volume": 47,
        "category": "l"
    },
    "ATNF": {
        "symbol": "ATNF",
        "company": "180 Life Sciences Corp.",
        "change_pct": -10.29,
        "premarket": 0.7966,
        "volume": 4,
        "category": "l"
    },
    "LRHC": {
        "symbol": "LRHC",
        "company": "La Rosa Holdings Corp.",
        "change_pct": -10.19,
        "premarket": 0.097,
        "volume": 818,
        "category": "l"
    },
    "MLEC": {
        "symbol": "MLEC",
        "company": "Moolec Science SA",
        "change_pct": -10.17,
        "premarket": 0.618,
        "volume": 85,
        "category": "l"
    },
    "LCUT": {
        "symbol": "LCUT",
        "company": "Lifetime Brands, Inc.",
        "change_pct": -10.03,
        "premarket": 3.41,
        "volume": 100,
        "category": "l"
    },
    "AZTR": {
        "symbol": "AZTR",
        "company": "Azitra Inc",
        "change_pct": -9.82,
        "premarket": 0.27,
        "volume": 101,
        "category": "l"
    },
    "NOC": {
        "symbol": "NOC",
        "company": "Northrop Grumman Corporation",
        "change_pct": -9.62,
        "premarket": 480.2,
        "volume": 30,
        "category": "l"
    },
    "CIIT": {
        "symbol": "CIIT",
        "company": "Tianci International, Inc.",
        "change_pct": -9.32,
        "premarket": 2.48,
        "volume": 600,
        "category": "l"
    },
    "ZEO": {
        "symbol": "ZEO",
        "company": "Zeo Energy Corporation",
        "change_pct": -9.3,
        "premarket": 1.41,
        "volume": 3,
        "category": "l"
    },
    "KLTO": {
        "symbol": "KLTO",
        "company": "Klotho Neurosciences, Inc.",
        "change_pct": -9.24,
        "premarket": 0.1424,
        "volume": 31,
        "category": "l"
    },
    "ACTU": {
        "symbol": "ACTU",
        "company": "Actuate Therapeutics, Inc.",
        "change_pct": -9.2,
        "premarket": 7.6,
        "volume": 200,
        "category": "l"
    },
    "UPC": {
        "symbol": "UPC",
        "company": "Universe Pharmaceuticals Inc",
        "change_pct": -9.18,
        "premarket": 3.76,
        "volume": 10,
        "category": "l"
    },
    "FORR": {
        "symbol": "FORR",
        "company": "Forrester Research, Inc.",
        "change_pct": -9.09,
        "premarket": 8.6,
        "volume": 200,
        "category": "l"
    },
    "CODA": {
        "symbol": "CODA",
        "company": "Coda Octopus Group, Inc.",
        "change_pct": -9.09,
        "premarket": 5.7,
        "volume": 100,
        "category": "l"
    },
    "OST": {
        "symbol": "OST",
        "company": "Ostin Technology Group Co., Ltd.",
        "change_pct": -8.98,
        "premarket": 1.52,
        "volume": 17,
        "category": "l"
    },
    "NVFY": {
        "symbol": "NVFY",
        "company": "Nova Lifestyle, Inc",
        "change_pct": -8.97,
        "premarket": 0.702,
        "volume": 1,
        "category": "l"
    },
    "CPSH": {
        "symbol": "CPSH",
        "company": "CPS Technologies Corp.",
        "change_pct": -8.9,
        "premarket": 1.33,
        "volume": 100,
        "category": "l"
    },
    "ATNI": {
        "symbol": "ATNI",
        "company": "ATN International, Inc.",
        "change_pct": -8.62,
        "premarket": 16.0,
        "volume": 100,
        "category": "l"
    },
    "EZGO": {
        "symbol": "EZGO",
        "company": "EZGO Technologies Ltd.",
        "change_pct": -8.61,
        "premarket": 0.33,
        "volume": 23,
        "category": "l"
    },
    "CWD": {
        "symbol": "CWD",
        "company": "CaliberCos Inc.",
        "change_pct": -8.58,
        "premarket": 0.2409,
        "volume": 129,
        "category": "l"
    },
    "CMND": {
        "symbol": "CMND",
        "company": "Clearmind Medicine Inc.",
        "change_pct": -8.56,
        "premarket": 0.96,
        "volume": 2,
        "category": "l"
    },
    "CURV": {
        "symbol": "CURV",
        "company": "Torrid Holdings Inc.",
        "change_pct": -8.43,
        "premarket": 4.89,
        "volume": 6,
        "category": "l"
    },
    "GMM": {
        "symbol": "GMM",
        "company": "Global Mofy AI Limited",
        "change_pct": -8.42,
        "premarket": 1.85,
        "volume": 8,
        "category": "l"
    },
    "ETWO": {
        "symbol": "ETWO",
        "company": "E2open Parent Holdings, Inc.",
        "change_pct": -8.38,
        "premarket": 1.75,
        "volume": 406,
        "category": "l"
    },
    "DHAI": {
        "symbol": "DHAI",
        "company": "DIH Holding US, Inc.",
        "change_pct": -8.33,
        "premarket": 0.1321,
        "volume": 41,
        "category": "l"
    },
    "PTN": {
        "symbol": "PTN",
        "company": "Palatin Technologies, Inc.",
        "change_pct": -8.01,
        "premarket": 0.2125,
        "volume": 1,
        "category": "l"
    },
    "BKD": {
        "symbol": "BKD",
        "company": "Brookdale Senior Living Inc.",
        "change_pct": -8.01,
        "premarket": 5.4,
        "volume": 300,
        "category": "l"
    },
    "MFI": {
        "symbol": "MFI",
        "company": "mF International Limited",
        "change_pct": -7.87,
        "premarket": 0.542,
        "volume": 2,
        "category": "l"
    },
    "SHCO": {
        "symbol": "SHCO",
        "company": "Soho House & Co Inc.",
        "change_pct": -7.84,
        "premarket": 4.7,
        "volume": 210,
        "category": "l"
    },
    "LTRY": {
        "symbol": "LTRY",
        "company": "Lottery.com, Inc.",
        "change_pct": -7.73,
        "premarket": 0.616,
        "volume": 3,
        "category": "l"
    },
    "KPLT": {
        "symbol": "KPLT",
        "company": "Katapult Holdings, Inc.",
        "change_pct": -7.55,
        "premarket": 6.8,
        "volume": 100,
        "category": "l"
    },
    "LGCL": {
        "symbol": "LGCL",
        "company": "Lucas GC Limited",
        "change_pct": -7.52,
        "premarket": 0.3468,
        "volume": 1,
        "category": "l"
    },
    "DMN": {
        "symbol": "DMN",
        "company": "Damon Inc.",
        "change_pct": -7.14,
        "premarket": 0.0039,
        "volume": 43,
        "category": "l"
    },
    "EVGN": {
        "symbol": "EVGN",
        "company": "Evogene Ltd.",
        "change_pct": -7.09,
        "premarket": 1.18,
        "volume": 163,
        "category": "l"
    },
    "BLMZ": {
        "symbol": "BLMZ",
        "company": "BloomZ Inc.",
        "change_pct": -6.85,
        "premarket": 0.1155,
        "volume": 171,
        "category": "l"
    },
    "SWVL": {
        "symbol": "SWVL",
        "company": "Swvl Holdings Corp",
        "change_pct": -6.74,
        "premarket": 2.7,
        "volume": 100,
        "category": "l"
    },
    "VINC": {
        "symbol": "VINC",
        "company": "Vincerx Pharma, Inc.",
        "change_pct": -6.68,
        "premarket": 0.1244,
        "volume": 382,
        "category": "l"
    },
    "MEDP": {
        "symbol": "MEDP",
        "company": "Medpace Holdings, Inc.",
        "change_pct": -6.57,
        "premarket": 270.0,
        "volume": 5,
        "category": "l"
    },
    "QLGN": {
        "symbol": "QLGN",
        "company": "Qualigen Therapeutics, Inc.",
        "change_pct": -6.52,
        "premarket": 3.3,
        "volume": 3,
        "category": "l"
    },
    "RTX": {
        "symbol": "RTX",
        "company": "RTX Corporation",
        "change_pct": -6.44,
        "premarket": 118.0,
        "volume": 79,
        "category": "l"
    },
    "SKYE": {
        "symbol": "SKYE",
        "company": "Skye Bioscience, Inc.",
        "change_pct": -6.37,
        "premarket": 1.47,
        "volume": 3,
        "category": "l"
    },
    "STI": {
        "symbol": "STI",
        "company": "Solidion Technology, Inc.",
        "change_pct": -6.29,
        "premarket": 0.0969,
        "volume": 18,
        "category": "l"
    },
    "OMER": {
        "symbol": "OMER",
        "company": "Omeros Corporation",
        "change_pct": -6.27,
        "premarket": 6.28,
        "volume": 300,
        "category": "l"
    },
    "TLSA": {
        "symbol": "TLSA",
        "company": "Tiziana Life Sciences Ltd",
        "change_pct": -6.19,
        "premarket": 1.06,
        "volume": 487,
        "category": "l"
    },
    "MKTW": {
        "symbol": "MKTW",
        "company": "MarketWise, Inc.",
        "change_pct": -6.18,
        "premarket": 12.3,
        "volume": 200,
        "category": "l"
    },
    "TVRD": {
        "symbol": "TVRD",
        "company": "Tvardi Therapeutics, Inc.",
        "change_pct": -6.07,
        "premarket": 16.41,
        "volume": 300,
        "category": "l"
    },
    "FAAS": {
        "symbol": "FAAS",
        "company": "DigiAsia Corp.",
        "change_pct": -5.99,
        "premarket": 0.19,
        "volume": 6,
        "category": "l"
    },
    "OPOF": {
        "symbol": "OPOF",
        "company": "Old Point Financial Corporation",
        "change_pct": -5.96,
        "premarket": 35.51,
        "volume": 100,
        "category": "l"
    },
    "HRI": {
        "symbol": "HRI",
        "company": "Herc Holdings Inc.",
        "change_pct": -5.86,
        "premarket": 104.97,
        "volume": 1,
        "category": "l"
    },
    "ECDA": {
        "symbol": "ECDA",
        "company": "ECD Automotive Design, Inc.",
        "change_pct": -5.83,
        "premarket": 0.388,
        "volume": 55,
        "category": "l"
    },
    "KMB": {
        "symbol": "KMB",
        "company": "Kimberly-Clark Corporation",
        "change_pct": -5.75,
        "premarket": 132.01,
        "volume": 35,
        "category": "l"
    },
    "SBET": {
        "symbol": "SBET",
        "company": "SharpLink Gaming, Inc.",
        "change_pct": -5.72,
        "premarket": 0.2027,
        "volume": 1,
        "category": "l"
    },
    "AQB": {
        "symbol": "AQB",
        "company": "AquaBounty Technologies, Inc.",
        "change_pct": -5.72,
        "premarket": 0.6001,
        "volume": 4,
        "category": "l"
    },
    "INTT": {
        "symbol": "INTT",
        "company": "inTest Corporation",
        "change_pct": -5.71,
        "premarket": 5.61,
        "volume": 117,
        "category": "l"
    },
    "CLIK": {
        "symbol": "CLIK",
        "company": "Click Holdings Limited",
        "change_pct": -5.71,
        "premarket": 0.195,
        "volume": 2,
        "category": "l"
    },
    "IPDN": {
        "symbol": "IPDN",
        "company": "Professional Diversity Network, Inc.",
        "change_pct": -5.61,
        "premarket": 1.01,
        "volume": 6,
        "category": "l"
    },
    "YMAB": {
        "symbol": "YMAB",
        "company": "Y-mAbs Therapeutics, Inc.",
        "change_pct": -5.6,
        "premarket": 4.55,
        "volume": 3,
        "category": "l"
    },
    "TRSG": {
        "symbol": "TRSG",
        "company": "Tungray Technologies Inc",
        "change_pct": -5.53,
        "premarket": 1.5,
        "volume": 600,
        "category": "l"
    },
    "EDHL": {
        "symbol": "EDHL",
        "company": "Everbright Digital Holding Limited",
        "change_pct": -5.47,
        "premarket": 3.8,
        "volume": 13,
        "category": "l"
    },
    "GWAV": {
        "symbol": "GWAV",
        "company": "Greenwave Technology Solutions, Inc.",
        "change_pct": -5.45,
        "premarket": 0.1283,
        "volume": 255,
        "category": "l"
    },
    "BCBP": {
        "symbol": "BCBP",
        "company": "BCB Bancorp, Inc. (NJ)",
        "change_pct": -5.43,
        "premarket": 8.89,
        "volume": 1,
        "category": "l"
    },
    "AREN": {
        "symbol": "AREN",
        "company": "The Arena Group Holdings, Inc.",
        "change_pct": -5.28,
        "premarket": 2.51,
        "volume": 2,
        "category": "l"
    },
    "LIPO": {
        "symbol": "LIPO",
        "company": "Lipella Pharmaceuticals Inc.",
        "change_pct": -5.26,
        "premarket": 2.16,
        "volume": 1,
        "category": "l"
    },
    "VZ": {
        "symbol": "VZ",
        "company": "Verizon Communications Inc.",
        "change_pct": -5.22,
        "premarket": 40.69,
        "volume": 950,
        "category": "l"
    },
    "ZION": {
        "symbol": "ZION",
        "company": "Zions Bancorporation N.A.",
        "change_pct": -5.09,
        "premarket": 41.4,
        "volume": 12,
        "category": "l"
    },
    "CLIR": {
        "symbol": "CLIR",
        "company": "ClearSign Technologies Corporation",
        "change_pct": -5.02,
        "premarket": 0.5603,
        "volume": 100,
        "category": "l"
    },
    "SERA": {
        "symbol": "SERA",
        "company": "Sera Prognostics, Inc.",
        "change_pct": -5.01,
        "premarket": 3.22,
        "volume": 300,
        "category": "l"
    },
    "WXM": {
        "symbol": "WXM",
        "company": "WF International Limited",
        "change_pct": -5.0,
        "premarket": 1.71,
        "volume": 120,
        "category": "l"
    },
    "NESR": {
        "symbol": "NESR",
        "company": "National Energy Services Reunited Corp",
        "change_pct": -4.99,
        "premarket": 5.71,
        "volume": 1,
        "category": "l"
    },
    "TLSI": {
        "symbol": "TLSI",
        "company": "TriSalus Life Sciences, Inc.",
        "change_pct": -4.97,
        "premarket": 5.35,
        "volume": 100,
        "category": "l"
    },
    "ICU": {
        "symbol": "ICU",
        "company": "SeaStar Medical Holding Corporation",
        "change_pct": -4.96,
        "premarket": 1.15,
        "volume": 2,
        "category": "l"
    },
    "NVNO": {
        "symbol": "NVNO",
        "company": "enVVeno Medical Corporation",
        "change_pct": -4.96,
        "premarket": 2.3,
        "volume": 825,
        "category": "l"
    },
    "GLXG": {
        "symbol": "GLXG",
        "company": "Galaxy Payroll Group Limited",
        "change_pct": -4.95,
        "premarket": 0.5204,
        "volume": 1,
        "category": "l"
    },
    "TRUG": {
        "symbol": "TRUG",
        "company": "TruGolf Holdings, Inc.",
        "change_pct": -4.94,
        "premarket": 0.2424,
        "volume": 12,
        "category": "l"
    },
    "PMAX": {
        "symbol": "PMAX",
        "company": "Powell Max Limited",
        "change_pct": -4.92,
        "premarket": 0.3036,
        "volume": 4,
        "category": "l"
    },
    "AEO": {
        "symbol": "AEO",
        "company": "American Eagle Outfitters, Inc.",
        "change_pct": -4.91,
        "premarket": 10.2,
        "volume": 2,
        "category": "l"
    },
    "CHRO": {
        "symbol": "CHRO",
        "company": "Channel Therapeutics Corporation",
        "change_pct": -4.9,
        "premarket": 1.36,
        "volume": 19,
        "category": "l"
    },
    "YGMZ": {
        "symbol": "YGMZ",
        "company": "MingZhu Logistics Holdings Limited",
        "change_pct": -4.87,
        "premarket": 0.98,
        "volume": 6,
        "category": "l"
    }
}