[
    {
        "symbol": "LINK",
        "company": "Interlink Electronics, Inc.",
        "change_pct": 65.0,
        "premarket": 18.1,
        "volume": 135153,
        "category": "g",
        "source": "tv",
        "shortable": false,
        "exchange_name": "NASD",
        "market_cap": 71.25362,
        "existing": false
    },
    {
        "symbol": "MICS",
        "company": "The Singing Machine Company, Inc.",
        "change_pct": 38.62,
        "premarket": 2.15,
        "volume": 7216000,
        "category": "g",
        "source": "tv",
        "shortable": false,
        "exchange_name": "NASD",
        "market_cap": 5.04521,
        "existing": false
    },
    {
        "symbol": "ARDS",
        "company": "Aridis Pharmaceuticals Inc.",
        "change_pct": 29.66,
        "premarket": 0.341,
        "volume": 13347000,
        "category": "g",
        "source": "tv",
        "shortable": true,
        "exchange_name": "NASD",
        "market_cap": 11.50512,
        "existing": false
    },
    {
        "symbol": "KPTI",
        "company": "Karyopharm Therapeutics Inc.",
        "change_pct": 20.92,
        "premarket": 1.85,
        "volume": 7425000,
        "category": "g",
        "source": "tv",
        "shortable": true,
        "exchange_name": "NASD",
        "market_cap": 177.8563,
        "existing": false
    },
    {
        "symbol": "RBT",
        "company": "Rubicon Technologies, Inc.",
        "change_pct": 15.1,
        "premarket": 0.4512,
        "volume": 4199000,
        "category": "g",
        "source": "tv",
        "shortable": false,
        "exchange_name": "NYSE",
        "market_cap": 62.97772,
        "existing": false
    },
    {
        "symbol": "SBIG",
        "company": "SpringBig Holdings, Inc.",
        "change_pct": 14.51,
        "premarket": 0.4466,
        "volume": 700,
        "category": "g",
        "source": "tv",
        "shortable": false,
        "exchange_name": "NASD",
        "market_cap": 16.40076,
        "existing": false
    },
    {
        "symbol": "POAI",
        "company": "Predictive Oncology Inc.",
        "change_pct": 14.46,
        "premarket": 7.6,
        "volume": 6120,
        "category": "g",
        "source": "tv",
        "shortable": true,
        "exchange_name": "NASD",
        "market_cap": 23.39054,
        "existing": false
    },
    {
        "symbol": "ISUN",
        "company": "iSun, Inc.",
        "change_pct": 13.45,
        "premarket": 0.447,
        "volume": 592975,
        "category": "g",
        "source": "tv",
        "shortable": true,
        "exchange_name": "NASD",
        "market_cap": 7.42099,
        "existing": false
    },
    {
        "symbol": "AGRX",
        "company": "Agile Therapeutics, Inc.",
        "change_pct": 12.04,
        "premarket": 3.35,
        "volume": 2117,
        "category": "g",
        "source": "tv",
        "shortable": true,
        "exchange_name": "NASD",
        "market_cap": 8.34571,
        "existing": false
    },
    {
        "symbol": "LTRN",
        "company": "Lantern Pharma Inc.",
        "change_pct": 10.12,
        "premarket": 5.55,
        "volume": 566,
        "category": "g",
        "source": "tv",
        "shortable": false,
        "exchange_name": "NASD",
        "market_cap": 53.74235,
        "existing": false
    },
    {
        "symbol": "FBK",
        "company": "FB Financial Corporation",
        "change_pct": 10.1,
        "premarket": 33.25,
        "volume": 3503,
        "category": "g",
        "source": "tv",
        "shortable": true,
        "exchange_name": "NYSE",
        "market_cap": 1350.1,
        "existing": false
    },
    {
        "symbol": "SUNW",
        "company": "Sunworks, Inc.",
        "change_pct": 10.08,
        "premarket": 1.98,
        "volume": 1951000,
        "category": "g",
        "source": "tv",
        "shortable": true,
        "exchange_name": "NASD",
        "market_cap": 51.97881,
        "existing": false
    },
    {
        "symbol": "GNPX",
        "company": "Genprex, Inc.",
        "change_pct": 9.87,
        "premarket": 1.03,
        "volume": 833446,
        "category": "g",
        "source": "tv",
        "shortable": true,
        "exchange_name": "NASD",
        "market_cap": 42.83076,
        "existing": false
    },
    {
        "symbol": "ADES",
        "company": "Advanced Emissions Solutions, Inc.",
        "change_pct": 9.43,
        "premarket": 1.74,
        "volume": 28226,
        "category": "g",
        "source": "tv",
        "shortable": true,
        "exchange_name": "NASD",
        "market_cap": 43.29408,
        "existing": false
    },
    {
        "symbol": "BGI",
        "company": "Birks Group Inc.",
        "change_pct": 8.94,
        "premarket": 5.22,
        "volume": 200,
        "category": "g",
        "source": "tv",
        "shortable": true,
        "exchange_name": "AMEX",
        "market_cap": 43.80617,
        "existing": false
    },
    {
        "symbol": "AUMN",
        "company": "Golden Minerals Company",
        "change_pct": 8.84,
        "premarket": 1.59,
        "volume": 100,
        "category": "g",
        "source": "tv",
        "shortable": true,
        "exchange_name": "AMEX",
        "market_cap": 82.68846,
        "existing": false
    },
    {
        "symbol": "VBIV",
        "company": "VBI Vaccines, Inc.",
        "change_pct": 8.59,
        "premarket": 1.39,
        "volume": 147858,
        "category": "g",
        "source": "tv",
        "shortable": true,
        "exchange_name": "NASD",
        "market_cap": 28.37663,
        "existing": false
    },
    {
        "symbol": "ADN",
        "company": "Advent Technologies Holdings, Inc.",
        "change_pct": 8.48,
        "premarket": 0.91,
        "volume": 63651,
        "category": "g",
        "source": "tv",
        "shortable": true,
        "exchange_name": "NASD",
        "market_cap": 42.89966,
        "existing": false
    },
    {
        "symbol": "AMPS",
        "company": "Altus Power, Inc.",
        "change_pct": 7.69,
        "premarket": 7.0,
        "volume": 4581,
        "category": "g",
        "source": "tv",
        "shortable": true,
        "exchange_name": "NYSE",
        "market_cap": 934.3778,
        "existing": false
    },
    {
        "symbol": "INOD",
        "company": "Innodata Inc.",
        "change_pct": 7.48,
        "premarket": 11.5,
        "volume": 65125,
        "category": "g",
        "source": "tv",
        "shortable": true,
        "exchange_name": "NASD",
        "market_cap": 288.1728,
        "existing": false
    },
    {
        "symbol": "TDS",
        "company": "Telephone and Data Systems, Inc.",
        "change_pct": 7.43,
        "premarket": 7.52,
        "volume": 19181,
        "category": "g",
        "source": "tv",
        "shortable": true,
        "exchange_name": "NYSE",
        "market_cap": 803.2016,
        "existing": false
    },
    {
        "symbol": "TDOC",
        "company": "Teladoc Health, Inc.",
        "change_pct": 7.37,
        "premarket": 26.8,
        "volume": 482018,
        "category": "g",
        "source": "tv",
        "shortable": true,
        "exchange_name": "NYSE",
        "market_cap": 4054.121,
        "existing": false
    },
    {
        "symbol": "INSG",
        "company": "Inseego Corp.",
        "change_pct": 7.28,
        "premarket": 0.81,
        "volume": 1400,
        "category": "g",
        "source": "tv",
        "shortable": true,
        "exchange_name": "NASD",
        "market_cap": 84.97687,
        "existing": false
    },
    {
        "symbol": "ATRO",
        "company": "Astronics Corporation",
        "change_pct": 7.22,
        "premarket": 19.89,
        "volume": 400,
        "category": "g",
        "source": "tv",
        "shortable": true,
        "exchange_name": "NASD",
        "market_cap": 594.654,
        "existing": false
    },
    {
        "symbol": "ZYNE",
        "company": "Zynerba Pharmaceuticals, Inc.",
        "change_pct": 7.14,
        "premarket": 0.375,
        "volume": 1356,
        "category": "g",
        "source": "tv",
        "shortable": true,
        "exchange_name": "NASD",
        "market_cap": 18.24721,
        "existing": false
    },
    {
        "symbol": "MASI",
        "company": "Masimo Corporation",
        "change_pct": -27.64,
        "premarket": 106.49,
        "volume": 256150,
        "category": "l",
        "source": "tv",
        "shortable": true,
        "exchange_name": "NASD",
        "market_cap": 7896.178,
        "existing": false
    },
    {
        "symbol": "HESM",
        "company": "Hess Midstream LP",
        "change_pct": -3.77,
        "premarket": 29.13,
        "volume": 595,
        "category": "l",
        "source": "tv",
        "shortable": true,
        "exchange_name": "NYSE",
        "market_cap": 7155.826,
        "existing": false
    },
    {
        "symbol": "CCCS",
        "company": "CCC Intelligent Solutions Holdings Inc.",
        "change_pct": -4.42,
        "premarket": 10.6,
        "volume": 17149,
        "category": "l",
        "source": "tv",
        "shortable": true,
        "exchange_name": "NASD",
        "market_cap": 6672.694,
        "existing": false
    },
    {
        "symbol": "EXPI",
        "company": "eXp World Holdings, Inc.",
        "change_pct": -4.59,
        "premarket": 23.5,
        "volume": 2891,
        "category": "l",
        "source": "tv",
        "shortable": true,
        "exchange_name": "NASD",
        "market_cap": 3687.221,
        "existing": false
    },
    {
        "symbol": "LITE",
        "company": "Lumentum Holdings Inc.",
        "change_pct": -4.33,
        "premarket": 50.12,
        "volume": 24743,
        "category": "l",
        "source": "tv",
        "shortable": true,
        "exchange_name": "NASD",
        "market_cap": 3566.904,
        "existing": false
    },
    {
        "symbol": "PTLO",
        "company": "Portillo's Inc.",
        "change_pct": -5.14,
        "premarket": 21.63,
        "volume": 200,
        "category": "l",
        "source": "tv",
        "shortable": true,
        "exchange_name": "NASD",
        "market_cap": 1701.691,
        "existing": false
    },
    {
        "symbol": "ZUO",
        "company": "Zuora, Inc.",
        "change_pct": -5.03,
        "premarket": 10.57,
        "volume": 275,
        "category": "l",
        "source": "tv",
        "shortable": true,
        "exchange_name": "NYSE",
        "market_cap": 1496.03,
        "existing": false
    },
    {
        "symbol": "SGHC",
        "company": "Super Group (SGHC) Limited",
        "change_pct": -4.53,
        "premarket": 2.95,
        "volume": 100,
        "category": "l",
        "source": "tv",
        "shortable": true,
        "exchange_name": "NYSE",
        "market_cap": 1480.58,
        "existing": false
    },
    {
        "symbol": "FREY",
        "company": "FREYR Battery",
        "change_pct": -4.89,
        "premarket": 9.14,
        "volume": 126716,
        "category": "l",
        "source": "tv",
        "shortable": true,
        "exchange_name": "NYSE",
        "market_cap": 1303.45,
        "existing": false
    },
    {
        "symbol": "HLX",
        "company": "Helix Energy Solutions Group, Inc.",
        "change_pct": -3.38,
        "premarket": 8.0,
        "volume": 130,
        "category": "l",
        "source": "tv",
        "shortable": true,
        "exchange_name": "NYSE",
        "market_cap": 1233.22,
        "existing": false
    },
    {
        "symbol": "LNZA",
        "company": "LanzaTech Global, Inc.",
        "change_pct": -4.99,
        "premarket": 5.52,
        "volume": 127,
        "category": "l",
        "source": "tv",
        "shortable": true,
        "exchange_name": "NASD",
        "market_cap": 1157.073,
        "existing": false
    },
    {
        "symbol": "TVTX",
        "company": "Travere Therapeutics, Inc.",
        "change_pct": -5.48,
        "premarket": 15.0,
        "volume": 940,
        "category": "l",
        "source": "tv",
        "shortable": true,
        "exchange_name": "NASD",
        "market_cap": 1142.247,
        "existing": false
    },
    {
        "symbol": "SILK",
        "company": "Silk Road Medical, Inc.",
        "change_pct": -3.8,
        "premarket": 21.75,
        "volume": 12756,
        "category": "l",
        "source": "tv",
        "shortable": true,
        "exchange_name": "NASD",
        "market_cap": 845.8337,
        "existing": false
    },
    {
        "symbol": "DBI",
        "company": "Designer Brands Inc.",
        "change_pct": -3.31,
        "premarket": 9.31,
        "volume": 200,
        "category": "l",
        "source": "tv",
        "shortable": true,
        "exchange_name": "NYSE",
        "market_cap": 632.3932,
        "existing": false
    },
    {
        "symbol": "ARQT",
        "company": "Arcutis Biotherapeutics, Inc.",
        "change_pct": -3.46,
        "premarket": 10.6,
        "volume": 150,
        "category": "l",
        "source": "tv",
        "shortable": true,
        "exchange_name": "NASD",
        "market_cap": 579.8264,
        "existing": false
    },
    {
        "symbol": "RXT",
        "company": "Rackspace Technology, Inc.",
        "change_pct": -3.6,
        "premarket": 2.41,
        "volume": 260,
        "category": "l",
        "source": "tv",
        "shortable": true,
        "exchange_name": "NASD",
        "market_cap": 531.2476,
        "existing": false
    },
    {
        "symbol": "MRNS",
        "company": "Marinus Pharmaceuticals, Inc.",
        "change_pct": -5.0,
        "premarket": 9.51,
        "volume": 101,
        "category": "l",
        "source": "tv",
        "shortable": true,
        "exchange_name": "NASD",
        "market_cap": 498.4031,
        "existing": false
    },
    {
        "symbol": "CVM",
        "company": "Cel-Sci Corporation",
        "change_pct": -21.73,
        "premarket": 2.24,
        "volume": 435089,
        "category": "l",
        "source": "tv",
        "shortable": true,
        "exchange_name": "AMEX",
        "market_cap": 464.2737,
        "existing": false
    },
    {
        "symbol": "FNKO",
        "company": "Funko, Inc.",
        "change_pct": -5.1,
        "premarket": 7.81,
        "volume": 300,
        "category": "l",
        "source": "tv",
        "shortable": true,
        "exchange_name": "NASD",
        "market_cap": 413.1206,
        "existing": false
    },
    {
        "symbol": "UIS",
        "company": "Unisys Corporation New",
        "change_pct": -4.82,
        "premarket": 5.1,
        "volume": 300,
        "category": "l",
        "source": "tv",
        "shortable": true,
        "exchange_name": "NYSE",
        "market_cap": 348.8287,
        "existing": false
    },
    {
        "symbol": "VAXX",
        "company": "Vaxxinity, Inc.",
        "change_pct": -4.56,
        "premarket": 2.51,
        "volume": 4097,
        "category": "l",
        "source": "tv",
        "shortable": false,
        "exchange_name": "NASD",
        "market_cap": 301.1648,
        "existing": false
    },
    {
        "symbol": "AVAH",
        "company": "Aveanna Healthcare Holdings Inc.",
        "change_pct": -4.94,
        "premarket": 1.54,
        "volume": 500,
        "category": "l",
        "source": "tv",
        "shortable": true,
        "exchange_name": "NASD",
        "market_cap": 289.9403,
        "existing": false
    },
    {
        "symbol": "ABOS",
        "company": "Acumen Pharmaceuticals, Inc.",
        "change_pct": -6.38,
        "premarket": 9.1,
        "volume": 201311,
        "category": "l",
        "source": "tv",
        "shortable": true,
        "exchange_name": "NASD",
        "market_cap": 257.6374,
        "existing": false
    },
    {
        "symbol": "SKIL",
        "company": "Skillsoft Corp.",
        "change_pct": -4.93,
        "premarket": 1.35,
        "volume": 1550,
        "category": "l",
        "source": "tv",
        "shortable": true,
        "exchange_name": "NYSE",
        "market_cap": 217.0399,
        "existing": false
    },
    {
        "symbol": "ID",
        "company": "PARTS iD, Inc.",
        "change_pct": -9.95,
        "premarket": 0.46,
        "volume": 11517,
        "category": "l",
        "source": "tv",
        "shortable": false,
        "exchange_name": "AMEX",
        "market_cap": 206.3389,
        "existing": false
    }
]