[
    {
        "symbol": "ARDS",
        "company": "Aridis Pharmaceuticals Inc.",
        "change_pct": 32.4,
        "premarket": 0.3482,
        "volume": 11437000,
        "category": "g",
        "source": "tv",
        "shortable": true,
        "exchange_name": "NASD",
        "market_cap": 11.50512,
        "existing": false
    },
    {
        "symbol": "MICS",
        "company": "The Singing Machine Company, Inc.",
        "change_pct": 31.53,
        "premarket": 2.04,
        "volume": 1353000,
        "category": "g",
        "source": "tv",
        "shortable": false,
        "exchange_name": "NASD",
        "market_cap": 5.04521,
        "existing": false
    },
    {
        "symbol": "LINK",
        "company": "Interlink Electronics, Inc.",
        "change_pct": 31.27,
        "premarket": 14.4,
        "volume": 5304,
        "category": "g",
        "source": "tv",
        "shortable": false,
        "exchange_name": "NASD",
        "market_cap": 71.25362,
        "existing": false
    },
    {
        "symbol": "RBT",
        "company": "Rubicon Technologies, Inc.",
        "change_pct": 19.87,
        "premarket": 0.4699,
        "volume": 3841000,
        "category": "g",
        "source": "tv",
        "shortable": false,
        "exchange_name": "NYSE",
        "market_cap": 62.97772,
        "existing": false
    },
    {
        "symbol": "NN",
        "company": "NextNav Inc.",
        "change_pct": 19.66,
        "premarket": 3.53,
        "volume": 320,
        "category": "g",
        "source": "tv",
        "shortable": true,
        "exchange_name": "NASD",
        "market_cap": 322.0778,
        "existing": false
    },
    {
        "symbol": "KPTI",
        "company": "Karyopharm Therapeutics Inc.",
        "change_pct": 19.61,
        "premarket": 1.83,
        "volume": 6190000,
        "category": "g",
        "source": "tv",
        "shortable": true,
        "exchange_name": "NASD",
        "market_cap": 177.8563,
        "existing": false
    },
    {
        "symbol": "APVO",
        "company": "Aptevo Therapeutics Inc.",
        "change_pct": 16.2,
        "premarket": 1.65,
        "volume": 482065,
        "category": "g",
        "source": "tv",
        "shortable": true,
        "exchange_name": "NASD",
        "market_cap": 10.93518,
        "existing": false
    },
    {
        "symbol": "POAI",
        "company": "Predictive Oncology Inc.",
        "change_pct": 15.66,
        "premarket": 7.68,
        "volume": 5135,
        "category": "g",
        "source": "tv",
        "shortable": true,
        "exchange_name": "NASD",
        "market_cap": 23.39054,
        "existing": false
    },
    {
        "symbol": "SBIG",
        "company": "SpringBig Holdings, Inc.",
        "change_pct": 14.51,
        "premarket": 0.4466,
        "volume": 700,
        "category": "g",
        "source": "tv",
        "shortable": false,
        "exchange_name": "NASD",
        "market_cap": 16.40076,
        "existing": false
    },
    {
        "symbol": "ISUN",
        "company": "iSun, Inc.",
        "change_pct": 11.83,
        "premarket": 0.4406,
        "volume": 316803,
        "category": "g",
        "source": "tv",
        "shortable": true,
        "exchange_name": "NASD",
        "market_cap": 7.42099,
        "existing": false
    },
    {
        "symbol": "FBK",
        "company": "FB Financial Corporation",
        "change_pct": 11.82,
        "premarket": 33.77,
        "volume": 2147,
        "category": "g",
        "source": "tv",
        "shortable": true,
        "exchange_name": "NYSE",
        "market_cap": 1350.1,
        "existing": false
    },
    {
        "symbol": "KOD",
        "company": "Kodiak Sciences Inc",
        "change_pct": 10.62,
        "premarket": 7.19,
        "volume": 100,
        "category": "g",
        "source": "tv",
        "shortable": true,
        "exchange_name": "NASD",
        "market_cap": 358.6403,
        "existing": false
    },
    {
        "symbol": "VAPO",
        "company": "Vapotherm, Inc.",
        "change_pct": 10.6,
        "premarket": 0.4258,
        "volume": 30254,
        "category": "g",
        "source": "tv",
        "shortable": true,
        "exchange_name": "NYSE",
        "market_cap": 16.40812,
        "existing": false
    },
    {
        "symbol": "GMBL",
        "company": "Esports Entertainment Group Inc.",
        "change_pct": 10.12,
        "premarket": 0.826,
        "volume": 7523,
        "category": "g",
        "source": "tv",
        "shortable": true,
        "exchange_name": "NASD",
        "market_cap": 3.13787,
        "existing": false
    },
    {
        "symbol": "ADES",
        "company": "Advanced Emissions Solutions, Inc.",
        "change_pct": 10.06,
        "premarket": 1.75,
        "volume": 27780,
        "category": "g",
        "source": "tv",
        "shortable": true,
        "exchange_name": "NASD",
        "market_cap": 43.29408,
        "existing": false
    },
    {
        "symbol": "ADN",
        "company": "Advent Technologies Holdings, Inc.",
        "change_pct": 9.55,
        "premarket": 0.919,
        "volume": 40730,
        "category": "g",
        "source": "tv",
        "shortable": true,
        "exchange_name": "NASD",
        "market_cap": 42.89966,
        "existing": false
    },
    {
        "symbol": "REKR",
        "company": "Rekor Systems, Inc.",
        "change_pct": 9.36,
        "premarket": 3.27,
        "volume": 72965,
        "category": "g",
        "source": "tv",
        "shortable": true,
        "exchange_name": "NASD",
        "market_cap": 168.735,
        "existing": false
    },
    {
        "symbol": "SUNW",
        "company": "Sunworks, Inc.",
        "change_pct": 9.36,
        "premarket": 1.97,
        "volume": 1517000,
        "category": "g",
        "source": "tv",
        "shortable": true,
        "exchange_name": "NASD",
        "market_cap": 51.97881,
        "existing": false
    },
    {
        "symbol": "LTRN",
        "company": "Lantern Pharma Inc.",
        "change_pct": 9.04,
        "premarket": 5.5,
        "volume": 100,
        "category": "g",
        "source": "tv",
        "shortable": false,
        "exchange_name": "NASD",
        "market_cap": 53.74235,
        "existing": false
    },
    {
        "symbol": "PLAG",
        "company": "Planet Green Holdings Corp.",
        "change_pct": 8.88,
        "premarket": 0.52,
        "volume": 5328,
        "category": "g",
        "source": "tv",
        "shortable": true,
        "exchange_name": "AMEX",
        "market_cap": 37.25082,
        "existing": false
    },
    {
        "symbol": "VIVK",
        "company": "Vivakor, Inc.",
        "change_pct": 8.83,
        "premarket": 1.27,
        "volume": 200,
        "category": "g",
        "source": "tv",
        "shortable": true,
        "exchange_name": "NASD",
        "market_cap": 22.21975,
        "existing": false
    },
    {
        "symbol": "EQ",
        "company": "Equillium, Inc.",
        "change_pct": 8.38,
        "premarket": 0.9158,
        "volume": 226,
        "category": "g",
        "source": "tv",
        "shortable": true,
        "exchange_name": "NASD",
        "market_cap": 29.76824,
        "existing": false
    },
    {
        "symbol": "DATS",
        "company": "DatChat, Inc.",
        "change_pct": 7.96,
        "premarket": 0.53,
        "volume": 87000,
        "category": "g",
        "source": "tv",
        "shortable": false,
        "exchange_name": "NASD",
        "market_cap": 10.39095,
        "existing": false
    },
    {
        "symbol": "EVLO",
        "company": "Evelo Biosciences, Inc.",
        "change_pct": 7.61,
        "premarket": 3.82,
        "volume": 5158,
        "category": "g",
        "source": "tv",
        "shortable": true,
        "exchange_name": "NASD",
        "market_cap": 20.21484,
        "existing": false
    },
    {
        "symbol": "PSHG",
        "company": "Performance Shipping Inc.",
        "change_pct": 7.46,
        "premarket": 0.8812,
        "volume": 220,
        "category": "g",
        "source": "tv",
        "shortable": false,
        "exchange_name": "NASD",
        "market_cap": 9.76913,
        "existing": false
    },
    {
        "symbol": "VRAX",
        "company": "Virax Biolabs Group Limited",
        "change_pct": 7.46,
        "premarket": 0.4309,
        "volume": 30397,
        "category": "g",
        "source": "tv",
        "shortable": true,
        "exchange_name": "NASD",
        "market_cap": 7.14006,
        "existing": false
    },
    {
        "symbol": "OIG",
        "company": "Orbital Infrastructure Group, Inc.",
        "change_pct": 7.39,
        "premarket": 3.05,
        "volume": 450,
        "category": "g",
        "source": "tv",
        "shortable": true,
        "exchange_name": "NASD",
        "market_cap": 14.08071,
        "existing": false
    },
    {
        "symbol": "BLIN",
        "company": "Bridgeline Digital, Inc.",
        "change_pct": 7.34,
        "premarket": 1.41,
        "volume": 100,
        "category": "g",
        "source": "tv",
        "shortable": true,
        "exchange_name": "NASD",
        "market_cap": 13.12619,
        "existing": false
    },
    {
        "symbol": "ICAD",
        "company": "icad inc.",
        "change_pct": 7.28,
        "premarket": 2.21,
        "volume": 14113,
        "category": "g",
        "source": "tv",
        "shortable": true,
        "exchange_name": "NASD",
        "market_cap": 51.14728,
        "existing": false
    },
    {
        "symbol": "HYPR",
        "company": "Hyperfine, Inc.",
        "change_pct": 7.26,
        "premarket": 2.51,
        "volume": 30501,
        "category": "g",
        "source": "tv",
        "shortable": false,
        "exchange_name": "NASD",
        "market_cap": 165.6084,
        "existing": false
    },
    {
        "symbol": "PNC",
        "company": "PNC Financial Services Group, Inc. (The)",
        "change_pct": -3.46,
        "premarket": 122.76,
        "volume": 37444,
        "category": "l",
        "source": "tv",
        "shortable": true,
        "exchange_name": "NYSE",
        "market_cap": 50203.8,
        "existing": false
    },
    {
        "symbol": "MASI",
        "company": "Masimo Corporation",
        "change_pct": -28.74,
        "premarket": 104.87,
        "volume": 157169,
        "category": "l",
        "source": "tv",
        "shortable": true,
        "exchange_name": "NASD",
        "market_cap": 7896.178,
        "existing": false
    },
    {
        "symbol": "HESM",
        "company": "Hess Midstream LP",
        "change_pct": -3.77,
        "premarket": 29.13,
        "volume": 595,
        "category": "l",
        "source": "tv",
        "shortable": true,
        "exchange_name": "NYSE",
        "market_cap": 7155.826,
        "existing": false
    },
    {
        "symbol": "COHR",
        "company": "Coherent Corp.",
        "change_pct": -3.6,
        "premarket": 49.3,
        "volume": 6321,
        "category": "l",
        "source": "tv",
        "shortable": true,
        "exchange_name": "NYSE",
        "market_cap": 7033.003,
        "existing": false
    },
    {
        "symbol": "CCCS",
        "company": "CCC Intelligent Solutions Holdings Inc.",
        "change_pct": -4.42,
        "premarket": 10.6,
        "volume": 17149,
        "category": "l",
        "source": "tv",
        "shortable": true,
        "exchange_name": "NASD",
        "market_cap": 6672.694,
        "existing": false
    },
    {
        "symbol": "EXPI",
        "company": "eXp World Holdings, Inc.",
        "change_pct": -3.82,
        "premarket": 23.69,
        "volume": 1122,
        "category": "l",
        "source": "tv",
        "shortable": true,
        "exchange_name": "NASD",
        "market_cap": 3687.221,
        "existing": false
    },
    {
        "symbol": "LITE",
        "company": "Lumentum Holdings Inc.",
        "change_pct": -4.75,
        "premarket": 49.9,
        "volume": 11356,
        "category": "l",
        "source": "tv",
        "shortable": true,
        "exchange_name": "NASD",
        "market_cap": 3566.904,
        "existing": false
    },
    {
        "symbol": "PTLO",
        "company": "Portillo's Inc.",
        "change_pct": -5.14,
        "premarket": 21.63,
        "volume": 200,
        "category": "l",
        "source": "tv",
        "shortable": true,
        "exchange_name": "NASD",
        "market_cap": 1701.691,
        "existing": false
    },
    {
        "symbol": "NKLA",
        "company": "Nikola Corporation",
        "change_pct": -3.5,
        "premarket": 2.25,
        "volume": 2124000,
        "category": "l",
        "source": "tv",
        "shortable": true,
        "exchange_name": "NASD",
        "market_cap": 1612.771,
        "existing": false
    },
    {
        "symbol": "SGHC",
        "company": "Super Group (SGHC) Limited",
        "change_pct": -4.53,
        "premarket": 2.95,
        "volume": 100,
        "category": "l",
        "source": "tv",
        "shortable": true,
        "exchange_name": "NYSE",
        "market_cap": 1480.58,
        "existing": false
    },
    {
        "symbol": "FREY",
        "company": "FREYR Battery",
        "change_pct": -4.37,
        "premarket": 9.19,
        "volume": 25459,
        "category": "l",
        "source": "tv",
        "shortable": true,
        "exchange_name": "NYSE",
        "market_cap": 1303.45,
        "existing": false
    },
    {
        "symbol": "KIND",
        "company": "Nextdoor Holdings, Inc.",
        "change_pct": -3.1,
        "premarket": 3.13,
        "volume": 225,
        "category": "l",
        "source": "tv",
        "shortable": true,
        "exchange_name": "NYSE",
        "market_cap": 1209.877,
        "existing": false
    },
    {
        "symbol": "TVTX",
        "company": "Travere Therapeutics, Inc.",
        "change_pct": -5.48,
        "premarket": 15.0,
        "volume": 940,
        "category": "l",
        "source": "tv",
        "shortable": true,
        "exchange_name": "NASD",
        "market_cap": 1142.247,
        "existing": false
    },
    {
        "symbol": "SMRT",
        "company": "SmartRent, Inc.",
        "change_pct": -5.79,
        "premarket": 3.74,
        "volume": 4000,
        "category": "l",
        "source": "tv",
        "shortable": false,
        "exchange_name": "NYSE",
        "market_cap": 769.9135,
        "existing": false
    },
    {
        "symbol": "RXT",
        "company": "Rackspace Technology, Inc.",
        "change_pct": -3.6,
        "premarket": 2.41,
        "volume": 260,
        "category": "l",
        "source": "tv",
        "shortable": true,
        "exchange_name": "NASD",
        "market_cap": 531.2476,
        "existing": false
    },
    {
        "symbol": "TSP",
        "company": "TuSimple Holdings Inc.",
        "change_pct": -3.43,
        "premarket": 2.25,
        "volume": 633,
        "category": "l",
        "source": "tv",
        "shortable": true,
        "exchange_name": "NASD",
        "market_cap": 514.6132,
        "existing": false
    },
    {
        "symbol": "MRNS",
        "company": "Marinus Pharmaceuticals, Inc.",
        "change_pct": -5.0,
        "premarket": 9.51,
        "volume": 101,
        "category": "l",
        "source": "tv",
        "shortable": true,
        "exchange_name": "NASD",
        "market_cap": 498.4031,
        "existing": false
    },
    {
        "symbol": "BKKT",
        "company": "Bakkt Holdings, Inc.",
        "change_pct": -8.47,
        "premarket": 1.62,
        "volume": 5226,
        "category": "l",
        "source": "tv",
        "shortable": true,
        "exchange_name": "NYSE",
        "market_cap": 496.2699,
        "existing": false
    },
    {
        "symbol": "CVM",
        "company": "Cel-Sci Corporation",
        "change_pct": -18.53,
        "premarket": 2.33,
        "volume": 283063,
        "category": "l",
        "source": "tv",
        "shortable": true,
        "exchange_name": "AMEX",
        "market_cap": 464.2737,
        "existing": false
    },
    {
        "symbol": "DSGN",
        "company": "Design Therapeutics, Inc.",
        "change_pct": -3.01,
        "premarket": 6.77,
        "volume": 102,
        "category": "l",
        "source": "tv",
        "shortable": true,
        "exchange_name": "NASD",
        "market_cap": 388.2621,
        "existing": false
    },
    {
        "symbol": "UIS",
        "company": "Unisys Corporation New",
        "change_pct": -4.82,
        "premarket": 5.1,
        "volume": 300,
        "category": "l",
        "source": "tv",
        "shortable": true,
        "exchange_name": "NYSE",
        "market_cap": 348.8287,
        "existing": false
    },
    {
        "symbol": "ABOS",
        "company": "Acumen Pharmaceuticals, Inc.",
        "change_pct": -7.0,
        "premarket": 9.04,
        "volume": 166597,
        "category": "l",
        "source": "tv",
        "shortable": true,
        "exchange_name": "NASD",
        "market_cap": 257.6374,
        "existing": false
    },
    {
        "symbol": "ID",
        "company": "PARTS iD, Inc.",
        "change_pct": -8.2,
        "premarket": 0.4689,
        "volume": 4654,
        "category": "l",
        "source": "tv",
        "shortable": false,
        "exchange_name": "AMEX",
        "market_cap": 206.3389,
        "existing": false
    },
    {
        "symbol": "CTCX",
        "company": "Carmell Therapeutics Corporation",
        "change_pct": -16.01,
        "premarket": 8.18,
        "volume": 887,
        "category": "l",
        "source": "tv",
        "shortable": false,
        "exchange_name": "NASD",
        "market_cap": 193.5386,
        "existing": false
    },
    {
        "symbol": "VERI",
        "company": "Veritone, Inc.",
        "change_pct": -5.88,
        "premarket": 4.0,
        "volume": 600,
        "category": "l",
        "source": "tv",
        "shortable": true,
        "exchange_name": "NASD",
        "market_cap": 150.2453,
        "existing": false
    },
    {
        "symbol": "INO",
        "company": "Inovio Pharmaceuticals, Inc.",
        "change_pct": -3.56,
        "premarket": 0.52,
        "volume": 6107,
        "category": "l",
        "source": "tv",
        "shortable": true,
        "exchange_name": "NASD",
        "market_cap": 137.9398,
        "existing": false
    },
    {
        "symbol": "KSCP",
        "company": "Knightscope, Inc.",
        "change_pct": -4.25,
        "premarket": 1.59,
        "volume": 131093,
        "category": "l",
        "source": "tv",
        "shortable": true,
        "exchange_name": "NASD",
        "market_cap": 127.9923,
        "existing": false
    },
    {
        "symbol": "WLMS",
        "company": "Williams Industrial Services Group Inc.",
        "change_pct": -8.43,
        "premarket": 0.3399,
        "volume": 58518,
        "category": "l",
        "source": "tv",
        "shortable": false,
        "exchange_name": "AMEX",
        "market_cap": 127.7634,
        "existing": false
    },
    {
        "symbol": "VCIG",
        "company": "VCI Global Limited",
        "change_pct": -3.67,
        "premarket": 3.41,
        "volume": 1000,
        "category": "l",
        "source": "tv",
        "shortable": true,
        "exchange_name": "NASD",
        "market_cap": 119.8941,
        "existing": false
    },
    {
        "symbol": "BTTR",
        "company": "Better Choice Company Inc.",
        "change_pct": -3.6,
        "premarket": 0.23,
        "volume": 500,
        "category": "l",
        "source": "tv",
        "shortable": true,
        "exchange_name": "AMEX",
        "market_cap": 104.4389,
        "existing": false
    }
]