[
    {
        "symbol": "SBET",
        "company": "SharpLink Gaming Ltd.",
        "change_pct": 927.61,
        "premarket": 3.35,
        "volume": 2084,
        "category": "g",
        "source": "tv",
        "fails": [
            "shares_value"
        ],
        "shortable": true,
        "exchange_name": "NASD",
        "market_cap": 8.76296,
        "tradeable": false
    },
    {
        "symbol": "PBLA",
        "company": "Panbela Therapeutics, Inc.",
        "change_pct": 66.43,
        "premarket": 0.699,
        "volume": 12236100,
        "category": "g",
        "source": "tv",
        "fails": [
            "premarket"
        ],
        "shortable": false,
        "exchange_name": "NASD",
        "market_cap": 6.13027,
        "tradeable": false
    },
    {
        "symbol": "EDUC",
        "company": "Educational Development Corporation",
        "change_pct": 37.96,
        "premarket": 2.98,
        "volume": 300,
        "category": "g",
        "source": "tv",
        "fails": [
            "shares_value"
        ],
        "shortable": true,
        "exchange_name": "NASD",
        "market_cap": 18.8207,
        "tradeable": false
    },
    {
        "symbol": "SAI",
        "company": "SAI.TECH Global Corporation",
        "change_pct": 34.98,
        "premarket": 3.76,
        "volume": 2411100,
        "category": "g",
        "source": "tv",
        "fails": [
            "existing"
        ],
        "shortable": true,
        "exchange_name": "NASD",
        "market_cap": 63.92217,
        "tradeable": false
    },
    {
        "symbol": "AVGR",
        "company": "Avinger, Inc.",
        "change_pct": 29.61,
        "premarket": 0.7302,
        "volume": 5039099,
        "category": "g",
        "source": "tv",
        "fails": [
            "premarket"
        ],
        "shortable": false,
        "exchange_name": "NASD",
        "market_cap": 4.85341,
        "tradeable": false
    },
    {
        "symbol": "RFL",
        "company": "Rafael Holdings, Inc.",
        "change_pct": 22.33,
        "premarket": 2.52,
        "volume": 100,
        "category": "g",
        "source": "tv",
        "fails": [
            "shares_value"
        ],
        "shortable": true,
        "exchange_name": "NYSE",
        "market_cap": 50.07987,
        "tradeable": false
    },
    {
        "symbol": "HOTH",
        "company": "Hoth Therapeutics, Inc.",
        "change_pct": 20.0,
        "premarket": 2.28,
        "volume": 606602,
        "category": "g",
        "source": "tv",
        "fails": [],
        "shortable": true,
        "exchange_name": "NASD",
        "market_cap": 6.27401,
        "tradeable": true
    },
    {
        "symbol": "RPID",
        "company": "Rapid Micro Biosystems, Inc.",
        "change_pct": 20.0,
        "premarket": 1.2,
        "volume": 300,
        "category": "g",
        "source": "tv",
        "fails": [
            "shares_value"
        ],
        "shortable": false,
        "exchange_name": "NASD",
        "market_cap": 42.18849,
        "tradeable": false
    },
    {
        "symbol": "CTM",
        "company": "Castellum, Inc.",
        "change_pct": 19.39,
        "premarket": 1.2,
        "volume": 100,
        "category": "g",
        "source": "tv",
        "fails": [
            "shares_value"
        ],
        "shortable": false,
        "exchange_name": "AMEX",
        "market_cap": 0.0,
        "tradeable": false
    },
    {
        "symbol": "ACTG",
        "company": "Acacia Research Corporation",
        "change_pct": 19.06,
        "premarket": 4.31,
        "volume": 100,
        "category": "g",
        "source": "tv",
        "fails": [
            "shares_value",
            "existing"
        ],
        "shortable": true,
        "exchange_name": "NASD",
        "market_cap": 211.9873,
        "tradeable": false
    },
    {
        "symbol": "ENTX",
        "company": "Entera Bio Ltd.",
        "change_pct": 16.97,
        "premarket": 0.8189,
        "volume": 878,
        "category": "g",
        "source": "tv",
        "fails": [
            "premarket",
            "shares_value"
        ],
        "shortable": false,
        "exchange_name": "NASD",
        "market_cap": 20.16983,
        "tradeable": false
    },
    {
        "symbol": "ZVSA",
        "company": "ZyVersa Therapeutics, Inc.",
        "change_pct": -67.07,
        "premarket": 0.53,
        "volume": 1722100,
        "category": "l",
        "source": "tv",
        "fails": [
            "premarket"
        ],
        "shortable": true,
        "exchange_name": "NASD",
        "market_cap": 14.83119,
        "tradeable": false
    },
    {
        "symbol": "EVLO",
        "company": "Evelo Biosciences, Inc.",
        "change_pct": -27.11,
        "premarket": 0.1086,
        "volume": 624913,
        "category": "l",
        "source": "tv",
        "fails": [
            "premarket"
        ],
        "shortable": true,
        "exchange_name": "NASD",
        "market_cap": 16.52858,
        "tradeable": false
    },
    {
        "symbol": "BBBY",
        "company": "Bed Bath & Beyond Inc.",
        "change_pct": -24.44,
        "premarket": 0.1506,
        "volume": 20478100,
        "category": "l",
        "source": "tv",
        "fails": [
            "premarket"
        ],
        "shortable": true,
        "exchange_name": "NASD",
        "market_cap": 92.98484,
        "tradeable": false
    },
    {
        "symbol": "ENPH",
        "company": "Enphase Energy, Inc.",
        "change_pct": -19.33,
        "premarket": 177.95,
        "volume": 295664,
        "category": "l",
        "source": "tv",
        "fails": [
            "existing"
        ],
        "shortable": true,
        "exchange_name": "NASD",
        "market_cap": 30213.71,
        "tradeable": false
    },
    {
        "symbol": "IMPP",
        "company": "Imperial Petroleum Inc.",
        "change_pct": -15.63,
        "premarket": 0.1679,
        "volume": 2138100,
        "category": "l",
        "source": "tv",
        "fails": [
            "premarket",
            "is_shortable"
        ],
        "shortable": false,
        "exchange_name": "NASD",
        "market_cap": 48.53437,
        "tradeable": false
    },
    {
        "symbol": "LTRY",
        "company": "Lottery.com, Inc.",
        "change_pct": -15.34,
        "premarket": 0.4017,
        "volume": 95938,
        "category": "l",
        "source": "tv",
        "fails": [
            "premarket",
            "is_shortable"
        ],
        "shortable": false,
        "exchange_name": "NASD",
        "market_cap": 24.086,
        "tradeable": false
    },
    {
        "symbol": "APLM",
        "company": "Apollomics Inc.",
        "change_pct": -14.73,
        "premarket": 5.5,
        "volume": 14506,
        "category": "l",
        "source": "tv",
        "fails": [
            "existing"
        ],
        "shortable": true,
        "exchange_name": "NASD",
        "market_cap": 559.8331,
        "tradeable": false
    },
    {
        "symbol": "NCPL",
        "company": "Netcapital Inc.",
        "change_pct": -14.29,
        "premarket": 1.2,
        "volume": 25617,
        "category": "l",
        "source": "tv",
        "fails": [
            "is_shortable"
        ],
        "shortable": false,
        "exchange_name": "NASD",
        "market_cap": 8.50049,
        "tradeable": false
    },
    {
        "symbol": "FRC",
        "company": "FIRST REPUBLIC BANK",
        "change_pct": -13.21,
        "premarket": 7.03,
        "volume": 16533100,
        "category": "l",
        "source": "tv",
        "fails": [
            "existing"
        ],
        "shortable": true,
        "exchange_name": "NYSE",
        "market_cap": 1508.372,
        "tradeable": false
    },
    {
        "symbol": "LSDI",
        "company": "Lucy Scientific Discovery Inc.",
        "change_pct": -12.83,
        "premarket": 1.02,
        "volume": 100,
        "category": "l",
        "source": "tv",
        "fails": [
            "shares_value",
            "is_shortable"
        ],
        "shortable": false,
        "exchange_name": "NASD",
        "market_cap": 19.12109,
        "tradeable": false
    },
    {
        "symbol": "PBTS",
        "company": "Powerbridge Technologies Co., Ltd.",
        "change_pct": -11.54,
        "premarket": 0.0751,
        "volume": 1711100,
        "category": "l",
        "source": "tv",
        "fails": [
            "premarket"
        ],
        "shortable": true,
        "exchange_name": "NASD",
        "market_cap": 19.161,
        "tradeable": false
    }
]