[
    {
        "symbol": "CVNA",
        "company": "Carvana Co.",
        "change_pct": 47.99,
        "premarket": 58.9,
        "volume": 13572000,
        "category": "g",
        "source": "tv",
        "shortable": true,
        "exchange_name": "NYSE",
        "market_cap": 7525.49,
        "existing": false
    },
    {
        "symbol": "SMX",
        "company": "SMX (Security Matters) Public Limited Company",
        "change_pct": 45.62,
        "premarket": 0.2126,
        "volume": 28939000,
        "category": "g",
        "source": "tv",
        "shortable": false,
        "exchange_name": "NASD",
        "market_cap": 5.92565,
        "existing": false
    },
    {
        "symbol": "SXTP",
        "company": "60 Degrees Pharmaceuticals, Inc.",
        "change_pct": 28.51,
        "premarket": 3.11,
        "volume": 4590000,
        "category": "g",
        "source": "tv",
        "shortable": true,
        "exchange_name": "NASD",
        "market_cap": 13.47826,
        "existing": false
    },
    {
        "symbol": "SRT",
        "company": "StarTek, Inc.",
        "change_pct": 18.53,
        "premarket": 3.39,
        "volume": 71730,
        "category": "g",
        "source": "tv",
        "shortable": true,
        "exchange_name": "NYSE",
        "market_cap": 115.3264,
        "existing": false
    },
    {
        "symbol": "PBLA",
        "company": "Panbela Therapeutics, Inc.",
        "change_pct": 17.39,
        "premarket": 2.43,
        "volume": 1195000,
        "category": "g",
        "source": "tv",
        "shortable": true,
        "exchange_name": "NASD",
        "market_cap": 3.02377,
        "existing": false
    },
    {
        "symbol": "RVYL",
        "company": "Ryvyl Inc.",
        "change_pct": 16.82,
        "premarket": 1.25,
        "volume": 95949,
        "category": "g",
        "source": "tv",
        "shortable": false,
        "exchange_name": "NASD",
        "market_cap": 54.93789,
        "existing": false
    },
    {
        "symbol": "VRM",
        "company": "Vroom, Inc.",
        "change_pct": 16.52,
        "premarket": 2.61,
        "volume": 3041000,
        "category": "g",
        "source": "tv",
        "shortable": true,
        "exchange_name": "NASD",
        "market_cap": 310.9794,
        "existing": false
    },
    {
        "symbol": "SNTG",
        "company": "Sentage Holdings Inc.",
        "change_pct": 14.88,
        "premarket": 2.76,
        "volume": 1000,
        "category": "g",
        "source": "tv",
        "shortable": false,
        "exchange_name": "NASD",
        "market_cap": 6.73979,
        "existing": false
    },
    {
        "symbol": "CNTG",
        "company": "Centogene N.V.",
        "change_pct": 13.24,
        "premarket": 1.54,
        "volume": 2792,
        "category": "g",
        "source": "tv",
        "shortable": true,
        "exchange_name": "NASD",
        "market_cap": 37.89742,
        "existing": false
    },
    {
        "symbol": "AMPS",
        "company": "Altus Power, Inc.",
        "change_pct": 11.85,
        "premarket": 7.35,
        "volume": 1150,
        "category": "g",
        "source": "tv",
        "shortable": true,
        "exchange_name": "NYSE",
        "market_cap": 1051.175,
        "existing": false
    },
    {
        "symbol": "SFT",
        "company": "Shift Technologies, Inc.",
        "change_pct": 11.69,
        "premarket": 2.58,
        "volume": 148734,
        "category": "g",
        "source": "tv",
        "shortable": true,
        "exchange_name": "NASD",
        "market_cap": 39.17052,
        "existing": false
    },
    {
        "symbol": "FYBR",
        "company": "Frontier Communications Parent, Inc.",
        "change_pct": 11.57,
        "premarket": 13.5,
        "volume": 83596,
        "category": "g",
        "source": "tv",
        "shortable": true,
        "exchange_name": "NASD",
        "market_cap": 2968.783,
        "existing": false
    },
    {
        "symbol": "AGIL",
        "company": "AgileThought, Inc.",
        "change_pct": 11.41,
        "premarket": 0.7665,
        "volume": 300,
        "category": "g",
        "source": "tv",
        "shortable": false,
        "exchange_name": "NASD",
        "market_cap": 35.91722,
        "existing": false
    },
    {
        "symbol": "DMAQ",
        "company": "Deep Medicine Acquisition Corp.",
        "change_pct": 11.3,
        "premarket": 13.0,
        "volume": 151753,
        "category": "g",
        "source": "tv",
        "shortable": false,
        "exchange_name": "NASD",
        "market_cap": 53.88417,
        "existing": false
    },
    {
        "symbol": "DFLI",
        "company": "Dragonfly Energy Holdings Corp",
        "change_pct": 10.88,
        "premarket": 2.14,
        "volume": 1067000,
        "category": "g",
        "source": "tv",
        "shortable": true,
        "exchange_name": "NASD",
        "market_cap": 107.859,
        "existing": false
    },
    {
        "symbol": "BPTH",
        "company": "Bio-Path Holdings, Inc.",
        "change_pct": 10.69,
        "premarket": 1.45,
        "volume": 4600,
        "category": "g",
        "source": "tv",
        "shortable": true,
        "exchange_name": "NASD",
        "market_cap": 10.42781,
        "existing": false
    },
    {
        "symbol": "BSFC",
        "company": "Blue Star Foods Corp.",
        "change_pct": 10.15,
        "premarket": 1.19,
        "volume": 300,
        "category": "g",
        "source": "tv",
        "shortable": false,
        "exchange_name": "NASD",
        "market_cap": 2.84414,
        "existing": false
    },
    {
        "symbol": "STTK",
        "company": "Shattuck Labs, Inc.",
        "change_pct": 9.89,
        "premarket": 3.0,
        "volume": 369,
        "category": "g",
        "source": "tv",
        "shortable": false,
        "exchange_name": "NASD",
        "market_cap": 115.9466,
        "existing": false
    },
    {
        "symbol": "FRGT",
        "company": "Freight Technologies, Inc.",
        "change_pct": 9.69,
        "premarket": 0.8999,
        "volume": 1993,
        "category": "g",
        "source": "tv",
        "shortable": true,
        "exchange_name": "NASD",
        "market_cap": 2.68385,
        "existing": false
    },
    {
        "symbol": "BLUE",
        "company": "bluebird bio, Inc.",
        "change_pct": 9.52,
        "premarket": 3.45,
        "volume": 1332000,
        "category": "g",
        "source": "tv",
        "shortable": true,
        "exchange_name": "NASD",
        "market_cap": 335.1978,
        "existing": false
    },
    {
        "symbol": "ENLV",
        "company": "Enlivex Therapeutics Ltd.",
        "change_pct": 9.48,
        "premarket": 2.54,
        "volume": 8240,
        "category": "g",
        "source": "tv",
        "shortable": true,
        "exchange_name": "NASD",
        "market_cap": 43.07373,
        "existing": false
    },
    {
        "symbol": "INM",
        "company": "InMed Pharmaceuticals Inc.",
        "change_pct": 9.36,
        "premarket": 1.05,
        "volume": 100,
        "category": "g",
        "source": "tv",
        "shortable": true,
        "exchange_name": "NASD",
        "market_cap": 3.1954,
        "existing": false
    },
    {
        "symbol": "AUID",
        "company": "authID Inc.",
        "change_pct": 9.36,
        "premarket": 8.39,
        "volume": 300,
        "category": "g",
        "source": "tv",
        "shortable": true,
        "exchange_name": "NASD",
        "market_cap": 24.804,
        "existing": false
    },
    {
        "symbol": "CZOO",
        "company": "Cazoo Group Ltd",
        "change_pct": 9.09,
        "premarket": 1.56,
        "volume": 71453,
        "category": "g",
        "source": "tv",
        "shortable": true,
        "exchange_name": "NYSE",
        "market_cap": 55.28439,
        "existing": false
    },
    {
        "symbol": "RBBN",
        "company": "Ribbon Communications Inc.",
        "change_pct": 9.06,
        "premarket": 3.25,
        "volume": 10104,
        "category": "g",
        "source": "tv",
        "shortable": true,
        "exchange_name": "NASD",
        "market_cap": 507.2695,
        "existing": false
    },
    {
        "symbol": "IBKR",
        "company": "Interactive Brokers Group, Inc.",
        "change_pct": -4.72,
        "premarket": 82.2,
        "volume": 28926,
        "category": "l",
        "source": "tv",
        "shortable": true,
        "exchange_name": "NASD",
        "market_cap": 36481.32,
        "existing": false
    },
    {
        "symbol": "OMC",
        "company": "Omnicom Group Inc.",
        "change_pct": -7.67,
        "premarket": 90.41,
        "volume": 44022,
        "category": "l",
        "source": "tv",
        "shortable": true,
        "exchange_name": "NYSE",
        "market_cap": 19536.48,
        "existing": false
    },
    {
        "symbol": "IPG",
        "company": "Interpublic Group of Companies, Inc. (The)",
        "change_pct": -5.82,
        "premarket": 38.5,
        "volume": 14118,
        "category": "l",
        "source": "tv",
        "shortable": true,
        "exchange_name": "NYSE",
        "market_cap": 15781.02,
        "existing": false
    },
    {
        "symbol": "TOST",
        "company": "Toast, Inc.",
        "change_pct": -9.75,
        "premarket": 24.15,
        "volume": 1050000,
        "category": "l",
        "source": "tv",
        "shortable": true,
        "exchange_name": "NYSE",
        "market_cap": 14195.74,
        "existing": false
    },
    {
        "symbol": "FTI",
        "company": "TechnipFMC plc",
        "change_pct": -4.5,
        "premarket": 17.21,
        "volume": 43946,
        "category": "l",
        "source": "tv",
        "shortable": true,
        "exchange_name": "NYSE",
        "market_cap": 7956.965,
        "existing": false
    },
    {
        "symbol": "JOBY",
        "company": "Joby Aviation, Inc.",
        "change_pct": -7.21,
        "premarket": 9.34,
        "volume": 1532000,
        "category": "l",
        "source": "tv",
        "shortable": true,
        "exchange_name": "NYSE",
        "market_cap": 6814.972,
        "existing": false
    },
    {
        "symbol": "BC",
        "company": "Brunswick Corporation",
        "change_pct": -3.88,
        "premarket": 81.9,
        "volume": 4075,
        "category": "l",
        "source": "tv",
        "shortable": true,
        "exchange_name": "NYSE",
        "market_cap": 6025.471,
        "existing": false
    },
    {
        "symbol": "AUR",
        "company": "Aurora Innovation, Inc.",
        "change_pct": -6.83,
        "premarket": 3.0,
        "volume": 734583,
        "category": "l",
        "source": "tv",
        "shortable": true,
        "exchange_name": "NASD",
        "market_cap": 3800.931,
        "existing": false
    },
    {
        "symbol": "EVEX",
        "company": "Eve Holding, Inc.",
        "change_pct": -4.4,
        "premarket": 10.0,
        "volume": 100,
        "category": "l",
        "source": "tv",
        "shortable": true,
        "exchange_name": "NYSE",
        "market_cap": 2814.723,
        "existing": false
    },
    {
        "symbol": "HPK",
        "company": "HighPeak Energy, Inc.",
        "change_pct": -10.33,
        "premarket": 11.54,
        "volume": 173550,
        "category": "l",
        "source": "tv",
        "shortable": true,
        "exchange_name": "NASD",
        "market_cap": 1456.59,
        "existing": false
    },
    {
        "symbol": "PTSI",
        "company": "P.A.M. Transportation Services, Inc.",
        "change_pct": -5.95,
        "premarket": 24.2,
        "volume": 190,
        "category": "l",
        "source": "tv",
        "shortable": true,
        "exchange_name": "NASD",
        "market_cap": 566.9175,
        "existing": false
    },
    {
        "symbol": "ALEC",
        "company": "Alector, Inc.",
        "change_pct": -8.07,
        "premarket": 6.15,
        "volume": 100,
        "category": "l",
        "source": "tv",
        "shortable": true,
        "exchange_name": "NASD",
        "market_cap": 557.6234,
        "existing": false
    },
    {
        "symbol": "SFWL",
        "company": "Shengfeng Development Limited",
        "change_pct": -5.12,
        "premarket": 6.12,
        "volume": 2724,
        "category": "l",
        "source": "tv",
        "shortable": true,
        "exchange_name": "NASD",
        "market_cap": 531.48,
        "existing": false
    },
    {
        "symbol": "FRGE",
        "company": "Forge Global Holdings, Inc.",
        "change_pct": -4.58,
        "premarket": 2.5,
        "volume": 3193,
        "category": "l",
        "source": "tv",
        "shortable": true,
        "exchange_name": "NYSE",
        "market_cap": 455.9847,
        "existing": false
    },
    {
        "symbol": "ABL",
        "company": "Abacus Life, Inc.",
        "change_pct": -3.63,
        "premarket": 6.37,
        "volume": 100,
        "category": "l",
        "source": "tv",
        "shortable": true,
        "exchange_name": "NASD",
        "market_cap": 418.7423,
        "existing": false
    },
    {
        "symbol": "ACAQ",
        "company": "Athena Consumer Acquisition Corp.",
        "change_pct": -4.85,
        "premarket": 10.8,
        "volume": 700,
        "category": "l",
        "source": "tv",
        "shortable": false,
        "exchange_name": "AMEX",
        "market_cap": 340.366,
        "existing": false
    },
    {
        "symbol": "ASUR",
        "company": "Asure Software Inc",
        "change_pct": -5.04,
        "premarket": 13.19,
        "volume": 100,
        "category": "l",
        "source": "tv",
        "shortable": true,
        "exchange_name": "NASD",
        "market_cap": 286.4536,
        "existing": false
    },
    {
        "symbol": "BHIL",
        "company": "Benson Hill, Inc.",
        "change_pct": -5.8,
        "premarket": 1.3,
        "volume": 8673,
        "category": "l",
        "source": "tv",
        "shortable": true,
        "exchange_name": "NYSE",
        "market_cap": 286.3048,
        "existing": false
    },
    {
        "symbol": "ID",
        "company": "PARTS iD, Inc.",
        "change_pct": -14.48,
        "premarket": 0.4105,
        "volume": 3137,
        "category": "l",
        "source": "tv",
        "shortable": false,
        "exchange_name": "AMEX",
        "market_cap": 206.3389,
        "existing": false
    },
    {
        "symbol": "BIVI",
        "company": "BioVie Inc.",
        "change_pct": -4.66,
        "premarket": 4.91,
        "volume": 500,
        "category": "l",
        "source": "tv",
        "shortable": true,
        "exchange_name": "NASD",
        "market_cap": 186.8448,
        "existing": false
    },
    {
        "symbol": "AULT",
        "company": "Ault Alliance, Inc.",
        "change_pct": -3.67,
        "premarket": 3.94,
        "volume": 17507,
        "category": "l",
        "source": "tv",
        "shortable": true,
        "exchange_name": "AMEX",
        "market_cap": 155.8324,
        "existing": false
    },
    {
        "symbol": "BODY",
        "company": "The Beachbody Company, Inc.",
        "change_pct": -5.13,
        "premarket": 0.4458,
        "volume": 100,
        "category": "l",
        "source": "tv",
        "shortable": true,
        "exchange_name": "NYSE",
        "market_cap": 149.6366,
        "existing": false
    },
    {
        "symbol": "AQMS",
        "company": "Aqua Metals, Inc.",
        "change_pct": -28.99,
        "premarket": 1.2,
        "volume": 1853000,
        "category": "l",
        "source": "tv",
        "shortable": true,
        "exchange_name": "NASD",
        "market_cap": 140.5029,
        "existing": false
    },
    {
        "symbol": "MIMO",
        "company": "Airspan Networks Holdings Inc.",
        "change_pct": -3.88,
        "premarket": 0.1513,
        "volume": 2009,
        "category": "l",
        "source": "tv",
        "shortable": false,
        "exchange_name": "AMEX",
        "market_cap": 123.2392,
        "existing": false
    },
    {
        "symbol": "MIST",
        "company": "Milestone Pharmaceuticals Inc.",
        "change_pct": -9.85,
        "premarket": 3.02,
        "volume": 1953,
        "category": "l",
        "source": "tv",
        "shortable": true,
        "exchange_name": "NASD",
        "market_cap": 111.7484,
        "existing": false
    }
]