[
    {
        "symbol": "AUGX",
        "company": "Augmedix, Inc.",
        "change_pct": 88.89,
        "premarket": 3.4,
        "volume": 9422100,
        "category": "g",
        "source": "tv",
        "fails": [],
        "shortable": false,
        "exchange_name": "NASD",
        "market_cap": 67.5439,
        "tradeable": true
    },
    {
        "symbol": "ASTI",
        "company": "Ascent Solar Technologies, Inc",
        "change_pct": 51.25,
        "premarket": 0.4583,
        "volume": 1194100,
        "category": "g",
        "source": "tv",
        "fails": [
            "premarket"
        ],
        "shortable": false,
        "exchange_name": "NASD",
        "market_cap": 11.18946,
        "tradeable": false
    },
    {
        "symbol": "GETR",
        "company": "Getaround, Inc.",
        "change_pct": 47.96,
        "premarket": 0.5319,
        "volume": 13390100,
        "category": "g",
        "source": "tv",
        "fails": [
            "premarket"
        ],
        "shortable": false,
        "exchange_name": "NYSE",
        "market_cap": 33.10491,
        "tradeable": false
    },
    {
        "symbol": "UIHC",
        "company": "United Insurance Holdings Corp.",
        "change_pct": 33.93,
        "premarket": 2.21,
        "volume": 2486100,
        "category": "g",
        "source": "tv",
        "fails": [],
        "shortable": true,
        "exchange_name": "NASD",
        "market_cap": 71.40107,
        "tradeable": true
    },
    {
        "symbol": "CNSP",
        "company": "CNS Pharmaceuticals, Inc.",
        "change_pct": 25.42,
        "premarket": 2.22,
        "volume": 4011100,
        "category": "g",
        "source": "tv",
        "fails": [],
        "shortable": true,
        "exchange_name": "NASD",
        "market_cap": 3.9406,
        "tradeable": true
    },
    {
        "symbol": "RCRT",
        "company": "Recruiter.com Group, Inc.",
        "change_pct": 24.52,
        "premarket": 0.3311,
        "volume": 3360100,
        "category": "g",
        "source": "tv",
        "fails": [
            "premarket"
        ],
        "shortable": false,
        "exchange_name": "NASD",
        "market_cap": 4.57616,
        "tradeable": false
    },
    {
        "symbol": "SONN",
        "company": "Sonnet BioTherapeutics Holdings, Inc.",
        "change_pct": 22.25,
        "premarket": 0.3714,
        "volume": 14166100,
        "category": "g",
        "source": "tv",
        "fails": [
            "premarket"
        ],
        "shortable": true,
        "exchange_name": "NASD",
        "market_cap": 6.14676,
        "tradeable": false
    },
    {
        "symbol": "CFRX",
        "company": "ContraFect Corporation",
        "change_pct": 22.16,
        "premarket": 2.15,
        "volume": 1147100,
        "category": "g",
        "source": "tv",
        "fails": [],
        "shortable": true,
        "exchange_name": "NASD",
        "market_cap": 2.75602,
        "tradeable": true
    },
    {
        "symbol": "DRMA",
        "company": "Dermata Therapeutics, Inc.",
        "change_pct": 20.7,
        "premarket": 3.09,
        "volume": 1332100,
        "category": "g",
        "source": "tv",
        "fails": [
            "existing"
        ],
        "shortable": true,
        "exchange_name": "NASD",
        "market_cap": 2.1891,
        "tradeable": false
    },
    {
        "symbol": "MOBQ",
        "company": "Mobiquity Technologies, Inc.",
        "change_pct": 20.05,
        "premarket": 0.2281,
        "volume": 8890100,
        "category": "g",
        "source": "tv",
        "fails": [
            "premarket"
        ],
        "shortable": false,
        "exchange_name": "NASD",
        "market_cap": 3.23986,
        "tradeable": false
    },
    {
        "symbol": "MIND",
        "company": "MIND Technology, Inc.",
        "change_pct": 18.11,
        "premarket": 0.679,
        "volume": 27726,
        "category": "g",
        "source": "tv",
        "fails": [
            "premarket"
        ],
        "shortable": false,
        "exchange_name": "NASD",
        "market_cap": 7.92715,
        "tradeable": false
    },
    {
        "symbol": "WINT",
        "company": "Windtree Therapeutics, Inc.",
        "change_pct": -58.93,
        "premarket": 2.3,
        "volume": 2847100,
        "category": "l",
        "source": "tv",
        "fails": [
            "existing"
        ],
        "shortable": true,
        "exchange_name": "NASD",
        "market_cap": 5.09047,
        "tradeable": false
    },
    {
        "symbol": "BBBY",
        "company": "Bed Bath & Beyond Inc.",
        "change_pct": -20.63,
        "premarket": 0.3683,
        "volume": 20865100,
        "category": "l",
        "source": "tv",
        "fails": [
            "premarket"
        ],
        "shortable": true,
        "exchange_name": "NASD",
        "market_cap": 216.4825,
        "tradeable": false
    },
    {
        "symbol": "KA",
        "company": "Kineta, Inc.",
        "change_pct": -20.42,
        "premarket": 3.78,
        "volume": 12817,
        "category": "l",
        "source": "tv",
        "fails": [
            "existing"
        ],
        "shortable": true,
        "exchange_name": "NASD",
        "market_cap": 40.38149,
        "tradeable": false
    },
    {
        "symbol": "PTE",
        "company": "PolarityTE, Inc.",
        "change_pct": -15.62,
        "premarket": 0.4809,
        "volume": 4966,
        "category": "l",
        "source": "tv",
        "fails": [
            "premarket",
            "shares_value"
        ],
        "shortable": true,
        "exchange_name": "NASD",
        "market_cap": 4.17381,
        "tradeable": false
    },
    {
        "symbol": "ID",
        "company": "PARTS iD, Inc.",
        "change_pct": -13.36,
        "premarket": 0.284,
        "volume": 6026,
        "category": "l",
        "source": "tv",
        "fails": [
            "premarket",
            "shares_value",
            "is_shortable"
        ],
        "shortable": false,
        "exchange_name": "AMEX",
        "market_cap": 206.3389,
        "tradeable": false
    },
    {
        "symbol": "GNS",
        "company": "Genius Group Limited",
        "change_pct": -13.19,
        "premarket": 1.25,
        "volume": 396343,
        "category": "l",
        "source": "tv",
        "fails": [],
        "shortable": true,
        "exchange_name": "AMEX",
        "market_cap": 0.0,
        "tradeable": true
    },
    {
        "symbol": "GFF",
        "company": "Griffon Corporation",
        "change_pct": -13.03,
        "premarket": 27.49,
        "volume": 15025,
        "category": "l",
        "source": "tv",
        "fails": [
            "existing"
        ],
        "shortable": true,
        "exchange_name": "NYSE",
        "market_cap": 1807.656,
        "tradeable": false
    },
    {
        "symbol": "VRAX",
        "company": "Virax Biolabs Group Limited",
        "change_pct": -12.7,
        "premarket": 0.4889,
        "volume": 205924,
        "category": "l",
        "source": "tv",
        "fails": [
            "premarket"
        ],
        "shortable": true,
        "exchange_name": "NASD",
        "market_cap": 8.70637,
        "tradeable": false
    },
    {
        "symbol": "STVN",
        "company": "Stevanato Group S.p.A.",
        "change_pct": -12.67,
        "premarket": 23.33,
        "volume": 400,
        "category": "l",
        "source": "tv",
        "fails": [
            "shares_value",
            "is_shortable"
        ],
        "shortable": false,
        "exchange_name": "NYSE",
        "market_cap": 7893.875,
        "tradeable": false
    },
    {
        "symbol": "SVFD",
        "company": "Save Foods, Inc.",
        "change_pct": -12.15,
        "premarket": 0.7,
        "volume": 2499,
        "category": "l",
        "source": "tv",
        "fails": [
            "premarket",
            "shares_value",
            "is_shortable"
        ],
        "shortable": false,
        "exchange_name": "NASD",
        "market_cap": 4.6264,
        "tradeable": false
    },
    {
        "symbol": "RSLS",
        "company": "ReShape Lifesciences, Inc.",
        "change_pct": -11.25,
        "premarket": 2.76,
        "volume": 64354,
        "category": "l",
        "source": "tv",
        "fails": [
            "existing"
        ],
        "shortable": true,
        "exchange_name": "NASD",
        "market_cap": 8.23852,
        "tradeable": false
    }
]