[
    {
        "symbol": "HOTH",
        "company": "Hoth Therapeutics, Inc.",
        "change_pct": 90.95,
        "premarket": 3.59,
        "volume": 10986100,
        "category": "g",
        "source": "tv",
        "shortable": true,
        "exchange_name": "NASD",
        "market_cap": 6.20797,
        "existing": false
    },
    {
        "symbol": "RCRT",
        "company": "Recruiter.com Group, Inc.",
        "change_pct": 69.2,
        "premarket": 0.3247,
        "volume": 3283100,
        "category": "g",
        "source": "tv",
        "shortable": false,
        "exchange_name": "NASD",
        "market_cap": 3.30262,
        "existing": false
    },
    {
        "symbol": "VEDU",
        "company": "Visionary Education Technology Holdings Group Inc.",
        "change_pct": 38.31,
        "premarket": 0.5712,
        "volume": 6235100,
        "category": "g",
        "source": "tv",
        "shortable": false,
        "exchange_name": "NASD",
        "market_cap": 16.21025,
        "existing": false
    },
    {
        "symbol": "GTLB",
        "company": "GitLab Inc.",
        "change_pct": 31.33,
        "premarket": 46.49,
        "volume": 396465,
        "category": "g",
        "source": "tv",
        "shortable": true,
        "exchange_name": "NASD",
        "market_cap": 5414.661,
        "existing": false
    },
    {
        "symbol": "NVOS",
        "company": "Novo Integrated Sciences, Inc.",
        "change_pct": 24.84,
        "premarket": 0.1578,
        "volume": 11891100,
        "category": "g",
        "source": "tv",
        "shortable": false,
        "exchange_name": "NASD",
        "market_cap": 18.30999,
        "existing": false
    },
    {
        "symbol": "FRZA",
        "company": "Forza X1, Inc.",
        "change_pct": 20.89,
        "premarket": 3.53,
        "volume": 6721100,
        "category": "g",
        "source": "tv",
        "shortable": false,
        "exchange_name": "NASD",
        "market_cap": 30.514,
        "existing": false
    },
    {
        "symbol": "TTOO",
        "company": "T2 Biosystems, Inc.",
        "change_pct": 19.57,
        "premarket": 0.0837,
        "volume": 48154100,
        "category": "g",
        "source": "tv",
        "shortable": true,
        "exchange_name": "NASD",
        "market_cap": 1.74214,
        "existing": false
    },
    {
        "symbol": "BREA",
        "company": "Brera Holdings PLC",
        "change_pct": 18.95,
        "premarket": 2.95,
        "volume": 563449,
        "category": "g",
        "source": "tv",
        "shortable": false,
        "exchange_name": "NASD",
        "market_cap": 28.2844,
        "existing": false
    },
    {
        "symbol": "ADIL",
        "company": "Adial Pharmaceuticals, Inc",
        "change_pct": 17.24,
        "premarket": 0.34,
        "volume": 15229,
        "category": "g",
        "source": "tv",
        "shortable": false,
        "exchange_name": "NASD",
        "market_cap": 8.2698,
        "existing": false
    },
    {
        "symbol": "GROV",
        "company": "Grove Collaborative Holdings, Inc.",
        "change_pct": 16.67,
        "premarket": 2.45,
        "volume": 393630,
        "category": "g",
        "source": "tv",
        "shortable": false,
        "exchange_name": "NYSE",
        "market_cap": 75.07549,
        "existing": false
    },
    {
        "symbol": "XELB",
        "company": "Xcel Brands, Inc",
        "change_pct": 16.13,
        "premarket": 0.99,
        "volume": 4458100,
        "category": "g",
        "source": "tv",
        "shortable": false,
        "exchange_name": "NASD",
        "market_cap": 16.77992,
        "existing": false
    },
    {
        "symbol": "ADV",
        "company": "Advantage Solutions Inc.",
        "change_pct": 14.62,
        "premarket": 2.42,
        "volume": 367,
        "category": "g",
        "source": "tv",
        "shortable": true,
        "exchange_name": "NASD",
        "market_cap": 683.9692,
        "existing": false
    },
    {
        "symbol": "ZURA",
        "company": "Zura Bio Limited",
        "change_pct": 14.02,
        "premarket": 7.4,
        "volume": 829702,
        "category": "g",
        "source": "tv",
        "shortable": true,
        "exchange_name": "NASD",
        "market_cap": 178.8134,
        "existing": false
    },
    {
        "symbol": "EAR",
        "company": "Eargo, Inc.",
        "change_pct": 12.33,
        "premarket": 5.74,
        "volume": 400,
        "category": "g",
        "source": "tv",
        "shortable": true,
        "exchange_name": "NASD",
        "market_cap": 105.9908,
        "existing": false
    },
    {
        "symbol": "JWEL",
        "company": "Jowell Global Ltd.",
        "change_pct": 12.12,
        "premarket": 0.2378,
        "volume": 1664,
        "category": "g",
        "source": "tv",
        "shortable": false,
        "exchange_name": "NASD",
        "market_cap": 7.24832,
        "existing": false
    },
    {
        "symbol": "PDSB",
        "company": "PDS Biotechnology Corporation",
        "change_pct": 11.97,
        "premarket": 7.31,
        "volume": 336334,
        "category": "g",
        "source": "tv",
        "shortable": true,
        "exchange_name": "NASD",
        "market_cap": 201.2782,
        "existing": false
    },
    {
        "symbol": "COYA",
        "company": "Coya Therapeutics, Inc.",
        "change_pct": 11.9,
        "premarket": 4.7,
        "volume": 8186,
        "category": "g",
        "source": "tv",
        "shortable": true,
        "exchange_name": "NASD",
        "market_cap": 41.78124,
        "existing": false
    },
    {
        "symbol": "REFR",
        "company": "Research Frontiers Incorporated",
        "change_pct": 11.54,
        "premarket": 1.9,
        "volume": 200,
        "category": "g",
        "source": "tv",
        "shortable": true,
        "exchange_name": "NASD",
        "market_cap": 56.96579,
        "existing": false
    },
    {
        "symbol": "FAT",
        "company": "FAT Brands Inc.",
        "change_pct": 11.38,
        "premarket": 7.24,
        "volume": 25323,
        "category": "g",
        "source": "tv",
        "shortable": true,
        "exchange_name": "NASD",
        "market_cap": 108.7616,
        "existing": false
    },
    {
        "symbol": "SLGL",
        "company": "Sol-Gel Technologies Ltd.",
        "change_pct": 11.14,
        "premarket": 3.74,
        "volume": 694,
        "category": "g",
        "source": "tv",
        "shortable": true,
        "exchange_name": "NASD",
        "market_cap": 86.48803,
        "existing": false
    },
    {
        "symbol": "TCRX",
        "company": "TScan Therapeutics, Inc.",
        "change_pct": 10.83,
        "premarket": 3.07,
        "volume": 96598,
        "category": "g",
        "source": "tv",
        "shortable": false,
        "exchange_name": "NASD",
        "market_cap": 131.8637,
        "existing": false
    },
    {
        "symbol": "THO",
        "company": "Thor Industries, Inc.",
        "change_pct": 9.97,
        "premarket": 87.05,
        "volume": 19054,
        "category": "g",
        "source": "tv",
        "shortable": true,
        "exchange_name": "NYSE",
        "market_cap": 4236.562,
        "existing": false
    },
    {
        "symbol": "SOND",
        "company": "Sonder Holdings Inc.",
        "change_pct": 9.86,
        "premarket": 0.74,
        "volume": 2900,
        "category": "g",
        "source": "tv",
        "shortable": true,
        "exchange_name": "NASD",
        "market_cap": 147.7089,
        "existing": false
    },
    {
        "symbol": "INFI",
        "company": "Infinity Pharmaceuticals, Inc.",
        "change_pct": 9.62,
        "premarket": 0.1891,
        "volume": 3334,
        "category": "g",
        "source": "tv",
        "shortable": false,
        "exchange_name": "NASD",
        "market_cap": 15.50858,
        "existing": false
    },
    {
        "symbol": "OMIC",
        "company": "Singular Genomics Systems, Inc.",
        "change_pct": 9.61,
        "premarket": 0.9891,
        "volume": 540,
        "category": "g",
        "source": "tv",
        "shortable": true,
        "exchange_name": "NASD",
        "market_cap": 65.00525,
        "existing": false
    },
    {
        "symbol": "AGRI",
        "company": "AgriFORCE Growing Systems Ltd.",
        "change_pct": 9.57,
        "premarket": 0.2084,
        "volume": 46267,
        "category": "g",
        "source": "tv",
        "shortable": false,
        "exchange_name": "NASD",
        "market_cap": 3.52267,
        "existing": false
    },
    {
        "symbol": "CHEK",
        "company": "Check-Cap Ltd.",
        "change_pct": 9.44,
        "premarket": 2.0,
        "volume": 8949,
        "category": "g",
        "source": "tv",
        "shortable": true,
        "exchange_name": "NASD",
        "market_cap": 10.68692,
        "existing": false
    },
    {
        "symbol": "ABVC",
        "company": "ABVC BioPharma, Inc.",
        "change_pct": 9.14,
        "premarket": 0.6685,
        "volume": 1165,
        "category": "g",
        "source": "tv",
        "shortable": false,
        "exchange_name": "NASD",
        "market_cap": 20.26195,
        "existing": false
    },
    {
        "symbol": "QLGN",
        "company": "Qualigen Therapeutics, Inc.",
        "change_pct": 8.41,
        "premarket": 1.16,
        "volume": 3600,
        "category": "g",
        "source": "tv",
        "shortable": true,
        "exchange_name": "NASD",
        "market_cap": 5.40614,
        "existing": false
    },
    {
        "symbol": "DOMA",
        "company": "Doma Holdings, Inc.",
        "change_pct": 8.24,
        "premarket": 0.3034,
        "volume": 1647,
        "category": "g",
        "source": "tv",
        "shortable": true,
        "exchange_name": "NYSE",
        "market_cap": 93.35723,
        "existing": false
    },
    {
        "symbol": "COEP",
        "company": "Coeptis Therapeutics Holdings, Inc.",
        "change_pct": 8.19,
        "premarket": 1.85,
        "volume": 366740,
        "category": "g",
        "source": "tv",
        "shortable": false,
        "exchange_name": "NASD",
        "market_cap": 36.66417,
        "existing": false
    },
    {
        "symbol": "DBTX",
        "company": "Decibel Therapeutics, Inc.",
        "change_pct": 8.17,
        "premarket": 4.5,
        "volume": 2000,
        "category": "g",
        "source": "tv",
        "shortable": false,
        "exchange_name": "NASD",
        "market_cap": 104.0623,
        "existing": false
    },
    {
        "symbol": "RBT",
        "company": "Rubicon Technologies, Inc.",
        "change_pct": 8.11,
        "premarket": 0.3385,
        "volume": 29877,
        "category": "g",
        "source": "tv",
        "shortable": false,
        "exchange_name": "NYSE",
        "market_cap": 59.93412,
        "existing": false
    },
    {
        "symbol": "FENC",
        "company": "Fennec Pharmaceuticals Inc.",
        "change_pct": 8.04,
        "premarket": 9.0,
        "volume": 100,
        "category": "g",
        "source": "tv",
        "shortable": true,
        "exchange_name": "NASD",
        "market_cap": 220.0745,
        "existing": false
    },
    {
        "symbol": "XPON",
        "company": "Expion360 Inc.",
        "change_pct": 8.0,
        "premarket": 4.32,
        "volume": 100,
        "category": "g",
        "source": "tv",
        "shortable": false,
        "exchange_name": "NASD",
        "market_cap": 27.64287,
        "existing": false
    },
    {
        "symbol": "ZFOX",
        "company": "ZeroFox Holdings, Inc.",
        "change_pct": 7.69,
        "premarket": 1.12,
        "volume": 158073,
        "category": "g",
        "source": "tv",
        "shortable": true,
        "exchange_name": "NASD",
        "market_cap": 123.41,
        "existing": false
    },
    {
        "symbol": "DTC",
        "company": "Solo Brands, Inc.",
        "change_pct": 7.57,
        "premarket": 4.69,
        "volume": 900,
        "category": "g",
        "source": "tv",
        "shortable": true,
        "exchange_name": "NYSE",
        "market_cap": 419.6656,
        "existing": false
    },
    {
        "symbol": "VMAR",
        "company": "Vision Marine Technologies Inc.",
        "change_pct": 7.57,
        "premarket": 4.55,
        "volume": 2864,
        "category": "g",
        "source": "tv",
        "shortable": false,
        "exchange_name": "NASD",
        "market_cap": 41.9206,
        "existing": false
    },
    {
        "symbol": "BIMI",
        "company": "BIMI International Medical Inc.",
        "change_pct": 7.48,
        "premarket": 1.15,
        "volume": 200,
        "category": "g",
        "source": "tv",
        "shortable": false,
        "exchange_name": "NASD",
        "market_cap": 4.69171,
        "existing": false
    },
    {
        "symbol": "VVOS",
        "company": "Vivos Therapeutics, Inc.",
        "change_pct": 7.26,
        "premarket": 0.43,
        "volume": 300,
        "category": "g",
        "source": "tv",
        "shortable": false,
        "exchange_name": "NASD",
        "market_cap": 11.89823,
        "existing": false
    }
]