[
    {
        "symbol": "GETR",
        "company": "Getaround, Inc.",
        "change_pct": 95.77,
        "premarket": 0.6482,
        "volume": 10184099,
        "category": "g",
        "source": "tv",
        "shortable": false,
        "exchange_name": "NYSE",
        "market_cap": 30.48967,
        "existing": false
    },
    {
        "symbol": "DRMA",
        "company": "Dermata Therapeutics, Inc.",
        "change_pct": 67.88,
        "premarket": 3.24,
        "volume": 6489100,
        "category": "g",
        "source": "tv",
        "shortable": true,
        "exchange_name": "NASD",
        "market_cap": 1.65037,
        "existing": false
    },
    {
        "symbol": "SPRY",
        "company": "ARS Pharmaceuticals, Inc.",
        "change_pct": 55.53,
        "premarket": 7.03,
        "volume": 3585100,
        "category": "g",
        "source": "tv",
        "shortable": true,
        "exchange_name": "NASD",
        "market_cap": 427.5953,
        "existing": false
    },
    {
        "symbol": "MNTS",
        "company": "Momentus Inc.",
        "change_pct": 36.9,
        "premarket": 0.575,
        "volume": 669008,
        "category": "g",
        "source": "tv",
        "shortable": true,
        "exchange_name": "NASD",
        "market_cap": 39.89168,
        "existing": false
    },
    {
        "symbol": "BLBD",
        "company": "Blue Bird Corporation",
        "change_pct": 27.07,
        "premarket": 24.55,
        "volume": 52020,
        "category": "g",
        "source": "tv",
        "shortable": true,
        "exchange_name": "NASD",
        "market_cap": 618.8596,
        "existing": false
    },
    {
        "symbol": "HOUR",
        "company": "Hour Loop, Inc.",
        "change_pct": 24.74,
        "premarket": 2.37,
        "volume": 1710100,
        "category": "g",
        "source": "tv",
        "shortable": false,
        "exchange_name": "NASD",
        "market_cap": 66.59087,
        "existing": false
    },
    {
        "symbol": "LUNR",
        "company": "Intuitive Machines, Inc.",
        "change_pct": 21.7,
        "premarket": 10.04,
        "volume": 304854,
        "category": "g",
        "source": "tv",
        "shortable": true,
        "exchange_name": "NASD",
        "market_cap": 694.4236,
        "existing": false
    },
    {
        "symbol": "AUUD",
        "company": "Auddia Inc.",
        "change_pct": 15.08,
        "premarket": 0.6099,
        "volume": 207810,
        "category": "g",
        "source": "tv",
        "shortable": false,
        "exchange_name": "NASD",
        "market_cap": 6.81088,
        "existing": false
    },
    {
        "symbol": "APWC",
        "company": "Asia Pacific Wire & Cable Corporation Limited",
        "change_pct": 14.97,
        "premarket": 1.92,
        "volume": 200,
        "category": "g",
        "source": "tv",
        "shortable": false,
        "exchange_name": "NASD",
        "market_cap": 34.4291,
        "existing": false
    },
    {
        "symbol": "OPFI",
        "company": "OppFi Inc.",
        "change_pct": 14.63,
        "premarket": 2.35,
        "volume": 39650,
        "category": "g",
        "source": "tv",
        "shortable": true,
        "exchange_name": "NYSE",
        "market_cap": 225.0653,
        "existing": false
    },
    {
        "symbol": "TIVC",
        "company": "Tivic Health Systems, Inc.",
        "change_pct": 14.37,
        "premarket": 0.199,
        "volume": 1456100,
        "category": "g",
        "source": "tv",
        "shortable": false,
        "exchange_name": "NASD",
        "market_cap": 5.16393,
        "existing": false
    },
    {
        "symbol": "BFI",
        "company": "BurgerFi International Inc",
        "change_pct": 13.64,
        "premarket": 1.25,
        "volume": 3599,
        "category": "g",
        "source": "tv",
        "shortable": true,
        "exchange_name": "NASD",
        "market_cap": 26.20542,
        "existing": false
    },
    {
        "symbol": "ABVC",
        "company": "ABVC BioPharma, Inc.",
        "change_pct": 13.49,
        "premarket": 0.8852,
        "volume": 400,
        "category": "g",
        "source": "tv",
        "shortable": false,
        "exchange_name": "NASD",
        "market_cap": 25.80298,
        "existing": false
    },
    {
        "symbol": "NCRA",
        "company": "Nocera, Inc.",
        "change_pct": 13.42,
        "premarket": 1.69,
        "volume": 21891,
        "category": "g",
        "source": "tv",
        "shortable": false,
        "exchange_name": "NASD",
        "market_cap": 13.77294,
        "existing": false
    },
    {
        "symbol": "SURG",
        "company": "SurgePays, Inc.",
        "change_pct": 13.38,
        "premarket": 5.0,
        "volume": 108573,
        "category": "g",
        "source": "tv",
        "shortable": true,
        "exchange_name": "NASD",
        "market_cap": 62.27702,
        "existing": false
    },
    {
        "symbol": "ANGN",
        "company": "Angion Biomedica Corp.",
        "change_pct": 12.66,
        "premarket": 0.89,
        "volume": 7361,
        "category": "g",
        "source": "tv",
        "shortable": true,
        "exchange_name": "NASD",
        "market_cap": 23.79021,
        "existing": false
    },
    {
        "symbol": "BBLN",
        "company": "Babylon Holdings Limited",
        "change_pct": 12.61,
        "premarket": 1.34,
        "volume": 2579100,
        "category": "g",
        "source": "tv",
        "shortable": true,
        "exchange_name": "NYSE",
        "market_cap": 29.58429,
        "existing": false
    },
    {
        "symbol": "YTEN",
        "company": "Yield10 Bioscience, Inc.",
        "change_pct": 12.21,
        "premarket": 3.25,
        "volume": 2416,
        "category": "g",
        "source": "tv",
        "shortable": true,
        "exchange_name": "NASD",
        "market_cap": 17.41649,
        "existing": false
    },
    {
        "symbol": "CELL",
        "company": "PhenomeX Inc.",
        "change_pct": 12.2,
        "premarket": 0.92,
        "volume": 2100,
        "category": "g",
        "source": "tv",
        "shortable": true,
        "exchange_name": "NASD",
        "market_cap": 80.97083,
        "existing": false
    },
    {
        "symbol": "DRTS",
        "company": "Alpha Tau Medical Ltd.",
        "change_pct": 11.75,
        "premarket": 4.28,
        "volume": 9546,
        "category": "g",
        "source": "tv",
        "shortable": false,
        "exchange_name": "NASD",
        "market_cap": 265.3256,
        "existing": false
    },
    {
        "symbol": "NXTP",
        "company": "NextPlay Technologies, Inc.",
        "change_pct": 11.44,
        "premarket": 1.36,
        "volume": 1200,
        "category": "g",
        "source": "tv",
        "shortable": true,
        "exchange_name": "NASD",
        "market_cap": 7.24905,
        "existing": false
    },
    {
        "symbol": "OTMO",
        "company": "Otonomo Technologies Ltd.",
        "change_pct": 11.09,
        "premarket": 0.4899,
        "volume": 365,
        "category": "g",
        "source": "tv",
        "shortable": true,
        "exchange_name": "NASD",
        "market_cap": 62.77203,
        "existing": false
    },
    {
        "symbol": "OWLT",
        "company": "Owlet, Inc.",
        "change_pct": 11.04,
        "premarket": 0.36,
        "volume": 12837,
        "category": "g",
        "source": "tv",
        "shortable": false,
        "exchange_name": "NYSE",
        "market_cap": 38.08246,
        "existing": false
    },
    {
        "symbol": "CPHI",
        "company": "China Pharma Holdings, Inc.",
        "change_pct": 10.94,
        "premarket": 0.355,
        "volume": 24866,
        "category": "g",
        "source": "tv",
        "shortable": true,
        "exchange_name": "AMEX",
        "market_cap": 30.28779,
        "existing": false
    },
    {
        "symbol": "CMLS",
        "company": "Cumulus Media Inc.",
        "change_pct": 10.85,
        "premarket": 3.27,
        "volume": 15964,
        "category": "g",
        "source": "tv",
        "shortable": true,
        "exchange_name": "NASD",
        "market_cap": 53.58973,
        "existing": false
    },
    {
        "symbol": "RCRT",
        "company": "Recruiter.com Group, Inc.",
        "change_pct": 10.44,
        "premarket": 0.2,
        "volume": 2532,
        "category": "g",
        "source": "tv",
        "shortable": false,
        "exchange_name": "NASD",
        "market_cap": 3.11675,
        "existing": false
    },
    {
        "symbol": "PHGE",
        "company": "BiomX Inc.",
        "change_pct": 10.37,
        "premarket": 0.28,
        "volume": 147190,
        "category": "g",
        "source": "tv",
        "shortable": false,
        "exchange_name": "AMEX",
        "market_cap": 89.65875,
        "existing": false
    },
    {
        "symbol": "RIBT",
        "company": "RiceBran Technologies",
        "change_pct": 10.13,
        "premarket": 1.0,
        "volume": 400,
        "category": "g",
        "source": "tv",
        "shortable": false,
        "exchange_name": "NASD",
        "market_cap": 5.79698,
        "existing": false
    },
    {
        "symbol": "BCEL",
        "company": "Atreca, Inc.",
        "change_pct": 10.13,
        "premarket": 1.0501,
        "volume": 8000,
        "category": "g",
        "source": "tv",
        "shortable": true,
        "exchange_name": "NASD",
        "market_cap": 37.3358,
        "existing": false
    },
    {
        "symbol": "INAB",
        "company": "IN8bio, Inc.",
        "change_pct": 9.56,
        "premarket": 2.39,
        "volume": 4486,
        "category": "g",
        "source": "tv",
        "shortable": false,
        "exchange_name": "NASD",
        "market_cap": 54.47132,
        "existing": false
    },
    {
        "symbol": "MDVL",
        "company": "MedAvail Holdings, Inc.",
        "change_pct": 9.47,
        "premarket": 0.23,
        "volume": 1129,
        "category": "g",
        "source": "tv",
        "shortable": true,
        "exchange_name": "NASD",
        "market_cap": 16.90995,
        "existing": false
    },
    {
        "symbol": "OUST",
        "company": "Ouster, Inc.",
        "change_pct": 9.38,
        "premarket": 4.2,
        "volume": 7649,
        "category": "g",
        "source": "tv",
        "shortable": true,
        "exchange_name": "NYSE",
        "market_cap": 148.6979,
        "existing": false
    },
    {
        "symbol": "NHWK",
        "company": "NightHawk Biosciences, Inc.",
        "change_pct": 9.31,
        "premarket": 0.7499,
        "volume": 400,
        "category": "g",
        "source": "tv",
        "shortable": true,
        "exchange_name": "AMEX",
        "market_cap": 71.89196,
        "existing": false
    },
    {
        "symbol": "LFMD",
        "company": "LifeMD, Inc.",
        "change_pct": 9.29,
        "premarket": 2.0,
        "volume": 32866,
        "category": "g",
        "source": "tv",
        "shortable": true,
        "exchange_name": "NASD",
        "market_cap": 59.49666,
        "existing": false
    },
    {
        "symbol": "INM",
        "company": "InMed Pharmaceuticals Inc.",
        "change_pct": 8.55,
        "premarket": 1.27,
        "volume": 595,
        "category": "g",
        "source": "tv",
        "shortable": true,
        "exchange_name": "NASD",
        "market_cap": 3.89399,
        "existing": false
    },
    {
        "symbol": "MESA",
        "company": "Mesa Air Group, Inc.",
        "change_pct": 8.45,
        "premarket": 1.54,
        "volume": 12064,
        "category": "g",
        "source": "tv",
        "shortable": true,
        "exchange_name": "NASD",
        "market_cap": 57.39727,
        "existing": false
    },
    {
        "symbol": "ARRY",
        "company": "Array Technologies, Inc.",
        "change_pct": 8.34,
        "premarket": 20.52,
        "volume": 26360,
        "category": "g",
        "source": "tv",
        "shortable": true,
        "exchange_name": "NASD",
        "market_cap": 2856.587,
        "existing": false
    },
    {
        "symbol": "FFIE",
        "company": "Faraday Future Intelligent Electric Inc.",
        "change_pct": 8.25,
        "premarket": 0.2099,
        "volume": 3860100,
        "category": "g",
        "source": "tv",
        "shortable": true,
        "exchange_name": "NASD",
        "market_cap": 146.7443,
        "existing": false
    },
    {
        "symbol": "AIRS",
        "company": "AirSculpt Technologies, Inc.",
        "change_pct": 8.18,
        "premarket": 5.29,
        "volume": 16248,
        "category": "g",
        "source": "tv",
        "shortable": false,
        "exchange_name": "NASD",
        "market_cap": 277.3181,
        "existing": false
    },
    {
        "symbol": "ALLK",
        "company": "Allakos Inc.",
        "change_pct": 8.17,
        "premarket": 4.5,
        "volume": 26291,
        "category": "g",
        "source": "tv",
        "shortable": true,
        "exchange_name": "NASD",
        "market_cap": 360.0909,
        "existing": false
    }
]