[
    {
        "symbol": "PRZO",
        "company": "ParaZero Technologies Ltd.",
        "change_pct": 66.77,
        "premarket": 1.08,
        "volume": 12977000,
        "category": "g",
        "source": "tv",
        "shortable": true,
        "exchange_name": "N/A",
        "market_cap": 0,
        "existing": false
    },
    {
        "symbol": "BON",
        "company": "Bon Natural Life Limited",
        "change_pct": 24.21,
        "premarket": 0.5094,
        "volume": 319067,
        "category": "g",
        "source": "tv",
        "shortable": true,
        "exchange_name": "N/A",
        "market_cap": 0,
        "existing": false
    },
    {
        "symbol": "AUVI",
        "company": "Applied UV, Inc.",
        "change_pct": 22.03,
        "premarket": 0.38,
        "volume": 7095000,
        "category": "g",
        "source": "tv",
        "shortable": true,
        "exchange_name": "N/A",
        "market_cap": 0,
        "existing": false
    },
    {
        "symbol": "VCNX",
        "company": "Vaccinex, Inc.",
        "change_pct": 19.81,
        "premarket": 0.9827,
        "volume": 7040000,
        "category": "g",
        "source": "tv",
        "shortable": true,
        "exchange_name": "N/A",
        "market_cap": 0,
        "existing": false
    },
    {
        "symbol": "RVLP",
        "company": "RVL Pharmaceuticals plc",
        "change_pct": 19.62,
        "premarket": 0.1317,
        "volume": 30901000,
        "category": "g",
        "source": "tv",
        "shortable": true,
        "exchange_name": "N/A",
        "market_cap": 0,
        "existing": false
    },
    {
        "symbol": "LKCO",
        "company": "Luokung Technology Corp",
        "change_pct": 14.37,
        "premarket": 0.7434,
        "volume": 300,
        "category": "g",
        "source": "tv",
        "shortable": true,
        "exchange_name": "N/A",
        "market_cap": 0,
        "existing": false
    },
    {
        "symbol": "BEEP",
        "company": "Mobile Infrastructure Corporation",
        "change_pct": 14.21,
        "premarket": 4.18,
        "volume": 400,
        "category": "g",
        "source": "tv",
        "shortable": true,
        "exchange_name": "N/A",
        "market_cap": 0,
        "existing": false
    },
    {
        "symbol": "WTER",
        "company": "The Alkaline Water Company Inc.",
        "change_pct": 14.12,
        "premarket": 0.299,
        "volume": 331,
        "category": "g",
        "source": "tv",
        "shortable": true,
        "exchange_name": "N/A",
        "market_cap": 0,
        "existing": false
    },
    {
        "symbol": "TTOO",
        "company": "T2 Biosystems, Inc.",
        "change_pct": 13.47,
        "premarket": 0.2198,
        "volume": 7169000,
        "category": "g",
        "source": "tv",
        "shortable": true,
        "exchange_name": "N/A",
        "market_cap": 0,
        "existing": false
    },
    {
        "symbol": "FOXO",
        "company": "FOXO Technologies Inc.",
        "change_pct": 12.68,
        "premarket": 0.1173,
        "volume": 4467000,
        "category": "g",
        "source": "tv",
        "shortable": true,
        "exchange_name": "N/A",
        "market_cap": 0,
        "existing": false
    },
    {
        "symbol": "CIA",
        "company": "Citizens, Inc.",
        "change_pct": 12.0,
        "premarket": 3.08,
        "volume": 799,
        "category": "g",
        "source": "tv",
        "shortable": true,
        "exchange_name": "N/A",
        "market_cap": 0,
        "existing": false
    },
    {
        "symbol": "NVVE",
        "company": "Nuvve Holding Corp.",
        "change_pct": 11.62,
        "premarket": 0.364,
        "volume": 9105,
        "category": "g",
        "source": "tv",
        "shortable": true,
        "exchange_name": "N/A",
        "market_cap": 0,
        "existing": false
    },
    {
        "symbol": "BETS",
        "company": "Bit Brother Limited",
        "change_pct": 11.3,
        "premarket": 0.59,
        "volume": 100,
        "category": "g",
        "source": "tv",
        "shortable": true,
        "exchange_name": "N/A",
        "market_cap": 0,
        "existing": false
    },
    {
        "symbol": "TBLT",
        "company": "ToughBuilt Industries, Inc.",
        "change_pct": 10.5,
        "premarket": 0.2,
        "volume": 64656,
        "category": "g",
        "source": "tv",
        "shortable": true,
        "exchange_name": "N/A",
        "market_cap": 0,
        "existing": false
    },
    {
        "symbol": "PXD",
        "company": "Pioneer Natural Resources Company",
        "change_pct": 10.11,
        "premarket": 236.7,
        "volume": 485308,
        "category": "g",
        "source": "tv",
        "shortable": true,
        "exchange_name": "N/A",
        "market_cap": 0,
        "existing": false
    },
    {
        "symbol": "TCON",
        "company": "TRACON Pharmaceuticals, Inc.",
        "change_pct": 9.87,
        "premarket": 0.1836,
        "volume": 6757,
        "category": "g",
        "source": "tv",
        "shortable": true,
        "exchange_name": "N/A",
        "market_cap": 0,
        "existing": false
    },
    {
        "symbol": "LODE",
        "company": "Comstock Inc.",
        "change_pct": 9.6,
        "premarket": 0.468,
        "volume": 2071,
        "category": "g",
        "source": "tv",
        "shortable": true,
        "exchange_name": "N/A",
        "market_cap": 0,
        "existing": false
    },
    {
        "symbol": "NEOV",
        "company": "NeoVolta Inc.",
        "change_pct": 9.36,
        "premarket": 2.57,
        "volume": 100,
        "category": "g",
        "source": "tv",
        "shortable": true,
        "exchange_name": "N/A",
        "market_cap": 0,
        "existing": false
    },
    {
        "symbol": "CVM",
        "company": "Cel-Sci Corporation",
        "change_pct": 9.17,
        "premarket": 1.19,
        "volume": 1643,
        "category": "g",
        "source": "tv",
        "shortable": true,
        "exchange_name": "N/A",
        "market_cap": 0,
        "existing": false
    },
    {
        "symbol": "ETAO",
        "company": "Etao International Co., Ltd.",
        "change_pct": 9.0,
        "premarket": 0.2301,
        "volume": 829954,
        "category": "g",
        "source": "tv",
        "shortable": true,
        "exchange_name": "N/A",
        "market_cap": 0,
        "existing": false
    },
    {
        "symbol": "BENF",
        "company": "Beneficient",
        "change_pct": 8.97,
        "premarket": 1.58,
        "volume": 5392,
        "category": "g",
        "source": "tv",
        "shortable": true,
        "exchange_name": "N/A",
        "market_cap": 0,
        "existing": false
    },
    {
        "symbol": "NHWK",
        "company": "NightHawk Biosciences, Inc.",
        "change_pct": 8.93,
        "premarket": 0.4964,
        "volume": 390,
        "category": "g",
        "source": "tv",
        "shortable": true,
        "exchange_name": "N/A",
        "market_cap": 0,
        "existing": false
    },
    {
        "symbol": "XGN",
        "company": "Exagen Inc.",
        "change_pct": 8.7,
        "premarket": 2.25,
        "volume": 300,
        "category": "g",
        "source": "tv",
        "shortable": true,
        "exchange_name": "N/A",
        "market_cap": 0,
        "existing": false
    },
    {
        "symbol": "AIM",
        "company": "AIM ImmunoTech Inc.",
        "change_pct": 8.63,
        "premarket": 0.4997,
        "volume": 411,
        "category": "g",
        "source": "tv",
        "shortable": true,
        "exchange_name": "N/A",
        "market_cap": 0,
        "existing": false
    },
    {
        "symbol": "SBEV",
        "company": "Splash Beverage Group, Inc. (NV)",
        "change_pct": 8.14,
        "premarket": 0.74,
        "volume": 9888,
        "category": "g",
        "source": "tv",
        "shortable": true,
        "exchange_name": "N/A",
        "market_cap": 0,
        "existing": false
    },
    {
        "symbol": "OMQS",
        "company": "OMNIQ Corp.",
        "change_pct": -45.0,
        "premarket": 0.88,
        "volume": 75144,
        "category": "l",
        "source": "tv",
        "shortable": true,
        "exchange_name": "N/A",
        "market_cap": 0,
        "existing": false
    },
    {
        "symbol": "SVFD",
        "company": "Save Foods, Inc.",
        "change_pct": -22.43,
        "premarket": 2.98,
        "volume": 6432,
        "category": "l",
        "source": "tv",
        "shortable": true,
        "exchange_name": "N/A",
        "market_cap": 0,
        "existing": false
    },
    {
        "symbol": "VVPR",
        "company": "VivoPower International PLC",
        "change_pct": -22.2,
        "premarket": 2.54,
        "volume": 1262,
        "category": "l",
        "source": "tv",
        "shortable": true,
        "exchange_name": "N/A",
        "market_cap": 0,
        "existing": false
    },
    {
        "symbol": "PIXY",
        "company": "ShiftPixy, Inc.",
        "change_pct": -20.86,
        "premarket": 1.03,
        "volume": 295954,
        "category": "l",
        "source": "tv",
        "shortable": true,
        "exchange_name": "N/A",
        "market_cap": 0,
        "existing": false
    },
    {
        "symbol": "MSS",
        "company": "Maison Solutions Inc.",
        "change_pct": -18.97,
        "premarket": 7.26,
        "volume": 153419,
        "category": "l",
        "source": "tv",
        "shortable": true,
        "exchange_name": "N/A",
        "market_cap": 0,
        "existing": false
    },
    {
        "symbol": "NIR",
        "company": "Near Intelligence, Inc.",
        "change_pct": -17.52,
        "premarket": 0.1699,
        "volume": 394209,
        "category": "l",
        "source": "tv",
        "shortable": true,
        "exchange_name": "N/A",
        "market_cap": 0,
        "existing": false
    },
    {
        "symbol": "AGRI",
        "company": "AgriFORCE Growing Systems Ltd.",
        "change_pct": -17.18,
        "premarket": 0.1155,
        "volume": 2921000,
        "category": "l",
        "source": "tv",
        "shortable": true,
        "exchange_name": "N/A",
        "market_cap": 0,
        "existing": false
    },
    {
        "symbol": "NVOS",
        "company": "Novo Integrated Sciences, Inc.",
        "change_pct": -15.23,
        "premarket": 0.3984,
        "volume": 3879000,
        "category": "l",
        "source": "tv",
        "shortable": true,
        "exchange_name": "N/A",
        "market_cap": 0,
        "existing": false
    },
    {
        "symbol": "AEHR",
        "company": "Aehr Test Systems",
        "change_pct": -14.84,
        "premarket": 37.65,
        "volume": 80424,
        "category": "l",
        "source": "tv",
        "shortable": true,
        "exchange_name": "N/A",
        "market_cap": 0,
        "existing": false
    },
    {
        "symbol": "BTTR",
        "company": "Better Choice Company Inc.",
        "change_pct": -12.69,
        "premarket": 0.1755,
        "volume": 513769,
        "category": "l",
        "source": "tv",
        "shortable": true,
        "exchange_name": "N/A",
        "market_cap": 0,
        "existing": false
    },
    {
        "symbol": "CAMP",
        "company": "CalAmp Corp.",
        "change_pct": -12.68,
        "premarket": 0.3947,
        "volume": 11100,
        "category": "l",
        "source": "tv",
        "shortable": true,
        "exchange_name": "N/A",
        "market_cap": 0,
        "existing": false
    },
    {
        "symbol": "PKE",
        "company": "Park Aerospace Corp.",
        "change_pct": -12.66,
        "premarket": 13.8,
        "volume": 400,
        "category": "l",
        "source": "tv",
        "shortable": true,
        "exchange_name": "N/A",
        "market_cap": 0,
        "existing": false
    },
    {
        "symbol": "LGVN",
        "company": "Longeveron Inc.",
        "change_pct": -12.44,
        "premarket": 1.83,
        "volume": 133765,
        "category": "l",
        "source": "tv",
        "shortable": true,
        "exchange_name": "N/A",
        "market_cap": 0,
        "existing": false
    },
    {
        "symbol": "WNW",
        "company": "Meiwu Technology Company Limited",
        "change_pct": -12.43,
        "premarket": 0.1226,
        "volume": 1976000,
        "category": "l",
        "source": "tv",
        "shortable": true,
        "exchange_name": "N/A",
        "market_cap": 0,
        "existing": false
    },
    {
        "symbol": "VVOS",
        "company": "Vivos Therapeutics, Inc.",
        "change_pct": -12.14,
        "premarket": 0.286,
        "volume": 643610,
        "category": "l",
        "source": "tv",
        "shortable": true,
        "exchange_name": "N/A",
        "market_cap": 0,
        "existing": false
    },
    {
        "symbol": "VINO",
        "company": "Gaucho Group Holdings, Inc.",
        "change_pct": -12.03,
        "premarket": 1.17,
        "volume": 70024,
        "category": "l",
        "source": "tv",
        "shortable": true,
        "exchange_name": "N/A",
        "market_cap": 0,
        "existing": false
    },
    {
        "symbol": "CRGE",
        "company": "Charge Enterprises, Inc.",
        "change_pct": -11.57,
        "premarket": 0.4112,
        "volume": 4100,
        "category": "l",
        "source": "tv",
        "shortable": true,
        "exchange_name": "N/A",
        "market_cap": 0,
        "existing": false
    },
    {
        "symbol": "SMRT",
        "company": "SmartRent, Inc.",
        "change_pct": -10.07,
        "premarket": 2.41,
        "volume": 999,
        "category": "l",
        "source": "tv",
        "shortable": true,
        "exchange_name": "N/A",
        "market_cap": 0,
        "existing": false
    },
    {
        "symbol": "SSU",
        "company": "SIGNA Sports",
        "change_pct": -10.04,
        "premarket": 0.1317,
        "volume": 96122,
        "category": "l",
        "source": "tv",
        "shortable": true,
        "exchange_name": "N/A",
        "market_cap": 0,
        "existing": false
    },
    {
        "symbol": "MSGM",
        "company": "Motorsport Games Inc.",
        "change_pct": -9.84,
        "premarket": 3.85,
        "volume": 5730,
        "category": "l",
        "source": "tv",
        "shortable": true,
        "exchange_name": "N/A",
        "market_cap": 0,
        "existing": false
    },
    {
        "symbol": "VTAK",
        "company": "Catheter Precision, Inc.",
        "change_pct": -9.53,
        "premarket": 0.3284,
        "volume": 1671,
        "category": "l",
        "source": "tv",
        "shortable": true,
        "exchange_name": "N/A",
        "market_cap": 0,
        "existing": false
    },
    {
        "symbol": "CANO",
        "company": "Cano Health, Inc.",
        "change_pct": -9.52,
        "premarket": 0.231,
        "volume": 128009,
        "category": "l",
        "source": "tv",
        "shortable": true,
        "exchange_name": "N/A",
        "market_cap": 0,
        "existing": false
    },
    {
        "symbol": "COCP",
        "company": "Cocrystal Pharma, Inc.",
        "change_pct": -8.82,
        "premarket": 1.86,
        "volume": 895,
        "category": "l",
        "source": "tv",
        "shortable": true,
        "exchange_name": "N/A",
        "market_cap": 0,
        "existing": false
    },
    {
        "symbol": "SMX",
        "company": "SMX (Security Matters) Public Limited Company",
        "change_pct": -8.79,
        "premarket": 1.33,
        "volume": 7407,
        "category": "l",
        "source": "tv",
        "shortable": true,
        "exchange_name": "N/A",
        "market_cap": 0,
        "existing": false
    },
    {
        "symbol": "SPRC",
        "company": "SciSparc Ltd.",
        "change_pct": -8.78,
        "premarket": 4.26,
        "volume": 1666,
        "category": "l",
        "source": "tv",
        "shortable": true,
        "exchange_name": "N/A",
        "market_cap": 0,
        "existing": false
    }
]