[
    {
        "symbol": "RENB",
        "company": "Renovaro Biosciences Inc.",
        "change_pct": 203.53,
        "premarket": 2.58,
        "volume": 2395000,
        "category": "g",
        "source": "tv",
        "shortable": true,
        "exchange_name": "NASD",
        "market_cap": 49.54105,
        "existing": false
    },
    {
        "symbol": "DBTX",
        "company": "Decibel Therapeutics, Inc.",
        "change_pct": 72.04,
        "premarket": 4.8,
        "volume": 1376000,
        "category": "g",
        "source": "tv",
        "shortable": false,
        "exchange_name": "NASD",
        "market_cap": 69.79181,
        "existing": false
    },
    {
        "symbol": "EBET",
        "company": "EBET, INC.",
        "change_pct": 50.0,
        "premarket": 0.0432,
        "volume": 142315000,
        "category": "g",
        "source": "tv",
        "shortable": true,
        "exchange_name": "NASD",
        "market_cap": 1.18147,
        "existing": false
    },
    {
        "symbol": "TNGX",
        "company": "Tango Therapeutics, Inc.",
        "change_pct": 34.2,
        "premarket": 5.14,
        "volume": 2053000,
        "category": "g",
        "source": "tv",
        "shortable": false,
        "exchange_name": "NASD",
        "market_cap": 338.597,
        "existing": false
    },
    {
        "symbol": "SPRC",
        "company": "SciSparc Ltd.",
        "change_pct": 32.58,
        "premarket": 0.59,
        "volume": 6893000,
        "category": "g",
        "source": "tv",
        "shortable": false,
        "exchange_name": "NASD",
        "market_cap": 3.27179,
        "existing": false
    },
    {
        "symbol": "ASNS",
        "company": "Actelis Networks, Inc.",
        "change_pct": 32.27,
        "premarket": 2.91,
        "volume": 1456000,
        "category": "g",
        "source": "tv",
        "shortable": false,
        "exchange_name": "NASD",
        "market_cap": 4.29655,
        "existing": false
    },
    {
        "symbol": "ATNF",
        "company": "180 Life Sciences Corp.",
        "change_pct": 29.65,
        "premarket": 1.0,
        "volume": 6477000,
        "category": "g",
        "source": "tv",
        "shortable": true,
        "exchange_name": "NASD",
        "market_cap": 4.10145,
        "existing": false
    },
    {
        "symbol": "CTG",
        "company": "Computer Task Group, Incorporated",
        "change_pct": 29.38,
        "premarket": 10.35,
        "volume": 93118,
        "category": "g",
        "source": "tv",
        "shortable": true,
        "exchange_name": "NASD",
        "market_cap": 127.1741,
        "existing": false
    },
    {
        "symbol": "LPSN",
        "company": "LivePerson, Inc.",
        "change_pct": 23.81,
        "premarket": 4.94,
        "volume": 864355,
        "category": "g",
        "source": "tv",
        "shortable": true,
        "exchange_name": "NASD",
        "market_cap": 315.0687,
        "existing": false
    },
    {
        "symbol": "MRTX",
        "company": "Mirati Therapeutics, Inc.",
        "change_pct": 21.91,
        "premarket": 33.89,
        "volume": 73250,
        "category": "g",
        "source": "tv",
        "shortable": true,
        "exchange_name": "NASD",
        "market_cap": 1617.595,
        "existing": false
    },
    {
        "symbol": "PENN",
        "company": "PENN Entertainment, Inc.",
        "change_pct": 20.45,
        "premarket": 29.92,
        "volume": 2701000,
        "category": "g",
        "source": "tv",
        "shortable": true,
        "exchange_name": "NASD",
        "market_cap": 3828.227,
        "existing": false
    },
    {
        "symbol": "ARRY",
        "company": "Array Technologies, Inc.",
        "change_pct": 20.08,
        "premarket": 21.47,
        "volume": 173735,
        "category": "g",
        "source": "tv",
        "shortable": true,
        "exchange_name": "NASD",
        "market_cap": 2697.254,
        "existing": false
    },
    {
        "symbol": "AKAN",
        "company": "Akanda Corp.",
        "change_pct": 19.26,
        "premarket": 0.722,
        "volume": 4408000,
        "category": "g",
        "source": "tv",
        "shortable": false,
        "exchange_name": "NASD",
        "market_cap": 2.35185,
        "existing": false
    },
    {
        "symbol": "CELH",
        "company": "Celsius Holdings, Inc.",
        "change_pct": 17.68,
        "premarket": 168.7,
        "volume": 34678,
        "category": "g",
        "source": "tv",
        "shortable": true,
        "exchange_name": "NASD",
        "market_cap": 11008.5,
        "existing": false
    },
    {
        "symbol": "BTTR",
        "company": "Better Choice Company Inc.",
        "change_pct": 16.63,
        "premarket": 0.2799,
        "volume": 13835,
        "category": "g",
        "source": "tv",
        "shortable": true,
        "exchange_name": "AMEX",
        "market_cap": 104.4389,
        "existing": false
    },
    {
        "symbol": "MQ",
        "company": "Marqeta, Inc.",
        "change_pct": 16.13,
        "premarket": 5.76,
        "volume": 316185,
        "category": "g",
        "source": "tv",
        "shortable": true,
        "exchange_name": "NASD",
        "market_cap": 2681.511,
        "existing": false
    },
    {
        "symbol": "LPTV",
        "company": "Loop Media, Inc.",
        "change_pct": 16.06,
        "premarket": 2.24,
        "volume": 130292,
        "category": "g",
        "source": "tv",
        "shortable": true,
        "exchange_name": "AMEX",
        "market_cap": 405.3445,
        "existing": false
    },
    {
        "symbol": "SCPL",
        "company": "SciPlay Corporation",
        "change_pct": 15.22,
        "premarket": 22.64,
        "volume": 2104000,
        "category": "g",
        "source": "tv",
        "shortable": true,
        "exchange_name": "NASD",
        "market_cap": 2452.114,
        "existing": false
    },
    {
        "symbol": "BOOM",
        "company": "DMC Global Inc.",
        "change_pct": 14.81,
        "premarket": 20.15,
        "volume": 4807,
        "category": "g",
        "source": "tv",
        "shortable": true,
        "exchange_name": "NASD",
        "market_cap": 346.0255,
        "existing": false
    },
    {
        "symbol": "BLBX",
        "company": "Blackboxstocks Inc.",
        "change_pct": 14.5,
        "premarket": 3.0,
        "volume": 8161,
        "category": "g",
        "source": "tv",
        "shortable": false,
        "exchange_name": "NASD",
        "market_cap": 8.32977,
        "existing": false
    },
    {
        "symbol": "RPD",
        "company": "Rapid7, Inc.",
        "change_pct": 14.35,
        "premarket": 45.5,
        "volume": 780,
        "category": "g",
        "source": "tv",
        "shortable": true,
        "exchange_name": "NASD",
        "market_cap": 2401.408,
        "existing": false
    },
    {
        "symbol": "GRRR",
        "company": "Gorilla Technology Group Inc.",
        "change_pct": 14.22,
        "premarket": 2.17,
        "volume": 3877000,
        "category": "g",
        "source": "tv",
        "shortable": true,
        "exchange_name": "NASD",
        "market_cap": 128.4428,
        "existing": false
    },
    {
        "symbol": "CPS",
        "company": "Cooper-Standard Holdings Inc.",
        "change_pct": 14.17,
        "premarket": 22.4,
        "volume": 200,
        "category": "g",
        "source": "tv",
        "shortable": true,
        "exchange_name": "NYSE",
        "market_cap": 337.4146,
        "existing": false
    },
    {
        "symbol": "AXON",
        "company": "Axon Enterprise, Inc.",
        "change_pct": 13.82,
        "premarket": 200.01,
        "volume": 13238,
        "category": "g",
        "source": "tv",
        "shortable": true,
        "exchange_name": "NASD",
        "market_cap": 12983.86,
        "existing": false
    },
    {
        "symbol": "GMBL",
        "company": "Esports Entertainment Group Inc.",
        "change_pct": 13.5,
        "premarket": 0.2648,
        "volume": 5012000,
        "category": "g",
        "source": "tv",
        "shortable": true,
        "exchange_name": "NASD",
        "market_cap": 3.34367,
        "existing": false
    },
    {
        "symbol": "RBLX",
        "company": "Roblox Corporation",
        "change_pct": -11.08,
        "premarket": 33.56,
        "volume": 1826000,
        "category": "l",
        "source": "tv",
        "shortable": true,
        "exchange_name": "NYSE",
        "market_cap": 23047.1,
        "existing": false
    },
    {
        "symbol": "SMCI",
        "company": "Super Micro Computer, Inc.",
        "change_pct": -14.51,
        "premarket": 297.0,
        "volume": 237756,
        "category": "l",
        "source": "tv",
        "shortable": true,
        "exchange_name": "NASD",
        "market_cap": 18234.5,
        "existing": false
    },
    {
        "symbol": "DKNG",
        "company": "DraftKings Inc.",
        "change_pct": -5.71,
        "premarket": 29.9,
        "volume": 970802,
        "category": "l",
        "source": "tv",
        "shortable": true,
        "exchange_name": "NASD",
        "market_cap": 14712.64,
        "existing": false
    },
    {
        "symbol": "WES",
        "company": "Western Midstream Partners, LP",
        "change_pct": -5.33,
        "premarket": 26.49,
        "volume": 6743,
        "category": "l",
        "source": "tv",
        "shortable": true,
        "exchange_name": "NYSE",
        "market_cap": 10761.54,
        "existing": false
    },
    {
        "symbol": "DOCS",
        "company": "Doximity, Inc.",
        "change_pct": -22.99,
        "premarket": 25.25,
        "volume": 205939,
        "category": "l",
        "source": "tv",
        "shortable": true,
        "exchange_name": "NYSE",
        "market_cap": 6386.798,
        "existing": false
    },
    {
        "symbol": "IAC",
        "company": "IAC Inc.",
        "change_pct": -7.59,
        "premarket": 61.99,
        "volume": 139,
        "category": "l",
        "source": "tv",
        "shortable": true,
        "exchange_name": "NASD",
        "market_cap": 5759.151,
        "existing": false
    },
    {
        "symbol": "LYFT",
        "company": "Lyft, Inc.",
        "change_pct": -5.97,
        "premarket": 10.87,
        "volume": 760247,
        "category": "l",
        "source": "tv",
        "shortable": true,
        "exchange_name": "NASD",
        "market_cap": 4371.1,
        "existing": false
    },
    {
        "symbol": "UPST",
        "company": "Upstart Holdings, Inc.",
        "change_pct": -18.36,
        "premarket": 42.25,
        "volume": 481189,
        "category": "l",
        "source": "tv",
        "shortable": true,
        "exchange_name": "NASD",
        "market_cap": 4278.224,
        "existing": false
    },
    {
        "symbol": "DIOD",
        "company": "Diodes Incorporated",
        "change_pct": -6.55,
        "premarket": 80.0,
        "volume": 690,
        "category": "l",
        "source": "tv",
        "shortable": true,
        "exchange_name": "NASD",
        "market_cap": 3914.11,
        "existing": false
    },
    {
        "symbol": "GDRX",
        "company": "GoodRx Holdings, Inc.",
        "change_pct": -9.04,
        "premarket": 7.95,
        "volume": 60928,
        "category": "l",
        "source": "tv",
        "shortable": true,
        "exchange_name": "NASD",
        "market_cap": 3468.628,
        "existing": false
    },
    {
        "symbol": "MODG",
        "company": "Topgolf Callaway Brands Corp.",
        "change_pct": -7.89,
        "premarket": 16.81,
        "volume": 44049,
        "category": "l",
        "source": "tv",
        "shortable": false,
        "exchange_name": "NYSE",
        "market_cap": 3387.247,
        "existing": false
    },
    {
        "symbol": "GTES",
        "company": "Gates Industrial Corporation plc",
        "change_pct": -9.47,
        "premarket": 11.57,
        "volume": 218825,
        "category": "l",
        "source": "tv",
        "shortable": true,
        "exchange_name": "NYSE",
        "market_cap": 3375.022,
        "existing": false
    },
    {
        "symbol": "ANGI",
        "company": "Angi Inc.",
        "change_pct": -14.73,
        "premarket": 3.3,
        "volume": 1922,
        "category": "l",
        "source": "tv",
        "shortable": true,
        "exchange_name": "NASD",
        "market_cap": 1960.415,
        "existing": false
    },
    {
        "symbol": "NS",
        "company": "Nustar Energy L.P.",
        "change_pct": -7.0,
        "premarket": 15.4,
        "volume": 66536,
        "category": "l",
        "source": "tv",
        "shortable": true,
        "exchange_name": "NYSE",
        "market_cap": 1836.623,
        "existing": false
    },
    {
        "symbol": "ZIP",
        "company": "ZipRecruiter, Inc.",
        "change_pct": -18.17,
        "premarket": 14.23,
        "volume": 11172,
        "category": "l",
        "source": "tv",
        "shortable": true,
        "exchange_name": "NYSE",
        "market_cap": 1754.714,
        "existing": false
    },
    {
        "symbol": "CLDX",
        "company": "Celldex Therapeutics, Inc.",
        "change_pct": -8.82,
        "premarket": 29.55,
        "volume": 9296,
        "category": "l",
        "source": "tv",
        "shortable": true,
        "exchange_name": "NASD",
        "market_cap": 1531.453,
        "existing": false
    },
    {
        "symbol": "KRNT",
        "company": "Kornit Digital Ltd.",
        "change_pct": -5.75,
        "premarket": 26.39,
        "volume": 3300,
        "category": "l",
        "source": "tv",
        "shortable": true,
        "exchange_name": "NASD",
        "market_cap": 1403.242,
        "existing": false
    },
    {
        "symbol": "TYGO",
        "company": "Tigo Energy, Inc.",
        "change_pct": -41.64,
        "premarket": 12.43,
        "volume": 33791,
        "category": "l",
        "source": "tv",
        "shortable": true,
        "exchange_name": "NASD",
        "market_cap": 1399.724,
        "existing": false
    },
    {
        "symbol": "AVNS",
        "company": "Avanos Medical, Inc.",
        "change_pct": -6.57,
        "premarket": 22.2,
        "volume": 300,
        "category": "l",
        "source": "tv",
        "shortable": true,
        "exchange_name": "NYSE",
        "market_cap": 1108.803,
        "existing": false
    },
    {
        "symbol": "CRNC",
        "company": "Cerence Inc.",
        "change_pct": -4.96,
        "premarket": 25.46,
        "volume": 119,
        "category": "l",
        "source": "tv",
        "shortable": true,
        "exchange_name": "NASD",
        "market_cap": 1079.881,
        "existing": false
    },
    {
        "symbol": "GRND",
        "company": "Grindr Inc.",
        "change_pct": -9.25,
        "premarket": 5.3,
        "volume": 7248,
        "category": "l",
        "source": "tv",
        "shortable": true,
        "exchange_name": "NYSE",
        "market_cap": 1015.255,
        "existing": false
    },
    {
        "symbol": "PUBM",
        "company": "PubMatic, Inc.",
        "change_pct": -20.53,
        "premarket": 14.75,
        "volume": 20955,
        "category": "l",
        "source": "tv",
        "shortable": true,
        "exchange_name": "NASD",
        "market_cap": 963.9615,
        "existing": false
    },
    {
        "symbol": "EBIX",
        "company": "Ebix, Inc.",
        "change_pct": -11.05,
        "premarket": 23.35,
        "volume": 7230,
        "category": "l",
        "source": "tv",
        "shortable": true,
        "exchange_name": "NASD",
        "market_cap": 811.1628,
        "existing": false
    },
    {
        "symbol": "BLFS",
        "company": "BioLife Solutions, Inc.",
        "change_pct": -13.0,
        "premarket": 16.0,
        "volume": 1238,
        "category": "l",
        "source": "tv",
        "shortable": true,
        "exchange_name": "NASD",
        "market_cap": 799.7233,
        "existing": false
    },
    {
        "symbol": "ASLE",
        "company": "AerSale Corporation",
        "change_pct": -15.07,
        "premarket": 12.4,
        "volume": 8941,
        "category": "l",
        "source": "tv",
        "shortable": true,
        "exchange_name": "NASD",
        "market_cap": 747.8322,
        "existing": false
    }
]