[
    {
        "symbol": "NRXS",
        "company": "Neuraxis, Inc.",
        "change_pct": 155.51,
        "premarket": 5.8,
        "volume": 20490000,
        "category": "g",
        "source": "tv",
        "shortable": true,
        "exchange_name": "NYSE American",
        "market_cap": 16235694,
        "existing": false
    },
    {
        "symbol": "BLMZ",
        "company": "BloomZ Inc.",
        "change_pct": 125.93,
        "premarket": 0.23,
        "volume": 177900000,
        "category": "g",
        "source": "tv",
        "shortable": true,
        "exchange_name": "NASDAQ",
        "market_cap": 1523378,
        "existing": false
    },
    {
        "symbol": "EYEN",
        "company": "Eyenovia, Inc.",
        "change_pct": 52.21,
        "premarket": 1.72,
        "volume": 27080000,
        "category": "g",
        "source": "tv",
        "shortable": false,
        "exchange_name": "NASDAQ",
        "market_cap": 3198516,
        "existing": false
    },
    {
        "symbol": "SYTA",
        "company": "Siyata Mobile, Inc.",
        "change_pct": 52.09,
        "premarket": 6.19,
        "volume": 15340000,
        "category": "g",
        "source": "tv",
        "shortable": true,
        "exchange_name": "NASDAQ",
        "market_cap": 6968158,
        "existing": false
    },
    {
        "symbol": "EDBL",
        "company": "Edible Garden AG Incorporated",
        "change_pct": 31.0,
        "premarket": 2.62,
        "volume": 12900000,
        "category": "g",
        "source": "tv",
        "shortable": true,
        "exchange_name": "NASDAQ",
        "market_cap": 2830365,
        "existing": false
    },
    {
        "symbol": "TIL",
        "company": "Instil Bio, Inc.",
        "change_pct": 28.99,
        "premarket": 21.8,
        "volume": 83120,
        "category": "g",
        "source": "tv",
        "shortable": true,
        "exchange_name": "NASDAQ",
        "market_cap": 95473726,
        "existing": false
    },
    {
        "symbol": "BIAF",
        "company": "bioAffinity Technologies, Inc.",
        "change_pct": 25.31,
        "premarket": 0.282,
        "volume": 42480000,
        "category": "g",
        "source": "tv",
        "shortable": true,
        "exchange_name": "NASDAQ",
        "market_cap": 3864758,
        "existing": false
    },
    {
        "symbol": "HCTI",
        "company": "Healthcare Triangle, Inc.",
        "change_pct": 25.27,
        "premarket": 0.0114,
        "volume": 149740000,
        "category": "g",
        "source": "tv",
        "shortable": true,
        "exchange_name": "NASDAQ",
        "market_cap": 357170,
        "existing": false
    },
    {
        "symbol": "MLGO",
        "company": "MicroAlgo, Inc.",
        "change_pct": 20.88,
        "premarket": 1.62,
        "volume": 9430000,
        "category": "g",
        "source": "tv",
        "shortable": true,
        "exchange_name": "NASDAQ",
        "market_cap": 38175300,
        "existing": false
    },
    {
        "symbol": "JFB",
        "company": "JFB Construction Holdings",
        "change_pct": 19.06,
        "premarket": 6.06,
        "volume": 2650,
        "category": "g",
        "source": "tv",
        "shortable": true,
        "exchange_name": "NASDAQ",
        "market_cap": 46494200,
        "existing": false
    },
    {
        "symbol": "QBTS",
        "company": "D-Wave Quantum Inc.",
        "change_pct": 18.86,
        "premarket": 15.63,
        "volume": 17990000,
        "category": "g",
        "source": "tv",
        "shortable": true,
        "exchange_name": "NYSE",
        "market_cap": 3579342947,
        "existing": false
    },
    {
        "symbol": "MCRP",
        "company": "Micropolis Holding Company",
        "change_pct": 16.35,
        "premarket": 2.42,
        "volume": 100,
        "category": "g",
        "source": "tv",
        "shortable": true,
        "exchange_name": "NYSE American",
        "market_cap": 73847500,
        "existing": false
    },
    {
        "symbol": "IXHL",
        "company": "Incannex Healthcare Inc.",
        "change_pct": 16.08,
        "premarket": 0.2321,
        "volume": 38570000,
        "category": "g",
        "source": "tv",
        "shortable": true,
        "exchange_name": "NASDAQ",
        "market_cap": 7162155,
        "existing": false
    },
    {
        "symbol": "PRPH",
        "company": "ProPhase Labs, Inc.",
        "change_pct": 15.72,
        "premarket": 0.371,
        "volume": 149450,
        "category": "g",
        "source": "tv",
        "shortable": true,
        "exchange_name": "NASDAQ",
        "market_cap": 16207179,
        "existing": false
    },
    {
        "symbol": "WFF",
        "company": "WF Holding Limited",
        "change_pct": 15.12,
        "premarket": 4.95,
        "volume": 100,
        "category": "g",
        "source": "tv",
        "shortable": true,
        "exchange_name": "NASDAQ",
        "market_cap": 119136250,
        "existing": false
    },
    {
        "symbol": "BON",
        "company": "Bon Natural Life Limited",
        "change_pct": 14.62,
        "premarket": 1.49,
        "volume": 3750000,
        "category": "g",
        "source": "tv",
        "shortable": true,
        "exchange_name": "NASDAQ",
        "market_cap": 217286,
        "existing": false
    },
    {
        "symbol": "AS",
        "company": "Amer Sports, Inc.",
        "change_pct": 13.73,
        "premarket": 35.7,
        "volume": 243440,
        "category": "g",
        "source": "tv",
        "shortable": true,
        "exchange_name": "NYSE",
        "market_cap": 17267201497,
        "existing": false
    },
    {
        "symbol": "BIYA",
        "company": "Baiya International Group Inc.",
        "change_pct": 11.97,
        "premarket": 5.29,
        "volume": 100,
        "category": "g",
        "source": "tv",
        "shortable": true,
        "exchange_name": "NASDAQ",
        "market_cap": 56500000,
        "existing": false
    },
    {
        "symbol": "IDN",
        "company": "Intellicheck, Inc.",
        "change_pct": 11.78,
        "premarket": 3.7,
        "volume": 7680,
        "category": "g",
        "source": "tv",
        "shortable": true,
        "exchange_name": "NASDAQ",
        "market_cap": 66978225,
        "existing": false
    },
    {
        "symbol": "FTEK",
        "company": "Fuel Tech, Inc.",
        "change_pct": 11.49,
        "premarket": 1.65,
        "volume": 60790,
        "category": "g",
        "source": "tv",
        "shortable": true,
        "exchange_name": "NASDAQ",
        "market_cap": 34700348,
        "existing": false
    },
    {
        "symbol": "VIK",
        "company": "Viking Holdings Ltd",
        "change_pct": -6.54,
        "premarket": 44.0,
        "volume": 61020,
        "category": "l",
        "source": "tv",
        "shortable": true,
        "exchange_name": "NYSE",
        "market_cap": 21363504254,
        "existing": false
    },
    {
        "symbol": "ASAN",
        "company": "Asana, Inc.",
        "change_pct": -5.81,
        "premarket": 17.03,
        "volume": 20450,
        "category": "l",
        "source": "tv",
        "shortable": true,
        "exchange_name": "NYSE",
        "market_cap": 4289538262,
        "existing": false
    },
    {
        "symbol": "ALHC",
        "company": "Alignment Healthcare, Inc.",
        "change_pct": -4.31,
        "premarket": 15.54,
        "volume": 20050,
        "category": "l",
        "source": "tv",
        "shortable": true,
        "exchange_name": "NASDAQ",
        "market_cap": 3121968094,
        "existing": false
    },
    {
        "symbol": "NOG",
        "company": "Northern Oil and Gas, Inc.",
        "change_pct": -4.29,
        "premarket": 27.05,
        "volume": 2240,
        "category": "l",
        "source": "tv",
        "shortable": true,
        "exchange_name": "NYSE",
        "market_cap": 2792825769,
        "existing": false
    },
    {
        "symbol": "EXPI",
        "company": "eXp World Holdings, Inc.",
        "change_pct": -4.83,
        "premarket": 7.65,
        "volume": 681,
        "category": "l",
        "source": "tv",
        "shortable": true,
        "exchange_name": "NASDAQ",
        "market_cap": 1249353040,
        "existing": false
    },
    {
        "symbol": "CTOS",
        "company": "Custom Truck One Source, Inc.",
        "change_pct": -11.12,
        "premarket": 4.14,
        "volume": 200,
        "category": "l",
        "source": "tv",
        "shortable": true,
        "exchange_name": "NYSE",
        "market_cap": 1068965615,
        "existing": false
    },
    {
        "symbol": "PTLO",
        "company": "Portillo's Inc.",
        "change_pct": -6.49,
        "premarket": 12.1,
        "volume": 69250,
        "category": "l",
        "source": "tv",
        "shortable": true,
        "exchange_name": "NASDAQ",
        "market_cap": 855501762,
        "existing": false
    },
    {
        "symbol": "SHLS",
        "company": "Shoals Technologies Group, Inc.",
        "change_pct": -4.45,
        "premarket": 4.51,
        "volume": 3020,
        "category": "l",
        "source": "tv",
        "shortable": true,
        "exchange_name": "NASDAQ",
        "market_cap": 811633697,
        "existing": false
    },
    {
        "symbol": "FUFU",
        "company": "BitFuFu Inc.",
        "change_pct": -4.76,
        "premarket": 3.8,
        "volume": 1000,
        "category": "l",
        "source": "tv",
        "shortable": true,
        "exchange_name": "NASDAQ",
        "market_cap": 606756607,
        "existing": false
    },
    {
        "symbol": "ASPI",
        "company": "ASP Isotopes Inc.",
        "change_pct": -4.95,
        "premarket": 7.15,
        "volume": 1010000,
        "category": "l",
        "source": "tv",
        "shortable": true,
        "exchange_name": "NASDAQ",
        "market_cap": 525376150,
        "existing": false
    },
    {
        "symbol": "ELPW",
        "company": "Elong Power Holding Limited",
        "change_pct": -4.32,
        "premarket": 6.65,
        "volume": 450,
        "category": "l",
        "source": "tv",
        "shortable": true,
        "exchange_name": "NASDAQ",
        "market_cap": 437043343,
        "existing": false
    },
    {
        "symbol": "TRML",
        "company": "Tourmaline Bio, Inc.",
        "change_pct": -4.09,
        "premarket": 15.95,
        "volume": 31000,
        "category": "l",
        "source": "tv",
        "shortable": true,
        "exchange_name": "NASDAQ",
        "market_cap": 425401212,
        "existing": false
    },
    {
        "symbol": "MLP",
        "company": "Maui Land & Pineapple Company, Inc.",
        "change_pct": -5.41,
        "premarket": 15.05,
        "volume": 889,
        "category": "l",
        "source": "tv",
        "shortable": true,
        "exchange_name": "NYSE",
        "market_cap": 336397818,
        "existing": false
    },
    {
        "symbol": "ALMS",
        "company": "Alumis Inc.",
        "change_pct": -3.87,
        "premarket": 5.72,
        "volume": 4210,
        "category": "l",
        "source": "tv",
        "shortable": true,
        "exchange_name": "NASDAQ",
        "market_cap": 305759157,
        "existing": false
    },
    {
        "symbol": "CERS",
        "company": "Cerus Corporation",
        "change_pct": -3.79,
        "premarket": 1.27,
        "volume": 100,
        "category": "l",
        "source": "tv",
        "shortable": true,
        "exchange_name": "NASDAQ",
        "market_cap": 254243438,
        "existing": false
    },
    {
        "symbol": "POWW",
        "company": "Outdoor Holding Company",
        "change_pct": -3.62,
        "premarket": 1.84,
        "volume": 100,
        "category": "l",
        "source": "tv",
        "shortable": true,
        "exchange_name": "NASDAQ",
        "market_cap": 228012927,
        "existing": false
    },
    {
        "symbol": "MDWD",
        "company": "MediWound Ltd.",
        "change_pct": -7.31,
        "premarket": 19.01,
        "volume": 290,
        "category": "l",
        "source": "tv",
        "shortable": true,
        "exchange_name": "NASDAQ",
        "market_cap": 221342228,
        "existing": false
    },
    {
        "symbol": "ARBE",
        "company": "Arbe Robotics Ltd.",
        "change_pct": -7.98,
        "premarket": 1.5,
        "volume": 592980,
        "category": "l",
        "source": "tv",
        "shortable": true,
        "exchange_name": "NASDAQ",
        "market_cap": 186138842,
        "existing": false
    },
    {
        "symbol": "IDR",
        "company": "Idaho Strategic Resources, Inc.",
        "change_pct": -4.25,
        "premarket": 12.27,
        "volume": 1850,
        "category": "l",
        "source": "tv",
        "shortable": true,
        "exchange_name": "NYSE American",
        "market_cap": 177066187,
        "existing": false
    },
    {
        "symbol": "LWLG",
        "company": "Lightwave Logic, Inc.",
        "change_pct": -4.51,
        "premarket": 1.27,
        "volume": 251,
        "category": "l",
        "source": "tv",
        "shortable": true,
        "exchange_name": "NASDAQ",
        "market_cap": 171306385,
        "existing": false
    }
]