[
    {
        "symbol": "IBO",
        "company": "Impact BioMedical, Inc.",
        "change_pct": 170.67,
        "premarket": 0.9801,
        "volume": 74600000,
        "category": "g",
        "source": "tv",
        "shortable": true,
        "exchange_name": "NYSE American",
        "market_cap": 4376127,
        "existing": false
    },
    {
        "symbol": "ECDA",
        "company": "ECD Automotive Design, Inc.",
        "change_pct": 158.28,
        "premarket": 0.7999,
        "volume": 62520000,
        "category": "g",
        "source": "tv",
        "shortable": true,
        "exchange_name": "NASDAQ",
        "market_cap": 12167698,
        "existing": false
    },
    {
        "symbol": "INDP",
        "company": "Indaptus Therapeutics, Inc.",
        "change_pct": 128.95,
        "premarket": 0.6184,
        "volume": 101710000,
        "category": "g",
        "source": "tv",
        "shortable": false,
        "exchange_name": "NASDAQ",
        "market_cap": 4330903,
        "existing": false
    },
    {
        "symbol": "CDTX",
        "company": "Cidara Therapeutics, Inc.",
        "change_pct": 92.27,
        "premarket": 40.41,
        "volume": 711320,
        "category": "g",
        "source": "tv",
        "shortable": true,
        "exchange_name": "NASDAQ",
        "market_cap": 272625679,
        "existing": false
    },
    {
        "symbol": "DAIC",
        "company": "DAIC",
        "change_pct": 82.86,
        "premarket": 25.6,
        "volume": 200,
        "category": "g",
        "source": "tv",
        "shortable": true,
        "exchange_name": "NASDAQ",
        "market_cap": 0,
        "existing": false
    },
    {
        "symbol": "OP",
        "company": "OceanPal Inc.",
        "change_pct": 57.64,
        "premarket": 2.27,
        "volume": 9710000,
        "category": "g",
        "source": "tv",
        "shortable": true,
        "exchange_name": "NASDAQ",
        "market_cap": 10807174,
        "existing": false
    },
    {
        "symbol": "SPTN",
        "company": "SpartanNash Company",
        "change_pct": 48.53,
        "premarket": 26.2,
        "volume": 420110,
        "category": "g",
        "source": "tv",
        "shortable": true,
        "exchange_name": "NASDAQ",
        "market_cap": 597111759,
        "existing": false
    },
    {
        "symbol": "TMDE",
        "company": "TMD Energy Limited",
        "change_pct": 30.51,
        "premarket": 2.31,
        "volume": 4470000,
        "category": "g",
        "source": "tv",
        "shortable": true,
        "exchange_name": "NYSE American",
        "market_cap": 41710050,
        "existing": false
    },
    {
        "symbol": "HUSA",
        "company": "Houston American Energy Corporation",
        "change_pct": 30.41,
        "premarket": 19.3,
        "volume": 556970,
        "category": "g",
        "source": "tv",
        "shortable": true,
        "exchange_name": "NYSE American",
        "market_cap": 23216064,
        "existing": false
    },
    {
        "symbol": "FBRX",
        "company": "Forte Biosciences, Inc.",
        "change_pct": 28.79,
        "premarket": 18.88,
        "volume": 58950,
        "category": "g",
        "source": "tv",
        "shortable": true,
        "exchange_name": "NASDAQ",
        "market_cap": 96512380,
        "existing": false
    },
    {
        "symbol": "PTLE",
        "company": "PTL LTD",
        "change_pct": 28.46,
        "premarket": 0.3597,
        "volume": 7600000,
        "category": "g",
        "source": "tv",
        "shortable": true,
        "exchange_name": "NASDAQ",
        "market_cap": 10496500,
        "existing": false
    },
    {
        "symbol": "RBNE",
        "company": "Robin Energy Ltd.",
        "change_pct": 26.12,
        "premarket": 7.72,
        "volume": 2350000,
        "category": "g",
        "source": "tv",
        "shortable": true,
        "exchange_name": "NASDAQ",
        "market_cap": 14606799,
        "existing": false
    },
    {
        "symbol": "VSEE",
        "company": "VSee Health, Inc.",
        "change_pct": 25.68,
        "premarket": 1.37,
        "volume": 9540000,
        "category": "g",
        "source": "tv",
        "shortable": true,
        "exchange_name": "NASDAQ",
        "market_cap": 17183608,
        "existing": false
    },
    {
        "symbol": "NINE",
        "company": "Nine Energy Service, Inc.",
        "change_pct": 24.27,
        "premarket": 1.28,
        "volume": 3140000,
        "category": "g",
        "source": "tv",
        "shortable": true,
        "exchange_name": "NYSE",
        "market_cap": 43619102,
        "existing": false
    },
    {
        "symbol": "HCAI",
        "company": "Huachen AI Parking Management Technology Holding Co., Ltd.",
        "change_pct": 23.21,
        "premarket": 1.21,
        "volume": 15850000,
        "category": "g",
        "source": "tv",
        "shortable": true,
        "exchange_name": "NASDAQ",
        "market_cap": 33131143,
        "existing": false
    },
    {
        "symbol": "INDO",
        "company": "Indonesia Energy Corporation Limited",
        "change_pct": 20.16,
        "premarket": 6.08,
        "volume": 1650000,
        "category": "g",
        "source": "tv",
        "shortable": true,
        "exchange_name": "NYSE American",
        "market_cap": 73426358,
        "existing": false
    },
    {
        "symbol": "EXEL",
        "company": "Exelixis, Inc.",
        "change_pct": 19.69,
        "premarket": 48.32,
        "volume": 279160,
        "category": "g",
        "source": "tv",
        "shortable": true,
        "exchange_name": "NASDAQ",
        "market_cap": 11009233263,
        "existing": false
    },
    {
        "symbol": "CRMD",
        "company": "CorMedix Inc.",
        "change_pct": 19.4,
        "premarket": 16.25,
        "volume": 120590,
        "category": "g",
        "source": "tv",
        "shortable": true,
        "exchange_name": "NASDAQ",
        "market_cap": 923093608,
        "existing": false
    },
    {
        "symbol": "DHAI",
        "company": "DIH Holding US, Inc.",
        "change_pct": 18.91,
        "premarket": 0.2628,
        "volume": 30670000,
        "category": "g",
        "source": "tv",
        "shortable": true,
        "exchange_name": "NASDAQ",
        "market_cap": 9135323,
        "existing": false
    },
    {
        "symbol": "MB",
        "company": "MasterBeef Group",
        "change_pct": 18.05,
        "premarket": 10.27,
        "volume": 500,
        "category": "g",
        "source": "tv",
        "shortable": true,
        "exchange_name": "NASDAQ",
        "market_cap": 149248500,
        "existing": false
    },
    {
        "symbol": "RGC",
        "company": "Regencell Bioscience Holdings Limited",
        "change_pct": -11.87,
        "premarket": 33.5,
        "volume": 18550,
        "category": "l",
        "source": "tv",
        "shortable": true,
        "exchange_name": "NASDAQ",
        "market_cap": 18795523393,
        "existing": false
    },
    {
        "symbol": "HIMS",
        "company": "Hims & Hers Health, Inc.",
        "change_pct": -24.26,
        "premarket": 48.64,
        "volume": 10720000,
        "category": "l",
        "source": "tv",
        "shortable": true,
        "exchange_name": "NYSE",
        "market_cap": 14374460342,
        "existing": false
    },
    {
        "symbol": "OSCR",
        "company": "Oscar Health, Inc.",
        "change_pct": -5.7,
        "premarket": 20.01,
        "volume": 1190000,
        "category": "l",
        "source": "tv",
        "shortable": true,
        "exchange_name": "NYSE",
        "market_cap": 5397565905,
        "existing": false
    },
    {
        "symbol": "QUBT",
        "company": "Quantum Computing Inc.",
        "change_pct": -16.84,
        "premarket": 15.7,
        "volume": 2450000,
        "category": "l",
        "source": "tv",
        "shortable": true,
        "exchange_name": "NASDAQ",
        "market_cap": 2660258759,
        "existing": false
    },
    {
        "symbol": "PHR",
        "company": "Phreesia, Inc.",
        "change_pct": -5.38,
        "premarket": 24.8,
        "volume": 100,
        "category": "l",
        "source": "tv",
        "shortable": true,
        "exchange_name": "NYSE",
        "market_cap": 1559606890,
        "existing": false
    },
    {
        "symbol": "NXTT",
        "company": "Next Technology Holding Inc.",
        "change_pct": -27.91,
        "premarket": 2.48,
        "volume": 493690,
        "category": "l",
        "source": "tv",
        "shortable": true,
        "exchange_name": "NASDAQ",
        "market_cap": 1500752064,
        "existing": false
    },
    {
        "symbol": "SSII",
        "company": "SS Innovations International Inc.",
        "change_pct": -19.22,
        "premarket": 5.59,
        "volume": 51020,
        "category": "l",
        "source": "tv",
        "shortable": true,
        "exchange_name": "NASDAQ",
        "market_cap": 1339739472,
        "existing": false
    },
    {
        "symbol": "ARQQ",
        "company": "Arqit Quantum Inc.",
        "change_pct": -7.88,
        "premarket": 38.39,
        "volume": 29210,
        "category": "l",
        "source": "tv",
        "shortable": true,
        "exchange_name": "NASDAQ",
        "market_cap": 561787131,
        "existing": false
    },
    {
        "symbol": "CCCM",
        "company": "Columbus Circle Capital Corp I",
        "change_pct": -17.83,
        "premarket": 12.95,
        "volume": 899380,
        "category": "l",
        "source": "tv",
        "shortable": true,
        "exchange_name": "NASDAQ",
        "market_cap": 536444128,
        "existing": false
    },
    {
        "symbol": "ATAI",
        "company": "ATAI Life Sciences N.V.",
        "change_pct": -6.85,
        "premarket": 2.31,
        "volume": 227120,
        "category": "l",
        "source": "tv",
        "shortable": true,
        "exchange_name": "NASDAQ",
        "market_cap": 497866882,
        "existing": false
    },
    {
        "symbol": "CLBR",
        "company": "Colombier Acquisition Corp. II",
        "change_pct": -7.16,
        "premarket": 15.3,
        "volume": 181940,
        "category": "l",
        "source": "tv",
        "shortable": true,
        "exchange_name": "NYSE",
        "market_cap": 350200000,
        "existing": false
    },
    {
        "symbol": "KLTR",
        "company": "Kaltura, Inc.",
        "change_pct": -5.58,
        "premarket": 1.86,
        "volume": 297,
        "category": "l",
        "source": "tv",
        "shortable": true,
        "exchange_name": "NASDAQ",
        "market_cap": 302629778,
        "existing": false
    },
    {
        "symbol": "ZJK",
        "company": "ZJK Industrial Co., Ltd.",
        "change_pct": -6.34,
        "premarket": 3.84,
        "volume": 4880,
        "category": "l",
        "source": "tv",
        "shortable": true,
        "exchange_name": "NASDAQ",
        "market_cap": 251663120,
        "existing": false
    },
    {
        "symbol": "SRM",
        "company": "SRM Entertainment, Inc.",
        "change_pct": -11.34,
        "premarket": 9.79,
        "volume": 2500000,
        "category": "l",
        "source": "tv",
        "shortable": true,
        "exchange_name": "NASDAQ",
        "market_cap": 196883054,
        "existing": false
    },
    {
        "symbol": "OMER",
        "company": "Omeros Corporation",
        "change_pct": -5.61,
        "premarket": 3.03,
        "volume": 2020,
        "category": "l",
        "source": "tv",
        "shortable": true,
        "exchange_name": "NASDAQ",
        "market_cap": 188082608,
        "existing": false
    },
    {
        "symbol": "SORA",
        "company": "Top Win International Limited",
        "change_pct": -10.37,
        "premarket": 6.31,
        "volume": 1950,
        "category": "l",
        "source": "tv",
        "shortable": true,
        "exchange_name": "NASDAQ",
        "market_cap": 175042560,
        "existing": false
    },
    {
        "symbol": "LRMR",
        "company": "Larimar Therapeutics, Inc.",
        "change_pct": -8.11,
        "premarket": 2.38,
        "volume": 180620,
        "category": "l",
        "source": "tv",
        "shortable": true,
        "exchange_name": "NASDAQ",
        "market_cap": 165832240,
        "existing": false
    },
    {
        "symbol": "EDHL",
        "company": "Everbright Digital Holding Limited",
        "change_pct": -8.04,
        "premarket": 5.72,
        "volume": 4320,
        "category": "l",
        "source": "tv",
        "shortable": true,
        "exchange_name": "NASDAQ",
        "market_cap": 165825200,
        "existing": false
    },
    {
        "symbol": "VRM",
        "company": "Vroom, Inc.",
        "change_pct": -6.1,
        "premarket": 29.88,
        "volume": 756,
        "category": "l",
        "source": "tv",
        "shortable": true,
        "exchange_name": "NASDAQ",
        "market_cap": 164295378,
        "existing": false
    },
    {
        "symbol": "INMB",
        "company": "INmune Bio Inc.",
        "change_pct": -6.9,
        "premarket": 5.94,
        "volume": 23330,
        "category": "l",
        "source": "tv",
        "shortable": true,
        "exchange_name": "NASDAQ",
        "market_cap": 148082205,
        "existing": false
    }
]