[
    {
        "symbol": "SBFM",
        "company": "Sunshine Biopharma Inc.",
        "change_pct": 92.45,
        "premarket": 1.02,
        "volume": 2123100,
        "category": "g",
        "source": "tv",
        "shortable": false,
        "exchange_name": "NASD",
        "market_cap": 11.97038,
        "existing": false
    },
    {
        "symbol": "POLA",
        "company": "Polar Power, Inc.",
        "change_pct": 65.38,
        "premarket": 1.72,
        "volume": 8166100,
        "category": "g",
        "source": "tv",
        "shortable": true,
        "exchange_name": "NASD",
        "market_cap": 13.46753,
        "existing": false
    },
    {
        "symbol": "AMPE",
        "company": "Ampio Pharmaceuticals, Inc.",
        "change_pct": 29.7,
        "premarket": 0.262,
        "volume": 1396100,
        "category": "g",
        "source": "tv",
        "shortable": true,
        "exchange_name": "AMEX",
        "market_cap": 6.03432,
        "existing": false
    },
    {
        "symbol": "AUD",
        "company": "Audacy",
        "change_pct": 27.31,
        "premarket": 0.1692,
        "volume": 15502100,
        "category": "g",
        "source": "tv",
        "shortable": true,
        "exchange_name": "NYSE",
        "market_cap": 20.08288,
        "existing": false
    },
    {
        "symbol": "JAGX",
        "company": "Jaguar Health, Inc.",
        "change_pct": 25.0,
        "premarket": 0.9,
        "volume": 6480100,
        "category": "g",
        "source": "tv",
        "shortable": true,
        "exchange_name": "NASD",
        "market_cap": 9.98088,
        "existing": false
    },
    {
        "symbol": "MTC",
        "company": "MMTec, Inc.",
        "change_pct": 23.08,
        "premarket": 1.28,
        "volume": 2510100,
        "category": "g",
        "source": "tv",
        "shortable": true,
        "exchange_name": "NASD",
        "market_cap": 88.55084,
        "existing": false
    },
    {
        "symbol": "PRPL",
        "company": "Purple Innovation, Inc.",
        "change_pct": 20.4,
        "premarket": 3.01,
        "volume": 741073,
        "category": "g",
        "source": "tv",
        "shortable": true,
        "exchange_name": "NASD",
        "market_cap": 263.7332,
        "existing": false
    },
    {
        "symbol": "TIVC",
        "company": "Tivic Health Systems, Inc.",
        "change_pct": 20.15,
        "premarket": 0.198,
        "volume": 5470099,
        "category": "g",
        "source": "tv",
        "shortable": false,
        "exchange_name": "NASD",
        "market_cap": 4.89089,
        "existing": false
    },
    {
        "symbol": "APP",
        "company": "Applovin Corporation",
        "change_pct": 19.03,
        "premarket": 21.2,
        "volume": 44568,
        "category": "g",
        "source": "tv",
        "shortable": true,
        "exchange_name": "NASD",
        "market_cap": 6612.251,
        "existing": false
    },
    {
        "symbol": "KPLT",
        "company": "Katapult Holdings, Inc.",
        "change_pct": 18.86,
        "premarket": 0.75,
        "volume": 186541,
        "category": "g",
        "source": "tv",
        "shortable": true,
        "exchange_name": "NASD",
        "market_cap": 62.82308,
        "existing": false
    },
    {
        "symbol": "HMPT",
        "company": "Home Point Capital Inc.",
        "change_pct": 18.32,
        "premarket": 2.26,
        "volume": 597461,
        "category": "g",
        "source": "tv",
        "shortable": true,
        "exchange_name": "NASD",
        "market_cap": 264.4024,
        "existing": false
    },
    {
        "symbol": "SHFS",
        "company": "SHF Holdings, Inc.",
        "change_pct": 18.19,
        "premarket": 0.5848,
        "volume": 7564100,
        "category": "g",
        "source": "tv",
        "shortable": true,
        "exchange_name": "NASD",
        "market_cap": 20.34694,
        "existing": false
    },
    {
        "symbol": "NN",
        "company": "NextNav Inc.",
        "change_pct": 17.75,
        "premarket": 2.74,
        "volume": 4084,
        "category": "g",
        "source": "tv",
        "shortable": true,
        "exchange_name": "NASD",
        "market_cap": 249.5806,
        "existing": false
    },
    {
        "symbol": "KLXE",
        "company": "KLX Energy Services Holdings, Inc.",
        "change_pct": 16.59,
        "premarket": 10.4,
        "volume": 18283,
        "category": "g",
        "source": "tv",
        "shortable": true,
        "exchange_name": "NASD",
        "market_cap": 146.3573,
        "existing": false
    },
    {
        "symbol": "GT",
        "company": "The Goodyear Tire & Rubber Company",
        "change_pct": 16.04,
        "premarket": 13.6,
        "volume": 372386,
        "category": "g",
        "source": "tv",
        "shortable": true,
        "exchange_name": "NASD",
        "market_cap": 3321.779,
        "existing": false
    },
    {
        "symbol": "VINC",
        "company": "Vincerx Pharma, Inc.",
        "change_pct": 15.03,
        "premarket": 1.76,
        "volume": 100,
        "category": "g",
        "source": "tv",
        "shortable": false,
        "exchange_name": "NASD",
        "market_cap": 32.50614,
        "existing": false
    },
    {
        "symbol": "FLWS",
        "company": "1-800-FLOWERS.COM, Inc.",
        "change_pct": 15.0,
        "premarket": 9.89,
        "volume": 126769,
        "category": "g",
        "source": "tv",
        "shortable": true,
        "exchange_name": "NASD",
        "market_cap": 556.9969,
        "existing": false
    },
    {
        "symbol": "SIEN",
        "company": "Sientra, Inc.",
        "change_pct": 14.86,
        "premarket": 1.7,
        "volume": 1349,
        "category": "g",
        "source": "tv",
        "shortable": true,
        "exchange_name": "NASD",
        "market_cap": 16.55547,
        "existing": false
    },
    {
        "symbol": "MGNI",
        "company": "Magnite, Inc.",
        "change_pct": 14.65,
        "premarket": 10.8,
        "volume": 66407,
        "category": "g",
        "source": "tv",
        "shortable": true,
        "exchange_name": "NASD",
        "market_cap": 1276.538,
        "existing": false
    },
    {
        "symbol": "AZRE",
        "company": "Azure Power Global Limited",
        "change_pct": 14.27,
        "premarket": 2.65,
        "volume": 1000,
        "category": "g",
        "source": "tv",
        "shortable": true,
        "exchange_name": "NYSE",
        "market_cap": 148.8547,
        "existing": false
    },
    {
        "symbol": "PMCB",
        "company": "PharmaCyte Biotech, Inc.",
        "change_pct": 13.5,
        "premarket": 3.11,
        "volume": 272535,
        "category": "g",
        "source": "tv",
        "shortable": false,
        "exchange_name": "NASD",
        "market_cap": 47.79487,
        "existing": false
    },
    {
        "symbol": "ORGO",
        "company": "Organogenesis Holdings Inc.",
        "change_pct": 12.38,
        "premarket": 2.36,
        "volume": 6264,
        "category": "g",
        "source": "tv",
        "shortable": true,
        "exchange_name": "NASD",
        "market_cap": 275.5763,
        "existing": false
    },
    {
        "symbol": "BLDE",
        "company": "Blade Air Mobility, Inc.",
        "change_pct": 12.2,
        "premarket": 3.23,
        "volume": 16772,
        "category": "g",
        "source": "tv",
        "shortable": true,
        "exchange_name": "NASD",
        "market_cap": 207.5026,
        "existing": false
    },
    {
        "symbol": "MAXN",
        "company": "Maxeon Solar Technologies, Ltd.",
        "change_pct": 11.71,
        "premarket": 31.28,
        "volume": 15228,
        "category": "g",
        "source": "tv",
        "shortable": true,
        "exchange_name": "NASD",
        "market_cap": 1261.878,
        "existing": false
    },
    {
        "symbol": "IONM",
        "company": "Assure Holdings Corp.",
        "change_pct": 11.66,
        "premarket": 1.82,
        "volume": 5999,
        "category": "g",
        "source": "tv",
        "shortable": true,
        "exchange_name": "NASD",
        "market_cap": 1.79479,
        "existing": false
    },
    {
        "symbol": "PRPH",
        "company": "ProPhase Labs, Inc.",
        "change_pct": 11.5,
        "premarket": 9.5,
        "volume": 12767,
        "category": "g",
        "source": "tv",
        "shortable": true,
        "exchange_name": "NASD",
        "market_cap": 142.6813,
        "existing": false
    },
    {
        "symbol": "GRIL",
        "company": "Muscle Maker, Inc",
        "change_pct": 10.96,
        "premarket": 1.62,
        "volume": 1143100,
        "category": "g",
        "source": "tv",
        "shortable": false,
        "exchange_name": "NASD",
        "market_cap": 42.80504,
        "existing": false
    },
    {
        "symbol": "FLNC",
        "company": "Fluence Energy, Inc.",
        "change_pct": 10.94,
        "premarket": 22.2,
        "volume": 16143,
        "category": "g",
        "source": "tv",
        "shortable": true,
        "exchange_name": "NASD",
        "market_cap": 3497.226,
        "existing": false
    },
    {
        "symbol": "GWH",
        "company": "ESS Tech, Inc.",
        "change_pct": 10.48,
        "premarket": 1.37,
        "volume": 132397,
        "category": "g",
        "source": "tv",
        "shortable": true,
        "exchange_name": "NYSE",
        "market_cap": 191.3877,
        "existing": false
    },
    {
        "symbol": "BLPH",
        "company": "Bellerophon Therapeutics, Inc.",
        "change_pct": 10.08,
        "premarket": 9.5,
        "volume": 760,
        "category": "g",
        "source": "tv",
        "shortable": true,
        "exchange_name": "NASD",
        "market_cap": 90.18207,
        "existing": false
    },
    {
        "symbol": "HLLY",
        "company": "Holley Inc.",
        "change_pct": 10.04,
        "premarket": 2.85,
        "volume": 24425,
        "category": "g",
        "source": "tv",
        "shortable": true,
        "exchange_name": "NYSE",
        "market_cap": 306.3088,
        "existing": false
    },
    {
        "symbol": "CGRN",
        "company": "Capstone Green Energy Corporation",
        "change_pct": 10.03,
        "premarket": 1.27,
        "volume": 120,
        "category": "g",
        "source": "tv",
        "shortable": true,
        "exchange_name": "NASD",
        "market_cap": 21.10002,
        "existing": false
    },
    {
        "symbol": "GWAV",
        "company": "Greenwave Technology Solutions, Inc.",
        "change_pct": 10.0,
        "premarket": 0.88,
        "volume": 400,
        "category": "g",
        "source": "tv",
        "shortable": false,
        "exchange_name": "NASD",
        "market_cap": 9.00065,
        "existing": false
    },
    {
        "symbol": "TNK",
        "company": "Teekay Tankers Ltd.",
        "change_pct": 9.79,
        "premarket": 42.94,
        "volume": 9649,
        "category": "g",
        "source": "tv",
        "shortable": true,
        "exchange_name": "NYSE",
        "market_cap": 1328.136,
        "existing": false
    },
    {
        "symbol": "RPAY",
        "company": "Repay Holdings Corporation",
        "change_pct": 9.53,
        "premarket": 6.78,
        "volume": 150,
        "category": "g",
        "source": "tv",
        "shortable": true,
        "exchange_name": "NASD",
        "market_cap": 622.762,
        "existing": false
    },
    {
        "symbol": "AGRX",
        "company": "Agile Therapeutics, Inc.",
        "change_pct": 9.4,
        "premarket": 6.4,
        "volume": 100,
        "category": "g",
        "source": "tv",
        "shortable": true,
        "exchange_name": "NASD",
        "market_cap": 5.54228,
        "existing": false
    },
    {
        "symbol": "ADMA",
        "company": "ADMA Biologics Inc",
        "change_pct": 9.24,
        "premarket": 3.9,
        "volume": 51648,
        "category": "g",
        "source": "tv",
        "shortable": true,
        "exchange_name": "NASD",
        "market_cap": 793.43,
        "existing": false
    },
    {
        "symbol": "DXPE",
        "company": "DXP Enterprises, Inc.",
        "change_pct": 8.98,
        "premarket": 25.73,
        "volume": 1000,
        "category": "g",
        "source": "tv",
        "shortable": true,
        "exchange_name": "NASD",
        "market_cap": 409.8927,
        "existing": false
    },
    {
        "symbol": "DATS",
        "company": "DatChat, Inc.",
        "change_pct": 8.93,
        "premarket": 0.45,
        "volume": 1550,
        "category": "g",
        "source": "tv",
        "shortable": false,
        "exchange_name": "NASD",
        "market_cap": 8.35867,
        "existing": false
    },
    {
        "symbol": "CETX",
        "company": "Cemtrex Inc.",
        "change_pct": 8.59,
        "premarket": 10.87,
        "volume": 2986,
        "category": "g",
        "source": "tv",
        "shortable": true,
        "exchange_name": "NASD",
        "market_cap": 8.28757,
        "existing": false
    }
]