[
    {
        "symbol": "MGRM",
        "company": "Monogram Orthopaedics Inc.",
        "change_pct": 164.77,
        "premarket": 31.11,
        "volume": 116890,
        "category": "g",
        "source": "tv",
        "shortable": false,
        "exchange_name": "NASD",
        "market_cap": 104.5899,
        "existing": false
    },
    {
        "symbol": "BHG",
        "company": "Bright Health Group, Inc.",
        "change_pct": 74.79,
        "premarket": 0.3162,
        "volume": 17417100,
        "category": "g",
        "source": "tv",
        "shortable": true,
        "exchange_name": "NYSE",
        "market_cap": 115.0788,
        "existing": false
    },
    {
        "symbol": "SDA",
        "company": "SunCar Technology Group Inc.",
        "change_pct": 67.07,
        "premarket": 6.85,
        "volume": 1244100,
        "category": "g",
        "source": "tv",
        "shortable": true,
        "exchange_name": "NASD",
        "market_cap": 14.29814,
        "existing": false
    },
    {
        "symbol": "MNK",
        "company": "Mallinckrodt plc",
        "change_pct": 46.9,
        "premarket": 1.66,
        "volume": 53007,
        "category": "g",
        "source": "tv",
        "shortable": false,
        "exchange_name": "AMEX",
        "market_cap": 63.44173,
        "existing": false
    },
    {
        "symbol": "LSDI",
        "company": "Lucy Scientific Discovery Inc.",
        "change_pct": 33.33,
        "premarket": 1.44,
        "volume": 5276100,
        "category": "g",
        "source": "tv",
        "shortable": true,
        "exchange_name": "NASD",
        "market_cap": 17.64872,
        "existing": false
    },
    {
        "symbol": "NBY",
        "company": "NovaBay Pharmaceuticals, Inc.",
        "change_pct": 23.69,
        "premarket": 0.8906,
        "volume": 4771100,
        "category": "g",
        "source": "tv",
        "shortable": true,
        "exchange_name": "AMEX",
        "market_cap": 29.78846,
        "existing": false
    },
    {
        "symbol": "ATNF",
        "company": "180 Life Sciences Corp.",
        "change_pct": 20.19,
        "premarket": 1.25,
        "volume": 1114100,
        "category": "g",
        "source": "tv",
        "shortable": true,
        "exchange_name": "NASD",
        "market_cap": 5.53029,
        "existing": false
    },
    {
        "symbol": "FTCH",
        "company": "Farfetch Limited",
        "change_pct": 18.43,
        "premarket": 5.14,
        "volume": 2512100,
        "category": "g",
        "source": "tv",
        "shortable": true,
        "exchange_name": "NYSE",
        "market_cap": 1530.318,
        "existing": false
    },
    {
        "symbol": "BNTC",
        "company": "Benitec Biopharma Inc.",
        "change_pct": 14.47,
        "premarket": 0.2255,
        "volume": 100,
        "category": "g",
        "source": "tv",
        "shortable": true,
        "exchange_name": "NASD",
        "market_cap": 5.51229,
        "existing": false
    },
    {
        "symbol": "GTEC",
        "company": "Greenland Technologies Holding Corporation",
        "change_pct": 14.39,
        "premarket": 1.51,
        "volume": 407037,
        "category": "g",
        "source": "tv",
        "shortable": true,
        "exchange_name": "NASD",
        "market_cap": 17.13163,
        "existing": false
    },
    {
        "symbol": "ALPP",
        "company": "Alpine 4 Holdings, Inc.",
        "change_pct": 14.29,
        "premarket": 2.48,
        "volume": 113,
        "category": "g",
        "source": "tv",
        "shortable": false,
        "exchange_name": "NASD",
        "market_cap": 48.83513,
        "existing": false
    },
    {
        "symbol": "CINT",
        "company": "CI&T Inc",
        "change_pct": 12.86,
        "premarket": 3.95,
        "volume": 4583,
        "category": "g",
        "source": "tv",
        "shortable": true,
        "exchange_name": "NYSE",
        "market_cap": 468.3501,
        "existing": false
    },
    {
        "symbol": "VWE",
        "company": "Vintage Wine Estates, Inc.",
        "change_pct": 12.28,
        "premarket": 1.28,
        "volume": 9979,
        "category": "g",
        "source": "tv",
        "shortable": true,
        "exchange_name": "NASD",
        "market_cap": 67.64665,
        "existing": false
    },
    {
        "symbol": "BTOG",
        "company": "Bit Origin Limited",
        "change_pct": 11.27,
        "premarket": 0.159,
        "volume": 812,
        "category": "g",
        "source": "tv",
        "shortable": false,
        "exchange_name": "NASD",
        "market_cap": 14.36758,
        "existing": false
    },
    {
        "symbol": "NBRV",
        "company": "Nabriva Therapeutics plc",
        "change_pct": 11.2,
        "premarket": 1.85,
        "volume": 10168,
        "category": "g",
        "source": "tv",
        "shortable": true,
        "exchange_name": "NASD",
        "market_cap": 5.31442,
        "existing": false
    },
    {
        "symbol": "VIRX",
        "company": "Viracta Therapeutics, Inc.",
        "change_pct": 10.88,
        "premarket": 2.14,
        "volume": 19193,
        "category": "g",
        "source": "tv",
        "shortable": true,
        "exchange_name": "NASD",
        "market_cap": 74.1331,
        "existing": false
    },
    {
        "symbol": "GDHG",
        "company": "Golden Heaven Group Holdings Ltd.",
        "change_pct": 10.71,
        "premarket": 4.86,
        "volume": 4300,
        "category": "g",
        "source": "tv",
        "shortable": false,
        "exchange_name": "NASD",
        "market_cap": 227.1825,
        "existing": false
    },
    {
        "symbol": "SFR",
        "company": "Appreciate Holdings, Inc.",
        "change_pct": 10.55,
        "premarket": 0.285,
        "volume": 25579,
        "category": "g",
        "source": "tv",
        "shortable": false,
        "exchange_name": "NASD",
        "market_cap": 14.34557,
        "existing": false
    },
    {
        "symbol": "REBN",
        "company": "Reborn Coffee, Inc.",
        "change_pct": 10.0,
        "premarket": 0.99,
        "volume": 700,
        "category": "g",
        "source": "tv",
        "shortable": false,
        "exchange_name": "NASD",
        "market_cap": 11.84681,
        "existing": false
    },
    {
        "symbol": "ZVSA",
        "company": "ZyVersa Therapeutics, Inc.",
        "change_pct": 9.9,
        "premarket": 0.4062,
        "volume": 467098,
        "category": "g",
        "source": "tv",
        "shortable": true,
        "exchange_name": "NASD",
        "market_cap": 7.47526,
        "existing": false
    },
    {
        "symbol": "ACER",
        "company": "Acer Therapeutics Inc.",
        "change_pct": 9.83,
        "premarket": 0.8259,
        "volume": 3400,
        "category": "g",
        "source": "tv",
        "shortable": true,
        "exchange_name": "NASD",
        "market_cap": 18.27365,
        "existing": false
    },
    {
        "symbol": "SLNO",
        "company": "Soleno Therapeutics, Inc.",
        "change_pct": 9.49,
        "premarket": 4.79,
        "volume": 673,
        "category": "g",
        "source": "tv",
        "shortable": true,
        "exchange_name": "NASD",
        "market_cap": 35.73845,
        "existing": false
    },
    {
        "symbol": "NXGL",
        "company": "NexGel, Inc",
        "change_pct": 9.47,
        "premarket": 1.85,
        "volume": 3552,
        "category": "g",
        "source": "tv",
        "shortable": false,
        "exchange_name": "NASD",
        "market_cap": 9.48771,
        "existing": false
    },
    {
        "symbol": "TBIO",
        "company": "Telesis Bio, Inc.",
        "change_pct": 9.27,
        "premarket": 2.24,
        "volume": 740,
        "category": "g",
        "source": "tv",
        "shortable": true,
        "exchange_name": "NASD",
        "market_cap": 60.88192,
        "existing": false
    },
    {
        "symbol": "QTEK",
        "company": "QualTek Services Inc.",
        "change_pct": 9.14,
        "premarket": 0.1971,
        "volume": 195,
        "category": "g",
        "source": "tv",
        "shortable": false,
        "exchange_name": "NASD",
        "market_cap": 9.23044,
        "existing": false
    },
    {
        "symbol": "WISA",
        "company": "WiSA Technologies, Inc.",
        "change_pct": 8.64,
        "premarket": 1.32,
        "volume": 610560,
        "category": "g",
        "source": "tv",
        "shortable": true,
        "exchange_name": "NASD",
        "market_cap": 4.61937,
        "existing": false
    },
    {
        "symbol": "RZLT",
        "company": "Rezolute, Inc.",
        "change_pct": 8.61,
        "premarket": 2.27,
        "volume": 600,
        "category": "g",
        "source": "tv",
        "shortable": false,
        "exchange_name": "NASD",
        "market_cap": 76.96962,
        "existing": false
    },
    {
        "symbol": "RIGL",
        "company": "Rigel Pharmaceuticals, Inc.",
        "change_pct": 8.46,
        "premarket": 1.41,
        "volume": 662570,
        "category": "g",
        "source": "tv",
        "shortable": true,
        "exchange_name": "NASD",
        "market_cap": 225.7668,
        "existing": false
    },
    {
        "symbol": "CRGY",
        "company": "Crescent Energy Company",
        "change_pct": 8.39,
        "premarket": 11.24,
        "volume": 200,
        "category": "g",
        "source": "tv",
        "shortable": true,
        "exchange_name": "NYSE",
        "market_cap": 1731.862,
        "existing": false
    },
    {
        "symbol": "STXS",
        "company": "Stereotaxis, Inc.",
        "change_pct": 8.29,
        "premarket": 1.83,
        "volume": 161606,
        "category": "g",
        "source": "tv",
        "shortable": true,
        "exchange_name": "AMEX",
        "market_cap": 472.3781,
        "existing": false
    },
    {
        "symbol": "LUCY",
        "company": "Innovative Eyewear, Inc.",
        "change_pct": 8.19,
        "premarket": 1.85,
        "volume": 1000,
        "category": "g",
        "source": "tv",
        "shortable": true,
        "exchange_name": "NASD",
        "market_cap": 14.39348,
        "existing": false
    },
    {
        "symbol": "CYCC",
        "company": "Cyclacel Pharmaceuticals, Inc.",
        "change_pct": 8.09,
        "premarket": 0.6509,
        "volume": 773,
        "category": "g",
        "source": "tv",
        "shortable": true,
        "exchange_name": "NASD",
        "market_cap": 7.5511,
        "existing": false
    },
    {
        "symbol": "GSIT",
        "company": "GSI Technology, Inc.",
        "change_pct": 7.94,
        "premarket": 6.39,
        "volume": 631906,
        "category": "g",
        "source": "tv",
        "shortable": true,
        "exchange_name": "NASD",
        "market_cap": 146.1355,
        "existing": false
    },
    {
        "symbol": "DBGI",
        "company": "Digital Brands Group, Inc.",
        "change_pct": 7.68,
        "premarket": 0.9799,
        "volume": 200,
        "category": "g",
        "source": "tv",
        "shortable": false,
        "exchange_name": "NASD",
        "market_cap": 5.22893,
        "existing": false
    },
    {
        "symbol": "EFTR",
        "company": "eFFECTOR Therapeutics, Inc.",
        "change_pct": 7.64,
        "premarket": 0.7,
        "volume": 2756,
        "category": "g",
        "source": "tv",
        "shortable": true,
        "exchange_name": "NASD",
        "market_cap": 27.57339,
        "existing": false
    },
    {
        "symbol": "OUST",
        "company": "Ouster, Inc.",
        "change_pct": 7.22,
        "premarket": 5.79,
        "volume": 18451,
        "category": "g",
        "source": "tv",
        "shortable": true,
        "exchange_name": "NYSE",
        "market_cap": 209.599,
        "existing": false
    },
    {
        "symbol": "BIOC",
        "company": "Biocept, Inc.",
        "change_pct": 7.2,
        "premarket": 5.88,
        "volume": 100,
        "category": "g",
        "source": "tv",
        "shortable": true,
        "exchange_name": "NASD",
        "market_cap": 3.25209,
        "existing": false
    },
    {
        "symbol": "NEXI",
        "company": "NexImmune, Inc.",
        "change_pct": 7.12,
        "premarket": 0.3214,
        "volume": 5435,
        "category": "g",
        "source": "tv",
        "shortable": false,
        "exchange_name": "NASD",
        "market_cap": 7.82484,
        "existing": false
    },
    {
        "symbol": "CNTX",
        "company": "Context Therapeutics Inc.",
        "change_pct": 7.05,
        "premarket": 0.5995,
        "volume": 688,
        "category": "g",
        "source": "tv",
        "shortable": false,
        "exchange_name": "NASD",
        "market_cap": 8.94099,
        "existing": false
    },
    {
        "symbol": "RANI",
        "company": "Rani Therapeutics Holdings, Inc.",
        "change_pct": 7.04,
        "premarket": 4.7,
        "volume": 3380,
        "category": "g",
        "source": "tv",
        "shortable": true,
        "exchange_name": "NASD",
        "market_cap": 217.2729,
        "existing": false
    }
]