[
    {
        "symbol": "SNGX",
        "company": "Soligenix, Inc.",
        "change_pct": 150.0,
        "premarket": 3.55,
        "volume": 6252100,
        "category": "g",
        "source": "tv",
        "shortable": true,
        "exchange_name": "NASD",
        "market_cap": 4.15278,
        "existing": false
    },
    {
        "symbol": "CYTO",
        "company": "Altamira Therapeutics Ltd.",
        "change_pct": 46.18,
        "premarket": 1.25,
        "volume": 10006100,
        "category": "g",
        "source": "tv",
        "shortable": false,
        "exchange_name": "NASD",
        "market_cap": 0.99979,
        "existing": false
    },
    {
        "symbol": "VINO",
        "company": "Gaucho Group Holdings, Inc.",
        "change_pct": 30.38,
        "premarket": 1.03,
        "volume": 4914099,
        "category": "g",
        "source": "tv",
        "shortable": false,
        "exchange_name": "NASD",
        "market_cap": 4.362,
        "existing": false
    },
    {
        "symbol": "ZIMV",
        "company": "ZimVie Inc.",
        "change_pct": 29.46,
        "premarket": 9.98,
        "volume": 53700,
        "category": "g",
        "source": "tv",
        "shortable": true,
        "exchange_name": "NASD",
        "market_cap": 203.2707,
        "existing": false
    },
    {
        "symbol": "MWG",
        "company": "Multi Ways Holdings Limited",
        "change_pct": 28.46,
        "premarket": 1.58,
        "volume": 706505,
        "category": "g",
        "source": "tv",
        "shortable": true,
        "exchange_name": "AMEX",
        "market_cap": 0.0,
        "existing": false
    },
    {
        "symbol": "ARNC",
        "company": "Arconic Corporation",
        "change_pct": 27.05,
        "premarket": 28.65,
        "volume": 8162100,
        "category": "g",
        "source": "tv",
        "shortable": true,
        "exchange_name": "NYSE",
        "market_cap": 2242.033,
        "existing": false
    },
    {
        "symbol": "DBGI",
        "company": "Digital Brands Group, Inc.",
        "change_pct": 26.57,
        "premarket": 1.0,
        "volume": 1201100,
        "category": "g",
        "source": "tv",
        "shortable": false,
        "exchange_name": "NASD",
        "market_cap": 4.53998,
        "existing": false
    },
    {
        "symbol": "GDC",
        "company": "GD Culture Group Limited",
        "change_pct": 23.74,
        "premarket": 7.14,
        "volume": 786979,
        "category": "g",
        "source": "tv",
        "shortable": true,
        "exchange_name": "NASD",
        "market_cap": 9.87561,
        "existing": false
    },
    {
        "symbol": "INSG",
        "company": "Inseego Corp.",
        "change_pct": 19.91,
        "premarket": 0.648,
        "volume": 163102,
        "category": "g",
        "source": "tv",
        "shortable": true,
        "exchange_name": "NASD",
        "market_cap": 58.62061,
        "existing": false
    },
    {
        "symbol": "MKUL",
        "company": "Molekule Group, Inc.",
        "change_pct": 19.72,
        "premarket": 1.95,
        "volume": 9228,
        "category": "g",
        "source": "tv",
        "shortable": false,
        "exchange_name": "NASD",
        "market_cap": 49.59723,
        "existing": false
    },
    {
        "symbol": "SHOP",
        "company": "Shopify Inc.",
        "change_pct": 18.74,
        "premarket": 54.94,
        "volume": 4247100,
        "category": "g",
        "source": "tv",
        "shortable": true,
        "exchange_name": "NYSE",
        "market_cap": 59000.2,
        "existing": false
    },
    {
        "symbol": "LMND",
        "company": "Lemonade, Inc.",
        "change_pct": 18.39,
        "premarket": 13.13,
        "volume": 98073,
        "category": "g",
        "source": "tv",
        "shortable": true,
        "exchange_name": "NYSE",
        "market_cap": 770.2813,
        "existing": false
    },
    {
        "symbol": "WEAV",
        "company": "Weave Communications, Inc.",
        "change_pct": 17.37,
        "premarket": 5.0,
        "volume": 100,
        "category": "g",
        "source": "tv",
        "shortable": true,
        "exchange_name": "NYSE",
        "market_cap": 282.5976,
        "existing": false
    },
    {
        "symbol": "WETG",
        "company": "WeTrade Group Inc.",
        "change_pct": 15.89,
        "premarket": 0.0846,
        "volume": 699035,
        "category": "g",
        "source": "tv",
        "shortable": false,
        "exchange_name": "NASD",
        "market_cap": 14.2392,
        "existing": false
    },
    {
        "symbol": "XWEL",
        "company": "XWELL, Inc.",
        "change_pct": 15.7,
        "premarket": 0.28,
        "volume": 8860,
        "category": "g",
        "source": "tv",
        "shortable": true,
        "exchange_name": "NASD",
        "market_cap": 20.18729,
        "existing": false
    },
    {
        "symbol": "TOP",
        "company": "TOP Financial Group Limited",
        "change_pct": 15.64,
        "premarket": 98.06,
        "volume": 53013,
        "category": "g",
        "source": "tv",
        "shortable": false,
        "exchange_name": "NASD",
        "market_cap": 2972.24,
        "existing": false
    },
    {
        "symbol": "MDVL",
        "company": "MedAvail Holdings, Inc.",
        "change_pct": 14.81,
        "premarket": 0.2,
        "volume": 6500,
        "category": "g",
        "source": "tv",
        "shortable": true,
        "exchange_name": "NASD",
        "market_cap": 14.02053,
        "existing": false
    },
    {
        "symbol": "VITL",
        "company": "Vital Farms, Inc.",
        "change_pct": 14.54,
        "premarket": 14.89,
        "volume": 1000,
        "category": "g",
        "source": "tv",
        "shortable": true,
        "exchange_name": "NASD",
        "market_cap": 530.986,
        "existing": false
    },
    {
        "symbol": "PRSO",
        "company": "Peraso Inc.",
        "change_pct": 14.5,
        "premarket": 0.4122,
        "volume": 100,
        "category": "g",
        "source": "tv",
        "shortable": true,
        "exchange_name": "NASD",
        "market_cap": 5.13705,
        "existing": false
    },
    {
        "symbol": "SABS",
        "company": "SAB Biotherapeutics, Inc.",
        "change_pct": 14.18,
        "premarket": 0.9934,
        "volume": 2297100,
        "category": "g",
        "source": "tv",
        "shortable": false,
        "exchange_name": "NASD",
        "market_cap": 43.84605,
        "existing": false
    },
    {
        "symbol": "SEDG",
        "company": "SolarEdge Technologies, Inc.",
        "change_pct": 13.64,
        "premarket": 299.8,
        "volume": 37056,
        "category": "g",
        "source": "tv",
        "shortable": true,
        "exchange_name": "NASD",
        "market_cap": 14864.45,
        "existing": false
    },
    {
        "symbol": "ERNA",
        "company": "Eterna Therapeutics Inc.",
        "change_pct": 12.9,
        "premarket": 3.5,
        "volume": 818,
        "category": "g",
        "source": "tv",
        "shortable": true,
        "exchange_name": "NASD",
        "market_cap": 16.12226,
        "existing": false
    },
    {
        "symbol": "W",
        "company": "Wayfair Inc.",
        "change_pct": 12.85,
        "premarket": 35.31,
        "volume": 708457,
        "category": "g",
        "source": "tv",
        "shortable": true,
        "exchange_name": "NYSE",
        "market_cap": 3458.673,
        "existing": false
    },
    {
        "symbol": "ENG",
        "company": "ENGlobal Corporation",
        "change_pct": 12.77,
        "premarket": 0.4399,
        "volume": 700,
        "category": "g",
        "source": "tv",
        "shortable": false,
        "exchange_name": "NASD",
        "market_cap": 15.51049,
        "existing": false
    },
    {
        "symbol": "GGE",
        "company": "Green Giant Inc.",
        "change_pct": 12.55,
        "premarket": 2.78,
        "volume": 700,
        "category": "g",
        "source": "tv",
        "shortable": true,
        "exchange_name": "NASD",
        "market_cap": 137.7106,
        "existing": false
    },
    {
        "symbol": "VIRI",
        "company": "Virios Therapeutics, Inc.",
        "change_pct": 11.9,
        "premarket": 1.04,
        "volume": 234096,
        "category": "g",
        "source": "tv",
        "shortable": false,
        "exchange_name": "NASD",
        "market_cap": 17.03626,
        "existing": false
    },
    {
        "symbol": "CDIO",
        "company": "Cardio Diagnostics Holdings Inc.",
        "change_pct": 11.88,
        "premarket": 2.26,
        "volume": 6702,
        "category": "g",
        "source": "tv",
        "shortable": true,
        "exchange_name": "NASD",
        "market_cap": 19.42178,
        "existing": false
    },
    {
        "symbol": "AAU",
        "company": "Almaden Minerals, Ltd.",
        "change_pct": 11.67,
        "premarket": 0.1368,
        "volume": 5317100,
        "category": "g",
        "source": "tv",
        "shortable": false,
        "exchange_name": "AMEX",
        "market_cap": 56.74105,
        "existing": false
    },
    {
        "symbol": "LGMK",
        "company": "LogicMark, Inc.",
        "change_pct": 11.32,
        "premarket": 2.95,
        "volume": 97417,
        "category": "g",
        "source": "tv",
        "shortable": false,
        "exchange_name": "NASD",
        "market_cap": 3.23381,
        "existing": false
    },
    {
        "symbol": "FROG",
        "company": "JFrog Ltd.",
        "change_pct": 10.73,
        "premarket": 19.6,
        "volume": 2140,
        "category": "g",
        "source": "tv",
        "shortable": true,
        "exchange_name": "NASD",
        "market_cap": 1802.542,
        "existing": false
    },
    {
        "symbol": "CIDM",
        "company": "Cinedigm Corp",
        "change_pct": 10.73,
        "premarket": 0.4097,
        "volume": 29266,
        "category": "g",
        "source": "tv",
        "shortable": false,
        "exchange_name": "NASD",
        "market_cap": 69.15844,
        "existing": false
    },
    {
        "symbol": "LILM",
        "company": "Lilium N.V.",
        "change_pct": 10.55,
        "premarket": 0.6677,
        "volume": 1073100,
        "category": "g",
        "source": "tv",
        "shortable": true,
        "exchange_name": "NASD",
        "market_cap": 240.2625,
        "existing": false
    },
    {
        "symbol": "UDMY",
        "company": "Udemy, Inc.",
        "change_pct": 10.4,
        "premarket": 9.55,
        "volume": 440,
        "category": "g",
        "source": "tv",
        "shortable": true,
        "exchange_name": "NASD",
        "market_cap": 1269.475,
        "existing": false
    },
    {
        "symbol": "ASPN",
        "company": "Aspen Aerogels, Inc.",
        "change_pct": 10.4,
        "premarket": 6.9,
        "volume": 12393,
        "category": "g",
        "source": "tv",
        "shortable": true,
        "exchange_name": "NYSE",
        "market_cap": 437.9323,
        "existing": false
    },
    {
        "symbol": "AXLA",
        "company": "Axcella Health Inc.",
        "change_pct": 10.36,
        "premarket": 0.41,
        "volume": 2520,
        "category": "g",
        "source": "tv",
        "shortable": true,
        "exchange_name": "NASD",
        "market_cap": 27.37324,
        "existing": false
    },
    {
        "symbol": "NXTP",
        "company": "NextPlay Technologies, Inc.",
        "change_pct": 10.34,
        "premarket": 1.6,
        "volume": 100,
        "category": "g",
        "source": "tv",
        "shortable": true,
        "exchange_name": "NASD",
        "market_cap": 8.61285,
        "existing": false
    },
    {
        "symbol": "LMDX",
        "company": "LumiraDx Limited",
        "change_pct": 10.24,
        "premarket": 0.5758,
        "volume": 500,
        "category": "g",
        "source": "tv",
        "shortable": true,
        "exchange_name": "NASD",
        "market_cap": 86.2077,
        "existing": false
    },
    {
        "symbol": "RIBT",
        "company": "RiceBran Technologies",
        "change_pct": 10.11,
        "premarket": 0.97,
        "volume": 300,
        "category": "g",
        "source": "tv",
        "shortable": false,
        "exchange_name": "NASD",
        "market_cap": 5.62396,
        "existing": false
    },
    {
        "symbol": "LPCN",
        "company": "Lipocine Inc.",
        "change_pct": 9.88,
        "premarket": 0.2747,
        "volume": 1991,
        "category": "g",
        "source": "tv",
        "shortable": true,
        "exchange_name": "NASD",
        "market_cap": 22.1277,
        "existing": false
    },
    {
        "symbol": "SHAK",
        "company": "Shake Shack, Inc.",
        "change_pct": 9.81,
        "premarket": 58.0,
        "volume": 16458,
        "category": "g",
        "source": "tv",
        "shortable": true,
        "exchange_name": "NYSE",
        "market_cap": 2231.621,
        "existing": false
    }
]