[
    {
        "symbol": "SNGX",
        "company": "Soligenix, Inc.",
        "change_pct": 148.59,
        "premarket": 3.53,
        "volume": 5586100,
        "category": "g",
        "source": "tv",
        "shortable": true,
        "exchange_name": "NASD",
        "market_cap": 4.15278,
        "existing": false
    },
    {
        "symbol": "CYTO",
        "company": "Altamira Therapeutics Ltd.",
        "change_pct": 46.18,
        "premarket": 1.25,
        "volume": 9408100,
        "category": "g",
        "source": "tv",
        "shortable": false,
        "exchange_name": "NASD",
        "market_cap": 0.99979,
        "existing": false
    },
    {
        "symbol": "VINO",
        "company": "Gaucho Group Holdings, Inc.",
        "change_pct": 37.97,
        "premarket": 1.09,
        "volume": 4561100,
        "category": "g",
        "source": "tv",
        "shortable": false,
        "exchange_name": "NASD",
        "market_cap": 4.362,
        "existing": false
    },
    {
        "symbol": "DBGI",
        "company": "Digital Brands Group, Inc.",
        "change_pct": 31.63,
        "premarket": 1.04,
        "volume": 943753,
        "category": "g",
        "source": "tv",
        "shortable": false,
        "exchange_name": "NASD",
        "market_cap": 4.53998,
        "existing": false
    },
    {
        "symbol": "ZIMV",
        "company": "ZimVie Inc.",
        "change_pct": 29.07,
        "premarket": 9.95,
        "volume": 52940,
        "category": "g",
        "source": "tv",
        "shortable": true,
        "exchange_name": "NASD",
        "market_cap": 203.2707,
        "existing": false
    },
    {
        "symbol": "ARNC",
        "company": "Arconic Corporation",
        "change_pct": 28.03,
        "premarket": 28.87,
        "volume": 5399100,
        "category": "g",
        "source": "tv",
        "shortable": true,
        "exchange_name": "NYSE",
        "market_cap": 2242.033,
        "existing": false
    },
    {
        "symbol": "GDC",
        "company": "GD Culture Group Limited",
        "change_pct": 23.74,
        "premarket": 7.14,
        "volume": 754330,
        "category": "g",
        "source": "tv",
        "shortable": true,
        "exchange_name": "NASD",
        "market_cap": 9.87561,
        "existing": false
    },
    {
        "symbol": "MWG",
        "company": "Multi Ways Holdings Limited",
        "change_pct": 22.76,
        "premarket": 1.51,
        "volume": 605903,
        "category": "g",
        "source": "tv",
        "shortable": true,
        "exchange_name": "AMEX",
        "market_cap": 0.0,
        "existing": false
    },
    {
        "symbol": "SHOP",
        "company": "Shopify Inc.",
        "change_pct": 20.51,
        "premarket": 55.76,
        "volume": 3543100,
        "category": "g",
        "source": "tv",
        "shortable": true,
        "exchange_name": "NYSE",
        "market_cap": 59000.2,
        "existing": false
    },
    {
        "symbol": "SABS",
        "company": "SAB Biotherapeutics, Inc.",
        "change_pct": 19.54,
        "premarket": 1.04,
        "volume": 2094100,
        "category": "g",
        "source": "tv",
        "shortable": false,
        "exchange_name": "NASD",
        "market_cap": 43.84605,
        "existing": false
    },
    {
        "symbol": "AAU",
        "company": "Almaden Minerals, Ltd.",
        "change_pct": 18.2,
        "premarket": 0.1448,
        "volume": 5034100,
        "category": "g",
        "source": "tv",
        "shortable": false,
        "exchange_name": "AMEX",
        "market_cap": 56.74105,
        "existing": false
    },
    {
        "symbol": "WEAV",
        "company": "Weave Communications, Inc.",
        "change_pct": 17.37,
        "premarket": 5.0,
        "volume": 100,
        "category": "g",
        "source": "tv",
        "shortable": true,
        "exchange_name": "NYSE",
        "market_cap": 282.5976,
        "existing": false
    },
    {
        "symbol": "KSPN",
        "company": "Kaspien Holdings Inc.",
        "change_pct": 17.1,
        "premarket": 0.6499,
        "volume": 11740,
        "category": "g",
        "source": "tv",
        "shortable": true,
        "exchange_name": "NASD",
        "market_cap": 2.75558,
        "existing": false
    },
    {
        "symbol": "INSG",
        "company": "Inseego Corp.",
        "change_pct": 16.58,
        "premarket": 0.63,
        "volume": 145574,
        "category": "g",
        "source": "tv",
        "shortable": true,
        "exchange_name": "NASD",
        "market_cap": 58.62061,
        "existing": false
    },
    {
        "symbol": "LMND",
        "company": "Lemonade, Inc.",
        "change_pct": 15.87,
        "premarket": 12.85,
        "volume": 75242,
        "category": "g",
        "source": "tv",
        "shortable": true,
        "exchange_name": "NYSE",
        "market_cap": 770.2813,
        "existing": false
    },
    {
        "symbol": "W",
        "company": "Wayfair Inc.",
        "change_pct": 15.24,
        "premarket": 36.06,
        "volume": 602370,
        "category": "g",
        "source": "tv",
        "shortable": true,
        "exchange_name": "NYSE",
        "market_cap": 3458.673,
        "existing": false
    },
    {
        "symbol": "ZURA",
        "company": "Zura Bio Limited",
        "change_pct": 15.0,
        "premarket": 5.75,
        "volume": 2955,
        "category": "g",
        "source": "tv",
        "shortable": true,
        "exchange_name": "NASD",
        "market_cap": 137.7607,
        "existing": false
    },
    {
        "symbol": "CDIO",
        "company": "Cardio Diagnostics Holdings Inc.",
        "change_pct": 14.85,
        "premarket": 2.32,
        "volume": 5800,
        "category": "g",
        "source": "tv",
        "shortable": true,
        "exchange_name": "NASD",
        "market_cap": 19.42178,
        "existing": false
    },
    {
        "symbol": "RETO",
        "company": "ReTo Eco-Solutions, Inc.",
        "change_pct": 14.42,
        "premarket": 0.3,
        "volume": 208,
        "category": "g",
        "source": "tv",
        "shortable": false,
        "exchange_name": "NASD",
        "market_cap": 11.30295,
        "existing": false
    },
    {
        "symbol": "CIDM",
        "company": "Cinedigm Corp",
        "change_pct": 13.51,
        "premarket": 0.42,
        "volume": 16024,
        "category": "g",
        "source": "tv",
        "shortable": false,
        "exchange_name": "NASD",
        "market_cap": 69.15844,
        "existing": false
    },
    {
        "symbol": "ERNA",
        "company": "Eterna Therapeutics Inc.",
        "change_pct": 12.9,
        "premarket": 3.5,
        "volume": 818,
        "category": "g",
        "source": "tv",
        "shortable": true,
        "exchange_name": "NASD",
        "market_cap": 16.12226,
        "existing": false
    },
    {
        "symbol": "ENG",
        "company": "ENGlobal Corporation",
        "change_pct": 12.77,
        "premarket": 0.4399,
        "volume": 700,
        "category": "g",
        "source": "tv",
        "shortable": false,
        "exchange_name": "NASD",
        "market_cap": 15.51049,
        "existing": false
    },
    {
        "symbol": "CCLD",
        "company": "CareCloud, Inc.",
        "change_pct": 12.66,
        "premarket": 3.47,
        "volume": 1154,
        "category": "g",
        "source": "tv",
        "shortable": true,
        "exchange_name": "NASD",
        "market_cap": 48.02523,
        "existing": false
    },
    {
        "symbol": "LILM",
        "company": "Lilium N.V.",
        "change_pct": 12.58,
        "premarket": 0.68,
        "volume": 1003099,
        "category": "g",
        "source": "tv",
        "shortable": true,
        "exchange_name": "NASD",
        "market_cap": 240.2625,
        "existing": false
    },
    {
        "symbol": "GGE",
        "company": "Green Giant Inc.",
        "change_pct": 12.55,
        "premarket": 2.78,
        "volume": 700,
        "category": "g",
        "source": "tv",
        "shortable": true,
        "exchange_name": "NASD",
        "market_cap": 137.7106,
        "existing": false
    },
    {
        "symbol": "GLMD",
        "company": "Galmed Pharmaceuticals Ltd.",
        "change_pct": 12.55,
        "premarket": 0.3489,
        "volume": 280,
        "category": "g",
        "source": "tv",
        "shortable": true,
        "exchange_name": "NASD",
        "market_cap": 7.81305,
        "existing": false
    },
    {
        "symbol": "AZYO",
        "company": "Aziyo Biologics, Inc.",
        "change_pct": 12.3,
        "premarket": 2.74,
        "volume": 2607,
        "category": "g",
        "source": "tv",
        "shortable": false,
        "exchange_name": "NASD",
        "market_cap": 39.50408,
        "existing": false
    },
    {
        "symbol": "DFLI",
        "company": "Dragonfly Energy Holdings Corp",
        "change_pct": 11.33,
        "premarket": 5.6,
        "volume": 362,
        "category": "g",
        "source": "tv",
        "shortable": true,
        "exchange_name": "NASD",
        "market_cap": 230.3485,
        "existing": false
    },
    {
        "symbol": "VIRI",
        "company": "Virios Therapeutics, Inc.",
        "change_pct": 10.82,
        "premarket": 1.03,
        "volume": 199057,
        "category": "g",
        "source": "tv",
        "shortable": false,
        "exchange_name": "NASD",
        "market_cap": 17.03626,
        "existing": false
    },
    {
        "symbol": "SEDG",
        "company": "SolarEdge Technologies, Inc.",
        "change_pct": 10.64,
        "premarket": 291.9,
        "volume": 19729,
        "category": "g",
        "source": "tv",
        "shortable": true,
        "exchange_name": "NASD",
        "market_cap": 14864.45,
        "existing": false
    },
    {
        "symbol": "SDIG",
        "company": "Stronghold Digital Mining, Inc.",
        "change_pct": 10.6,
        "premarket": 0.9492,
        "volume": 24725,
        "category": "g",
        "source": "tv",
        "shortable": true,
        "exchange_name": "NASD",
        "market_cap": 40.1013,
        "existing": false
    },
    {
        "symbol": "TGLS",
        "company": "Tecnoglass Inc.",
        "change_pct": 10.43,
        "premarket": 48.79,
        "volume": 14565,
        "category": "g",
        "source": "tv",
        "shortable": true,
        "exchange_name": "NYSE",
        "market_cap": 2106.271,
        "existing": false
    },
    {
        "symbol": "UDMY",
        "company": "Udemy, Inc.",
        "change_pct": 10.4,
        "premarket": 9.55,
        "volume": 440,
        "category": "g",
        "source": "tv",
        "shortable": true,
        "exchange_name": "NASD",
        "market_cap": 1269.475,
        "existing": false
    },
    {
        "symbol": "NXTP",
        "company": "NextPlay Technologies, Inc.",
        "change_pct": 10.34,
        "premarket": 1.6,
        "volume": 100,
        "category": "g",
        "source": "tv",
        "shortable": true,
        "exchange_name": "NASD",
        "market_cap": 8.61285,
        "existing": false
    },
    {
        "symbol": "LMDX",
        "company": "LumiraDx Limited",
        "change_pct": 10.24,
        "premarket": 0.5758,
        "volume": 500,
        "category": "g",
        "source": "tv",
        "shortable": true,
        "exchange_name": "NASD",
        "market_cap": 86.2077,
        "existing": false
    },
    {
        "symbol": "LGMK",
        "company": "LogicMark, Inc.",
        "change_pct": 10.19,
        "premarket": 2.92,
        "volume": 90893,
        "category": "g",
        "source": "tv",
        "shortable": false,
        "exchange_name": "NASD",
        "market_cap": 3.23381,
        "existing": false
    },
    {
        "symbol": "RIBT",
        "company": "RiceBran Technologies",
        "change_pct": 10.11,
        "premarket": 0.97,
        "volume": 300,
        "category": "g",
        "source": "tv",
        "shortable": false,
        "exchange_name": "NASD",
        "market_cap": 5.62396,
        "existing": false
    },
    {
        "symbol": "FROG",
        "company": "JFrog Ltd.",
        "change_pct": 10.01,
        "premarket": 19.47,
        "volume": 1899,
        "category": "g",
        "source": "tv",
        "shortable": true,
        "exchange_name": "NASD",
        "market_cap": 1802.542,
        "existing": false
    },
    {
        "symbol": "LPCN",
        "company": "Lipocine Inc.",
        "change_pct": 9.88,
        "premarket": 0.2747,
        "volume": 1991,
        "category": "g",
        "source": "tv",
        "shortable": true,
        "exchange_name": "NASD",
        "market_cap": 22.1277,
        "existing": false
    },
    {
        "symbol": "SHPW",
        "company": "Shapeways Holdings, Inc.",
        "change_pct": 9.68,
        "premarket": 0.299,
        "volume": 250,
        "category": "g",
        "source": "tv",
        "shortable": false,
        "exchange_name": "NYSE",
        "market_cap": 13.52309,
        "existing": false
    }
]