[
    {
        "symbol": "VERY",
        "company": "Vericity, Inc.",
        "change_pct": 94.04,
        "premarket": 11.06,
        "volume": 12651,
        "category": "g",
        "source": "tv",
        "shortable": true,
        "exchange_name": "N/A",
        "market_cap": 0,
        "existing": false
    },
    {
        "symbol": "ALXO",
        "company": "ALX Oncology Holdings Inc.",
        "change_pct": 91.48,
        "premarket": 9.21,
        "volume": 8479000,
        "category": "g",
        "source": "tv",
        "shortable": true,
        "exchange_name": "N/A",
        "market_cap": 0,
        "existing": false
    },
    {
        "symbol": "PNT",
        "company": "POINT Biopharma Global Inc.",
        "change_pct": 83.99,
        "premarket": 12.3,
        "volume": 7915000,
        "category": "g",
        "source": "tv",
        "shortable": true,
        "exchange_name": "N/A",
        "market_cap": 0,
        "existing": false
    },
    {
        "symbol": "SPRC",
        "company": "SciSparc Ltd.",
        "change_pct": 77.17,
        "premarket": 6.52,
        "volume": 2130000,
        "category": "g",
        "source": "tv",
        "shortable": true,
        "exchange_name": "N/A",
        "market_cap": 0,
        "existing": false
    },
    {
        "symbol": "MKUL",
        "company": "Molekule Group, Inc.",
        "change_pct": 67.79,
        "premarket": 0.25,
        "volume": 19964000,
        "category": "g",
        "source": "tv",
        "shortable": true,
        "exchange_name": "N/A",
        "market_cap": 0,
        "existing": false
    },
    {
        "symbol": "ICU",
        "company": "SeaStar Medical Holding Corporation",
        "change_pct": 52.66,
        "premarket": 0.6366,
        "volume": 13685000,
        "category": "g",
        "source": "tv",
        "shortable": true,
        "exchange_name": "N/A",
        "market_cap": 0,
        "existing": false
    },
    {
        "symbol": "AGIL",
        "company": "AgileThought, Inc.",
        "change_pct": 18.75,
        "premarket": 0.19,
        "volume": 11743000,
        "category": "g",
        "source": "tv",
        "shortable": true,
        "exchange_name": "N/A",
        "market_cap": 0,
        "existing": false
    },
    {
        "symbol": "LIFW",
        "company": "MSP Recovery, Inc.",
        "change_pct": 17.09,
        "premarket": 0.2343,
        "volume": 4899000,
        "category": "g",
        "source": "tv",
        "shortable": true,
        "exchange_name": "N/A",
        "market_cap": 0,
        "existing": false
    },
    {
        "symbol": "GMBL",
        "company": "Esports Entertainment Group Inc.",
        "change_pct": 17.07,
        "premarket": 0.1159,
        "volume": 5419000,
        "category": "g",
        "source": "tv",
        "shortable": true,
        "exchange_name": "N/A",
        "market_cap": 0,
        "existing": false
    },
    {
        "symbol": "KA",
        "company": "Kineta, Inc.",
        "change_pct": 16.93,
        "premarket": 5.25,
        "volume": 18163,
        "category": "g",
        "source": "tv",
        "shortable": true,
        "exchange_name": "N/A",
        "market_cap": 0,
        "existing": false
    },
    {
        "symbol": "DLA",
        "company": "Delta Apparel, Inc.",
        "change_pct": 16.39,
        "premarket": 7.67,
        "volume": 21434,
        "category": "g",
        "source": "tv",
        "shortable": true,
        "exchange_name": "N/A",
        "market_cap": 0,
        "existing": false
    },
    {
        "symbol": "OLB",
        "company": "The OLB Group, Inc.",
        "change_pct": 14.52,
        "premarket": 0.71,
        "volume": 2962,
        "category": "g",
        "source": "tv",
        "shortable": true,
        "exchange_name": "N/A",
        "market_cap": 0,
        "existing": false
    },
    {
        "symbol": "SMLP",
        "company": "Summit Midstream Partners, LP",
        "change_pct": 14.51,
        "premarket": 15.63,
        "volume": 5383,
        "category": "g",
        "source": "tv",
        "shortable": true,
        "exchange_name": "N/A",
        "market_cap": 0,
        "existing": false
    },
    {
        "symbol": "AKAN",
        "company": "Akanda Corp.",
        "change_pct": 14.44,
        "premarket": 0.588,
        "volume": 18255,
        "category": "g",
        "source": "tv",
        "shortable": true,
        "exchange_name": "N/A",
        "market_cap": 0,
        "existing": false
    },
    {
        "symbol": "SNPO",
        "company": "Snap One Holdings Corp.",
        "change_pct": 14.06,
        "premarket": 10.61,
        "volume": 100,
        "category": "g",
        "source": "tv",
        "shortable": true,
        "exchange_name": "N/A",
        "market_cap": 0,
        "existing": false
    },
    {
        "symbol": "ODD",
        "company": "ODDITY Tech Ltd.",
        "change_pct": 12.61,
        "premarket": 31.62,
        "volume": 48777,
        "category": "g",
        "source": "tv",
        "shortable": true,
        "exchange_name": "N/A",
        "market_cap": 0,
        "existing": false
    },
    {
        "symbol": "FTCI",
        "company": "FTC Solar, Inc.",
        "change_pct": 11.3,
        "premarket": 1.35,
        "volume": 1000,
        "category": "g",
        "source": "tv",
        "shortable": true,
        "exchange_name": "N/A",
        "market_cap": 0,
        "existing": false
    },
    {
        "symbol": "FLGC",
        "company": "Flora Growth Corp.",
        "change_pct": 10.08,
        "premarket": 1.2,
        "volume": 230,
        "category": "g",
        "source": "tv",
        "shortable": true,
        "exchange_name": "N/A",
        "market_cap": 0,
        "existing": false
    },
    {
        "symbol": "SISI",
        "company": "Shineco, Inc.",
        "change_pct": 9.63,
        "premarket": 0.14,
        "volume": 35819,
        "category": "g",
        "source": "tv",
        "shortable": true,
        "exchange_name": "N/A",
        "market_cap": 0,
        "existing": false
    },
    {
        "symbol": "RNAZ",
        "company": "TransCode Therapeutics, Inc.",
        "change_pct": 9.41,
        "premarket": 0.5,
        "volume": 1150000,
        "category": "g",
        "source": "tv",
        "shortable": true,
        "exchange_name": "N/A",
        "market_cap": 0,
        "existing": false
    },
    {
        "symbol": "LNTH",
        "company": "Lantheus Holdings, Inc.",
        "change_pct": 9.37,
        "premarket": 73.99,
        "volume": 31717,
        "category": "g",
        "source": "tv",
        "shortable": true,
        "exchange_name": "N/A",
        "market_cap": 0,
        "existing": false
    },
    {
        "symbol": "MI",
        "company": "NFT Limited",
        "change_pct": 9.31,
        "premarket": 0.1679,
        "volume": 15433,
        "category": "g",
        "source": "tv",
        "shortable": true,
        "exchange_name": "N/A",
        "market_cap": 0,
        "existing": false
    },
    {
        "symbol": "ITRM",
        "company": "Iterum Therapeutics plc",
        "change_pct": 9.21,
        "premarket": 0.83,
        "volume": 100,
        "category": "g",
        "source": "tv",
        "shortable": true,
        "exchange_name": "N/A",
        "market_cap": 0,
        "existing": false
    },
    {
        "symbol": "WRBY",
        "company": "Warby Parker Inc.",
        "change_pct": 8.89,
        "premarket": 14.45,
        "volume": 10658,
        "category": "g",
        "source": "tv",
        "shortable": true,
        "exchange_name": "N/A",
        "market_cap": 0,
        "existing": false
    },
    {
        "symbol": "DTCK",
        "company": "Davis Commodities Limited",
        "change_pct": 8.68,
        "premarket": 2.88,
        "volume": 4667,
        "category": "g",
        "source": "tv",
        "shortable": true,
        "exchange_name": "N/A",
        "market_cap": 0,
        "existing": false
    },
    {
        "symbol": "MAIA",
        "company": "MAIA Biotechnology, Inc.",
        "change_pct": -24.02,
        "premarket": 1.93,
        "volume": 399403,
        "category": "l",
        "source": "tv",
        "shortable": true,
        "exchange_name": "N/A",
        "market_cap": 0,
        "existing": false
    },
    {
        "symbol": "DXYN",
        "company": "The Dixie Group, Inc.",
        "change_pct": -23.62,
        "premarket": 0.4973,
        "volume": 290533,
        "category": "l",
        "source": "tv",
        "shortable": true,
        "exchange_name": "N/A",
        "market_cap": 0,
        "existing": false
    },
    {
        "symbol": "AWIN",
        "company": "AERWINS Technologies Inc.",
        "change_pct": -23.06,
        "premarket": 0.1762,
        "volume": 3417000,
        "category": "l",
        "source": "tv",
        "shortable": true,
        "exchange_name": "N/A",
        "market_cap": 0,
        "existing": false
    },
    {
        "symbol": "OPGN",
        "company": "OpGen, Inc.",
        "change_pct": -18.07,
        "premarket": 0.3441,
        "volume": 239017,
        "category": "l",
        "source": "tv",
        "shortable": true,
        "exchange_name": "N/A",
        "market_cap": 0,
        "existing": false
    },
    {
        "symbol": "SDC",
        "company": "SmileDirectClub, Inc.",
        "change_pct": -17.44,
        "premarket": 0.133,
        "volume": 4368000,
        "category": "l",
        "source": "tv",
        "shortable": true,
        "exchange_name": "N/A",
        "market_cap": 0,
        "existing": false
    },
    {
        "symbol": "ZAPP",
        "company": "Zapp Electric Vehicles Group Limited",
        "change_pct": -15.28,
        "premarket": 0.56,
        "volume": 1439,
        "category": "l",
        "source": "tv",
        "shortable": true,
        "exchange_name": "N/A",
        "market_cap": 0,
        "existing": false
    },
    {
        "symbol": "ENVX",
        "company": "Enovix Corporation",
        "change_pct": -14.48,
        "premarket": 10.1,
        "volume": 416314,
        "category": "l",
        "source": "tv",
        "shortable": true,
        "exchange_name": "N/A",
        "market_cap": 0,
        "existing": false
    },
    {
        "symbol": "ACXP",
        "company": "Acurx Pharmaceuticals, Inc.",
        "change_pct": -14.18,
        "premarket": 1.21,
        "volume": 87706,
        "category": "l",
        "source": "tv",
        "shortable": true,
        "exchange_name": "N/A",
        "market_cap": 0,
        "existing": false
    },
    {
        "symbol": "EAST",
        "company": "Eastside Distilling, Inc.",
        "change_pct": -14.02,
        "premarket": 1.41,
        "volume": 8884,
        "category": "l",
        "source": "tv",
        "shortable": true,
        "exchange_name": "N/A",
        "market_cap": 0,
        "existing": false
    },
    {
        "symbol": "NCRA",
        "company": "Nocera, Inc.",
        "change_pct": -12.96,
        "premarket": 1.41,
        "volume": 5350,
        "category": "l",
        "source": "tv",
        "shortable": true,
        "exchange_name": "N/A",
        "market_cap": 0,
        "existing": false
    },
    {
        "symbol": "UPXI",
        "company": "Upexi, Inc.",
        "change_pct": -12.79,
        "premarket": 1.5,
        "volume": 6337,
        "category": "l",
        "source": "tv",
        "shortable": true,
        "exchange_name": "N/A",
        "market_cap": 0,
        "existing": false
    },
    {
        "symbol": "MNTS",
        "company": "Momentus Inc.",
        "change_pct": -12.36,
        "premarket": 1.56,
        "volume": 129373,
        "category": "l",
        "source": "tv",
        "shortable": true,
        "exchange_name": "N/A",
        "market_cap": 0,
        "existing": false
    },
    {
        "symbol": "GLMD",
        "company": "Galmed Pharmaceuticals Ltd.",
        "change_pct": -12.14,
        "premarket": 0.49,
        "volume": 21182,
        "category": "l",
        "source": "tv",
        "shortable": true,
        "exchange_name": "N/A",
        "market_cap": 0,
        "existing": false
    },
    {
        "symbol": "CASI",
        "company": "CASI Pharmaceuticals, Inc.",
        "change_pct": -11.88,
        "premarket": 2.26,
        "volume": 100,
        "category": "l",
        "source": "tv",
        "shortable": true,
        "exchange_name": "N/A",
        "market_cap": 0,
        "existing": false
    },
    {
        "symbol": "UPC",
        "company": "Universe Pharmaceuticals Inc",
        "change_pct": -11.63,
        "premarket": 1.14,
        "volume": 103,
        "category": "l",
        "source": "tv",
        "shortable": true,
        "exchange_name": "N/A",
        "market_cap": 0,
        "existing": false
    },
    {
        "symbol": "PIXY",
        "company": "ShiftPixy, Inc.",
        "change_pct": -11.11,
        "premarket": 1.36,
        "volume": 740991,
        "category": "l",
        "source": "tv",
        "shortable": true,
        "exchange_name": "N/A",
        "market_cap": 0,
        "existing": false
    },
    {
        "symbol": "BTTR",
        "company": "Better Choice Company Inc.",
        "change_pct": -11.03,
        "premarket": 0.1388,
        "volume": 563021,
        "category": "l",
        "source": "tv",
        "shortable": true,
        "exchange_name": "N/A",
        "market_cap": 0,
        "existing": false
    },
    {
        "symbol": "RVLP",
        "company": "RVL Pharmaceuticals plc",
        "change_pct": -10.79,
        "premarket": 0.1141,
        "volume": 9619000,
        "category": "l",
        "source": "tv",
        "shortable": true,
        "exchange_name": "N/A",
        "market_cap": 0,
        "existing": false
    },
    {
        "symbol": "MLGO",
        "company": "MicroAlgo, Inc.",
        "change_pct": -10.74,
        "premarket": 2.41,
        "volume": 6196,
        "category": "l",
        "source": "tv",
        "shortable": true,
        "exchange_name": "N/A",
        "market_cap": 0,
        "existing": false
    },
    {
        "symbol": "PEV",
        "company": "Phoenix Motor Inc.",
        "change_pct": -10.41,
        "premarket": 0.98,
        "volume": 3212,
        "category": "l",
        "source": "tv",
        "shortable": true,
        "exchange_name": "N/A",
        "market_cap": 0,
        "existing": false
    },
    {
        "symbol": "FEMY",
        "company": "Femasys Inc.",
        "change_pct": -10.28,
        "premarket": 3.49,
        "volume": 1709000,
        "category": "l",
        "source": "tv",
        "shortable": true,
        "exchange_name": "N/A",
        "market_cap": 0,
        "existing": false
    },
    {
        "symbol": "ICCM",
        "company": "IceCure Medical Ltd.",
        "change_pct": -9.48,
        "premarket": 0.774,
        "volume": 993259,
        "category": "l",
        "source": "tv",
        "shortable": true,
        "exchange_name": "N/A",
        "market_cap": 0,
        "existing": false
    },
    {
        "symbol": "CGRN",
        "company": "Capstone Green Energy Corporation",
        "change_pct": -9.13,
        "premarket": 0.45,
        "volume": 11162,
        "category": "l",
        "source": "tv",
        "shortable": true,
        "exchange_name": "N/A",
        "market_cap": 0,
        "existing": false
    },
    {
        "symbol": "NEXI",
        "company": "NexImmune, Inc.",
        "change_pct": -9.09,
        "premarket": 0.19,
        "volume": 5800,
        "category": "l",
        "source": "tv",
        "shortable": true,
        "exchange_name": "N/A",
        "market_cap": 0,
        "existing": false
    },
    {
        "symbol": "BTCT",
        "company": "BTC Digital Ltd.",
        "change_pct": -9.07,
        "premarket": 3.91,
        "volume": 10479,
        "category": "l",
        "source": "tv",
        "shortable": true,
        "exchange_name": "N/A",
        "market_cap": 0,
        "existing": false
    }
]