[
    {
        "symbol": "CRBP",
        "company": "Corbus Pharmaceuticals Holdings, Inc.",
        "change_pct": 65.76,
        "premarket": 17.7,
        "volume": 1,
        "category": "g",
        "source": "tv",
        "shortable": true,
        "exchange_name": "",
        "market_cap": 231364087,
        "existing": false
    },
    {
        "symbol": "SKYE",
        "company": "Skye Bioscience, Inc.",
        "change_pct": 40.8,
        "premarket": 3.25,
        "volume": 49,
        "category": "g",
        "source": "tv",
        "shortable": true,
        "exchange_name": "",
        "market_cap": 107700929,
        "existing": false
    },
    {
        "symbol": "KOPN",
        "company": "Kopin Corporation",
        "change_pct": 27.81,
        "premarket": 0.696,
        "volume": 1,
        "category": "g",
        "source": "tv",
        "shortable": true,
        "exchange_name": "",
        "market_cap": 114933443,
        "existing": false
    },
    {
        "symbol": "TOMZ",
        "company": "TOMI Environmental Solutions, Inc.",
        "change_pct": 23.03,
        "premarket": 0.585,
        "volume": 704,
        "category": "g",
        "source": "tv",
        "shortable": true,
        "exchange_name": "",
        "market_cap": 15411707,
        "existing": false
    },
    {
        "symbol": "IPW",
        "company": "iPower Inc.",
        "change_pct": 22.84,
        "premarket": 1.25,
        "volume": 21,
        "category": "g",
        "source": "tv",
        "shortable": true,
        "exchange_name": "",
        "market_cap": 52794487,
        "existing": false
    },
    {
        "symbol": "BFI",
        "company": "BurgerFi International Inc",
        "change_pct": 20.8,
        "premarket": 0.1173,
        "volume": 1,
        "category": "g",
        "source": "tv",
        "shortable": true,
        "exchange_name": "",
        "market_cap": 0,
        "existing": false
    },
    {
        "symbol": "MOVE",
        "company": "Movano Inc.",
        "change_pct": 19.17,
        "premarket": 0.291,
        "volume": 1,
        "category": "g",
        "source": "tv",
        "shortable": true,
        "exchange_name": "",
        "market_cap": 35720402,
        "existing": false
    },
    {
        "symbol": "SGN",
        "company": "Signing Day Sports, Inc.",
        "change_pct": 14.7,
        "premarket": 0.4521,
        "volume": 3,
        "category": "g",
        "source": "tv",
        "shortable": true,
        "exchange_name": "",
        "market_cap": 3705790,
        "existing": false
    },
    {
        "symbol": "RZLV",
        "company": "Rezolve AI Limited",
        "change_pct": 14.29,
        "premarket": 6.0,
        "volume": 59,
        "category": "g",
        "source": "tv",
        "shortable": true,
        "exchange_name": "",
        "market_cap": 1466317934,
        "existing": false
    },
    {
        "symbol": "XCUR",
        "company": "Exicure, Inc.",
        "change_pct": 13.99,
        "premarket": 3.38,
        "volume": 112,
        "category": "g",
        "source": "tv",
        "shortable": true,
        "exchange_name": "",
        "market_cap": 4949394,
        "existing": false
    },
    {
        "symbol": "LGCB",
        "company": "Linkage Global Inc",
        "change_pct": 13.52,
        "premarket": 0.8551,
        "volume": 33,
        "category": "g",
        "source": "tv",
        "shortable": true,
        "exchange_name": "",
        "market_cap": 7740000,
        "existing": false
    },
    {
        "symbol": "FDX",
        "company": "FedEx Corporation",
        "change_pct": 13.45,
        "premarket": 260.0,
        "volume": 431,
        "category": "g",
        "source": "tv",
        "shortable": true,
        "exchange_name": "",
        "market_cap": 63729332349,
        "existing": false
    },
    {
        "symbol": "PTIX",
        "company": "Protagenic Therapeutics, Inc.",
        "change_pct": 12.96,
        "premarket": 0.517,
        "volume": 10,
        "category": "g",
        "source": "tv",
        "shortable": true,
        "exchange_name": "",
        "market_cap": 2841181,
        "existing": false
    },
    {
        "symbol": "ARQ",
        "company": "Arq, Inc.",
        "change_pct": 12.8,
        "premarket": 5.38,
        "volume": 175,
        "category": "g",
        "source": "tv",
        "shortable": true,
        "exchange_name": "",
        "market_cap": 235730812,
        "existing": false
    },
    {
        "symbol": "SOC",
        "company": "Sable Offshore Corp.",
        "change_pct": 12.19,
        "premarket": 24.85,
        "volume": 28,
        "category": "g",
        "source": "tv",
        "shortable": true,
        "exchange_name": "",
        "market_cap": 1909018527,
        "existing": false
    },
    {
        "symbol": "OMEX",
        "company": "Odyssey Marine Exploration, Inc.",
        "change_pct": 11.81,
        "premarket": 1.01,
        "volume": 1,
        "category": "g",
        "source": "tv",
        "shortable": true,
        "exchange_name": "",
        "market_cap": 14623927,
        "existing": false
    },
    {
        "symbol": "MLKN",
        "company": "MillerKnoll, Inc.",
        "change_pct": 11.72,
        "premarket": 24.25,
        "volume": 13,
        "category": "g",
        "source": "tv",
        "shortable": true,
        "exchange_name": "",
        "market_cap": 1705829167,
        "existing": false
    },
    {
        "symbol": "LTRY",
        "company": "Lottery.com, Inc.",
        "change_pct": 11.11,
        "premarket": 0.5689,
        "volume": 315,
        "category": "g",
        "source": "tv",
        "shortable": true,
        "exchange_name": "",
        "market_cap": 5167766,
        "existing": false
    },
    {
        "symbol": "SELX",
        "company": "Semilux International Ltd.",
        "change_pct": 10.94,
        "premarket": 0.99,
        "volume": 100,
        "category": "g",
        "source": "tv",
        "shortable": true,
        "exchange_name": "",
        "market_cap": 40609764,
        "existing": false
    },
    {
        "symbol": "CTOR",
        "company": "Citius Oncology, Inc.",
        "change_pct": 10.18,
        "premarket": 1.5,
        "volume": 385,
        "category": "g",
        "source": "tv",
        "shortable": true,
        "exchange_name": "",
        "market_cap": 84851818,
        "existing": false
    },
    {
        "symbol": "FBIO",
        "company": "Fortress Biotech, Inc.",
        "change_pct": 9.24,
        "premarket": 1.67,
        "volume": 406,
        "category": "g",
        "source": "tv",
        "shortable": true,
        "exchange_name": "",
        "market_cap": 43663949,
        "existing": false
    },
    {
        "symbol": "SEG",
        "company": "Seaport Entertainment Group Inc.",
        "change_pct": 9.11,
        "premarket": 30.24,
        "volume": 1,
        "category": "g",
        "source": "tv",
        "shortable": true,
        "exchange_name": "",
        "market_cap": 145280768,
        "existing": false
    },
    {
        "symbol": "EJH",
        "company": "E-Home Household Service Holdings Limited",
        "change_pct": 9.02,
        "premarket": 0.0888,
        "volume": 4,
        "category": "g",
        "source": "tv",
        "shortable": true,
        "exchange_name": "",
        "market_cap": 8544363,
        "existing": false
    },
    {
        "symbol": "INOD",
        "company": "Innodata Inc.",
        "change_pct": 8.94,
        "premarket": 13.03,
        "volume": 99,
        "category": "g",
        "source": "tv",
        "shortable": true,
        "exchange_name": "",
        "market_cap": 451356254,
        "existing": false
    },
    {
        "symbol": "PIK",
        "company": "Kidpik Corp.",
        "change_pct": 8.58,
        "premarket": 2.13,
        "volume": 404,
        "category": "g",
        "source": "tv",
        "shortable": true,
        "exchange_name": "",
        "market_cap": 4394503,
        "existing": false
    },
    {
        "symbol": "FDX",
        "company": "FedEx Corporation",
        "change_pct": -13.45,
        "premarket": 260.0,
        "volume": 431,
        "category": "l",
        "source": "tv",
        "shortable": true,
        "exchange_name": "",
        "market_cap": 63729332349,
        "existing": false
    },
    {
        "symbol": "LEN",
        "company": "Lennar Corporation",
        "change_pct": -4.31,
        "premarket": 184.15,
        "volume": 43,
        "category": "l",
        "source": "tv",
        "shortable": true,
        "exchange_name": "",
        "market_cap": 48975379740,
        "existing": false
    },
    {
        "symbol": "LUMN",
        "company": "Lumen Technologies, Inc.",
        "change_pct": -5.07,
        "premarket": 6.36,
        "volume": 167,
        "category": "l",
        "source": "tv",
        "shortable": true,
        "exchange_name": "",
        "market_cap": 6893972166,
        "existing": false
    },
    {
        "symbol": "AZEK",
        "company": "The AZEK Company Inc.",
        "change_pct": -4.84,
        "premarket": 44.63,
        "volume": 3,
        "category": "l",
        "source": "tv",
        "shortable": true,
        "exchange_name": "",
        "market_cap": 6336221681,
        "existing": false
    },
    {
        "symbol": "FRO",
        "company": "Frontline Plc",
        "change_pct": -5.64,
        "premarket": 22.59,
        "volume": 139,
        "category": "l",
        "source": "tv",
        "shortable": true,
        "exchange_name": "",
        "market_cap": 5456487009,
        "existing": false
    },
    {
        "symbol": "APLS",
        "company": "Apellis Pharmaceuticals, Inc.",
        "change_pct": -7.27,
        "premarket": 34.06,
        "volume": 257,
        "category": "l",
        "source": "tv",
        "shortable": true,
        "exchange_name": "",
        "market_cap": 3349791683,
        "existing": false
    },
    {
        "symbol": "SOC",
        "company": "Sable Offshore Corp.",
        "change_pct": -12.19,
        "premarket": 24.85,
        "volume": 28,
        "category": "l",
        "source": "tv",
        "shortable": true,
        "exchange_name": "",
        "market_cap": 1909018527,
        "existing": false
    },
    {
        "symbol": "MLKN",
        "company": "MillerKnoll, Inc.",
        "change_pct": -11.72,
        "premarket": 24.25,
        "volume": 13,
        "category": "l",
        "source": "tv",
        "shortable": true,
        "exchange_name": "",
        "market_cap": 1705829167,
        "existing": false
    },
    {
        "symbol": "DAN",
        "company": "Dana Incorporated",
        "change_pct": -6.21,
        "premarket": 9.82,
        "volume": 2,
        "category": "l",
        "source": "tv",
        "shortable": true,
        "exchange_name": "",
        "market_cap": 1591850995,
        "existing": false
    },
    {
        "symbol": "RZLV",
        "company": "Rezolve AI Limited",
        "change_pct": -14.29,
        "premarket": 6.0,
        "volume": 59,
        "category": "l",
        "source": "tv",
        "shortable": true,
        "exchange_name": "",
        "market_cap": 1466317934,
        "existing": false
    },
    {
        "symbol": "LVWR",
        "company": "LiveWire Group, Inc.",
        "change_pct": -4.62,
        "premarket": 6.19,
        "volume": 200,
        "category": "l",
        "source": "tv",
        "shortable": true,
        "exchange_name": "",
        "market_cap": 1193078955,
        "existing": false
    },
    {
        "symbol": "BLND",
        "company": "Blend Labs, Inc.",
        "change_pct": -5.28,
        "premarket": 3.77,
        "volume": 2,
        "category": "l",
        "source": "tv",
        "shortable": true,
        "exchange_name": "",
        "market_cap": 920362508,
        "existing": false
    },
    {
        "symbol": "PRAA",
        "company": "PRA Group, Inc.",
        "change_pct": -5.04,
        "premarket": 21.84,
        "volume": 450,
        "category": "l",
        "source": "tv",
        "shortable": true,
        "exchange_name": "",
        "market_cap": 859690287,
        "existing": false
    },
    {
        "symbol": "SCWX",
        "company": "SecureWorks Corp.",
        "change_pct": -4.35,
        "premarket": 7.46,
        "volume": 100,
        "category": "l",
        "source": "tv",
        "shortable": true,
        "exchange_name": "",
        "market_cap": 730166908,
        "existing": false
    },
    {
        "symbol": "SXC",
        "company": "SunCoke Energy, Inc.",
        "change_pct": -7.37,
        "premarket": 7.63,
        "volume": 100,
        "category": "l",
        "source": "tv",
        "shortable": true,
        "exchange_name": "",
        "market_cap": 708898316,
        "existing": false
    },
    {
        "symbol": "AIOT",
        "company": "PowerFleet, Inc.",
        "change_pct": -4.88,
        "premarket": 4.87,
        "volume": 200,
        "category": "l",
        "source": "tv",
        "shortable": true,
        "exchange_name": "",
        "market_cap": 660361707,
        "existing": false
    },
    {
        "symbol": "ROOT",
        "company": "Root, Inc.",
        "change_pct": -4.99,
        "premarket": 38.27,
        "volume": 100,
        "category": "l",
        "source": "tv",
        "shortable": true,
        "exchange_name": "",
        "market_cap": 598200000,
        "existing": false
    },
    {
        "symbol": "RYAM",
        "company": "Rayonier Advanced Materials Inc.",
        "change_pct": -4.33,
        "premarket": 7.95,
        "volume": 991,
        "category": "l",
        "source": "tv",
        "shortable": true,
        "exchange_name": "",
        "market_cap": 579196815,
        "existing": false
    },
    {
        "symbol": "ITRN",
        "company": "Ituran Location and Control Ltd.",
        "change_pct": -5.09,
        "premarket": 25.92,
        "volume": 1,
        "category": "l",
        "source": "tv",
        "shortable": true,
        "exchange_name": "",
        "market_cap": 521808603,
        "existing": false
    },
    {
        "symbol": "INOD",
        "company": "Innodata Inc.",
        "change_pct": -8.94,
        "premarket": 13.03,
        "volume": 99,
        "category": "l",
        "source": "tv",
        "shortable": true,
        "exchange_name": "",
        "market_cap": 451356254,
        "existing": false
    },
    {
        "symbol": "LNZA",
        "company": "LanzaTech Global, Inc.",
        "change_pct": -4.64,
        "premarket": 1.44,
        "volume": 400,
        "category": "l",
        "source": "tv",
        "shortable": true,
        "exchange_name": "",
        "market_cap": 403475392,
        "existing": false
    },
    {
        "symbol": "WALD",
        "company": "Waldencast plc",
        "change_pct": -5.16,
        "premarket": 4.04,
        "volume": 134,
        "category": "l",
        "source": "tv",
        "shortable": true,
        "exchange_name": "",
        "market_cap": 397086130,
        "existing": false
    },
    {
        "symbol": "FRGT",
        "company": "Freight Technologies, Inc.",
        "change_pct": -7.26,
        "premarket": 0.12,
        "volume": 2,
        "category": "l",
        "source": "tv",
        "shortable": true,
        "exchange_name": "",
        "market_cap": 336403150,
        "existing": false
    },
    {
        "symbol": "CHSN",
        "company": "Chanson International Holding",
        "change_pct": -6.14,
        "premarket": 2.6,
        "volume": 16,
        "category": "l",
        "source": "tv",
        "shortable": true,
        "exchange_name": "",
        "market_cap": 317016491,
        "existing": false
    },
    {
        "symbol": "BNED",
        "company": "Barnes & Noble Education, Inc",
        "change_pct": -5.84,
        "premarket": 10.65,
        "volume": 9,
        "category": "l",
        "source": "tv",
        "shortable": true,
        "exchange_name": "",
        "market_cap": 242686413,
        "existing": false
    }
]