[
    {
        "symbol": "OGEN",
        "company": "Oragenics Inc.",
        "change_pct": 44.9,
        "premarket": 1.35,
        "volume": 331492,
        "category": "g",
        "source": "tv",
        "shortable": true,
        "exchange_name": "",
        "market_cap": 3636809,
        "existing": false
    },
    {
        "symbol": "PTN",
        "company": "Palatin Technologies, Inc.",
        "change_pct": 37.03,
        "premarket": 2.5,
        "volume": 568799,
        "category": "g",
        "source": "tv",
        "shortable": true,
        "exchange_name": "",
        "market_cap": 17262986,
        "existing": false
    },
    {
        "symbol": "IAS",
        "company": "Integral Ad Science Holding Corp.",
        "change_pct": 26.19,
        "premarket": 12.62,
        "volume": 133183,
        "category": "g",
        "source": "tv",
        "shortable": true,
        "exchange_name": "",
        "market_cap": 1660445119,
        "existing": false
    },
    {
        "symbol": "LMND",
        "company": "Lemonade, Inc.",
        "change_pct": 21.96,
        "premarket": 16.95,
        "volume": 136349,
        "category": "g",
        "source": "tv",
        "shortable": true,
        "exchange_name": "",
        "market_cap": 1185456435,
        "existing": false
    },
    {
        "symbol": "RBOT",
        "company": "Vicarious Surgical Inc.",
        "change_pct": 21.3,
        "premarket": 0.425,
        "volume": 122512,
        "category": "g",
        "source": "tv",
        "shortable": true,
        "exchange_name": "",
        "market_cap": 33673600,
        "existing": false
    },
    {
        "symbol": "NVAX",
        "company": "Novavax, Inc.",
        "change_pct": 20.1,
        "premarket": 4.81,
        "volume": 1565000,
        "category": "g",
        "source": "tv",
        "shortable": true,
        "exchange_name": "",
        "market_cap": 2178874426,
        "existing": false
    },
    {
        "symbol": "VTNR",
        "company": "Vertex Energy, Inc",
        "change_pct": 19.05,
        "premarket": 1.36,
        "volume": 367834,
        "category": "g",
        "source": "tv",
        "shortable": true,
        "exchange_name": "",
        "market_cap": 10052792,
        "existing": false
    },
    {
        "symbol": "RYAM",
        "company": "Rayonier Advanced Materials Inc.",
        "change_pct": 16.82,
        "premarket": 3.61,
        "volume": 17550,
        "category": "g",
        "source": "tv",
        "shortable": true,
        "exchange_name": "",
        "market_cap": 579196815,
        "existing": false
    },
    {
        "symbol": "DDD",
        "company": "3D Systems Corporation",
        "change_pct": 16.63,
        "premarket": 4.36,
        "volume": 142333,
        "category": "g",
        "source": "tv",
        "shortable": true,
        "exchange_name": "",
        "market_cap": 382020999,
        "existing": false
    },
    {
        "symbol": "PROK",
        "company": "ProKidney Corp.",
        "change_pct": 15.72,
        "premarket": 1.34,
        "volume": 230,
        "category": "g",
        "source": "tv",
        "shortable": true,
        "exchange_name": "",
        "market_cap": 213657094,
        "existing": false
    },
    {
        "symbol": "INGN",
        "company": "Inogen, Inc",
        "change_pct": 14.91,
        "premarket": 7.95,
        "volume": 11372,
        "category": "g",
        "source": "tv",
        "shortable": true,
        "exchange_name": "",
        "market_cap": 216317389,
        "existing": false
    },
    {
        "symbol": "KTB",
        "company": "Kontoor Brands, Inc.",
        "change_pct": 14.91,
        "premarket": 53.99,
        "volume": 1500,
        "category": "g",
        "source": "tv",
        "shortable": true,
        "exchange_name": "",
        "market_cap": 4455378372,
        "existing": false
    },
    {
        "symbol": "ANVS",
        "company": "Annovis Bio, Inc.",
        "change_pct": 14.2,
        "premarket": 8.4,
        "volume": 28502,
        "category": "g",
        "source": "tv",
        "shortable": true,
        "exchange_name": "",
        "market_cap": 109784291,
        "existing": false
    },
    {
        "symbol": "EB",
        "company": "Eventbrite, Inc.",
        "change_pct": 14.06,
        "premarket": 7.15,
        "volume": 9028,
        "category": "g",
        "source": "tv",
        "shortable": true,
        "exchange_name": "",
        "market_cap": 265239146,
        "existing": false
    },
    {
        "symbol": "AAGR",
        "company": "African Agriculture Holdings Inc.",
        "change_pct": 13.71,
        "premarket": 0.6437,
        "volume": 700,
        "category": "g",
        "source": "tv",
        "shortable": true,
        "exchange_name": "",
        "market_cap": 1944325,
        "existing": false
    },
    {
        "symbol": "TZOO",
        "company": "Travelzoo",
        "change_pct": 13.65,
        "premarket": 8.29,
        "volume": 2343,
        "category": "g",
        "source": "tv",
        "shortable": true,
        "exchange_name": "",
        "market_cap": 143918136,
        "existing": false
    },
    {
        "symbol": "STRC",
        "company": "Sarcos Technology and Robotics Corporation",
        "change_pct": 13.45,
        "premarket": 1.48,
        "volume": 116910,
        "category": "g",
        "source": "tv",
        "shortable": true,
        "exchange_name": "",
        "market_cap": 0,
        "existing": false
    },
    {
        "symbol": "DAKT",
        "company": "Daktronics, Inc.",
        "change_pct": 12.92,
        "premarket": 7.08,
        "volume": 1019,
        "category": "g",
        "source": "tv",
        "shortable": true,
        "exchange_name": "",
        "market_cap": 613432548,
        "existing": false
    },
    {
        "symbol": "DV",
        "company": "DoubleVerify Holdings, Inc.",
        "change_pct": 12.88,
        "premarket": 36.2,
        "volume": 23715,
        "category": "g",
        "source": "tv",
        "shortable": true,
        "exchange_name": "",
        "market_cap": 2933272989,
        "existing": false
    },
    {
        "symbol": "PAYO",
        "company": "Payoneer Global Inc.",
        "change_pct": 12.77,
        "premarket": 4.85,
        "volume": 37594,
        "category": "g",
        "source": "tv",
        "shortable": true,
        "exchange_name": "",
        "market_cap": 2943814343,
        "existing": false
    },
    {
        "symbol": "MTZ",
        "company": "MasTec, Inc.",
        "change_pct": 12.46,
        "premarket": 65.0,
        "volume": 200,
        "category": "g",
        "source": "tv",
        "shortable": true,
        "exchange_name": "",
        "market_cap": 9903358222,
        "existing": false
    },
    {
        "symbol": "CNXC",
        "company": "Concentrix Corporation",
        "change_pct": 11.94,
        "premarket": 73.0,
        "volume": 8029,
        "category": "g",
        "source": "tv",
        "shortable": true,
        "exchange_name": "",
        "market_cap": 3408169822,
        "existing": false
    },
    {
        "symbol": "BMBL",
        "company": "Bumble Inc.",
        "change_pct": 11.76,
        "premarket": 11.63,
        "volume": 105343,
        "category": "g",
        "source": "tv",
        "shortable": true,
        "exchange_name": "",
        "market_cap": 841488812,
        "existing": false
    },
    {
        "symbol": "RXRX",
        "company": "Recursion Pharmaceuticals, Inc.",
        "change_pct": 11.34,
        "premarket": 13.76,
        "volume": 372512,
        "category": "g",
        "source": "tv",
        "shortable": true,
        "exchange_name": "",
        "market_cap": 1716716166,
        "existing": false
    },
    {
        "symbol": "LAZR",
        "company": "Luminar Technologies, Inc.",
        "change_pct": 10.4,
        "premarket": 2.24,
        "volume": 236581,
        "category": "g",
        "source": "tv",
        "shortable": true,
        "exchange_name": "",
        "market_cap": 449100520,
        "existing": false
    },
    {
        "symbol": "BLD",
        "company": "TopBuild Corp.",
        "change_pct": -5.6,
        "premarket": 390.01,
        "volume": 578,
        "category": "l",
        "source": "tv",
        "shortable": true,
        "exchange_name": "",
        "market_cap": 11568173480,
        "existing": false
    },
    {
        "symbol": "MTZ",
        "company": "MasTec, Inc.",
        "change_pct": -12.46,
        "premarket": 65.0,
        "volume": 200,
        "category": "l",
        "source": "tv",
        "shortable": true,
        "exchange_name": "",
        "market_cap": 9903358222,
        "existing": false
    },
    {
        "symbol": "LNTH",
        "company": "Lantheus Holdings, Inc.",
        "change_pct": -4.58,
        "premarket": 65.13,
        "volume": 2590,
        "category": "l",
        "source": "tv",
        "shortable": true,
        "exchange_name": "",
        "market_cap": 7483581747,
        "existing": false
    },
    {
        "symbol": "DY",
        "company": "Dycom Industries, Inc.",
        "change_pct": -6.2,
        "premarket": 114.99,
        "volume": 1379,
        "category": "l",
        "source": "tv",
        "shortable": true,
        "exchange_name": "",
        "market_cap": 5555398815,
        "existing": false
    },
    {
        "symbol": "RKLB",
        "company": "Rocket Lab USA, Inc.",
        "change_pct": -4.25,
        "premarket": 4.51,
        "volume": 132677,
        "category": "l",
        "source": "tv",
        "shortable": true,
        "exchange_name": "",
        "market_cap": 4867073421,
        "existing": false
    },
    {
        "symbol": "KTB",
        "company": "Kontoor Brands, Inc.",
        "change_pct": -14.91,
        "premarket": 53.99,
        "volume": 1500,
        "category": "l",
        "source": "tv",
        "shortable": true,
        "exchange_name": "",
        "market_cap": 4455378372,
        "existing": false
    },
    {
        "symbol": "FTDR",
        "company": "Frontdoor, Inc.",
        "change_pct": -6.15,
        "premarket": 31.0,
        "volume": 1910,
        "category": "l",
        "source": "tv",
        "shortable": true,
        "exchange_name": "",
        "market_cap": 3656342282,
        "existing": false
    },
    {
        "symbol": "URBN",
        "company": "Urban Outfitters, Inc.",
        "change_pct": -9.71,
        "premarket": 42.6,
        "volume": 7850,
        "category": "l",
        "source": "tv",
        "shortable": true,
        "exchange_name": "",
        "market_cap": 3437618144,
        "existing": false
    },
    {
        "symbol": "CNXC",
        "company": "Concentrix Corporation",
        "change_pct": -11.94,
        "premarket": 73.0,
        "volume": 8029,
        "category": "l",
        "source": "tv",
        "shortable": true,
        "exchange_name": "",
        "market_cap": 3408169822,
        "existing": false
    },
    {
        "symbol": "LOT",
        "company": "Lotus Technology Inc.",
        "change_pct": -4.96,
        "premarket": 10.74,
        "volume": 1379,
        "category": "l",
        "source": "tv",
        "shortable": true,
        "exchange_name": "",
        "market_cap": 3379385374,
        "existing": false
    },
    {
        "symbol": "PAYO",
        "company": "Payoneer Global Inc.",
        "change_pct": -12.77,
        "premarket": 4.85,
        "volume": 37594,
        "category": "l",
        "source": "tv",
        "shortable": true,
        "exchange_name": "",
        "market_cap": 2943814343,
        "existing": false
    },
    {
        "symbol": "DV",
        "company": "DoubleVerify Holdings, Inc.",
        "change_pct": -12.88,
        "premarket": 36.2,
        "volume": 23715,
        "category": "l",
        "source": "tv",
        "shortable": true,
        "exchange_name": "",
        "market_cap": 2933272989,
        "existing": false
    },
    {
        "symbol": "GSAT",
        "company": "Globalstar, Inc.",
        "change_pct": -5.75,
        "premarket": 1.64,
        "volume": 193234,
        "category": "l",
        "source": "tv",
        "shortable": true,
        "exchange_name": "",
        "market_cap": 2270587470,
        "existing": false
    },
    {
        "symbol": "NVAX",
        "company": "Novavax, Inc.",
        "change_pct": -20.1,
        "premarket": 4.81,
        "volume": 1565000,
        "category": "l",
        "source": "tv",
        "shortable": true,
        "exchange_name": "",
        "market_cap": 2178874426,
        "existing": false
    },
    {
        "symbol": "WRBY",
        "company": "Warby Parker Inc.",
        "change_pct": -9.57,
        "premarket": 13.6,
        "volume": 1900,
        "category": "l",
        "source": "tv",
        "shortable": true,
        "exchange_name": "",
        "market_cap": 1929382301,
        "existing": false
    },
    {
        "symbol": "PDCO",
        "company": "Patterson Companies, Inc.",
        "change_pct": -6.48,
        "premarket": 26.97,
        "volume": 1410,
        "category": "l",
        "source": "tv",
        "shortable": true,
        "exchange_name": "",
        "market_cap": 1815787000,
        "existing": false
    },
    {
        "symbol": "RXRX",
        "company": "Recursion Pharmaceuticals, Inc.",
        "change_pct": -11.34,
        "premarket": 13.76,
        "volume": 372512,
        "category": "l",
        "source": "tv",
        "shortable": true,
        "exchange_name": "",
        "market_cap": 1716716166,
        "existing": false
    },
    {
        "symbol": "IAS",
        "company": "Integral Ad Science Holding Corp.",
        "change_pct": -26.19,
        "premarket": 12.62,
        "volume": 133183,
        "category": "l",
        "source": "tv",
        "shortable": true,
        "exchange_name": "",
        "market_cap": 1660445119,
        "existing": false
    },
    {
        "symbol": "MDRX",
        "company": "Veradigm Inc.",
        "change_pct": -6.45,
        "premarket": 7.11,
        "volume": 76590,
        "category": "l",
        "source": "tv",
        "shortable": true,
        "exchange_name": "",
        "market_cap": 1570022563,
        "existing": false
    },
    {
        "symbol": "JBI",
        "company": "Janus International Group, Inc.",
        "change_pct": -5.02,
        "premarket": 14.2,
        "volume": 2325,
        "category": "l",
        "source": "tv",
        "shortable": true,
        "exchange_name": "",
        "market_cap": 1422704612,
        "existing": false
    },
    {
        "symbol": "XNCR",
        "company": "Xencor, Inc.",
        "change_pct": -7.58,
        "premarket": 24.51,
        "volume": 426,
        "category": "l",
        "source": "tv",
        "shortable": true,
        "exchange_name": "",
        "market_cap": 1388055753,
        "existing": false
    },
    {
        "symbol": "RDFN",
        "company": "Redfin Corporation",
        "change_pct": -4.33,
        "premarket": 6.85,
        "volume": 64917,
        "category": "l",
        "source": "tv",
        "shortable": true,
        "exchange_name": "",
        "market_cap": 1352912028,
        "existing": false
    },
    {
        "symbol": "AGL",
        "company": "agilon health, inc.",
        "change_pct": -4.32,
        "premarket": 6.2,
        "volume": 4746,
        "category": "l",
        "source": "tv",
        "shortable": true,
        "exchange_name": "",
        "market_cap": 1320859906,
        "existing": false
    },
    {
        "symbol": "LMND",
        "company": "Lemonade, Inc.",
        "change_pct": -21.96,
        "premarket": 16.95,
        "volume": 136349,
        "category": "l",
        "source": "tv",
        "shortable": true,
        "exchange_name": "",
        "market_cap": 1185456435,
        "existing": false
    },
    {
        "symbol": "OPK",
        "company": "Opko Health, Inc.",
        "change_pct": -5.69,
        "premarket": 0.99,
        "volume": 66469,
        "category": "l",
        "source": "tv",
        "shortable": true,
        "exchange_name": "",
        "market_cap": 1031060324,
        "existing": false
    }
]