[
    {
        "symbol": "TOP",
        "company": "TOP Financial Group Limited",
        "premarket": 71.28,
        "change_pct": 256.4,
        "volume": 1000100,
        "category": "g",
        "source": "cnn",
        "fails": [],
        "shortable": false,
        "exchange_name": "NASD",
        "market_cap": 701.0,
        "tradeable": true
    },
    {
        "symbol": "TCJH",
        "company": "Top KingWin Ltd. Class A",
        "premarket": 7.92,
        "change_pct": 65.69,
        "volume": 2000100,
        "category": "g",
        "source": "cnn",
        "fails": [],
        "shortable": false,
        "exchange_name": "NASD",
        "market_cap": 70.505,
        "tradeable": true
    },
    {
        "symbol": "HUDI",
        "company": "Huadi International Group Co., Ltd. Class A",
        "premarket": 3.4,
        "change_pct": 24.54,
        "volume": 449000,
        "category": "g",
        "source": "cnn",
        "fails": [],
        "shortable": true,
        "exchange_name": "NASD",
        "market_cap": 38.87297,
        "tradeable": true
    },
    {
        "symbol": "BAOS",
        "company": "Baosheng Media Group Holdings Ltd",
        "premarket": 3.9,
        "change_pct": 21.87,
        "volume": 10000,
        "category": "g",
        "source": "cnn",
        "fails": [],
        "shortable": false,
        "exchange_name": "NASD",
        "market_cap": 4.8783,
        "tradeable": true
    },
    {
        "symbol": "IMGN",
        "company": "ImmunoGen, Inc.",
        "premarket": 5.26,
        "change_pct": 21.76,
        "volume": 536000,
        "category": "g",
        "source": "cnn",
        "fails": [],
        "shortable": true,
        "exchange_name": "NASD",
        "market_cap": 976.5192,
        "tradeable": true
    },
    {
        "symbol": "CUBI",
        "company": "Customers Bancorp, Inc.",
        "premarket": 22.3,
        "change_pct": 19.57,
        "volume": 7000,
        "category": "g",
        "source": "cnn",
        "fails": [],
        "shortable": true,
        "exchange_name": "NYSE",
        "market_cap": 582.8032,
        "tradeable": true
    },
    {
        "symbol": "UCAR",
        "company": "U Power Limited",
        "premarket": 6.35,
        "change_pct": 18.03,
        "volume": 927000,
        "category": "g",
        "source": "cnn",
        "fails": [],
        "shortable": true,
        "exchange_name": "NASD",
        "market_cap": 282.0017,
        "tradeable": true
    },
    {
        "symbol": "HKD",
        "company": "AMTD Digital, Inc. Sponsored ADR",
        "premarket": 7.94,
        "change_pct": 17.11,
        "volume": 1000100,
        "category": "g",
        "source": "cnn",
        "fails": [],
        "shortable": false,
        "exchange_name": "NYSE",
        "market_cap": 1270.88,
        "tradeable": true
    },
    {
        "symbol": "UCL",
        "company": "uCloudlink Group, Inc. Sponsored ADR Class A",
        "premarket": 4.6,
        "change_pct": 14.71,
        "volume": 2000,
        "category": "g",
        "source": "cnn",
        "fails": [
            "shares_value"
        ],
        "shortable": false,
        "exchange_name": "NASD",
        "market_cap": 148.2864,
        "tradeable": false
    },
    {
        "symbol": "SYT",
        "company": "SYLA Technologies Co., Ltd. ADR",
        "premarket": 8.73,
        "change_pct": 14.57,
        "volume": 5,
        "category": "g",
        "source": "cnn",
        "fails": [
            "shares_value"
        ],
        "shortable": false,
        "exchange_name": "NASD",
        "market_cap": 196.3668,
        "tradeable": false
    },
    {
        "symbol": "AVTX",
        "company": "Avalo Therapeutics Inc",
        "premarket": 3.22,
        "change_pct": 14.18,
        "volume": 1,
        "category": "g",
        "source": "cnn",
        "fails": [
            "shares_value"
        ],
        "shortable": true,
        "exchange_name": "NASD",
        "market_cap": 37.22551,
        "tradeable": false
    },
    {
        "symbol": "TOP",
        "company": "TOP Financial Group Limited",
        "premarket": 71.28,
        "change_pct": -256.4,
        "volume": 1000100,
        "category": "l",
        "source": "cnn",
        "fails": [
            "is_shortable"
        ],
        "shortable": false,
        "exchange_name": "NASD",
        "market_cap": 701.0,
        "tradeable": false
    },
    {
        "symbol": "TCJH",
        "company": "Top KingWin Ltd. Class A",
        "premarket": 7.92,
        "change_pct": -65.69,
        "volume": 2000100,
        "category": "l",
        "source": "cnn",
        "fails": [
            "is_shortable"
        ],
        "shortable": false,
        "exchange_name": "NASD",
        "market_cap": 70.505,
        "tradeable": false
    },
    {
        "symbol": "HUDI",
        "company": "Huadi International Group Co., Ltd. Class A",
        "premarket": 3.4,
        "change_pct": -24.54,
        "volume": 449000,
        "category": "l",
        "source": "cnn",
        "fails": [],
        "shortable": true,
        "exchange_name": "NASD",
        "market_cap": 38.87297,
        "tradeable": true
    },
    {
        "symbol": "BAOS",
        "company": "Baosheng Media Group Holdings Ltd",
        "premarket": 3.9,
        "change_pct": -21.87,
        "volume": 10000,
        "category": "l",
        "source": "cnn",
        "fails": [
            "is_shortable"
        ],
        "shortable": false,
        "exchange_name": "NASD",
        "market_cap": 4.8783,
        "tradeable": false
    },
    {
        "symbol": "IMGN",
        "company": "ImmunoGen, Inc.",
        "premarket": 5.26,
        "change_pct": -21.76,
        "volume": 536000,
        "category": "l",
        "source": "cnn",
        "fails": [],
        "shortable": true,
        "exchange_name": "NASD",
        "market_cap": 976.5192,
        "tradeable": true
    },
    {
        "symbol": "CUBI",
        "company": "Customers Bancorp, Inc.",
        "premarket": 22.3,
        "change_pct": -19.57,
        "volume": 7000,
        "category": "l",
        "source": "cnn",
        "fails": [],
        "shortable": true,
        "exchange_name": "NYSE",
        "market_cap": 582.8032,
        "tradeable": true
    },
    {
        "symbol": "UCAR",
        "company": "U Power Limited",
        "premarket": 6.35,
        "change_pct": -18.03,
        "volume": 927000,
        "category": "l",
        "source": "cnn",
        "fails": [],
        "shortable": true,
        "exchange_name": "NASD",
        "market_cap": 282.0017,
        "tradeable": true
    },
    {
        "symbol": "HKD",
        "company": "AMTD Digital, Inc. Sponsored ADR",
        "premarket": 7.94,
        "change_pct": -17.11,
        "volume": 1000100,
        "category": "l",
        "source": "cnn",
        "fails": [
            "is_shortable"
        ],
        "shortable": false,
        "exchange_name": "NYSE",
        "market_cap": 1270.88,
        "tradeable": false
    },
    {
        "symbol": "UCL",
        "company": "uCloudlink Group, Inc. Sponsored ADR Class A",
        "premarket": 4.6,
        "change_pct": -14.71,
        "volume": 2000,
        "category": "l",
        "source": "cnn",
        "fails": [
            "shares_value",
            "is_shortable"
        ],
        "shortable": false,
        "exchange_name": "NASD",
        "market_cap": 148.2864,
        "tradeable": false
    },
    {
        "symbol": "SYT",
        "company": "SYLA Technologies Co., Ltd. ADR",
        "premarket": 8.73,
        "change_pct": -14.57,
        "volume": 5,
        "category": "l",
        "source": "cnn",
        "fails": [
            "shares_value",
            "is_shortable"
        ],
        "shortable": false,
        "exchange_name": "NASD",
        "market_cap": 196.3668,
        "tradeable": false
    },
    {
        "symbol": "AVTX",
        "company": "Avalo Therapeutics Inc",
        "premarket": 3.22,
        "change_pct": -14.18,
        "volume": 1,
        "category": "l",
        "source": "cnn",
        "fails": [
            "shares_value"
        ],
        "shortable": true,
        "exchange_name": "NASD",
        "market_cap": 37.22551,
        "tradeable": false
    }
]