[
    {
        "symbol": "FWBI",
        "company": "First Wave BioPharma, Inc.",
        "change_pct": 136.47,
        "premarket": 2.7,
        "volume": 17346100,
        "category": "g",
        "source": "tv",
        "shortable": false,
        "exchange_name": "NASD",
        "market_cap": 2.07084,
        "existing": false
    },
    {
        "symbol": "MGIH",
        "company": "Millennium Group International Holdings Limited",
        "change_pct": 47.0,
        "premarket": 2.94,
        "volume": 4344100,
        "category": "g",
        "source": "tv",
        "shortable": false,
        "exchange_name": "NASD",
        "market_cap": 22.5,
        "existing": false
    },
    {
        "symbol": "OLB",
        "company": "The OLB Group, Inc.",
        "change_pct": 40.04,
        "premarket": 0.9383,
        "volume": 2994100,
        "category": "g",
        "source": "tv",
        "shortable": false,
        "exchange_name": "NASD",
        "market_cap": 10.196,
        "existing": false
    },
    {
        "symbol": "YS",
        "company": "YS Biopharma Co., Ltd.",
        "change_pct": 39.52,
        "premarket": 1.73,
        "volume": 8843100,
        "category": "g",
        "source": "tv",
        "shortable": true,
        "exchange_name": "NASD",
        "market_cap": 115.3922,
        "existing": false
    },
    {
        "symbol": "SOFO",
        "company": "Sonic Foundry, Inc.",
        "change_pct": 34.48,
        "premarket": 1.17,
        "volume": 4291100,
        "category": "g",
        "source": "tv",
        "shortable": false,
        "exchange_name": "NASD",
        "market_cap": 10.53455,
        "existing": false
    },
    {
        "symbol": "COHN",
        "company": "Cohen & Company Inc.",
        "change_pct": 23.88,
        "premarket": 4.15,
        "volume": 79485,
        "category": "g",
        "source": "tv",
        "shortable": true,
        "exchange_name": "AMEX",
        "market_cap": 36.4328,
        "existing": false
    },
    {
        "symbol": "BRSH",
        "company": "Bruush Oral Care Inc.",
        "change_pct": 23.18,
        "premarket": 0.3709,
        "volume": 4813099,
        "category": "g",
        "source": "tv",
        "shortable": false,
        "exchange_name": "NASD",
        "market_cap": 2.45423,
        "existing": false
    },
    {
        "symbol": "IBIO",
        "company": "iBio, Inc.",
        "change_pct": 22.17,
        "premarket": 0.89,
        "volume": 1396100,
        "category": "g",
        "source": "tv",
        "shortable": true,
        "exchange_name": "AMEX",
        "market_cap": 278.8484,
        "existing": false
    },
    {
        "symbol": "SILO",
        "company": "Silo Pharma, Inc.",
        "change_pct": 15.8,
        "premarket": 2.75,
        "volume": 2628100,
        "category": "g",
        "source": "tv",
        "shortable": true,
        "exchange_name": "NASD",
        "market_cap": 7.5012,
        "existing": false
    },
    {
        "symbol": "PEV",
        "company": "Phoenix Motor Inc.",
        "change_pct": 15.54,
        "premarket": 0.84,
        "volume": 1400,
        "category": "g",
        "source": "tv",
        "shortable": false,
        "exchange_name": "NASD",
        "market_cap": 15.47965,
        "existing": false
    },
    {
        "symbol": "PTE",
        "company": "PolarityTE, Inc.",
        "change_pct": 13.95,
        "premarket": 0.2279,
        "volume": 692851,
        "category": "g",
        "source": "tv",
        "shortable": true,
        "exchange_name": "NASD",
        "market_cap": 1.47525,
        "existing": false
    },
    {
        "symbol": "DESP",
        "company": "Despegar.com, Corp.",
        "change_pct": 13.9,
        "premarket": 8.11,
        "volume": 100,
        "category": "g",
        "source": "tv",
        "shortable": true,
        "exchange_name": "NYSE",
        "market_cap": 470.3219,
        "existing": false
    },
    {
        "symbol": "MPAA",
        "company": "Motorcar Parts of America, Inc.",
        "change_pct": 13.82,
        "premarket": 6.0,
        "volume": 45417,
        "category": "g",
        "source": "tv",
        "shortable": true,
        "exchange_name": "NASD",
        "market_cap": 102.7197,
        "existing": false
    },
    {
        "symbol": "DMTK",
        "company": "DermTech, Inc.",
        "change_pct": 13.75,
        "premarket": 3.64,
        "volume": 79206,
        "category": "g",
        "source": "tv",
        "shortable": true,
        "exchange_name": "NASD",
        "market_cap": 99.48772,
        "existing": false
    },
    {
        "symbol": "MANU",
        "company": "Manchester",
        "change_pct": 13.26,
        "premarket": 22.8,
        "volume": 1287100,
        "category": "g",
        "source": "tv",
        "shortable": true,
        "exchange_name": "NYSE",
        "market_cap": 3281.246,
        "existing": false
    },
    {
        "symbol": "SDA",
        "company": "SunCar Technology Group Inc.",
        "change_pct": 13.22,
        "premarket": 19.1,
        "volume": 90930,
        "category": "g",
        "source": "tv",
        "shortable": true,
        "exchange_name": "NASD",
        "market_cap": 1858.239,
        "existing": false
    },
    {
        "symbol": "MDIA",
        "company": "Mediaco Holding Inc.",
        "change_pct": 12.4,
        "premarket": 1.45,
        "volume": 7268,
        "category": "g",
        "source": "tv",
        "shortable": false,
        "exchange_name": "NASD",
        "market_cap": 33.39002,
        "existing": false
    },
    {
        "symbol": "AKYA",
        "company": "Akoya BioSciences, Inc.",
        "change_pct": 11.95,
        "premarket": 6.09,
        "volume": 17352,
        "category": "g",
        "source": "tv",
        "shortable": true,
        "exchange_name": "NASD",
        "market_cap": 208.9263,
        "existing": false
    },
    {
        "symbol": "PBLA",
        "company": "Panbela Therapeutics, Inc.",
        "change_pct": 11.54,
        "premarket": 7.25,
        "volume": 48812,
        "category": "g",
        "source": "tv",
        "shortable": true,
        "exchange_name": "NASD",
        "market_cap": 3.63714,
        "existing": false
    },
    {
        "symbol": "MMMB",
        "company": "MamaMancini's Holdings, Inc.",
        "change_pct": 11.32,
        "premarket": 3.0,
        "volume": 6467,
        "category": "g",
        "source": "tv",
        "shortable": true,
        "exchange_name": "NASD",
        "market_cap": 97.87662,
        "existing": false
    },
    {
        "symbol": "DERM",
        "company": "Journey Medical Corporation",
        "change_pct": 10.18,
        "premarket": 1.84,
        "volume": 252465,
        "category": "g",
        "source": "tv",
        "shortable": false,
        "exchange_name": "NASD",
        "market_cap": 20.25107,
        "existing": false
    },
    {
        "symbol": "QLGN",
        "company": "Qualigen Therapeutics, Inc.",
        "change_pct": 9.8,
        "premarket": 1.05,
        "volume": 300,
        "category": "g",
        "source": "tv",
        "shortable": true,
        "exchange_name": "NASD",
        "market_cap": 4.83167,
        "existing": false
    },
    {
        "symbol": "PCSA",
        "company": "Processa Pharmaceuticals, Inc.",
        "change_pct": 9.59,
        "premarket": 0.8,
        "volume": 1000,
        "category": "g",
        "source": "tv",
        "shortable": true,
        "exchange_name": "NASD",
        "market_cap": 17.90798,
        "existing": false
    },
    {
        "symbol": "SNSE",
        "company": "Sensei Biotherapeutics, Inc.",
        "change_pct": 9.49,
        "premarket": 1.5,
        "volume": 300,
        "category": "g",
        "source": "tv",
        "shortable": true,
        "exchange_name": "NASD",
        "market_cap": 42.44375,
        "existing": false
    },
    {
        "symbol": "EVOK",
        "company": "Evoke Pharma, Inc.",
        "change_pct": 9.26,
        "premarket": 1.77,
        "volume": 5446,
        "category": "g",
        "source": "tv",
        "shortable": true,
        "exchange_name": "NASD",
        "market_cap": 5.41577,
        "existing": false
    },
    {
        "symbol": "DUOT",
        "company": "Duos Technologies Group, Inc.",
        "change_pct": 9.16,
        "premarket": 5.36,
        "volume": 6314,
        "category": "g",
        "source": "tv",
        "shortable": true,
        "exchange_name": "NASD",
        "market_cap": 35.20145,
        "existing": false
    },
    {
        "symbol": "DMS",
        "company": "Digital Media Solutions, Inc.",
        "change_pct": 8.95,
        "premarket": 0.4855,
        "volume": 2506,
        "category": "g",
        "source": "tv",
        "shortable": true,
        "exchange_name": "NYSE",
        "market_cap": 29.29396,
        "existing": false
    },
    {
        "symbol": "AMPE",
        "company": "Ampio Pharmaceuticals, Inc.",
        "change_pct": 8.5,
        "premarket": 0.2835,
        "volume": 1157,
        "category": "g",
        "source": "tv",
        "shortable": true,
        "exchange_name": "AMEX",
        "market_cap": 6.03432,
        "existing": false
    },
    {
        "symbol": "ASAN",
        "company": "Asana, Inc.",
        "change_pct": 8.46,
        "premarket": 24.48,
        "volume": 17947,
        "category": "g",
        "source": "tv",
        "shortable": true,
        "exchange_name": "NYSE",
        "market_cap": 4894.09,
        "existing": false
    },
    {
        "symbol": "LTCH",
        "company": "Latch, Inc.",
        "change_pct": 8.4,
        "premarket": 1.29,
        "volume": 1700,
        "category": "g",
        "source": "tv",
        "shortable": false,
        "exchange_name": "NASD",
        "market_cap": 172.9635,
        "existing": false
    },
    {
        "symbol": "HTGM",
        "company": "HTG Molecular Diagnostics, Inc.",
        "change_pct": 8.36,
        "premarket": 0.64,
        "volume": 20743,
        "category": "g",
        "source": "tv",
        "shortable": true,
        "exchange_name": "NASD",
        "market_cap": 1.30773,
        "existing": false
    },
    {
        "symbol": "TIRX",
        "company": "TIAN RUIXIANG Holdings Ltd",
        "change_pct": 8.33,
        "premarket": 1.82,
        "volume": 9262,
        "category": "g",
        "source": "tv",
        "shortable": false,
        "exchange_name": "NASD",
        "market_cap": 5.08157,
        "existing": false
    },
    {
        "symbol": "MWG",
        "company": "Multi Ways Holdings Limited",
        "change_pct": 8.24,
        "premarket": 0.683,
        "volume": 19279,
        "category": "g",
        "source": "tv",
        "shortable": true,
        "exchange_name": "AMEX",
        "market_cap": 0.0,
        "existing": false
    },
    {
        "symbol": "SONN",
        "company": "Sonnet BioTherapeutics Holdings, Inc.",
        "change_pct": 8.15,
        "premarket": 0.65,
        "volume": 751780,
        "category": "g",
        "source": "tv",
        "shortable": true,
        "exchange_name": "NASD",
        "market_cap": 16.51469,
        "existing": false
    },
    {
        "symbol": "VEDU",
        "company": "Visionary Education Technology Holdings Group Inc.",
        "change_pct": 8.12,
        "premarket": 0.4648,
        "volume": 145699,
        "category": "g",
        "source": "tv",
        "shortable": false,
        "exchange_name": "NASD",
        "market_cap": 16.87357,
        "existing": false
    },
    {
        "symbol": "SPRC",
        "company": "SciSparc Ltd.",
        "change_pct": 8.1,
        "premarket": 0.5899,
        "volume": 200,
        "category": "g",
        "source": "tv",
        "shortable": false,
        "exchange_name": "NASD",
        "market_cap": 3.94017,
        "existing": false
    },
    {
        "symbol": "VINC",
        "company": "Vincerx Pharma, Inc.",
        "change_pct": 7.95,
        "premarket": 1.9,
        "volume": 750,
        "category": "g",
        "source": "tv",
        "shortable": false,
        "exchange_name": "NASD",
        "market_cap": 37.39268,
        "existing": false
    },
    {
        "symbol": "WE",
        "company": "WeWork Inc.",
        "change_pct": 7.89,
        "premarket": 0.1888,
        "volume": 482628,
        "category": "g",
        "source": "tv",
        "shortable": true,
        "exchange_name": "NYSE",
        "market_cap": 372.712,
        "existing": false
    },
    {
        "symbol": "NRSN",
        "company": "NeuroSense Therapeutics Ltd.",
        "change_pct": 7.73,
        "premarket": 2.09,
        "volume": 11858,
        "category": "g",
        "source": "tv",
        "shortable": true,
        "exchange_name": "NASD",
        "market_cap": 22.87447,
        "existing": false
    },
    {
        "symbol": "XOS",
        "company": "Xos, Inc.",
        "change_pct": 7.63,
        "premarket": 0.4176,
        "volume": 1050,
        "category": "g",
        "source": "tv",
        "shortable": false,
        "exchange_name": "NASD",
        "market_cap": 66.16961,
        "existing": false
    }
]