[
    {
        "symbol": "FRZA",
        "company": "Forza X1, Inc.",
        "change_pct": 143.32,
        "premarket": 3.04,
        "volume": 10208100,
        "category": "g",
        "source": "tv",
        "shortable": false,
        "exchange_name": "NASD",
        "market_cap": 13.05623,
        "existing": false
    },
    {
        "symbol": "TMBR",
        "company": "Timber Pharmaceuticals, Inc.",
        "change_pct": 85.91,
        "premarket": 2.77,
        "volume": 6055099,
        "category": "g",
        "source": "tv",
        "shortable": true,
        "exchange_name": "AMEX",
        "market_cap": 34.02019,
        "existing": false
    },
    {
        "symbol": "ELTX",
        "company": "Elicio Therapeutics, Inc.",
        "change_pct": 63.6,
        "premarket": 16.36,
        "volume": 3733,
        "category": "g",
        "source": "tv",
        "shortable": true,
        "exchange_name": "NASD",
        "market_cap": 30.1137,
        "existing": false
    },
    {
        "symbol": "CJET",
        "company": "Chijet Motor Company, Inc.",
        "change_pct": 50.0,
        "premarket": 5.7,
        "volume": 1909100,
        "category": "g",
        "source": "tv",
        "shortable": false,
        "exchange_name": "NASD",
        "market_cap": 102.5758,
        "existing": false
    },
    {
        "symbol": "CIR",
        "company": "CIRCOR International, Inc.",
        "change_pct": 49.98,
        "premarket": 47.5,
        "volume": 308905,
        "category": "g",
        "source": "tv",
        "shortable": true,
        "exchange_name": "NYSE",
        "market_cap": 645.7654,
        "existing": false
    },
    {
        "symbol": "TTOO",
        "company": "T2 Biosystems, Inc.",
        "change_pct": 19.51,
        "premarket": 0.1219,
        "volume": 6673100,
        "category": "g",
        "source": "tv",
        "shortable": true,
        "exchange_name": "NASD",
        "market_cap": 2.53855,
        "existing": false
    },
    {
        "symbol": "AUMN",
        "company": "Golden Minerals Company",
        "change_pct": 18.99,
        "premarket": 0.1322,
        "volume": 755215,
        "category": "g",
        "source": "tv",
        "shortable": true,
        "exchange_name": "AMEX",
        "market_cap": 82.68846,
        "existing": false
    },
    {
        "symbol": "WAVD",
        "company": "WaveDancer, Inc.",
        "change_pct": 17.93,
        "premarket": 0.4717,
        "volume": 632,
        "category": "g",
        "source": "tv",
        "shortable": false,
        "exchange_name": "NASD",
        "market_cap": 7.70393,
        "existing": false
    },
    {
        "symbol": "CWBR",
        "company": "CohBar, Inc.",
        "change_pct": 17.48,
        "premarket": 3.36,
        "volume": 162959,
        "category": "g",
        "source": "tv",
        "shortable": false,
        "exchange_name": "NASD",
        "market_cap": 8.31381,
        "existing": false
    },
    {
        "symbol": "SNTG",
        "company": "Sentage Holdings Inc.",
        "change_pct": 17.15,
        "premarket": 2.8,
        "volume": 124173,
        "category": "g",
        "source": "tv",
        "shortable": false,
        "exchange_name": "NASD",
        "market_cap": 6.70473,
        "existing": false
    },
    {
        "symbol": "AMED",
        "company": "Amedisys Inc",
        "change_pct": 15.14,
        "premarket": 91.5,
        "volume": 457893,
        "category": "g",
        "source": "tv",
        "shortable": true,
        "exchange_name": "NASD",
        "market_cap": 2589.518,
        "existing": false
    },
    {
        "symbol": "KSPN",
        "company": "Kaspien Holdings Inc.",
        "change_pct": 15.01,
        "premarket": 0.3448,
        "volume": 184786,
        "category": "g",
        "source": "tv",
        "shortable": true,
        "exchange_name": "NASD",
        "market_cap": 1.48851,
        "existing": false
    },
    {
        "symbol": "DAWN",
        "company": "Day One Biopharmaceuticals, Inc.",
        "change_pct": 14.85,
        "premarket": 15.62,
        "volume": 443703,
        "category": "g",
        "source": "tv",
        "shortable": true,
        "exchange_name": "NASD",
        "market_cap": 1000.588,
        "existing": false
    },
    {
        "symbol": "VEEE",
        "company": "Twin Vee PowerCats Co.",
        "change_pct": 14.67,
        "premarket": 1.72,
        "volume": 367199,
        "category": "g",
        "source": "tv",
        "shortable": false,
        "exchange_name": "NASD",
        "market_cap": 14.28,
        "existing": false
    },
    {
        "symbol": "JWEL",
        "company": "Jowell Global Ltd.",
        "change_pct": 13.9,
        "premarket": 0.2368,
        "volume": 66740,
        "category": "g",
        "source": "tv",
        "shortable": false,
        "exchange_name": "NASD",
        "market_cap": 7.10479,
        "existing": false
    },
    {
        "symbol": "MMV",
        "company": "MultiMetaVerse Holdings Limited",
        "change_pct": 13.24,
        "premarket": 2.31,
        "volume": 3328100,
        "category": "g",
        "source": "tv",
        "shortable": true,
        "exchange_name": "NASD",
        "market_cap": 67.41978,
        "existing": false
    },
    {
        "symbol": "NCMI",
        "company": "National CineMedia, Inc.",
        "change_pct": 12.9,
        "premarket": 0.3387,
        "volume": 802839,
        "category": "g",
        "source": "tv",
        "shortable": true,
        "exchange_name": "NASD",
        "market_cap": 52.21793,
        "existing": false
    },
    {
        "symbol": "INLX",
        "company": "Intellinetics, Inc.",
        "change_pct": 12.29,
        "premarket": 4.25,
        "volume": 1000,
        "category": "g",
        "source": "tv",
        "shortable": false,
        "exchange_name": "AMEX",
        "market_cap": 25.46098,
        "existing": false
    },
    {
        "symbol": "BRSH",
        "company": "Bruush Oral Care Inc.",
        "change_pct": 12.23,
        "premarket": 0.2963,
        "volume": 282007,
        "category": "g",
        "source": "tv",
        "shortable": false,
        "exchange_name": "NASD",
        "market_cap": 2.15183,
        "existing": false
    },
    {
        "symbol": "FHTX",
        "company": "Foghorn Therapeutics Inc.",
        "change_pct": 11.97,
        "premarket": 7.95,
        "volume": 3677,
        "category": "g",
        "source": "tv",
        "shortable": true,
        "exchange_name": "NASD",
        "market_cap": 296.9558,
        "existing": false
    },
    {
        "symbol": "TLSA",
        "company": "Tiziana Life Sciences Ltd",
        "change_pct": 11.65,
        "premarket": 1.15,
        "volume": 306967,
        "category": "g",
        "source": "tv",
        "shortable": true,
        "exchange_name": "NASD",
        "market_cap": 105.3408,
        "existing": false
    },
    {
        "symbol": "JUPW",
        "company": "Jupiter Wellness, Inc.",
        "change_pct": 11.11,
        "premarket": 0.4,
        "volume": 949,
        "category": "g",
        "source": "tv",
        "shortable": false,
        "exchange_name": "NASD",
        "market_cap": 9.59568,
        "existing": false
    },
    {
        "symbol": "WMG",
        "company": "Warner Music Group Corp.",
        "change_pct": 11.09,
        "premarket": 27.04,
        "volume": 100,
        "category": "g",
        "source": "tv",
        "shortable": true,
        "exchange_name": "NASD",
        "market_cap": 12558.82,
        "existing": false
    },
    {
        "symbol": "BKTI",
        "company": "BK Technologies Corporation",
        "change_pct": 11.04,
        "premarket": 14.99,
        "volume": 940,
        "category": "g",
        "source": "tv",
        "shortable": true,
        "exchange_name": "AMEX",
        "market_cap": 53.54645,
        "existing": false
    },
    {
        "symbol": "HUSA",
        "company": "Houston American Energy Corporation",
        "change_pct": 10.73,
        "premarket": 2.58,
        "volume": 70553,
        "category": "g",
        "source": "tv",
        "shortable": true,
        "exchange_name": "AMEX",
        "market_cap": 18.75511,
        "existing": false
    },
    {
        "symbol": "YOSH",
        "company": "Yoshiharu Global Co.",
        "change_pct": 10.43,
        "premarket": 0.8172,
        "volume": 17889,
        "category": "g",
        "source": "tv",
        "shortable": false,
        "exchange_name": "NASD",
        "market_cap": 9.5756,
        "existing": false
    },
    {
        "symbol": "RMTI",
        "company": "Rockwell Medical, Inc.",
        "change_pct": 10.19,
        "premarket": 4.65,
        "volume": 23655,
        "category": "g",
        "source": "tv",
        "shortable": true,
        "exchange_name": "NASD",
        "market_cap": 57.9983,
        "existing": false
    },
    {
        "symbol": "LYRA",
        "company": "Lyra Therapeutics, Inc.",
        "change_pct": 10.0,
        "premarket": 3.08,
        "volume": 13055,
        "category": "g",
        "source": "tv",
        "shortable": true,
        "exchange_name": "NASD",
        "market_cap": 89.14308,
        "existing": false
    },
    {
        "symbol": "OESX",
        "company": "Orion Energy Systems, Inc.",
        "change_pct": 9.99,
        "premarket": 1.65,
        "volume": 150,
        "category": "g",
        "source": "tv",
        "shortable": true,
        "exchange_name": "NASD",
        "market_cap": 48.43946,
        "existing": false
    },
    {
        "symbol": "BWEN",
        "company": "Broadwind, Inc.",
        "change_pct": 9.75,
        "premarket": 4.39,
        "volume": 7000,
        "category": "g",
        "source": "tv",
        "shortable": true,
        "exchange_name": "NASD",
        "market_cap": 83.90715,
        "existing": false
    },
    {
        "symbol": "GTHX",
        "company": "G1 Therapeutics, Inc.",
        "change_pct": 9.54,
        "premarket": 2.87,
        "volume": 172348,
        "category": "g",
        "source": "tv",
        "shortable": true,
        "exchange_name": "NASD",
        "market_cap": 135.3506,
        "existing": false
    },
    {
        "symbol": "INAQ",
        "company": "Insight Acquisition Corp.",
        "change_pct": 9.33,
        "premarket": 11.25,
        "volume": 600,
        "category": "g",
        "source": "tv",
        "shortable": false,
        "exchange_name": "NASD",
        "market_cap": 91.05217,
        "existing": false
    },
    {
        "symbol": "ETAO",
        "company": "Etao International Co., Ltd.",
        "change_pct": 9.28,
        "premarket": 0.47,
        "volume": 4503,
        "category": "g",
        "source": "tv",
        "shortable": true,
        "exchange_name": "NASD",
        "market_cap": 43.9979,
        "existing": false
    },
    {
        "symbol": "BANL",
        "company": "CBL International Limited",
        "change_pct": 8.86,
        "premarket": 2.95,
        "volume": 234973,
        "category": "g",
        "source": "tv",
        "shortable": true,
        "exchange_name": "NASD",
        "market_cap": 67.94986,
        "existing": false
    },
    {
        "symbol": "AQB",
        "company": "AquaBounty Technologies, Inc.",
        "change_pct": 8.75,
        "premarket": 0.43,
        "volume": 73469,
        "category": "g",
        "source": "tv",
        "shortable": true,
        "exchange_name": "NASD",
        "market_cap": 28.21007,
        "existing": false
    },
    {
        "symbol": "NKTX",
        "company": "Nkarta, Inc.",
        "change_pct": 8.63,
        "premarket": 5.16,
        "volume": 4800,
        "category": "g",
        "source": "tv",
        "shortable": false,
        "exchange_name": "NASD",
        "market_cap": 232.4409,
        "existing": false
    },
    {
        "symbol": "VEDU",
        "company": "Visionary Education Technology Holdings Group Inc.",
        "change_pct": 8.55,
        "premarket": 0.4418,
        "volume": 1484,
        "category": "g",
        "source": "tv",
        "shortable": false,
        "exchange_name": "NASD",
        "market_cap": 15.97475,
        "existing": false
    },
    {
        "symbol": "ANIX",
        "company": "Anixa Biosciences, Inc.",
        "change_pct": 8.53,
        "premarket": 3.61,
        "volume": 300,
        "category": "g",
        "source": "tv",
        "shortable": true,
        "exchange_name": "NASD",
        "market_cap": 102.9798,
        "existing": false
    },
    {
        "symbol": "KIRK",
        "company": "Kirkland's, Inc.",
        "change_pct": 8.42,
        "premarket": 3.09,
        "volume": 1000,
        "category": "g",
        "source": "tv",
        "shortable": true,
        "exchange_name": "NASD",
        "market_cap": 36.51676,
        "existing": false
    },
    {
        "symbol": "AULT",
        "company": "Ault Alliance, Inc.",
        "change_pct": 8.38,
        "premarket": 12.68,
        "volume": 2700,
        "category": "g",
        "source": "tv",
        "shortable": true,
        "exchange_name": "AMEX",
        "market_cap": 155.8324,
        "existing": false
    }
]