[
    {
        "symbol": "ZVZZT",
        "company": "SUPERMONTAGE TEST",
        "premarket": 24.99,
        "change_pct": 47.78,
        "volume": 29940,
        "category": "g",
        "source": "cnn",
        "fails": [
            "symbol_length"
        ],
        "shortable": false,
        "exchange_name": "NASD",
        "market_cap": -1.0,
        "tradeable": false
    },
    {
        "symbol": "SAI",
        "company": "SAI.TECH Global Corporation Class A",
        "premarket": 3.81,
        "change_pct": 36.77,
        "volume": 2930100,
        "category": "g",
        "source": "cnn",
        "fails": [],
        "shortable": true,
        "exchange_name": "NASD",
        "market_cap": 63.92217,
        "tradeable": true
    },
    {
        "symbol": "PACW",
        "company": "PacWest Bancorp",
        "premarket": 12.02,
        "change_pct": 16.59,
        "volume": 1880099,
        "category": "g",
        "source": "cnn",
        "fails": [],
        "shortable": true,
        "exchange_name": "NASD",
        "market_cap": 1216.957,
        "tradeable": true
    },
    {
        "symbol": "LVLU",
        "company": "Lulu's Fashion Lounge Holdings, Inc.",
        "premarket": 2.71,
        "change_pct": 15.32,
        "volume": 13,
        "category": "g",
        "source": "cnn",
        "fails": [
            "shares_value"
        ],
        "shortable": false,
        "exchange_name": "NASD",
        "market_cap": 92.32995,
        "tradeable": false
    },
    {
        "symbol": "AENZ",
        "company": "Aenza S.A.A. Sponsored ADR",
        "premarket": 2.47,
        "change_pct": 14.35,
        "volume": 5,
        "category": "g",
        "source": "cnn",
        "fails": [
            "shares_value"
        ],
        "shortable": true,
        "exchange_name": "NYSE",
        "market_cap": 139.8649,
        "tradeable": false
    },
    {
        "symbol": "CLSK",
        "company": "Cleanspark, Inc.",
        "premarket": 4.19,
        "change_pct": 14.17,
        "volume": 480180,
        "category": "g",
        "source": "cnn",
        "fails": [],
        "shortable": true,
        "exchange_name": "NASD",
        "market_cap": 286.234,
        "tradeable": true
    },
    {
        "symbol": "WNC",
        "company": "Wabash National Corporation",
        "premarket": 25.25,
        "change_pct": 13.84,
        "volume": 21070,
        "category": "g",
        "source": "cnn",
        "fails": [],
        "shortable": true,
        "exchange_name": "NYSE",
        "market_cap": 1059.538,
        "tradeable": true
    },
    {
        "symbol": "BTCM",
        "company": "BIT Mining Limited Sponsored ADR Class A",
        "premarket": 2.9,
        "change_pct": 13.73,
        "volume": 8140,
        "category": "g",
        "source": "cnn",
        "fails": [],
        "shortable": true,
        "exchange_name": "NYSE",
        "market_cap": 27.1289,
        "tradeable": true
    },
    {
        "symbol": "MARA",
        "company": "Marathon Digital Holdings Inc",
        "premarket": 10.19,
        "change_pct": 13.35,
        "volume": 3110100,
        "category": "g",
        "source": "cnn",
        "fails": [],
        "shortable": true,
        "exchange_name": "NASD",
        "market_cap": 1503.551,
        "tradeable": true
    },
    {
        "symbol": "INTT",
        "company": "inTEST Corporation",
        "premarket": 22.8,
        "change_pct": 12.57,
        "volume": 336,
        "category": "g",
        "source": "cnn",
        "fails": [
            "shares_value"
        ],
        "shortable": true,
        "exchange_name": "AMEX",
        "market_cap": 137.2648,
        "tradeable": false
    },
    {
        "symbol": "HTOO",
        "company": "Fusion Fuel Green Plc Class A",
        "premarket": 3.0,
        "change_pct": 11.94,
        "volume": 70,
        "category": "g",
        "source": "cnn",
        "fails": [
            "shares_value"
        ],
        "shortable": true,
        "exchange_name": "NASD",
        "market_cap": 36.99914,
        "tradeable": false
    },
    {
        "symbol": "ENPH",
        "company": "Enphase Energy, Inc.",
        "premarket": 177.77,
        "change_pct": -19.42,
        "volume": 528030,
        "category": "l",
        "source": "cnn",
        "fails": [],
        "shortable": true,
        "exchange_name": "NASD",
        "market_cap": 30213.71,
        "tradeable": true
    },
    {
        "symbol": "FENG",
        "company": "Phoenix New Media Ltd. Sponsored ADR Class A",
        "premarket": 2.0,
        "change_pct": -15.61,
        "volume": 31,
        "category": "l",
        "source": "cnn",
        "fails": [
            "shares_value",
            "is_shortable"
        ],
        "shortable": false,
        "exchange_name": "NYSE",
        "market_cap": 28.79849,
        "tradeable": false
    },
    {
        "symbol": "LMNL",
        "company": "Liminal BioSciences Inc.",
        "premarket": 5.81,
        "change_pct": -14.81,
        "volume": 9,
        "category": "l",
        "source": "cnn",
        "fails": [
            "shares_value"
        ],
        "shortable": true,
        "exchange_name": "NASD",
        "market_cap": 21.17079,
        "tradeable": false
    },
    {
        "symbol": "APLM",
        "company": "Apollomics Inc. Class A",
        "premarket": 5.5,
        "change_pct": -14.73,
        "volume": 21730,
        "category": "l",
        "source": "cnn",
        "fails": [],
        "shortable": true,
        "exchange_name": "NASD",
        "market_cap": 559.8331,
        "tradeable": true
    },
    {
        "symbol": "NHTC",
        "company": "Natural Health Trends Corp.",
        "premarket": 5.06,
        "change_pct": -13.5,
        "volume": 9,
        "category": "l",
        "source": "cnn",
        "fails": [
            "shares_value"
        ],
        "shortable": true,
        "exchange_name": "NASD",
        "market_cap": 67.39457,
        "tradeable": false
    },
    {
        "symbol": "FRC",
        "company": "First Republic Bank",
        "premarket": 7.04,
        "change_pct": -13.09,
        "volume": 18850100,
        "category": "l",
        "source": "cnn",
        "fails": [],
        "shortable": true,
        "exchange_name": "NYSE",
        "market_cap": 1508.372,
        "tradeable": true
    },
    {
        "symbol": "OLMA",
        "company": "Olema Pharmaceuticals, Inc.",
        "premarket": 3.61,
        "change_pct": -11.52,
        "volume": 59,
        "category": "l",
        "source": "cnn",
        "fails": [
            "shares_value"
        ],
        "shortable": true,
        "exchange_name": "NASD",
        "market_cap": 165.7775,
        "tradeable": false
    },
    {
        "symbol": "BXRX",
        "company": "Baudax Bio Inc",
        "premarket": 1.87,
        "change_pct": -10.53,
        "volume": 169140,
        "category": "l",
        "source": "cnn",
        "fails": [],
        "shortable": true,
        "exchange_name": "NASD",
        "market_cap": 5.40412,
        "tradeable": true
    },
    {
        "symbol": "ZIVO",
        "company": "Zivo Bioscience, Inc.",
        "premarket": 2.55,
        "change_pct": -10.21,
        "volume": 1,
        "category": "l",
        "source": "cnn",
        "fails": [
            "shares_value",
            "is_shortable"
        ],
        "shortable": false,
        "exchange_name": "NASD",
        "market_cap": 26.75183,
        "tradeable": false
    },
    {
        "symbol": "ACTG",
        "company": "Acacia Research Corporation",
        "premarket": 3.25,
        "change_pct": -10.18,
        "volume": 252,
        "category": "l",
        "source": "cnn",
        "fails": [
            "shares_value"
        ],
        "shortable": true,
        "exchange_name": "NASD",
        "market_cap": 211.9873,
        "tradeable": false
    },
    {
        "symbol": "ARBB",
        "company": "ARB IOT Group Limited",
        "premarket": 3.71,
        "change_pct": -9.73,
        "volume": 20110,
        "category": "l",
        "source": "cnn",
        "fails": [
            "is_shortable"
        ],
        "shortable": false,
        "exchange_name": "NASD",
        "market_cap": 107.8875,
        "tradeable": false
    }
]