[
    {
        "symbol": "WBUY",
        "company": "WEBUY GLOBAL LTD.",
        "change_pct": 137.07,
        "premarket": 16.86,
        "volume": 2950000,
        "category": "g",
        "source": "tv",
        "shortable": true,
        "exchange_name": "NASDAQ",
        "market_cap": 1842903,
        "existing": false
    },
    {
        "symbol": "SRXH",
        "company": "SRX Health Solutions, Inc.",
        "change_pct": 120.75,
        "premarket": 1.17,
        "volume": 7050000,
        "category": "g",
        "source": "tv",
        "shortable": true,
        "exchange_name": "NYSE American",
        "market_cap": 10405792,
        "existing": false
    },
    {
        "symbol": "SYTA",
        "company": "Siyata Mobile, Inc.",
        "change_pct": 100.11,
        "premarket": 1.9603,
        "volume": 26620000,
        "category": "g",
        "source": "tv",
        "shortable": true,
        "exchange_name": "NASDAQ",
        "market_cap": 3016519,
        "existing": false
    },
    {
        "symbol": "ZKIN",
        "company": "ZK International Group Co., Ltd",
        "change_pct": 65.08,
        "premarket": 4.16,
        "volume": 13800000,
        "category": "g",
        "source": "tv",
        "shortable": true,
        "exchange_name": "NASDAQ",
        "market_cap": 5835258,
        "existing": false
    },
    {
        "symbol": "SHPH",
        "company": "Shuttle Pharmaceuticals Holdings, Inc.",
        "change_pct": 62.78,
        "premarket": 0.4395,
        "volume": 88030000,
        "category": "g",
        "source": "tv",
        "shortable": true,
        "exchange_name": "NASDAQ",
        "market_cap": 1614484,
        "existing": false
    },
    {
        "symbol": "ZAPP",
        "company": "Zapp Electric Vehicles Group Limited",
        "change_pct": 46.23,
        "premarket": 0.4533,
        "volume": 32300000,
        "category": "g",
        "source": "tv",
        "shortable": true,
        "exchange_name": "NASDAQ",
        "market_cap": 3544295,
        "existing": false
    },
    {
        "symbol": "WORX",
        "company": "SCWorx Corp.",
        "change_pct": 44.53,
        "premarket": 0.792,
        "volume": 13100000,
        "category": "g",
        "source": "tv",
        "shortable": true,
        "exchange_name": "NASDAQ",
        "market_cap": 1179012,
        "existing": false
    },
    {
        "symbol": "LGMK",
        "company": "LogicMark, Inc.",
        "change_pct": 38.74,
        "premarket": 0.0154,
        "volume": 194840000,
        "category": "g",
        "source": "tv",
        "shortable": true,
        "exchange_name": "NASDAQ",
        "market_cap": 824060,
        "existing": false
    },
    {
        "symbol": "LASR",
        "company": "nLIGHT, Inc.",
        "change_pct": 27.87,
        "premarket": 11.01,
        "volume": 6580,
        "category": "g",
        "source": "tv",
        "shortable": true,
        "exchange_name": "NASDAQ",
        "market_cap": 404903182,
        "existing": false
    },
    {
        "symbol": "CTMX",
        "company": "CytomX Therapeutics, Inc.",
        "change_pct": 27.06,
        "premarket": 1.39,
        "volume": 1940000,
        "category": "g",
        "source": "tv",
        "shortable": true,
        "exchange_name": "NASDAQ",
        "market_cap": 76935943,
        "existing": false
    },
    {
        "symbol": "CRVS",
        "company": "Corvus Pharmaceuticals, Inc.",
        "change_pct": 25.37,
        "premarket": 4.2,
        "volume": 624810,
        "category": "g",
        "source": "tv",
        "shortable": true,
        "exchange_name": "NASDAQ",
        "market_cap": 218034547,
        "existing": false
    },
    {
        "symbol": "MITK",
        "company": "Mitek Systems, Inc.",
        "change_pct": 21.45,
        "premarket": 10.7,
        "volume": 9260,
        "category": "g",
        "source": "tv",
        "shortable": true,
        "exchange_name": "NASDAQ",
        "market_cap": 382761828,
        "existing": false
    },
    {
        "symbol": "PHX",
        "company": "PHX Minerals Inc.",
        "change_pct": 21.23,
        "premarket": 4.34,
        "volume": 30210,
        "category": "g",
        "source": "tv",
        "shortable": true,
        "exchange_name": "NYSE",
        "market_cap": 134384703,
        "existing": false
    },
    {
        "symbol": "GOGO",
        "company": "Gogo Inc.",
        "change_pct": 21.14,
        "premarket": 9.17,
        "volume": 97620,
        "category": "g",
        "source": "tv",
        "shortable": true,
        "exchange_name": "NASDAQ",
        "market_cap": 995809247,
        "existing": false
    },
    {
        "symbol": "GDOT",
        "company": "Green Dot Corporation",
        "change_pct": 18.39,
        "premarket": 10.3,
        "volume": 21560,
        "category": "g",
        "source": "tv",
        "shortable": true,
        "exchange_name": "NYSE",
        "market_cap": 469167202,
        "existing": false
    },
    {
        "symbol": "TMDX",
        "company": "TransMedics Group, Inc.",
        "change_pct": 18.03,
        "premarket": 110.0,
        "volume": 28890,
        "category": "g",
        "source": "tv",
        "shortable": true,
        "exchange_name": "NASDAQ",
        "market_cap": 3241049182,
        "existing": false
    },
    {
        "symbol": "ACET",
        "company": "Adicet Bio, Inc.",
        "change_pct": 16.85,
        "premarket": 0.559,
        "volume": 26350,
        "category": "g",
        "source": "tv",
        "shortable": true,
        "exchange_name": "NASDAQ",
        "market_cap": 40549091,
        "existing": false
    },
    {
        "symbol": "FGI",
        "company": "FGI Industries Ltd.",
        "change_pct": 16.49,
        "premarket": 0.64,
        "volume": 1600000,
        "category": "g",
        "source": "tv",
        "shortable": true,
        "exchange_name": "NASDAQ",
        "market_cap": 5657806,
        "existing": false
    },
    {
        "symbol": "GPUS",
        "company": "Hyperscale Data, Inc.",
        "change_pct": 16.08,
        "premarket": 9.17,
        "volume": 702250,
        "category": "g",
        "source": "tv",
        "shortable": true,
        "exchange_name": "NYSE American",
        "market_cap": 40263686,
        "existing": false
    },
    {
        "symbol": "STAK",
        "company": "STAK Inc.",
        "change_pct": 15.95,
        "premarket": 2.69,
        "volume": 705,
        "category": "g",
        "source": "tv",
        "shortable": true,
        "exchange_name": "NASDAQ",
        "market_cap": 27919882,
        "existing": false
    },
    {
        "symbol": "EXPE",
        "company": "Expedia Group, Inc.",
        "change_pct": -9.64,
        "premarket": 152.7,
        "volume": 75640,
        "category": "l",
        "source": "tv",
        "shortable": true,
        "exchange_name": "NASDAQ",
        "market_cap": 21247202082,
        "existing": false
    },
    {
        "symbol": "AFRM",
        "company": "Affirm Holdings, Inc.",
        "change_pct": -6.08,
        "premarket": 50.96,
        "volume": 650390,
        "category": "l",
        "source": "tv",
        "shortable": true,
        "exchange_name": "NASDAQ",
        "market_cap": 16497777527,
        "existing": false
    },
    {
        "symbol": "GMED",
        "company": "Globus Medical, Inc.",
        "change_pct": -13.75,
        "premarket": 62.5,
        "volume": 37480,
        "category": "l",
        "source": "tv",
        "shortable": true,
        "exchange_name": "NYSE",
        "market_cap": 9679178627,
        "existing": false
    },
    {
        "symbol": "ONTO",
        "company": "Onto Innovation Inc.",
        "change_pct": -14.78,
        "premarket": 108.07,
        "volume": 7640,
        "category": "l",
        "source": "tv",
        "shortable": true,
        "exchange_name": "NYSE",
        "market_cap": 6113842561,
        "existing": false
    },
    {
        "symbol": "GRND",
        "company": "Grindr Inc.",
        "change_pct": -9.0,
        "premarket": 22.25,
        "volume": 13300,
        "category": "l",
        "source": "tv",
        "shortable": true,
        "exchange_name": "NYSE",
        "market_cap": 5004160992,
        "existing": false
    },
    {
        "symbol": "RNW",
        "company": "ReNew Energy Global plc",
        "change_pct": -9.47,
        "premarket": 5.83,
        "volume": 200,
        "category": "l",
        "source": "tv",
        "shortable": true,
        "exchange_name": "NASDAQ",
        "market_cap": 2378856663,
        "existing": false
    },
    {
        "symbol": "NN",
        "company": "NextNav Inc.",
        "change_pct": -6.68,
        "premarket": 13.0,
        "volume": 6480,
        "category": "l",
        "source": "tv",
        "shortable": true,
        "exchange_name": "NASDAQ",
        "market_cap": 1824060608,
        "existing": false
    },
    {
        "symbol": "AMR",
        "company": "Alpha Metallurgical Resources, Inc.",
        "change_pct": -7.24,
        "premarket": 115.0,
        "volume": 1180,
        "category": "l",
        "source": "tv",
        "shortable": true,
        "exchange_name": "NYSE",
        "market_cap": 1642419227,
        "existing": false
    },
    {
        "symbol": "WWW",
        "company": "Wolverine World Wide, Inc.",
        "change_pct": -6.13,
        "premarket": 15.32,
        "volume": 200,
        "category": "l",
        "source": "tv",
        "shortable": true,
        "exchange_name": "NYSE",
        "market_cap": 1199315010,
        "existing": false
    },
    {
        "symbol": "WULF",
        "company": "TeraWulf Inc.",
        "change_pct": -8.79,
        "premarket": 3.01,
        "volume": 2230000,
        "category": "l",
        "source": "tv",
        "shortable": true,
        "exchange_name": "NASDAQ",
        "market_cap": 1170039508,
        "existing": false
    },
    {
        "symbol": "QNST",
        "company": "QuinStreet, Inc.",
        "change_pct": -6.65,
        "premarket": 14.6,
        "volume": 200,
        "category": "l",
        "source": "tv",
        "shortable": true,
        "exchange_name": "NASDAQ",
        "market_cap": 1032246008,
        "existing": false
    },
    {
        "symbol": "IOVA",
        "company": "Iovance Biotherapeutics, Inc.",
        "change_pct": -35.67,
        "premarket": 2.04,
        "volume": 3270000,
        "category": "l",
        "source": "tv",
        "shortable": true,
        "exchange_name": "NASDAQ",
        "market_cap": 1026254052,
        "existing": false
    },
    {
        "symbol": "BLFS",
        "company": "BioLife Solutions, Inc.",
        "change_pct": -6.08,
        "premarket": 21.0,
        "volume": 100,
        "category": "l",
        "source": "tv",
        "shortable": true,
        "exchange_name": "NASDAQ",
        "market_cap": 1000990365,
        "existing": false
    },
    {
        "symbol": "MLYS",
        "company": "Mineralys Therapeutics, Inc.",
        "change_pct": -8.52,
        "premarket": 14.28,
        "volume": 100,
        "category": "l",
        "source": "tv",
        "shortable": true,
        "exchange_name": "NASDAQ",
        "market_cap": 957573125,
        "existing": false
    },
    {
        "symbol": "HROW",
        "company": "Harrow, Inc.",
        "change_pct": -7.59,
        "premarket": 21.8,
        "volume": 60690,
        "category": "l",
        "source": "tv",
        "shortable": true,
        "exchange_name": "NASDAQ",
        "market_cap": 902088354,
        "existing": false
    },
    {
        "symbol": "REAL",
        "company": "The RealReal, Inc.",
        "change_pct": -9.48,
        "premarket": 6.6,
        "volume": 35900,
        "category": "l",
        "source": "tv",
        "shortable": true,
        "exchange_name": "NASDAQ",
        "market_cap": 797313256,
        "existing": false
    },
    {
        "symbol": "ORGO",
        "company": "Organogenesis Holdings Inc.",
        "change_pct": -13.86,
        "premarket": 4.6,
        "volume": 10800,
        "category": "l",
        "source": "tv",
        "shortable": true,
        "exchange_name": "NASDAQ",
        "market_cap": 657101316,
        "existing": false
    },
    {
        "symbol": "BCAX",
        "company": "Bicara Therapeutics Inc.",
        "change_pct": -6.32,
        "premarket": 12.3,
        "volume": 100,
        "category": "l",
        "source": "tv",
        "shortable": true,
        "exchange_name": "NASDAQ",
        "market_cap": 648435632,
        "existing": false
    },
    {
        "symbol": "WOLF",
        "company": "Wolfspeed, Inc.",
        "change_pct": -22.23,
        "premarket": 3.45,
        "volume": 2880000,
        "category": "l",
        "source": "tv",
        "shortable": true,
        "exchange_name": "NYSE",
        "market_cap": 639397311,
        "existing": false
    },
    {
        "symbol": "OPEN",
        "company": "Opendoor Technologies Inc",
        "change_pct": -18.81,
        "premarket": 0.708,
        "volume": 5920000,
        "category": "l",
        "source": "tv",
        "shortable": true,
        "exchange_name": "NASDAQ",
        "market_cap": 635598087,
        "existing": false
    }
]