[
    {
        "symbol": "BGL",
        "company": "Perception Capital Corp. IV",
        "change_pct": 476.83,
        "premarket": 116.0,
        "volume": 8020,
        "category": "g",
        "source": "tv",
        "shortable": true,
        "exchange_name": "NASDAQ",
        "market_cap": 0,
        "existing": false
    },
    {
        "symbol": "LCFY",
        "company": "Locafy Limited",
        "change_pct": 101.57,
        "premarket": 5.14,
        "volume": 6470000,
        "category": "g",
        "source": "tv",
        "shortable": true,
        "exchange_name": "NASDAQ",
        "market_cap": 3849108,
        "existing": false
    },
    {
        "symbol": "CYN",
        "company": "Cyngn Inc.",
        "change_pct": 81.48,
        "premarket": 24.68,
        "volume": 9500000,
        "category": "g",
        "source": "tv",
        "shortable": true,
        "exchange_name": "NASDAQ",
        "market_cap": 8777049,
        "existing": false
    },
    {
        "symbol": "BBLG",
        "company": "Bone Biologics Corp",
        "change_pct": 77.88,
        "premarket": 7.4,
        "volume": 8870000,
        "category": "g",
        "source": "tv",
        "shortable": true,
        "exchange_name": "NASDAQ",
        "market_cap": 2284274,
        "existing": false
    },
    {
        "symbol": "GVH",
        "company": "Globavend Holdings Limited - Ord Shares",
        "change_pct": 69.47,
        "premarket": 0.3025,
        "volume": 174400000,
        "category": "g",
        "source": "tv",
        "shortable": true,
        "exchange_name": "NASDAQ",
        "market_cap": 10377130,
        "existing": false
    },
    {
        "symbol": "INMB",
        "company": "INmune Bio Inc.",
        "change_pct": 53.98,
        "premarket": 9.67,
        "volume": 4830000,
        "category": "g",
        "source": "tv",
        "shortable": true,
        "exchange_name": "NASDAQ",
        "market_cap": 171060478,
        "existing": false
    },
    {
        "symbol": "NAOV",
        "company": "NanoVibronix, Inc.",
        "change_pct": 33.46,
        "premarket": 1.1599,
        "volume": 11690000,
        "category": "g",
        "source": "tv",
        "shortable": true,
        "exchange_name": "NASDAQ",
        "market_cap": 2270777,
        "existing": false
    },
    {
        "symbol": "BURU",
        "company": "Nuburu, Inc.",
        "change_pct": 24.59,
        "premarket": 0.4236,
        "volume": 22000000,
        "category": "g",
        "source": "tv",
        "shortable": true,
        "exchange_name": "NYSE American",
        "market_cap": 18577519,
        "existing": false
    },
    {
        "symbol": "GCTK",
        "company": "GlucoTrack, Inc.",
        "change_pct": 23.75,
        "premarket": 6.46,
        "volume": 1950000,
        "category": "g",
        "source": "tv",
        "shortable": true,
        "exchange_name": "NASDAQ",
        "market_cap": 3742667,
        "existing": false
    },
    {
        "symbol": "MMA",
        "company": "Mixed Martial Arts Group Limited",
        "change_pct": 22.52,
        "premarket": 1.36,
        "volume": 666960,
        "category": "g",
        "source": "tv",
        "shortable": true,
        "exchange_name": "NYSE American",
        "market_cap": 14863065,
        "existing": false
    },
    {
        "symbol": "IROH",
        "company": "Iron Horse Acquisitions Corp.",
        "change_pct": 16.9,
        "premarket": 11.55,
        "volume": 8480,
        "category": "g",
        "source": "tv",
        "shortable": true,
        "exchange_name": "NASDAQ",
        "market_cap": 83349800,
        "existing": false
    },
    {
        "symbol": "CNVS",
        "company": "Cineverse Corp.",
        "change_pct": 16.27,
        "premarket": 4.86,
        "volume": 1150000,
        "category": "g",
        "source": "tv",
        "shortable": true,
        "exchange_name": "NASDAQ",
        "market_cap": 63598640,
        "existing": false
    },
    {
        "symbol": "AMZE",
        "company": "Amaze Holdings, Inc.",
        "change_pct": 15.78,
        "premarket": 12.99,
        "volume": 1630,
        "category": "g",
        "source": "tv",
        "shortable": true,
        "exchange_name": "NYSE American",
        "market_cap": 50983644,
        "existing": false
    },
    {
        "symbol": "APOG",
        "company": "Apogee Enterprises, Inc.",
        "change_pct": 15.0,
        "premarket": 45.62,
        "volume": 22770,
        "category": "g",
        "source": "tv",
        "shortable": true,
        "exchange_name": "NASDAQ",
        "market_cap": 839841795,
        "existing": false
    },
    {
        "symbol": "ACTU",
        "company": "Actuate Therapeutics, Inc.",
        "change_pct": 13.75,
        "premarket": 6.62,
        "volume": 34740,
        "category": "g",
        "source": "tv",
        "shortable": true,
        "exchange_name": "NASDAQ",
        "market_cap": 126350610,
        "existing": false
    },
    {
        "symbol": "BODI",
        "company": "The Beachbody Company, Inc.",
        "change_pct": 13.68,
        "premarket": 4.32,
        "volume": 990,
        "category": "g",
        "source": "tv",
        "shortable": true,
        "exchange_name": "NYSE",
        "market_cap": 26129451,
        "existing": false
    },
    {
        "symbol": "NKE",
        "company": "Nike, Inc.",
        "change_pct": 10.89,
        "premarket": 69.35,
        "volume": 1790000,
        "category": "g",
        "source": "tv",
        "shortable": true,
        "exchange_name": "NYSE",
        "market_cap": 89784501324,
        "existing": false
    },
    {
        "symbol": "AOUT",
        "company": "American Outdoor Brands, Inc.",
        "change_pct": 10.79,
        "premarket": 13.25,
        "volume": 8970,
        "category": "g",
        "source": "tv",
        "shortable": true,
        "exchange_name": "NASDAQ",
        "market_cap": 139191276,
        "existing": false
    },
    {
        "symbol": "TSBX",
        "company": "Turnstone Biologics Corp.",
        "change_pct": 10.77,
        "premarket": 0.3681,
        "volume": 193360,
        "category": "g",
        "source": "tv",
        "shortable": true,
        "exchange_name": "NASDAQ",
        "market_cap": 8399946,
        "existing": false
    },
    {
        "symbol": "MRC",
        "company": "MRC Global Inc.",
        "change_pct": 10.66,
        "premarket": 14.74,
        "volume": 7820,
        "category": "g",
        "source": "tv",
        "shortable": true,
        "exchange_name": "NYSE",
        "market_cap": 1116282894,
        "existing": false
    },
    {
        "symbol": "MP",
        "company": "MP Materials Corp.",
        "change_pct": -4.68,
        "premarket": 34.31,
        "volume": 316150,
        "category": "l",
        "source": "tv",
        "shortable": true,
        "exchange_name": "NYSE",
        "market_cap": 5786352949,
        "existing": false
    },
    {
        "symbol": "CHRD",
        "company": "Chord Energy Corporation",
        "change_pct": -5.81,
        "premarket": 93.58,
        "volume": 200,
        "category": "l",
        "source": "tv",
        "shortable": true,
        "exchange_name": "NASDAQ",
        "market_cap": 5640329275,
        "existing": false
    },
    {
        "symbol": "CNXC",
        "company": "Concentrix Corporation",
        "change_pct": -8.58,
        "premarket": 50.4,
        "volume": 7670,
        "category": "l",
        "source": "tv",
        "shortable": true,
        "exchange_name": "NASDAQ",
        "market_cap": 3460567949,
        "existing": false
    },
    {
        "symbol": "AHCO",
        "company": "AdaptHealth Corp.",
        "change_pct": -8.63,
        "premarket": 8.61,
        "volume": 6100,
        "category": "l",
        "source": "tv",
        "shortable": true,
        "exchange_name": "NASDAQ",
        "market_cap": 1189435922,
        "existing": false
    },
    {
        "symbol": "USAR",
        "company": "USA Rare Earth, Inc.",
        "change_pct": -6.99,
        "premarket": 11.84,
        "volume": 176700,
        "category": "l",
        "source": "tv",
        "shortable": true,
        "exchange_name": "NASDAQ",
        "market_cap": 1171489432,
        "existing": false
    },
    {
        "symbol": "ESTA",
        "company": "Establishment Labs Holdings Inc.",
        "change_pct": -12.66,
        "premarket": 35.67,
        "volume": 2440,
        "category": "l",
        "source": "tv",
        "shortable": true,
        "exchange_name": "NASDAQ",
        "market_cap": 1084397025,
        "existing": false
    },
    {
        "symbol": "CRMD",
        "company": "CorMedix Inc.",
        "change_pct": -14.24,
        "premarket": 12.83,
        "volume": 758700,
        "category": "l",
        "source": "tv",
        "shortable": true,
        "exchange_name": "NASDAQ",
        "market_cap": 1015335145,
        "existing": false
    },
    {
        "symbol": "NGL",
        "company": "NGL ENERGY PARTNERS LP",
        "change_pct": -4.66,
        "premarket": 4.09,
        "volume": 200,
        "category": "l",
        "source": "tv",
        "shortable": true,
        "exchange_name": "NYSE",
        "market_cap": 559734127,
        "existing": false
    },
    {
        "symbol": "LE",
        "company": "Lands' End, Inc.",
        "change_pct": -4.94,
        "premarket": 10.0,
        "volume": 300,
        "category": "l",
        "source": "tv",
        "shortable": true,
        "exchange_name": "NASDAQ",
        "market_cap": 321182373,
        "existing": false
    },
    {
        "symbol": "CRML",
        "company": "Critical Metals Corp.",
        "change_pct": -13.93,
        "premarket": 3.15,
        "volume": 263100,
        "category": "l",
        "source": "tv",
        "shortable": true,
        "exchange_name": "NASDAQ",
        "market_cap": 286978033,
        "existing": false
    },
    {
        "symbol": "VNDA",
        "company": "Vanda Pharmaceuticals Inc.",
        "change_pct": -4.36,
        "premarket": 4.61,
        "volume": 1400,
        "category": "l",
        "source": "tv",
        "shortable": true,
        "exchange_name": "NASDAQ",
        "market_cap": 271687962,
        "existing": false
    },
    {
        "symbol": "DRTS",
        "company": "Alpha Tau Medical Ltd.",
        "change_pct": -5.14,
        "premarket": 2.86,
        "volume": 100,
        "category": "l",
        "source": "tv",
        "shortable": true,
        "exchange_name": "NASDAQ",
        "market_cap": 254099178,
        "existing": false
    },
    {
        "symbol": "MFH",
        "company": "Mercurity Fintech Holding Inc. - American",
        "change_pct": -5.17,
        "premarket": 3.85,
        "volume": 232,
        "category": "l",
        "source": "tv",
        "shortable": true,
        "exchange_name": "NASDAQ",
        "market_cap": 248377595,
        "existing": false
    },
    {
        "symbol": "PHOE",
        "company": "Phoenix Asia Holdings Limited",
        "change_pct": -14.29,
        "premarket": 6.36,
        "volume": 200,
        "category": "l",
        "source": "tv",
        "shortable": true,
        "exchange_name": "NASDAQ",
        "market_cap": 239760000,
        "existing": false
    },
    {
        "symbol": "GIBO",
        "company": "GIBO Holdings Limited",
        "change_pct": -4.76,
        "premarket": 0.2762,
        "volume": 797720,
        "category": "l",
        "source": "tv",
        "shortable": true,
        "exchange_name": "NASDAQ",
        "market_cap": 229873094,
        "existing": false
    },
    {
        "symbol": "YMAB",
        "company": "Y-mAbs Therapeutics, Inc.",
        "change_pct": -22.29,
        "premarket": 3.73,
        "volume": 437,
        "category": "l",
        "source": "tv",
        "shortable": true,
        "exchange_name": "NASDAQ",
        "market_cap": 222402348,
        "existing": false
    },
    {
        "symbol": "GENC",
        "company": "Gencor Industries, Inc.",
        "change_pct": -6.69,
        "premarket": 13.8,
        "volume": 500,
        "category": "l",
        "source": "tv",
        "shortable": true,
        "exchange_name": "NYSE American",
        "market_cap": 207992791,
        "existing": false
    },
    {
        "symbol": "RPID",
        "company": "Rapid Micro Biosystems, Inc.",
        "change_pct": -5.17,
        "premarket": 3.3,
        "volume": 120,
        "category": "l",
        "source": "tv",
        "shortable": true,
        "exchange_name": "NASDAQ",
        "market_cap": 148301846,
        "existing": false
    },
    {
        "symbol": "ACHV",
        "company": "Achieve Life Sciences, Inc.",
        "change_pct": -21.37,
        "premarket": 2.76,
        "volume": 190690,
        "category": "l",
        "source": "tv",
        "shortable": true,
        "exchange_name": "NASDAQ",
        "market_cap": 131803273,
        "existing": false
    },
    {
        "symbol": "OST",
        "company": "Ostin Technology Group Co., Ltd.",
        "change_pct": -4.76,
        "premarket": 0.5238,
        "volume": 14870000,
        "category": "l",
        "source": "tv",
        "shortable": true,
        "exchange_name": "NASDAQ",
        "market_cap": 98705887,
        "existing": false
    }
]