[
    {
        "symbol": "MEDS",
        "company": "TRxADE HEALTH, Inc.",
        "change_pct": 90.71,
        "premarket": 14.57,
        "volume": 2652000,
        "category": "g",
        "source": "tv",
        "shortable": false,
        "exchange_name": "NASD",
        "market_cap": 9.52837,
        "existing": false
    },
    {
        "symbol": "TAOP",
        "company": "Taoping Inc.",
        "change_pct": 78.57,
        "premarket": 4.0,
        "volume": 134439,
        "category": "g",
        "source": "tv",
        "shortable": true,
        "exchange_name": "NASD",
        "market_cap": 4.41688,
        "existing": false
    },
    {
        "symbol": "NVOS",
        "company": "Novo Integrated Sciences, Inc.",
        "change_pct": 56.36,
        "premarket": 0.2189,
        "volume": 41377000,
        "category": "g",
        "source": "tv",
        "shortable": false,
        "exchange_name": "NASD",
        "market_cap": 22.06303,
        "existing": false
    },
    {
        "symbol": "EOSE",
        "company": "Eos Energy Enterprises, Inc.",
        "change_pct": 42.77,
        "premarket": 4.64,
        "volume": 9728000,
        "category": "g",
        "source": "tv",
        "shortable": true,
        "exchange_name": "NASD",
        "market_cap": 435.4821,
        "existing": false
    },
    {
        "symbol": "AXLA",
        "company": "Axcella Health Inc.",
        "change_pct": 30.17,
        "premarket": 0.3007,
        "volume": 18489000,
        "category": "g",
        "source": "tv",
        "shortable": true,
        "exchange_name": "NASD",
        "market_cap": 17.02302,
        "existing": false
    },
    {
        "symbol": "ME",
        "company": "23andMe Holding Co.",
        "change_pct": 20.01,
        "premarket": 1.32,
        "volume": 2653000,
        "category": "g",
        "source": "tv",
        "shortable": true,
        "exchange_name": "NASD",
        "market_cap": 519.7397,
        "existing": false
    },
    {
        "symbol": "NTNX",
        "company": "Nutanix, Inc.",
        "change_pct": 17.2,
        "premarket": 36.45,
        "volume": 153296,
        "category": "g",
        "source": "tv",
        "shortable": true,
        "exchange_name": "NASD",
        "market_cap": 7332.116,
        "existing": false
    },
    {
        "symbol": "ESTC",
        "company": "Elastic N.V.",
        "change_pct": 14.74,
        "premarket": 71.0,
        "volume": 37991,
        "category": "g",
        "source": "tv",
        "shortable": true,
        "exchange_name": "NYSE",
        "market_cap": 6026.548,
        "existing": false
    },
    {
        "symbol": "VRPX",
        "company": "Virpax Pharmaceuticals, Inc.",
        "change_pct": 13.66,
        "premarket": 0.9775,
        "volume": 1110,
        "category": "g",
        "source": "tv",
        "shortable": false,
        "exchange_name": "NASD",
        "market_cap": 10.07428,
        "existing": false
    },
    {
        "symbol": "ENVB",
        "company": "Enveric Biosciences, Inc.",
        "change_pct": 13.43,
        "premarket": 2.45,
        "volume": 500,
        "category": "g",
        "source": "tv",
        "shortable": true,
        "exchange_name": "NASD",
        "market_cap": 4.63948,
        "existing": false
    },
    {
        "symbol": "DELL",
        "company": "Dell Technologies Inc.",
        "change_pct": 12.46,
        "premarket": 63.25,
        "volume": 288087,
        "category": "g",
        "source": "tv",
        "shortable": true,
        "exchange_name": "NYSE",
        "market_cap": 41047.84,
        "existing": false
    },
    {
        "symbol": "CELU",
        "company": "Celularity Inc.",
        "change_pct": 12.35,
        "premarket": 0.364,
        "volume": 8975,
        "category": "g",
        "source": "tv",
        "shortable": true,
        "exchange_name": "NASD",
        "market_cap": 61.86721,
        "existing": false
    },
    {
        "symbol": "PIII",
        "company": "P3 Health Partners Inc.",
        "change_pct": 12.12,
        "premarket": 2.22,
        "volume": 10167,
        "category": "g",
        "source": "tv",
        "shortable": false,
        "exchange_name": "NASD",
        "market_cap": 619.0997,
        "existing": false
    },
    {
        "symbol": "ID",
        "company": "PARTS iD, Inc.",
        "change_pct": 11.58,
        "premarket": 0.2351,
        "volume": 400,
        "category": "g",
        "source": "tv",
        "shortable": false,
        "exchange_name": "AMEX",
        "market_cap": 206.3389,
        "existing": false
    },
    {
        "symbol": "CTNT",
        "company": "Cheetah Net Supply Chain Service Inc.",
        "change_pct": 11.37,
        "premarket": 2.35,
        "volume": 50146,
        "category": "g",
        "source": "tv",
        "shortable": false,
        "exchange_name": "NASD",
        "market_cap": 37.80276,
        "existing": false
    },
    {
        "symbol": "PCSA",
        "company": "Processa Pharmaceuticals, Inc.",
        "change_pct": 11.21,
        "premarket": 0.3492,
        "volume": 15598,
        "category": "g",
        "source": "tv",
        "shortable": true,
        "exchange_name": "NASD",
        "market_cap": 7.70288,
        "existing": false
    },
    {
        "symbol": "SNTI",
        "company": "Senti Biosciences, Inc.",
        "change_pct": 11.08,
        "premarket": 0.722,
        "volume": 100,
        "category": "g",
        "source": "tv",
        "shortable": true,
        "exchange_name": "NASD",
        "market_cap": 28.95437,
        "existing": false
    },
    {
        "symbol": "UGRO",
        "company": "urban-gro, Inc.",
        "change_pct": 11.0,
        "premarket": 1.11,
        "volume": 1768,
        "category": "g",
        "source": "tv",
        "shortable": false,
        "exchange_name": "NASD",
        "market_cap": 11.67058,
        "existing": false
    },
    {
        "symbol": "GDC",
        "company": "GD Culture Group Limited",
        "change_pct": 10.57,
        "premarket": 3.02,
        "volume": 70448,
        "category": "g",
        "source": "tv",
        "shortable": true,
        "exchange_name": "NASD",
        "market_cap": 8.33623,
        "existing": false
    },
    {
        "symbol": "JAN",
        "company": "JanOne Inc.",
        "change_pct": 10.43,
        "premarket": 0.519,
        "volume": 658879,
        "category": "g",
        "source": "tv",
        "shortable": true,
        "exchange_name": "NASD",
        "market_cap": 2.19407,
        "existing": false
    },
    {
        "symbol": "EDBL",
        "company": "Edible Garden AG Incorporated",
        "change_pct": 10.09,
        "premarket": 1.42,
        "volume": 103551,
        "category": "g",
        "source": "tv",
        "shortable": true,
        "exchange_name": "NASD",
        "market_cap": 3.64694,
        "existing": false
    },
    {
        "symbol": "WTER",
        "company": "The Alkaline Water Company Inc.",
        "change_pct": 9.99,
        "premarket": 0.738,
        "volume": 426,
        "category": "g",
        "source": "tv",
        "shortable": true,
        "exchange_name": "NASD",
        "market_cap": 6.97559,
        "existing": false
    },
    {
        "symbol": "FAZE",
        "company": "FaZe Holdings Inc.",
        "change_pct": 9.43,
        "premarket": 0.29,
        "volume": 100,
        "category": "g",
        "source": "tv",
        "shortable": true,
        "exchange_name": "NASD",
        "market_cap": 20.22737,
        "existing": false
    },
    {
        "symbol": "STSS",
        "company": "Sharps Technology Inc.",
        "change_pct": 9.31,
        "premarket": 0.81,
        "volume": 500,
        "category": "g",
        "source": "tv",
        "shortable": false,
        "exchange_name": "NASD",
        "market_cap": 8.63705,
        "existing": false
    },
    {
        "symbol": "RNAZ",
        "company": "TransCode Therapeutics, Inc.",
        "change_pct": 8.9,
        "premarket": 1.58,
        "volume": 7840,
        "category": "g",
        "source": "tv",
        "shortable": false,
        "exchange_name": "NASD",
        "market_cap": 2.93723,
        "existing": false
    },
    {
        "symbol": "BON",
        "company": "Bon Natural Life Limited",
        "change_pct": 8.82,
        "premarket": 0.6749,
        "volume": 1500,
        "category": "g",
        "source": "tv",
        "shortable": false,
        "exchange_name": "NASD",
        "market_cap": 6.91289,
        "existing": false
    },
    {
        "symbol": "TENX",
        "company": "Tenax Therapeutics, Inc.",
        "change_pct": 8.6,
        "premarket": 0.38,
        "volume": 10361,
        "category": "g",
        "source": "tv",
        "shortable": true,
        "exchange_name": "NASD",
        "market_cap": 8.34947,
        "existing": false
    },
    {
        "symbol": "VINO",
        "company": "Gaucho Group Holdings, Inc.",
        "change_pct": 8.57,
        "premarket": 0.38,
        "volume": 342,
        "category": "g",
        "source": "tv",
        "shortable": false,
        "exchange_name": "NASD",
        "market_cap": 2.59306,
        "existing": false
    },
    {
        "symbol": "HUDI",
        "company": "Huadi International Group Co., Ltd.",
        "change_pct": 8.56,
        "premarket": 3.93,
        "volume": 2100,
        "category": "g",
        "source": "tv",
        "shortable": true,
        "exchange_name": "NASD",
        "market_cap": 51.61824,
        "existing": false
    },
    {
        "symbol": "MSGM",
        "company": "Motorsport Games Inc.",
        "change_pct": 8.49,
        "premarket": 4.6,
        "volume": 612,
        "category": "g",
        "source": "tv",
        "shortable": true,
        "exchange_name": "NASD",
        "market_cap": 14.50219,
        "existing": false
    },
    {
        "symbol": "IRIX",
        "company": "IRIDEX Corporation",
        "change_pct": 8.43,
        "premarket": 1.8,
        "volume": 2600,
        "category": "g",
        "source": "tv",
        "shortable": false,
        "exchange_name": "NASD",
        "market_cap": 26.94031,
        "existing": false
    },
    {
        "symbol": "ULBI",
        "company": "Ultralife Corporation",
        "change_pct": 8.24,
        "premarket": 10.25,
        "volume": 884,
        "category": "g",
        "source": "tv",
        "shortable": true,
        "exchange_name": "NASD",
        "market_cap": 152.9471,
        "existing": false
    },
    {
        "symbol": "MNTS",
        "company": "Momentus Inc.",
        "change_pct": 7.95,
        "premarket": 11.0,
        "volume": 400,
        "category": "g",
        "source": "tv",
        "shortable": true,
        "exchange_name": "NASD",
        "market_cap": 19.94525,
        "existing": false
    },
    {
        "symbol": "HPCO",
        "company": "Hempacco Co., Inc.",
        "change_pct": 7.85,
        "premarket": 0.3695,
        "volume": 299688,
        "category": "g",
        "source": "tv",
        "shortable": false,
        "exchange_name": "NASD",
        "market_cap": 9.71056,
        "existing": false
    },
    {
        "symbol": "ZFOX",
        "company": "ZeroFox Holdings, Inc.",
        "change_pct": 7.69,
        "premarket": 1.12,
        "volume": 200,
        "category": "g",
        "source": "tv",
        "shortable": true,
        "exchange_name": "NASD",
        "market_cap": 123.41,
        "existing": false
    },
    {
        "symbol": "CADE",
        "company": "Cadence Bank",
        "change_pct": 7.69,
        "premarket": 24.64,
        "volume": 2500,
        "category": "g",
        "source": "tv",
        "shortable": true,
        "exchange_name": "NYSE",
        "market_cap": 4178.368,
        "existing": false
    },
    {
        "symbol": "NIR",
        "company": "Near Intelligence, Inc.",
        "change_pct": 7.56,
        "premarket": 0.4099,
        "volume": 23685,
        "category": "g",
        "source": "tv",
        "shortable": true,
        "exchange_name": "NASD",
        "market_cap": 19.72021,
        "existing": false
    },
    {
        "symbol": "OPGN",
        "company": "OpGen, Inc.",
        "change_pct": 7.42,
        "premarket": 0.2041,
        "volume": 50103,
        "category": "g",
        "source": "tv",
        "shortable": true,
        "exchange_name": "NASD",
        "market_cap": 1.69091,
        "existing": false
    },
    {
        "symbol": "SLQT",
        "company": "SelectQuote, Inc.",
        "change_pct": 7.38,
        "premarket": 1.31,
        "volume": 2680,
        "category": "g",
        "source": "tv",
        "shortable": true,
        "exchange_name": "NYSE",
        "market_cap": 203.3214,
        "existing": false
    },
    {
        "symbol": "TLSA",
        "company": "Tiziana Life Sciences Ltd",
        "change_pct": 7.29,
        "premarket": 0.78,
        "volume": 400,
        "category": "g",
        "source": "tv",
        "shortable": true,
        "exchange_name": "NASD",
        "market_cap": 74.35219,
        "existing": false
    }
]