[
    {
        "symbol": "AWIN",
        "company": "AERWINS Technologies Inc.",
        "change_pct": 117.22,
        "premarket": 0.2624,
        "volume": 44620000,
        "category": "g",
        "source": "tv",
        "shortable": true,
        "exchange_name": "N/A",
        "market_cap": 0,
        "existing": false
    },
    {
        "symbol": "ICCM",
        "company": "IceCure Medical Ltd.",
        "change_pct": 68.38,
        "premarket": 0.9096,
        "volume": 16893000,
        "category": "g",
        "source": "tv",
        "shortable": true,
        "exchange_name": "N/A",
        "market_cap": 0,
        "existing": false
    },
    {
        "symbol": "NVTA",
        "company": "Invitae Corporation",
        "change_pct": 38.14,
        "premarket": 0.836,
        "volume": 12403000,
        "category": "g",
        "source": "tv",
        "shortable": true,
        "exchange_name": "N/A",
        "market_cap": 0,
        "existing": false
    },
    {
        "symbol": "ACAQ",
        "company": "Athena Consumer Acquisition Corp.",
        "change_pct": 31.37,
        "premarket": 9.8,
        "volume": 5614,
        "category": "g",
        "source": "tv",
        "shortable": true,
        "exchange_name": "N/A",
        "market_cap": 0,
        "existing": false
    },
    {
        "symbol": "RVLP",
        "company": "RVL Pharmaceuticals plc",
        "change_pct": 28.18,
        "premarket": 0.111,
        "volume": 23930000,
        "category": "g",
        "source": "tv",
        "shortable": true,
        "exchange_name": "N/A",
        "market_cap": 0,
        "existing": false
    },
    {
        "symbol": "FEMY",
        "company": "Femasys Inc.",
        "change_pct": 25.5,
        "premarket": 3.74,
        "volume": 6578000,
        "category": "g",
        "source": "tv",
        "shortable": true,
        "exchange_name": "N/A",
        "market_cap": 0,
        "existing": false
    },
    {
        "symbol": "ICU",
        "company": "SeaStar Medical Holding Corporation",
        "change_pct": 23.11,
        "premarket": 0.325,
        "volume": 9113000,
        "category": "g",
        "source": "tv",
        "shortable": true,
        "exchange_name": "N/A",
        "market_cap": 0,
        "existing": false
    },
    {
        "symbol": "INM",
        "company": "InMed Pharmaceuticals Inc.",
        "change_pct": 18.3,
        "premarket": 0.828,
        "volume": 800,
        "category": "g",
        "source": "tv",
        "shortable": true,
        "exchange_name": "N/A",
        "market_cap": 0,
        "existing": false
    },
    {
        "symbol": "SNES",
        "company": "SenesTech, Inc.",
        "change_pct": 14.29,
        "premarket": 0.48,
        "volume": 3227,
        "category": "g",
        "source": "tv",
        "shortable": true,
        "exchange_name": "N/A",
        "market_cap": 0,
        "existing": false
    },
    {
        "symbol": "PBI",
        "company": "Pitney Bowes Inc.",
        "change_pct": 13.25,
        "premarket": 3.42,
        "volume": 69983,
        "category": "g",
        "source": "tv",
        "shortable": true,
        "exchange_name": "N/A",
        "market_cap": 0,
        "existing": false
    },
    {
        "symbol": "BWV",
        "company": "Blue Water Biotech, Inc.",
        "change_pct": 12.94,
        "premarket": 0.5778,
        "volume": 505,
        "category": "g",
        "source": "tv",
        "shortable": true,
        "exchange_name": "N/A",
        "market_cap": 0,
        "existing": false
    },
    {
        "symbol": "STIX",
        "company": "Semantix, Inc.",
        "change_pct": 12.85,
        "premarket": 2.02,
        "volume": 6078,
        "category": "g",
        "source": "tv",
        "shortable": true,
        "exchange_name": "N/A",
        "market_cap": 0,
        "existing": false
    },
    {
        "symbol": "PZG",
        "company": "Paramount Gold Nevada Corp.",
        "change_pct": 12.76,
        "premarket": 0.32,
        "volume": 991,
        "category": "g",
        "source": "tv",
        "shortable": true,
        "exchange_name": "N/A",
        "market_cap": 0,
        "existing": false
    },
    {
        "symbol": "SXTP",
        "company": "60 Degrees Pharmaceuticals, Inc.",
        "change_pct": 12.16,
        "premarket": 0.83,
        "volume": 4615,
        "category": "g",
        "source": "tv",
        "shortable": true,
        "exchange_name": "N/A",
        "market_cap": 0,
        "existing": false
    },
    {
        "symbol": "ELIQ",
        "company": "Electriq Power Holdings, Inc.",
        "change_pct": 11.36,
        "premarket": 1.96,
        "volume": 1055,
        "category": "g",
        "source": "tv",
        "shortable": true,
        "exchange_name": "N/A",
        "market_cap": 0,
        "existing": false
    },
    {
        "symbol": "ISUN",
        "company": "iSun, Inc.",
        "change_pct": 11.16,
        "premarket": 0.25,
        "volume": 26265,
        "category": "g",
        "source": "tv",
        "shortable": true,
        "exchange_name": "N/A",
        "market_cap": 0,
        "existing": false
    },
    {
        "symbol": "SGD",
        "company": "Safe and Green Development Corporation",
        "change_pct": 10.96,
        "premarket": 1.62,
        "volume": 800,
        "category": "g",
        "source": "tv",
        "shortable": true,
        "exchange_name": "N/A",
        "market_cap": 0,
        "existing": false
    },
    {
        "symbol": "EVOK",
        "company": "Evoke Pharma, Inc.",
        "change_pct": 10.87,
        "premarket": 1.53,
        "volume": 2138,
        "category": "g",
        "source": "tv",
        "shortable": true,
        "exchange_name": "N/A",
        "market_cap": 0,
        "existing": false
    },
    {
        "symbol": "TGL",
        "company": "Treasure Global Inc.",
        "change_pct": 10.19,
        "premarket": 0.2823,
        "volume": 220969,
        "category": "g",
        "source": "tv",
        "shortable": true,
        "exchange_name": "N/A",
        "market_cap": 0,
        "existing": false
    },
    {
        "symbol": "CIFR",
        "company": "Cipher Mining Inc.",
        "change_pct": 9.87,
        "premarket": 2.56,
        "volume": 14500,
        "category": "g",
        "source": "tv",
        "shortable": true,
        "exchange_name": "N/A",
        "market_cap": 0,
        "existing": false
    },
    {
        "symbol": "NRXP",
        "company": "NRX Pharmaceuticals, Inc.",
        "change_pct": 9.62,
        "premarket": 0.285,
        "volume": 1073000,
        "category": "g",
        "source": "tv",
        "shortable": true,
        "exchange_name": "N/A",
        "market_cap": 0,
        "existing": false
    },
    {
        "symbol": "GREE",
        "company": "Greenidge Generation Holdings Inc.",
        "change_pct": 9.54,
        "premarket": 4.48,
        "volume": 8400,
        "category": "g",
        "source": "tv",
        "shortable": true,
        "exchange_name": "N/A",
        "market_cap": 0,
        "existing": false
    },
    {
        "symbol": "NEXI",
        "company": "NexImmune, Inc.",
        "change_pct": 9.53,
        "premarket": 0.2299,
        "volume": 100,
        "category": "g",
        "source": "tv",
        "shortable": true,
        "exchange_name": "N/A",
        "market_cap": 0,
        "existing": false
    },
    {
        "symbol": "MIGI",
        "company": "Mawson Infrastructure Group Inc.",
        "change_pct": 9.19,
        "premarket": 0.6,
        "volume": 1100,
        "category": "g",
        "source": "tv",
        "shortable": true,
        "exchange_name": "N/A",
        "market_cap": 0,
        "existing": false
    },
    {
        "symbol": "APDN",
        "company": "Applied DNA Sciences, Inc.",
        "change_pct": 9.08,
        "premarket": 1.32,
        "volume": 426,
        "category": "g",
        "source": "tv",
        "shortable": true,
        "exchange_name": "N/A",
        "market_cap": 0,
        "existing": false
    },
    {
        "symbol": "SDC",
        "company": "SmileDirectClub, Inc.",
        "change_pct": -58.89,
        "premarket": 0.1706,
        "volume": 3707000,
        "category": "l",
        "source": "tv",
        "shortable": true,
        "exchange_name": "N/A",
        "market_cap": 0,
        "existing": false
    },
    {
        "symbol": "INBS",
        "company": "Intelligent Bio Solutions Inc.",
        "change_pct": -58.21,
        "premarket": 0.43,
        "volume": 393141,
        "category": "l",
        "source": "tv",
        "shortable": true,
        "exchange_name": "N/A",
        "market_cap": 0,
        "existing": false
    },
    {
        "symbol": "SSU",
        "company": "SIGNA Sports",
        "change_pct": -29.84,
        "premarket": 0.193,
        "volume": 141894,
        "category": "l",
        "source": "tv",
        "shortable": true,
        "exchange_name": "N/A",
        "market_cap": 0,
        "existing": false
    },
    {
        "symbol": "ARMK",
        "company": "Aramark",
        "change_pct": -23.0,
        "premarket": 26.72,
        "volume": 752,
        "category": "l",
        "source": "tv",
        "shortable": true,
        "exchange_name": "N/A",
        "market_cap": 0,
        "existing": false
    },
    {
        "symbol": "BRQS",
        "company": "Borqs Technologies, Inc.",
        "change_pct": -14.71,
        "premarket": 0.1525,
        "volume": 150271,
        "category": "l",
        "source": "tv",
        "shortable": true,
        "exchange_name": "N/A",
        "market_cap": 0,
        "existing": false
    },
    {
        "symbol": "NXL",
        "company": "Nexalin Technology, Inc.",
        "change_pct": -14.71,
        "premarket": 0.3752,
        "volume": 120,
        "category": "l",
        "source": "tv",
        "shortable": true,
        "exchange_name": "N/A",
        "market_cap": 0,
        "existing": false
    },
    {
        "symbol": "CFFE",
        "company": "CF Acquisition Corp. VIII",
        "change_pct": -13.55,
        "premarket": 22.46,
        "volume": 1152,
        "category": "l",
        "source": "tv",
        "shortable": true,
        "exchange_name": "N/A",
        "market_cap": 0,
        "existing": false
    },
    {
        "symbol": "VSME",
        "company": "VS Media Holdings Limited",
        "change_pct": -13.02,
        "premarket": 3.74,
        "volume": 46743,
        "category": "l",
        "source": "tv",
        "shortable": true,
        "exchange_name": "N/A",
        "market_cap": 0,
        "existing": false
    },
    {
        "symbol": "CREX",
        "company": "Creative Realities, Inc.",
        "change_pct": -12.9,
        "premarket": 1.35,
        "volume": 100,
        "category": "l",
        "source": "tv",
        "shortable": true,
        "exchange_name": "N/A",
        "market_cap": 0,
        "existing": false
    },
    {
        "symbol": "PEV",
        "company": "Phoenix Motor Inc.",
        "change_pct": -12.71,
        "premarket": 0.95,
        "volume": 4365,
        "category": "l",
        "source": "tv",
        "shortable": true,
        "exchange_name": "N/A",
        "market_cap": 0,
        "existing": false
    },
    {
        "symbol": "DHR",
        "company": "Danaher Corporation",
        "change_pct": -12.02,
        "premarket": 218.29,
        "volume": 6903,
        "category": "l",
        "source": "tv",
        "shortable": true,
        "exchange_name": "N/A",
        "market_cap": 0,
        "existing": false
    },
    {
        "symbol": "SYRA",
        "company": "Syra Health Corp.",
        "change_pct": -11.67,
        "premarket": 2.65,
        "volume": 13265,
        "category": "l",
        "source": "tv",
        "shortable": true,
        "exchange_name": "N/A",
        "market_cap": 0,
        "existing": false
    },
    {
        "symbol": "SGBX",
        "company": "Safe & Green Holdings Corp.",
        "change_pct": -11.67,
        "premarket": 0.53,
        "volume": 30176,
        "category": "l",
        "source": "tv",
        "shortable": true,
        "exchange_name": "N/A",
        "market_cap": 0,
        "existing": false
    },
    {
        "symbol": "RSLS",
        "company": "ReShape Lifesciences, Inc.",
        "change_pct": -11.54,
        "premarket": 0.299,
        "volume": 54363,
        "category": "l",
        "source": "tv",
        "shortable": true,
        "exchange_name": "N/A",
        "market_cap": 0,
        "existing": false
    },
    {
        "symbol": "SYBX",
        "company": "Synlogic, Inc.",
        "change_pct": -11.03,
        "premarket": 2.5,
        "volume": 184,
        "category": "l",
        "source": "tv",
        "shortable": true,
        "exchange_name": "N/A",
        "market_cap": 0,
        "existing": false
    },
    {
        "symbol": "VTGN",
        "company": "VistaGen Therapeutics, Inc.",
        "change_pct": -10.5,
        "premarket": 4.69,
        "volume": 54651,
        "category": "l",
        "source": "tv",
        "shortable": true,
        "exchange_name": "N/A",
        "market_cap": 0,
        "existing": false
    },
    {
        "symbol": "MTC",
        "company": "MMTec, Inc.",
        "change_pct": -10.25,
        "premarket": 0.4615,
        "volume": 778,
        "category": "l",
        "source": "tv",
        "shortable": true,
        "exchange_name": "N/A",
        "market_cap": 0,
        "existing": false
    },
    {
        "symbol": "BROG",
        "company": "Brooge Energy Limited",
        "change_pct": -9.99,
        "premarket": 5.01,
        "volume": 498,
        "category": "l",
        "source": "tv",
        "shortable": true,
        "exchange_name": "N/A",
        "market_cap": 0,
        "existing": false
    },
    {
        "symbol": "FATH",
        "company": "Fathom Digital Manufacturing Corporation",
        "change_pct": -9.98,
        "premarket": 5.18,
        "volume": 145,
        "category": "l",
        "source": "tv",
        "shortable": true,
        "exchange_name": "N/A",
        "market_cap": 0,
        "existing": false
    },
    {
        "symbol": "DMK",
        "company": "DMK Pharmaceuticals Corporation",
        "change_pct": -9.04,
        "premarket": 0.6267,
        "volume": 15389,
        "category": "l",
        "source": "tv",
        "shortable": true,
        "exchange_name": "N/A",
        "market_cap": 0,
        "existing": false
    },
    {
        "symbol": "BXRX",
        "company": "Baudax Bio, Inc.",
        "change_pct": -8.94,
        "premarket": 0.337,
        "volume": 220626,
        "category": "l",
        "source": "tv",
        "shortable": true,
        "exchange_name": "N/A",
        "market_cap": 0,
        "existing": false
    },
    {
        "symbol": "MGAM",
        "company": "Mobile Global Esports Inc.",
        "change_pct": -8.72,
        "premarket": 0.316,
        "volume": 1051,
        "category": "l",
        "source": "tv",
        "shortable": true,
        "exchange_name": "N/A",
        "market_cap": 0,
        "existing": false
    },
    {
        "symbol": "SNDX",
        "company": "Syndax Pharmaceuticals, Inc.",
        "change_pct": -8.47,
        "premarket": 13.29,
        "volume": 1341000,
        "category": "l",
        "source": "tv",
        "shortable": true,
        "exchange_name": "N/A",
        "market_cap": 0,
        "existing": false
    },
    {
        "symbol": "VLCN",
        "company": "Volcon, Inc.",
        "change_pct": -8.34,
        "premarket": 0.4629,
        "volume": 4689,
        "category": "l",
        "source": "tv",
        "shortable": true,
        "exchange_name": "N/A",
        "market_cap": 0,
        "existing": false
    },
    {
        "symbol": "ESGL",
        "company": "ESGL Holdings Limited",
        "change_pct": -8.0,
        "premarket": 0.4554,
        "volume": 16145,
        "category": "l",
        "source": "tv",
        "shortable": true,
        "exchange_name": "N/A",
        "market_cap": 0,
        "existing": false
    }
]