[
    {
        "symbol": "BWV",
        "company": "Blue Water Biotech, Inc.",
        "change_pct": 106.33,
        "premarket": 1.63,
        "volume": 17314100,
        "category": "g",
        "source": "tv",
        "shortable": true,
        "exchange_name": "NASD",
        "market_cap": 12.56553,
        "existing": false
    },
    {
        "symbol": "WETG",
        "company": "WeTrade Group Inc.",
        "change_pct": 88.39,
        "premarket": 15.9,
        "volume": 1741100,
        "category": "g",
        "source": "tv",
        "shortable": false,
        "exchange_name": "NASD",
        "market_cap": 8.89884,
        "existing": false
    },
    {
        "symbol": "CYXT",
        "company": "Cyxtera Technologies, Inc.",
        "change_pct": 63.88,
        "premarket": 0.0685,
        "volume": 89644100,
        "category": "g",
        "source": "tv",
        "shortable": true,
        "exchange_name": "NASD",
        "market_cap": 7.53727,
        "existing": false
    },
    {
        "symbol": "WISA",
        "company": "WiSA Technologies, Inc.",
        "change_pct": 38.8,
        "premarket": 1.79,
        "volume": 6698100,
        "category": "g",
        "source": "tv",
        "shortable": true,
        "exchange_name": "NASD",
        "market_cap": 4.90452,
        "existing": false
    },
    {
        "symbol": "NEXT",
        "company": "NextDecade Corporation",
        "change_pct": 29.63,
        "premarket": 6.65,
        "volume": 1140100,
        "category": "g",
        "source": "tv",
        "shortable": true,
        "exchange_name": "NASD",
        "market_cap": 772.4068,
        "existing": false
    },
    {
        "symbol": "AGRX",
        "company": "Agile Therapeutics, Inc.",
        "change_pct": 16.43,
        "premarket": 4.18,
        "volume": 583856,
        "category": "g",
        "source": "tv",
        "shortable": true,
        "exchange_name": "NASD",
        "market_cap": 10.51267,
        "existing": false
    },
    {
        "symbol": "ASST",
        "company": "Asset Entities Inc.",
        "change_pct": 16.11,
        "premarket": 2.09,
        "volume": 1186100,
        "category": "g",
        "source": "tv",
        "shortable": false,
        "exchange_name": "NASD",
        "market_cap": 24.5898,
        "existing": false
    },
    {
        "symbol": "NHWK",
        "company": "NightHawk Biosciences, Inc.",
        "change_pct": 15.78,
        "premarket": 0.7199,
        "volume": 2078100,
        "category": "g",
        "source": "tv",
        "shortable": true,
        "exchange_name": "AMEX",
        "market_cap": 71.89196,
        "existing": false
    },
    {
        "symbol": "AKYA",
        "company": "Akoya BioSciences, Inc.",
        "change_pct": 14.35,
        "premarket": 7.49,
        "volume": 79685,
        "category": "g",
        "source": "tv",
        "shortable": true,
        "exchange_name": "NASD",
        "market_cap": 251.5565,
        "existing": false
    },
    {
        "symbol": "ONCR",
        "company": "Oncorus, Inc.",
        "change_pct": 13.15,
        "premarket": 0.0826,
        "volume": 10726100,
        "category": "g",
        "source": "tv",
        "shortable": true,
        "exchange_name": "NASD",
        "market_cap": 1.90492,
        "existing": false
    },
    {
        "symbol": "MAXN",
        "company": "Maxeon Solar Technologies, Ltd.",
        "change_pct": 12.76,
        "premarket": 32.25,
        "volume": 32706,
        "category": "g",
        "source": "tv",
        "shortable": true,
        "exchange_name": "NASD",
        "market_cap": 1502.353,
        "existing": false
    },
    {
        "symbol": "NKLA",
        "company": "Nikola Corporation",
        "change_pct": 12.69,
        "premarket": 1.03,
        "volume": 5385100,
        "category": "g",
        "source": "tv",
        "shortable": true,
        "exchange_name": "NASD",
        "market_cap": 655.1432,
        "existing": false
    },
    {
        "symbol": "APYX",
        "company": "Apyx Medical Corporation",
        "change_pct": 11.99,
        "premarket": 7.75,
        "volume": 8885,
        "category": "g",
        "source": "tv",
        "shortable": true,
        "exchange_name": "NASD",
        "market_cap": 239.4169,
        "existing": false
    },
    {
        "symbol": "IDEX",
        "company": "Ideanomics, Inc.",
        "change_pct": 11.61,
        "premarket": 0.1029,
        "volume": 30123100,
        "category": "g",
        "source": "tv",
        "shortable": true,
        "exchange_name": "NASD",
        "market_cap": 72.56345,
        "existing": false
    },
    {
        "symbol": "NLSP",
        "company": "NLS Pharmaceutics Ltd.",
        "change_pct": 11.46,
        "premarket": 1.07,
        "volume": 7219,
        "category": "g",
        "source": "tv",
        "shortable": false,
        "exchange_name": "NASD",
        "market_cap": 31.13174,
        "existing": false
    },
    {
        "symbol": "LUMN",
        "company": "Lumen Technologies, Inc.",
        "change_pct": 11.27,
        "premarket": 2.37,
        "volume": 1428100,
        "category": "g",
        "source": "tv",
        "shortable": true,
        "exchange_name": "NYSE",
        "market_cap": 2139.213,
        "existing": false
    },
    {
        "symbol": "EEIQ",
        "company": "EpicQuest Education Group International Limited",
        "change_pct": 10.29,
        "premarket": 1.93,
        "volume": 300,
        "category": "g",
        "source": "tv",
        "shortable": false,
        "exchange_name": "NASD",
        "market_cap": 20.01861,
        "existing": false
    },
    {
        "symbol": "STAF",
        "company": "Staffing 360 Solutions, Inc.",
        "change_pct": 10.25,
        "premarket": 0.8,
        "volume": 1690,
        "category": "g",
        "source": "tv",
        "shortable": true,
        "exchange_name": "NASD",
        "market_cap": 3.12808,
        "existing": false
    },
    {
        "symbol": "GWAV",
        "company": "Greenwave Technology Solutions, Inc.",
        "change_pct": 9.93,
        "premarket": 0.89,
        "volume": 5495,
        "category": "g",
        "source": "tv",
        "shortable": false,
        "exchange_name": "NASD",
        "market_cap": 9.10866,
        "existing": false
    },
    {
        "symbol": "AUVI",
        "company": "Applied UV, Inc.",
        "change_pct": 9.5,
        "premarket": 1.96,
        "volume": 5661099,
        "category": "g",
        "source": "tv",
        "shortable": true,
        "exchange_name": "NASD",
        "market_cap": 6.92344,
        "existing": false
    },
    {
        "symbol": "ADTH",
        "company": "AdTheorent Holding Company, Inc.",
        "change_pct": 9.36,
        "premarket": 1.87,
        "volume": 200,
        "category": "g",
        "source": "tv",
        "shortable": true,
        "exchange_name": "NASD",
        "market_cap": 150.1557,
        "existing": false
    },
    {
        "symbol": "TPH",
        "company": "Tri Pointe Homes, Inc.",
        "change_pct": 9.09,
        "premarket": 36.0,
        "volume": 1000,
        "category": "g",
        "source": "tv",
        "shortable": true,
        "exchange_name": "NYSE",
        "market_cap": 3303.243,
        "existing": false
    },
    {
        "symbol": "INVO",
        "company": "INVO BioScience, Inc.",
        "change_pct": 9.0,
        "premarket": 0.207,
        "volume": 499868,
        "category": "g",
        "source": "tv",
        "shortable": true,
        "exchange_name": "NASD",
        "market_cap": 2.65315,
        "existing": false
    },
    {
        "symbol": "TTOO",
        "company": "T2 Biosystems, Inc.",
        "change_pct": 8.99,
        "premarket": 0.0679,
        "volume": 36398100,
        "category": "g",
        "source": "tv",
        "shortable": true,
        "exchange_name": "NASD",
        "market_cap": 1.55051,
        "existing": false
    },
    {
        "symbol": "CYH",
        "company": "Community Health Systems, Inc.",
        "change_pct": 8.78,
        "premarket": 4.46,
        "volume": 24711,
        "category": "g",
        "source": "tv",
        "shortable": true,
        "exchange_name": "NYSE",
        "market_cap": 560.6439,
        "existing": false
    },
    {
        "symbol": "PMVP",
        "company": "PMV Pharmaceuticals, Inc.",
        "change_pct": 8.72,
        "premarket": 6.36,
        "volume": 5000,
        "category": "g",
        "source": "tv",
        "shortable": true,
        "exchange_name": "NASD",
        "market_cap": 267.7864,
        "existing": false
    },
    {
        "symbol": "STRR",
        "company": "Star Equity Holdings, Inc.",
        "change_pct": 8.7,
        "premarket": 1.25,
        "volume": 400,
        "category": "g",
        "source": "tv",
        "shortable": true,
        "exchange_name": "NASD",
        "market_cap": 17.4755,
        "existing": false
    },
    {
        "symbol": "VEDU",
        "company": "Visionary Education Technology Holdings Group Inc.",
        "change_pct": 8.51,
        "premarket": 0.51,
        "volume": 265258,
        "category": "g",
        "source": "tv",
        "shortable": false,
        "exchange_name": "NASD",
        "market_cap": 18.4475,
        "existing": false
    },
    {
        "symbol": "ACHR",
        "company": "Archer Aviation Inc.",
        "change_pct": 8.4,
        "premarket": 4.77,
        "volume": 266149,
        "category": "g",
        "source": "tv",
        "shortable": true,
        "exchange_name": "NYSE",
        "market_cap": 1088.769,
        "existing": false
    },
    {
        "symbol": "DRMA",
        "company": "Dermata Therapeutics, Inc.",
        "change_pct": 8.38,
        "premarket": 1.94,
        "volume": 1000,
        "category": "g",
        "source": "tv",
        "shortable": true,
        "exchange_name": "NASD",
        "market_cap": 5.09561,
        "existing": false
    },
    {
        "symbol": "ALPP",
        "company": "Alpine 4 Holdings, Inc.",
        "change_pct": 8.21,
        "premarket": 2.9,
        "volume": 2682,
        "category": "g",
        "source": "tv",
        "shortable": true,
        "exchange_name": "NASD",
        "market_cap": 60.31251,
        "existing": false
    },
    {
        "symbol": "BTTR",
        "company": "Better Choice Company Inc.",
        "change_pct": 8.13,
        "premarket": 0.2701,
        "volume": 27175,
        "category": "g",
        "source": "tv",
        "shortable": true,
        "exchange_name": "AMEX",
        "market_cap": 104.4389,
        "existing": false
    },
    {
        "symbol": "PLUG",
        "company": "Plug Power, Inc.",
        "change_pct": 8.07,
        "premarket": 11.79,
        "volume": 2624100,
        "category": "g",
        "source": "tv",
        "shortable": true,
        "exchange_name": "NASD",
        "market_cap": 6551.856,
        "existing": false
    },
    {
        "symbol": "ACOR",
        "company": "Acorda Therapeutics, Inc.",
        "change_pct": 8.03,
        "premarket": 11.16,
        "volume": 235,
        "category": "g",
        "source": "tv",
        "shortable": true,
        "exchange_name": "NASD",
        "market_cap": 12.57042,
        "existing": false
    },
    {
        "symbol": "CADL",
        "company": "Candel Therapeutics, Inc.",
        "change_pct": 7.59,
        "premarket": 1.7,
        "volume": 100,
        "category": "g",
        "source": "tv",
        "shortable": true,
        "exchange_name": "NASD",
        "market_cap": 45.6933,
        "existing": false
    },
    {
        "symbol": "RELI",
        "company": "Reliance Global Group, Inc.",
        "change_pct": 7.46,
        "premarket": 4.9,
        "volume": 5356,
        "category": "g",
        "source": "tv",
        "shortable": true,
        "exchange_name": "NASD",
        "market_cap": 7.43758,
        "existing": false
    },
    {
        "symbol": "VEEE",
        "company": "Twin Vee PowerCats Co.",
        "change_pct": 7.39,
        "premarket": 2.18,
        "volume": 166,
        "category": "g",
        "source": "tv",
        "shortable": false,
        "exchange_name": "NASD",
        "market_cap": 19.3256,
        "existing": false
    },
    {
        "symbol": "PCSA",
        "company": "Processa Pharmaceuticals, Inc.",
        "change_pct": 7.32,
        "premarket": 0.7407,
        "volume": 2050,
        "category": "g",
        "source": "tv",
        "shortable": true,
        "exchange_name": "NASD",
        "market_cap": 16.93162,
        "existing": false
    },
    {
        "symbol": "LIQT",
        "company": "LiqTech International, Inc.",
        "change_pct": 7.23,
        "premarket": 4.15,
        "volume": 300,
        "category": "g",
        "source": "tv",
        "shortable": true,
        "exchange_name": "NASD",
        "market_cap": 21.90006,
        "existing": false
    },
    {
        "symbol": "VRAX",
        "company": "Virax Biolabs Group Limited",
        "change_pct": 7.21,
        "premarket": 0.43,
        "volume": 328579,
        "category": "g",
        "source": "tv",
        "shortable": true,
        "exchange_name": "NASD",
        "market_cap": 6.23594,
        "existing": false
    }
]