[
    {
        "symbol": "ABOS",
        "company": "Acumen Pharmaceuticals, Inc.",
        "change_pct": 81.53,
        "premarket": 11.4,
        "volume": 8598000,
        "category": "g",
        "source": "tv",
        "shortable": true,
        "exchange_name": "NASD",
        "market_cap": 257.6374,
        "existing": false
    },
    {
        "symbol": "BBIO",
        "company": "BridgeBio Pharma, Inc.",
        "change_pct": 49.4,
        "premarket": 27.22,
        "volume": 3892000,
        "category": "g",
        "source": "tv",
        "shortable": true,
        "exchange_name": "NASD",
        "market_cap": 2924.328,
        "existing": false
    },
    {
        "symbol": "NVFY",
        "company": "Nova Lifestyle, Inc",
        "change_pct": 38.74,
        "premarket": 3.08,
        "volume": 2015000,
        "category": "g",
        "source": "tv",
        "shortable": true,
        "exchange_name": "NASD",
        "market_cap": 3.21384,
        "existing": false
    },
    {
        "symbol": "HCTI",
        "company": "Healthcare Triangle, Inc.",
        "change_pct": 35.34,
        "premarket": 4.94,
        "volume": 1761000,
        "category": "g",
        "source": "tv",
        "shortable": false,
        "exchange_name": "NASD",
        "market_cap": 15.61425,
        "existing": false
    },
    {
        "symbol": "AWIN",
        "company": "AERWINS Technologies Inc.",
        "change_pct": 30.26,
        "premarket": 0.7425,
        "volume": 4639000,
        "category": "g",
        "source": "tv",
        "shortable": false,
        "exchange_name": "NASD",
        "market_cap": 31.99972,
        "existing": false
    },
    {
        "symbol": "LIXT",
        "company": "Lixte Biotechnology Holdings, Inc.",
        "change_pct": 24.31,
        "premarket": 6.75,
        "volume": 177080,
        "category": "g",
        "source": "tv",
        "shortable": false,
        "exchange_name": "NASD",
        "market_cap": 9.04589,
        "existing": false
    },
    {
        "symbol": "COYA",
        "company": "Coya Therapeutics, Inc.",
        "change_pct": 18.45,
        "premarket": 4.75,
        "volume": 298793,
        "category": "g",
        "source": "tv",
        "shortable": true,
        "exchange_name": "NASD",
        "market_cap": 39.89114,
        "existing": false
    },
    {
        "symbol": "PRFX",
        "company": "PainReform Ltd.",
        "change_pct": 17.9,
        "premarket": 9.55,
        "volume": 371890,
        "category": "g",
        "source": "tv",
        "shortable": false,
        "exchange_name": "NASD",
        "market_cap": 8.68412,
        "existing": false
    },
    {
        "symbol": "PRDS",
        "company": "Pardes Biosciences, Inc.",
        "change_pct": 15.68,
        "premarket": 2.14,
        "volume": 498708,
        "category": "g",
        "source": "tv",
        "shortable": false,
        "exchange_name": "NASD",
        "market_cap": 114.176,
        "existing": false
    },
    {
        "symbol": "AGFY",
        "company": "Agrify Corporation",
        "change_pct": 15.51,
        "premarket": 3.5,
        "volume": 150,
        "category": "g",
        "source": "tv",
        "shortable": true,
        "exchange_name": "NASD",
        "market_cap": 4.91753,
        "existing": false
    },
    {
        "symbol": "MNK",
        "company": "Mallinckrodt plc",
        "change_pct": 15.05,
        "premarket": 1.0999,
        "volume": 101,
        "category": "g",
        "source": "tv",
        "shortable": false,
        "exchange_name": "AMEX",
        "market_cap": 63.44173,
        "existing": false
    },
    {
        "symbol": "GFOR",
        "company": "Graf Acquisition Corp. IV",
        "change_pct": 14.07,
        "premarket": 12.0,
        "volume": 150,
        "category": "g",
        "source": "tv",
        "shortable": false,
        "exchange_name": "NYSE",
        "market_cap": 109.1332,
        "existing": false
    },
    {
        "symbol": "TVTX",
        "company": "Travere Therapeutics, Inc.",
        "change_pct": 13.98,
        "premarket": 17.45,
        "volume": 3713,
        "category": "g",
        "source": "tv",
        "shortable": true,
        "exchange_name": "NASD",
        "market_cap": 1142.247,
        "existing": false
    },
    {
        "symbol": "ID",
        "company": "PARTS iD, Inc.",
        "change_pct": 13.71,
        "premarket": 0.4719,
        "volume": 69342,
        "category": "g",
        "source": "tv",
        "shortable": false,
        "exchange_name": "AMEX",
        "market_cap": 206.3389,
        "existing": false
    },
    {
        "symbol": "INM",
        "company": "InMed Pharmaceuticals Inc.",
        "change_pct": 13.53,
        "premarket": 1.09,
        "volume": 1008,
        "category": "g",
        "source": "tv",
        "shortable": true,
        "exchange_name": "NASD",
        "market_cap": 3.1954,
        "existing": false
    },
    {
        "symbol": "BKI",
        "company": "Black Knight, Inc.",
        "change_pct": 13.45,
        "premarket": 69.5,
        "volume": 132009,
        "category": "g",
        "source": "tv",
        "shortable": true,
        "exchange_name": "NYSE",
        "market_cap": 9603.208,
        "existing": false
    },
    {
        "symbol": "GNTY",
        "company": "Guaranty Bancshares, Inc.",
        "change_pct": 12.49,
        "premarket": 30.0,
        "volume": 290,
        "category": "g",
        "source": "tv",
        "shortable": true,
        "exchange_name": "NYSE",
        "market_cap": 314.7267,
        "existing": false
    },
    {
        "symbol": "BRQS",
        "company": "Borqs Technologies, Inc.",
        "change_pct": 11.39,
        "premarket": 0.2004,
        "volume": 886817,
        "category": "g",
        "source": "tv",
        "shortable": true,
        "exchange_name": "NASD",
        "market_cap": 31.5516,
        "existing": false
    },
    {
        "symbol": "CNSP",
        "company": "CNS Pharmaceuticals, Inc.",
        "change_pct": 10.75,
        "premarket": 2.37,
        "volume": 101,
        "category": "g",
        "source": "tv",
        "shortable": true,
        "exchange_name": "NASD",
        "market_cap": 8.86675,
        "existing": false
    },
    {
        "symbol": "SKIL",
        "company": "Skillsoft Corp.",
        "change_pct": 10.18,
        "premarket": 1.5,
        "volume": 55319,
        "category": "g",
        "source": "tv",
        "shortable": true,
        "exchange_name": "NYSE",
        "market_cap": 217.0399,
        "existing": false
    },
    {
        "symbol": "RIVN",
        "company": "Rivian Automotive, Inc.",
        "change_pct": -3.91,
        "premarket": 23.85,
        "volume": 2455000,
        "category": "l",
        "source": "tv",
        "shortable": true,
        "exchange_name": "NASD",
        "market_cap": 23314.29,
        "existing": false
    },
    {
        "symbol": "AGCO",
        "company": "AGCO Corporation",
        "change_pct": -5.0,
        "premarket": 128.07,
        "volume": 200,
        "category": "l",
        "source": "tv",
        "shortable": true,
        "exchange_name": "NYSE",
        "market_cap": 10092.44,
        "existing": false
    },
    {
        "symbol": "APLS",
        "company": "Apellis Pharmaceuticals, Inc.",
        "change_pct": -25.86,
        "premarket": 62.65,
        "volume": 1335000,
        "category": "l",
        "source": "tv",
        "shortable": true,
        "exchange_name": "NASD",
        "market_cap": 9840.617,
        "existing": false
    },
    {
        "symbol": "CYN",
        "company": "Cyngn Inc.",
        "change_pct": -5.0,
        "premarket": 0.949,
        "volume": 119,
        "category": "l",
        "source": "tv",
        "shortable": false,
        "exchange_name": "NASD",
        "market_cap": 8934.267,
        "existing": false
    },
    {
        "symbol": "JEF",
        "company": "Jefferies Financial Group Inc.",
        "change_pct": -5.49,
        "premarket": 33.37,
        "volume": 500,
        "category": "l",
        "source": "tv",
        "shortable": true,
        "exchange_name": "NYSE",
        "market_cap": 7800.584,
        "existing": false
    },
    {
        "symbol": "YETI",
        "company": "YETI Holdings, Inc.",
        "change_pct": -5.14,
        "premarket": 40.4,
        "volume": 6368,
        "category": "l",
        "source": "tv",
        "shortable": true,
        "exchange_name": "NYSE",
        "market_cap": 3690.386,
        "existing": false
    },
    {
        "symbol": "STAA",
        "company": "STAAR Surgical Company",
        "change_pct": -3.21,
        "premarket": 54.5,
        "volume": 4155,
        "category": "l",
        "source": "tv",
        "shortable": true,
        "exchange_name": "NASD",
        "market_cap": 2721.645,
        "existing": false
    },
    {
        "symbol": "GLNG",
        "company": "Golar LNG Limited",
        "change_pct": -4.05,
        "premarket": 22.5,
        "volume": 300,
        "category": "l",
        "source": "tv",
        "shortable": true,
        "exchange_name": "NASD",
        "market_cap": 2518.53,
        "existing": false
    },
    {
        "symbol": "NKLA",
        "company": "Nikola Corporation",
        "change_pct": -4.44,
        "premarket": 2.15,
        "volume": 5612000,
        "category": "l",
        "source": "tv",
        "shortable": true,
        "exchange_name": "NASD",
        "market_cap": 1612.771,
        "existing": false
    },
    {
        "symbol": "LESL",
        "company": "Leslie's, Inc.",
        "change_pct": -3.58,
        "premarket": 6.46,
        "volume": 80668,
        "category": "l",
        "source": "tv",
        "shortable": true,
        "exchange_name": "NASD",
        "market_cap": 1231.749,
        "existing": false
    },
    {
        "symbol": "LNZA",
        "company": "LanzaTech Global, Inc.",
        "change_pct": -4.9,
        "premarket": 5.63,
        "volume": 500,
        "category": "l",
        "source": "tv",
        "shortable": true,
        "exchange_name": "NASD",
        "market_cap": 1157.073,
        "existing": false
    },
    {
        "symbol": "PIII",
        "company": "P3 Health Partners Inc.",
        "change_pct": -3.46,
        "premarket": 2.51,
        "volume": 950,
        "category": "l",
        "source": "tv",
        "shortable": false,
        "exchange_name": "NASD",
        "market_cap": 813.1785,
        "existing": false
    },
    {
        "symbol": "EBIX",
        "company": "Ebix, Inc.",
        "change_pct": -11.07,
        "premarket": 22.01,
        "volume": 39030,
        "category": "l",
        "source": "tv",
        "shortable": true,
        "exchange_name": "NASD",
        "market_cap": 764.8107,
        "existing": false
    },
    {
        "symbol": "TMC",
        "company": "TMC the metals company Inc.",
        "change_pct": -3.28,
        "premarket": 2.09,
        "volume": 67521,
        "category": "l",
        "source": "tv",
        "shortable": true,
        "exchange_name": "NASD",
        "market_cap": 606.1819,
        "existing": false
    },
    {
        "symbol": "SFWL",
        "company": "Shengfeng Development Limited",
        "change_pct": -4.12,
        "premarket": 6.25,
        "volume": 3196,
        "category": "l",
        "source": "tv",
        "shortable": true,
        "exchange_name": "NASD",
        "market_cap": 537.248,
        "existing": false
    },
    {
        "symbol": "FRGE",
        "company": "Forge Global Holdings, Inc.",
        "change_pct": -6.78,
        "premarket": 2.2,
        "volume": 579,
        "category": "l",
        "source": "tv",
        "shortable": true,
        "exchange_name": "NYSE",
        "market_cap": 410.7344,
        "existing": false
    },
    {
        "symbol": "ALLK",
        "company": "Allakos Inc.",
        "change_pct": -8.72,
        "premarket": 4.24,
        "volume": 100,
        "category": "l",
        "source": "tv",
        "shortable": true,
        "exchange_name": "NASD",
        "market_cap": 402.5055,
        "existing": false
    },
    {
        "symbol": "GOEV",
        "company": "Canoo Inc.",
        "change_pct": -4.78,
        "premarket": 0.673,
        "volume": 4380000,
        "category": "l",
        "source": "tv",
        "shortable": true,
        "exchange_name": "NASD",
        "market_cap": 400.9987,
        "existing": false
    },
    {
        "symbol": "CMPX",
        "company": "Compass Therapeutics, Inc.",
        "change_pct": -3.83,
        "premarket": 2.76,
        "volume": 876,
        "category": "l",
        "source": "tv",
        "shortable": false,
        "exchange_name": "NASD",
        "market_cap": 363.0764,
        "existing": false
    },
    {
        "symbol": "CURV",
        "company": "Torrid Holdings Inc.",
        "change_pct": -3.94,
        "premarket": 2.68,
        "volume": 200,
        "category": "l",
        "source": "tv",
        "shortable": true,
        "exchange_name": "NYSE",
        "market_cap": 289.6793,
        "existing": false
    }
]