{
    "CNEY": {
        "symbol": "CNEY",
        "company": "CN Energy Group Inc.",
        "change_pct": 42.64,
        "premarket": 0.1813,
        "volume": 89,
        "category": "g"
    },
    "LRHC": {
        "symbol": "LRHC",
        "company": "La Rosa Holdings Corp.",
        "change_pct": 35.54,
        "premarket": 0.1655,
        "volume": 70,
        "category": "g"
    },
    "PET": {
        "symbol": "PET",
        "company": "Wag! Group Co.",
        "change_pct": 35.09,
        "premarket": 0.149,
        "volume": 76,
        "category": "g"
    },
    "ZENA": {
        "symbol": "ZENA",
        "company": "ZenaTech, Inc.",
        "change_pct": 32.88,
        "premarket": 2.91,
        "volume": 13,
        "category": "g"
    },
    "AREB": {
        "symbol": "AREB",
        "company": "American Rebel Holdings, Inc.",
        "change_pct": 19.87,
        "premarket": 3.68,
        "volume": 7,
        "category": "g"
    },
    "PI": {
        "symbol": "PI",
        "company": "Impinj, Inc.",
        "change_pct": 19.27,
        "premarket": 91.92,
        "volume": 18,
        "category": "g"
    },
    "CYH": {
        "symbol": "CYH",
        "company": "Community Health Systems, Inc.",
        "change_pct": 15.23,
        "premarket": 2.8,
        "volume": 68,
        "category": "g"
    },
    "FARO": {
        "symbol": "FARO",
        "company": "FARO Technologies, Inc.",
        "change_pct": 13.64,
        "premarket": 30.0,
        "volume": 1,
        "category": "g"
    },
    "LSE": {
        "symbol": "LSE",
        "company": "Leishen Energy Holding Co., Ltd.",
        "change_pct": 13.28,
        "premarket": 5.8,
        "volume": 117,
        "category": "g"
    },
    "AVNS": {
        "symbol": "AVNS",
        "company": "Avanos Medical, Inc.",
        "change_pct": 12.63,
        "premarket": 14.0,
        "volume": 100,
        "category": "g"
    },
    "EPSM": {
        "symbol": "EPSM",
        "company": "Epsium Enterprise Limited",
        "change_pct": 11.52,
        "premarket": 6.0,
        "volume": 22,
        "category": "g"
    },
    "NUWE": {
        "symbol": "NUWE",
        "company": "Nuwellis, Inc.",
        "change_pct": 11.35,
        "premarket": 0.9699,
        "volume": 72,
        "category": "g"
    },
    "LGCB": {
        "symbol": "LGCB",
        "company": "Linkage Global Inc",
        "change_pct": 11.17,
        "premarket": 2.09,
        "volume": 10,
        "category": "g"
    },
    "NRXS": {
        "symbol": "NRXS",
        "company": "Neuraxis, Inc.",
        "change_pct": 10.89,
        "premarket": 2.68,
        "volume": 166,
        "category": "g"
    },
    "ABP": {
        "symbol": "ABP",
        "company": "Abpro Holdings, Inc",
        "change_pct": 10.89,
        "premarket": 0.3595,
        "volume": 155,
        "category": "g"
    },
    "GPUS": {
        "symbol": "GPUS",
        "company": "Hyperscale Data, Inc.",
        "change_pct": 10.4,
        "premarket": 2.23,
        "volume": 255,
        "category": "g"
    },
    "AIRJ": {
        "symbol": "AIRJ",
        "company": "AirJoule Technologies Corporation",
        "change_pct": 10.24,
        "premarket": 5.49,
        "volume": 4,
        "category": "g"
    },
    "NWTN": {
        "symbol": "NWTN",
        "company": "NWTN Inc.",
        "change_pct": 9.79,
        "premarket": 0.415,
        "volume": 100,
        "category": "g"
    },
    "CEP": {
        "symbol": "CEP",
        "company": "Cantor Equity Partners, Inc.",
        "change_pct": 9.7,
        "premarket": 18.1,
        "volume": 1,
        "category": "g"
    },
    "OII": {
        "symbol": "OII",
        "company": "Oceaneering International, Inc.",
        "change_pct": 9.44,
        "premarket": 18.9,
        "volume": 2,
        "category": "g"
    },
    "TXN": {
        "symbol": "TXN",
        "company": "Texas Instruments Incorporated",
        "change_pct": 9.44,
        "premarket": 166.51,
        "volume": 386,
        "category": "g"
    },
    "PLRZ": {
        "symbol": "PLRZ",
        "company": "Polyrizon Ltd.",
        "change_pct": 9.09,
        "premarket": 0.36,
        "volume": 20,
        "category": "g"
    },
    "NOW": {
        "symbol": "NOW",
        "company": "ServiceNow, Inc.",
        "change_pct": 8.89,
        "premarket": 884.95,
        "volume": 42,
        "category": "g"
    },
    "GREE": {
        "symbol": "GREE",
        "company": "Greenidge Generation Holdings Inc.",
        "change_pct": 8.89,
        "premarket": 0.87,
        "volume": 2,
        "category": "g"
    },
    "MBLY": {
        "symbol": "MBLY",
        "company": "Mobileye Global Inc.",
        "change_pct": 8.71,
        "premarket": 14.35,
        "volume": 112,
        "category": "g"
    },
    "PAL": {
        "symbol": "PAL",
        "company": "Proficient Auto Logistics, Inc.",
        "change_pct": 8.71,
        "premarket": 8.99,
        "volume": 166,
        "category": "g"
    },
    "SCLX": {
        "symbol": "SCLX",
        "company": "Scilex Holding Company",
        "change_pct": 8.67,
        "premarket": 4.41,
        "volume": 1,
        "category": "g"
    },
    "SHYF": {
        "symbol": "SHYF",
        "company": "The Shyft Group, Inc.",
        "change_pct": 8.63,
        "premarket": 7.93,
        "volume": 300,
        "category": "g"
    },
    "CADL": {
        "symbol": "CADL",
        "company": "Candel Therapeutics, Inc.",
        "change_pct": 8.61,
        "premarket": 5.17,
        "volume": 406,
        "category": "g"
    },
    "AUID": {
        "symbol": "AUID",
        "company": "authID Inc.",
        "change_pct": 8.57,
        "premarket": 8.49,
        "volume": 516,
        "category": "g"
    },
    "SWAG": {
        "symbol": "SWAG",
        "company": "Stran & Company, Inc.",
        "change_pct": 8.56,
        "premarket": 1.14,
        "volume": 985,
        "category": "g"
    },
    "HAS": {
        "symbol": "HAS",
        "company": "Hasbro, Inc.",
        "change_pct": 8.56,
        "premarket": 57.2,
        "volume": 78,
        "category": "g"
    },
    "PCT": {
        "symbol": "PCT",
        "company": "PureCycle Technologies, Inc.",
        "change_pct": 8.41,
        "premarket": 6.83,
        "volume": 4,
        "category": "g"
    },
    "SYNX": {
        "symbol": "SYNX",
        "company": "Silynxcom Ltd.",
        "change_pct": 8.38,
        "premarket": 1.94,
        "volume": 100,
        "category": "g"
    },
    "ABVE": {
        "symbol": "ABVE",
        "company": "Above Food Ingredients Inc.",
        "change_pct": 8.21,
        "premarket": 0.5877,
        "volume": 19,
        "category": "g"
    },
    "RRGB": {
        "symbol": "RRGB",
        "company": "Red Robin Gourmet Burgers, Inc.",
        "change_pct": 8.21,
        "premarket": 2.9,
        "volume": 26,
        "category": "g"
    },
    "SNT": {
        "symbol": "SNT",
        "company": "Senstar Technologies Corporation",
        "change_pct": 8.18,
        "premarket": 3.44,
        "volume": 4,
        "category": "g"
    },
    "MX": {
        "symbol": "MX",
        "company": "Magnachip Semiconductor Corporation",
        "change_pct": 7.87,
        "premarket": 3.29,
        "volume": 200,
        "category": "g"
    },
    "BENF": {
        "symbol": "BENF",
        "company": "Beneficient",
        "change_pct": 7.84,
        "premarket": 0.2709,
        "volume": 1,
        "category": "g"
    },
    "LNZA": {
        "symbol": "LNZA",
        "company": "LanzaTech Global, Inc.",
        "change_pct": 7.84,
        "premarket": 0.183,
        "volume": 7,
        "category": "g"
    },
    "STRA": {
        "symbol": "STRA",
        "company": "Strategic Education, Inc.",
        "change_pct": 7.8,
        "premarket": 86.4,
        "volume": 500,
        "category": "g"
    },
    "INDI": {
        "symbol": "INDI",
        "company": "indie Semiconductor, Inc.",
        "change_pct": 7.79,
        "premarket": 1.96,
        "volume": 17,
        "category": "g"
    },
    "SDA": {
        "symbol": "SDA",
        "company": "SunCar Technology Group Inc.",
        "change_pct": 7.7,
        "premarket": 3.06,
        "volume": 35,
        "category": "g"
    },
    "OMH": {
        "symbol": "OMH",
        "company": "Ohmyhome Limited",
        "change_pct": 7.35,
        "premarket": 2.19,
        "volume": 500,
        "category": "g"
    },
    "ALZN": {
        "symbol": "ALZN",
        "company": "Alzamend Neuro, Inc.",
        "change_pct": 7.28,
        "premarket": 0.735,
        "volume": 100,
        "category": "g"
    },
    "HZO": {
        "symbol": "HZO",
        "company": "MarineMax, Inc. (FL)",
        "change_pct": 7.25,
        "premarket": 20.72,
        "volume": 900,
        "category": "g"
    },
    "HG": {
        "symbol": "HG",
        "company": "Hamilton Insurance Group, Ltd.",
        "change_pct": 7.24,
        "premarket": 19.55,
        "volume": 534,
        "category": "g"
    },
    "TOPW": {
        "symbol": "TOPW",
        "company": "Top Win International Limited",
        "change_pct": 7.17,
        "premarket": 2.84,
        "volume": 1,
        "category": "g"
    },
    "SES": {
        "symbol": "SES",
        "company": "SES AI Corporation",
        "change_pct": 7.16,
        "premarket": 0.7857,
        "volume": 790,
        "category": "g"
    },
    "ROLR": {
        "symbol": "ROLR",
        "company": "High Roller Technologies, Inc.",
        "change_pct": 7.1,
        "premarket": 3.32,
        "volume": 100,
        "category": "g"
    },
    "PRZO": {
        "symbol": "PRZO",
        "company": "ParaZero Technologies Ltd.",
        "change_pct": 7.05,
        "premarket": 0.6395,
        "volume": 19,
        "category": "g"
    },
    "NVCR": {
        "symbol": "NVCR",
        "company": "NovoCure Limited",
        "change_pct": 6.86,
        "premarket": 18.99,
        "volume": 4,
        "category": "g"
    },
    "CLSD": {
        "symbol": "CLSD",
        "company": "Clearside Biomedical, Inc.",
        "change_pct": 6.84,
        "premarket": 0.8499,
        "volume": 200,
        "category": "g"
    },
    "HUSA": {
        "symbol": "HUSA",
        "company": "Houston American Energy Corporation",
        "change_pct": 6.83,
        "premarket": 0.5961,
        "volume": 2,
        "category": "g"
    },
    "MCHP": {
        "symbol": "MCHP",
        "company": "Microchip Technology Incorporated",
        "change_pct": 6.73,
        "premarket": 44.75,
        "volume": 47,
        "category": "g"
    },
    "COSM": {
        "symbol": "COSM",
        "company": "Cosmos Health Inc.",
        "change_pct": 6.72,
        "premarket": 0.4269,
        "volume": 5,
        "category": "g"
    },
    "CRBU": {
        "symbol": "CRBU",
        "company": "Caribou Biosciences, Inc.",
        "change_pct": 6.72,
        "premarket": 0.8989,
        "volume": 3,
        "category": "g"
    },
    "COYA": {
        "symbol": "COYA",
        "company": "Coya Therapeutics, Inc.",
        "change_pct": 6.71,
        "premarket": 7.0,
        "volume": 3,
        "category": "g"
    },
    "VRNT": {
        "symbol": "VRNT",
        "company": "Verint Systems Inc.",
        "change_pct": 6.7,
        "premarket": 17.98,
        "volume": 600,
        "category": "g"
    },
    "CRK": {
        "symbol": "CRK",
        "company": "Comstock Resources, Inc.",
        "change_pct": 6.67,
        "premarket": 19.71,
        "volume": 100,
        "category": "g"
    },
    "RGLS": {
        "symbol": "RGLS",
        "company": "Regulus Therapeutics Inc.",
        "change_pct": 6.67,
        "premarket": 2.72,
        "volume": 38,
        "category": "g"
    },
    "SOWG": {
        "symbol": "SOWG",
        "company": "Sow Good Inc.",
        "change_pct": 6.67,
        "premarket": 0.64,
        "volume": 2,
        "category": "g"
    },
    "CERO": {
        "symbol": "CERO",
        "company": "CERo Therapeutics Holdings, Inc.",
        "change_pct": 6.64,
        "premarket": 0.8525,
        "volume": 115,
        "category": "g"
    },
    "PTEN": {
        "symbol": "PTEN",
        "company": "Patterson-UTI Energy, Inc.",
        "change_pct": 6.63,
        "premarket": 6.27,
        "volume": 4,
        "category": "g"
    },
    "HTOO": {
        "symbol": "HTOO",
        "company": "Fusion Fuel Green PLC",
        "change_pct": 6.61,
        "premarket": 0.258,
        "volume": 831,
        "category": "g"
    },
    "VRCA": {
        "symbol": "VRCA",
        "company": "Verrica Pharmaceuticals Inc.",
        "change_pct": 6.56,
        "premarket": 0.4888,
        "volume": 1,
        "category": "g"
    },
    "GDHG": {
        "symbol": "GDHG",
        "company": "Golden Heaven Group Holdings Ltd.",
        "change_pct": 6.47,
        "premarket": 0.3225,
        "volume": 510,
        "category": "g"
    },
    "RPTX": {
        "symbol": "RPTX",
        "company": "Repare Therapeutics Inc.",
        "change_pct": 6.44,
        "premarket": 1.36,
        "volume": 1,
        "category": "g"
    },
    "GORV": {
        "symbol": "GORV",
        "company": "Lazydays Holdings, Inc.",
        "change_pct": 6.41,
        "premarket": 0.239,
        "volume": 51,
        "category": "g"
    },
    "NEGG": {
        "symbol": "NEGG",
        "company": "Newegg Commerce, Inc.",
        "change_pct": 6.38,
        "premarket": 4.0,
        "volume": 5,
        "category": "g"
    },
    "SMRT": {
        "symbol": "SMRT",
        "company": "SmartRent, Inc.",
        "change_pct": 6.33,
        "premarket": 0.9,
        "volume": 700,
        "category": "g"
    },
    "NGL": {
        "symbol": "NGL",
        "company": "NGL ENERGY PARTNERS LP",
        "change_pct": 6.21,
        "premarket": 3.25,
        "volume": 300,
        "category": "g"
    },
    "BGI": {
        "symbol": "BGI",
        "company": "Birks Group Inc.",
        "change_pct": 6.19,
        "premarket": 1.03,
        "volume": 4,
        "category": "g"
    },
    "BCPC": {
        "symbol": "BCPC",
        "company": "Balchem Corporation",
        "change_pct": 6.12,
        "premarket": 168.0,
        "volume": 600,
        "category": "g"
    },
    "COCP": {
        "symbol": "COCP",
        "company": "Cocrystal Pharma, Inc.",
        "change_pct": 6.11,
        "premarket": 1.5,
        "volume": 10,
        "category": "g"
    },
    "ABOS": {
        "symbol": "ABOS",
        "company": "Acumen Pharmaceuticals, Inc.",
        "change_pct": 6.06,
        "premarket": 1.08,
        "volume": 400,
        "category": "g"
    },
    "CLNN": {
        "symbol": "CLNN",
        "company": "Clene Inc.",
        "change_pct": 6.01,
        "premarket": 3.0,
        "volume": 3,
        "category": "g"
    },
    "FIVN": {
        "symbol": "FIVN",
        "company": "Five9, Inc.",
        "change_pct": 5.99,
        "premarket": 24.58,
        "volume": 200,
        "category": "g"
    },
    "LSH": {
        "symbol": "LSH",
        "company": "Lakeside Holding Limited",
        "change_pct": 5.88,
        "premarket": 0.99,
        "volume": 100,
        "category": "g"
    },
    "SHIM": {
        "symbol": "SHIM",
        "company": "Shimmick Corporation",
        "change_pct": 5.84,
        "premarket": 1.63,
        "volume": 109,
        "category": "g"
    },
    "PEN": {
        "symbol": "PEN",
        "company": "Penumbra, Inc.",
        "change_pct": 5.82,
        "premarket": 295.0,
        "volume": 267,
        "category": "g"
    },
    "RSSS": {
        "symbol": "RSSS",
        "company": "Research Solutions, Inc",
        "change_pct": 5.73,
        "premarket": 2.77,
        "volume": 200,
        "category": "g"
    },
    "UBXG": {
        "symbol": "UBXG",
        "company": "U-BX Technology Ltd.",
        "change_pct": 5.71,
        "premarket": 4.44,
        "volume": 16,
        "category": "g"
    },
    "ADI": {
        "symbol": "ADI",
        "company": "Analog Devices, Inc.",
        "change_pct": 5.67,
        "premarket": 193.5,
        "volume": 17,
        "category": "g"
    },
    "BEAT": {
        "symbol": "BEAT",
        "company": "Heartbeam, Inc.",
        "change_pct": 5.66,
        "premarket": 1.68,
        "volume": 2,
        "category": "g"
    },
    "PRCT": {
        "symbol": "PRCT",
        "company": "PROCEPT BioRobotics Corporation",
        "change_pct": 5.66,
        "premarket": 58.85,
        "volume": 5,
        "category": "g"
    },
    "ON": {
        "symbol": "ON",
        "company": "ON Semiconductor Corporation",
        "change_pct": 5.63,
        "premarket": 38.68,
        "volume": 121,
        "category": "g"
    },
    "CELU": {
        "symbol": "CELU",
        "company": "Celularity Inc.",
        "change_pct": 5.59,
        "premarket": 1.7,
        "volume": 200,
        "category": "g"
    },
    "WXM": {
        "symbol": "WXM",
        "company": "WF International Limited",
        "change_pct": 5.5,
        "premarket": 2.11,
        "volume": 6,
        "category": "g"
    },
    "AIOT": {
        "symbol": "AIOT",
        "company": "PowerFleet, Inc.",
        "change_pct": 5.47,
        "premarket": 5.01,
        "volume": 800,
        "category": "g"
    },
    "AREC": {
        "symbol": "AREC",
        "company": "American Resources Corporation",
        "change_pct": 5.45,
        "premarket": 1.16,
        "volume": 242,
        "category": "g"
    },
    "WTF": {
        "symbol": "WTF",
        "company": "Waton Financial Limited",
        "change_pct": 5.41,
        "premarket": 8.57,
        "volume": 2,
        "category": "g"
    },
    "KOPN": {
        "symbol": "KOPN",
        "company": "Kopin Corporation",
        "change_pct": 5.41,
        "premarket": 1.17,
        "volume": 94,
        "category": "g"
    },
    "GLYC": {
        "symbol": "GLYC",
        "company": "GlycoMimetics, Inc.",
        "change_pct": 5.4,
        "premarket": 0.2516,
        "volume": 72,
        "category": "g"
    },
    "PRTS": {
        "symbol": "PRTS",
        "company": "CarParts.com, Inc.",
        "change_pct": 5.4,
        "premarket": 0.9499,
        "volume": 2,
        "category": "g"
    },
    "CODA": {
        "symbol": "CODA",
        "company": "Coda Octopus Group, Inc.",
        "change_pct": 5.35,
        "premarket": 6.69,
        "volume": 605,
        "category": "g"
    },
    "ISPR": {
        "symbol": "ISPR",
        "company": "Ispire Technology Inc.",
        "change_pct": 5.35,
        "premarket": 3.15,
        "volume": 6,
        "category": "g"
    },
    "INTJ": {
        "symbol": "INTJ",
        "company": "Intelligent Group Limited",
        "change_pct": 5.33,
        "premarket": 0.79,
        "volume": 187,
        "category": "g"
    },
    "GFR": {
        "symbol": "GFR",
        "company": "Greenfire Resources Ltd.",
        "change_pct": 5.33,
        "premarket": 5.14,
        "volume": 400,
        "category": "g"
    },
    "UGRO": {
        "symbol": "UGRO",
        "company": "urban-gro, Inc.",
        "change_pct": 5.26,
        "premarket": 0.5,
        "volume": 9,
        "category": "g"
    },
    "GNLN": {
        "symbol": "GNLN",
        "company": "Greenlane Holdings, Inc.",
        "change_pct": -91.37,
        "premarket": 0.0212,
        "volume": 80,
        "category": "l"
    },
    "FORA": {
        "symbol": "FORA",
        "company": "Forian Inc.",
        "change_pct": -33.16,
        "premarket": 1.25,
        "volume": 100,
        "category": "l"
    },
    "AGMH": {
        "symbol": "AGMH",
        "company": "AGM Group Holdings Inc.",
        "change_pct": -30.95,
        "premarket": 0.0401,
        "volume": 7,
        "category": "l"
    },
    "CMLS": {
        "symbol": "CMLS",
        "company": "Cumulus Media Inc.",
        "change_pct": -24.27,
        "premarket": 0.2044,
        "volume": 45,
        "category": "l"
    },
    "RLMD": {
        "symbol": "RLMD",
        "company": "Relmada Therapeutics, Inc.",
        "change_pct": -18.9,
        "premarket": 0.5596,
        "volume": 977,
        "category": "l"
    },
    "NXTC": {
        "symbol": "NXTC",
        "company": "NextCure, Inc.",
        "change_pct": -18.83,
        "premarket": 0.341,
        "volume": 100,
        "category": "l"
    },
    "ACOG": {
        "symbol": "ACOG",
        "company": "Alpha Cognition Inc.",
        "change_pct": -18.7,
        "premarket": 4.0,
        "volume": 200,
        "category": "l"
    },
    "JYD": {
        "symbol": "JYD",
        "company": "Jayud Global Logistics Limited",
        "change_pct": -18.58,
        "premarket": 0.2161,
        "volume": 6,
        "category": "l"
    },
    "EQ": {
        "symbol": "EQ",
        "company": "Equillium, Inc.",
        "change_pct": -17.71,
        "premarket": 0.395,
        "volume": 11,
        "category": "l"
    },
    "XFOR": {
        "symbol": "XFOR",
        "company": "X4 Pharmaceuticals, Inc.",
        "change_pct": -15.55,
        "premarket": 0.17,
        "volume": 666,
        "category": "l"
    },
    "RHI": {
        "symbol": "RHI",
        "company": "Robert Half Inc.",
        "change_pct": -15.48,
        "premarket": 39.26,
        "volume": 25,
        "category": "l"
    },
    "BTOG": {
        "symbol": "BTOG",
        "company": "Bit Origin Limited",
        "change_pct": -15.33,
        "premarket": 0.1441,
        "volume": 3,
        "category": "l"
    },
    "AGRI": {
        "symbol": "AGRI",
        "company": "AgriFORCE Growing Systems Ltd.",
        "change_pct": -14.42,
        "premarket": 1.84,
        "volume": 172,
        "category": "l"
    },
    "DMN": {
        "symbol": "DMN",
        "company": "Damon Inc.",
        "change_pct": -12.2,
        "premarket": 0.0036,
        "volume": 67,
        "category": "l"
    },
    "PDSB": {
        "symbol": "PDSB",
        "company": "PDS Biotechnology Corporation",
        "change_pct": -12.2,
        "premarket": 1.08,
        "volume": 200,
        "category": "l"
    },
    "PNBK": {
        "symbol": "PNBK",
        "company": "Patriot National Bancorp Inc.",
        "change_pct": -12.17,
        "premarket": 3.03,
        "volume": 500,
        "category": "l"
    },
    "PLUR": {
        "symbol": "PLUR",
        "company": "Pluri Inc.",
        "change_pct": -12.15,
        "premarket": 5.93,
        "volume": 15,
        "category": "l"
    },
    "STI": {
        "symbol": "STI",
        "company": "Solidion Technology, Inc.",
        "change_pct": -11.51,
        "premarket": 0.0907,
        "volume": 6,
        "category": "l"
    },
    "ENSC": {
        "symbol": "ENSC",
        "company": "Ensysce Biosciences, Inc.",
        "change_pct": -11.17,
        "premarket": 3.26,
        "volume": 363,
        "category": "l"
    },
    "IVDA": {
        "symbol": "IVDA",
        "company": "Iveda Solutions, Inc.",
        "change_pct": -10.52,
        "premarket": 2.21,
        "volume": 400,
        "category": "l"
    },
    "BOWN": {
        "symbol": "BOWN",
        "company": "Bowen Acquisition Corp",
        "change_pct": -10.43,
        "premarket": 9.7,
        "volume": 7,
        "category": "l"
    },
    "NDRA": {
        "symbol": "NDRA",
        "company": "ENDRA Life Sciences Inc.",
        "change_pct": -9.79,
        "premarket": 3.41,
        "volume": 8,
        "category": "l"
    },
    "DTCK": {
        "symbol": "DTCK",
        "company": "Davis Commodities Limited",
        "change_pct": -9.75,
        "premarket": 0.5415,
        "volume": 175,
        "category": "l"
    },
    "BSLK": {
        "symbol": "BSLK",
        "company": "Bolt Projects Holdings, Inc.",
        "change_pct": -9.54,
        "premarket": 6.45,
        "volume": 1,
        "category": "l"
    },
    "RVMD": {
        "symbol": "RVMD",
        "company": "Revolution Medicines, Inc.",
        "change_pct": -9.19,
        "premarket": 34.0,
        "volume": 600,
        "category": "l"
    },
    "ALK": {
        "symbol": "ALK",
        "company": "Alaska Air Group, Inc.",
        "change_pct": -9.05,
        "premarket": 42.0,
        "volume": 139,
        "category": "l"
    },
    "GELS": {
        "symbol": "GELS",
        "company": "Gelteq Limited",
        "change_pct": -9.02,
        "premarket": 2.42,
        "volume": 53,
        "category": "l"
    },
    "REAX": {
        "symbol": "REAX",
        "company": "The Real Brokerage, Inc.",
        "change_pct": -8.88,
        "premarket": 4.31,
        "volume": 561,
        "category": "l"
    },
    "FAMI": {
        "symbol": "FAMI",
        "company": "Farmmi, Inc. Ordinary Shares",
        "change_pct": -8.85,
        "premarket": 1.75,
        "volume": 42,
        "category": "l"
    },
    "FAAS": {
        "symbol": "FAAS",
        "company": "DigiAsia Corp.",
        "change_pct": -8.73,
        "premarket": 0.232,
        "volume": 2,
        "category": "l"
    },
    "HOFV": {
        "symbol": "HOFV",
        "company": "Hall of Fame Resort & Entertainment Company",
        "change_pct": -8.61,
        "premarket": 0.7311,
        "volume": 4,
        "category": "l"
    },
    "AVXL": {
        "symbol": "AVXL",
        "company": "Anavex Life Sciences Corp.",
        "change_pct": -8.59,
        "premarket": 8.51,
        "volume": 100,
        "category": "l"
    },
    "SNOA": {
        "symbol": "SNOA",
        "company": "Sonoma Pharmaceuticals, Inc.",
        "change_pct": -8.58,
        "premarket": 3.61,
        "volume": 108,
        "category": "l"
    },
    "JACK": {
        "symbol": "JACK",
        "company": "Jack In The Box Inc.",
        "change_pct": -8.53,
        "premarket": 23.25,
        "volume": 8,
        "category": "l"
    },
    "KNW": {
        "symbol": "KNW",
        "company": "Know Labs, Inc.",
        "change_pct": -8.48,
        "premarket": 0.421,
        "volume": 54,
        "category": "l"
    },
    "IXHL": {
        "symbol": "IXHL",
        "company": "Incannex Healthcare Inc.",
        "change_pct": -8.46,
        "premarket": 0.5401,
        "volume": 873,
        "category": "l"
    },
    "SISI": {
        "symbol": "SISI",
        "company": "Shineco, Inc.",
        "change_pct": -8.45,
        "premarket": 0.6513,
        "volume": 11,
        "category": "l"
    },
    "BETR": {
        "symbol": "BETR",
        "company": "Better Home & Finance Holding Company",
        "change_pct": -8.45,
        "premarket": 13.33,
        "volume": 200,
        "category": "l"
    },
    "KALU": {
        "symbol": "KALU",
        "company": "Kaiser Aluminum Corporation",
        "change_pct": -8.44,
        "premarket": 53.95,
        "volume": 2,
        "category": "l"
    },
    "GENK": {
        "symbol": "GENK",
        "company": "GEN Restaurant Group, Inc.",
        "change_pct": -8.24,
        "premarket": 4.01,
        "volume": 200,
        "category": "l"
    },
    "PMEC": {
        "symbol": "PMEC",
        "company": "Primech Holdings Ltd.",
        "change_pct": -8.06,
        "premarket": 0.754,
        "volume": 1,
        "category": "l"
    },
    "GENC": {
        "symbol": "GENC",
        "company": "Gencor Industries, Inc.",
        "change_pct": -8.03,
        "premarket": 10.2,
        "volume": 100,
        "category": "l"
    },
    "PTIX": {
        "symbol": "PTIX",
        "company": "Protagenic Therapeutics, Inc.",
        "change_pct": -8.01,
        "premarket": 0.2091,
        "volume": 1,
        "category": "l"
    },
    "FI": {
        "symbol": "FI",
        "company": "Fiserv, Inc.",
        "change_pct": -7.89,
        "premarket": 200.0,
        "volume": 34,
        "category": "l"
    },
    "BNAI": {
        "symbol": "BNAI",
        "company": "Brand Engagement Network Inc.",
        "change_pct": -7.83,
        "premarket": 0.3309,
        "volume": 1,
        "category": "l"
    },
    "APOG": {
        "symbol": "APOG",
        "company": "Apogee Enterprises, Inc.",
        "change_pct": -7.82,
        "premarket": 42.33,
        "volume": 2,
        "category": "l"
    },
    "AMZE": {
        "symbol": "AMZE",
        "company": "Amaze Holdings, Inc.",
        "change_pct": -7.67,
        "premarket": 0.46,
        "volume": 14,
        "category": "l"
    },
    "RCMT": {
        "symbol": "RCMT",
        "company": "RCM Technologies, Inc.",
        "change_pct": -7.52,
        "premarket": 15.5,
        "volume": 100,
        "category": "l"
    },
    "CURV": {
        "symbol": "CURV",
        "company": "Torrid Holdings Inc.",
        "change_pct": -7.44,
        "premarket": 5.35,
        "volume": 300,
        "category": "l"
    },
    "OBLG": {
        "symbol": "OBLG",
        "company": "Oblong Inc.",
        "change_pct": -7.05,
        "premarket": 2.9,
        "volume": 5,
        "category": "l"
    },
    "FBGL": {
        "symbol": "FBGL",
        "company": "FBS Global Limited",
        "change_pct": -7.03,
        "premarket": 0.6846,
        "volume": 389,
        "category": "l"
    },
    "OPTX": {
        "symbol": "OPTX",
        "company": "Syntec Optics Holdings, Inc.",
        "change_pct": -6.99,
        "premarket": 1.33,
        "volume": 7,
        "category": "l"
    },
    "CIGL": {
        "symbol": "CIGL",
        "company": "Concorde International Group Ltd",
        "change_pct": -6.9,
        "premarket": 4.05,
        "volume": 3,
        "category": "l"
    },
    "IBM": {
        "symbol": "IBM",
        "company": "International Business Machines Corporation",
        "change_pct": -6.86,
        "premarket": 228.65,
        "volume": 310,
        "category": "l"
    },
    "GEOS": {
        "symbol": "GEOS",
        "company": "Geospace Technologies Corporation",
        "change_pct": -6.82,
        "premarket": 5.6,
        "volume": 200,
        "category": "l"
    },
    "RAIN": {
        "symbol": "RAIN",
        "company": "Rain Enhancement Technologies Holdco, Inc.",
        "change_pct": -6.81,
        "premarket": 2.6,
        "volume": 112,
        "category": "l"
    },
    "PGHL": {
        "symbol": "PGHL",
        "company": "Primega Group Holdings Limited",
        "change_pct": -6.8,
        "premarket": 0.4511,
        "volume": 1,
        "category": "l"
    },
    "KDLY": {
        "symbol": "KDLY",
        "company": "Kindly MD, Inc.",
        "change_pct": -6.74,
        "premarket": 1.66,
        "volume": 2,
        "category": "l"
    },
    "FRST": {
        "symbol": "FRST",
        "company": "Primis Financial Corp.",
        "change_pct": -6.73,
        "premarket": 7.9,
        "volume": 200,
        "category": "l"
    },
    "OST": {
        "symbol": "OST",
        "company": "Ostin Technology Group Co., Ltd.",
        "change_pct": -6.7,
        "premarket": 1.95,
        "volume": 5,
        "category": "l"
    },
    "ACNT": {
        "symbol": "ACNT",
        "company": "Ascent Industries Co.",
        "change_pct": -6.61,
        "premarket": 12.0,
        "volume": 300,
        "category": "l"
    },
    "PKE": {
        "symbol": "PKE",
        "company": "Park Aerospace Corp.",
        "change_pct": -6.42,
        "premarket": 12.4,
        "volume": 200,
        "category": "l"
    },
    "TSCO": {
        "symbol": "TSCO",
        "company": "Tractor Supply Company",
        "change_pct": -6.37,
        "premarket": 47.5,
        "volume": 59,
        "category": "l"
    },
    "DRCT": {
        "symbol": "DRCT",
        "company": "Direct Digital Holdings, Inc.",
        "change_pct": -6.36,
        "premarket": 0.5225,
        "volume": 9,
        "category": "l"
    },
    "SKYE": {
        "symbol": "SKYE",
        "company": "Skye Bioscience, Inc.",
        "change_pct": -6.36,
        "premarket": 1.62,
        "volume": 5,
        "category": "l"
    },
    "SONN": {
        "symbol": "SONN",
        "company": "Sonnet BioTherapeutics Holdings, Inc.",
        "change_pct": -6.34,
        "premarket": 1.33,
        "volume": 1,
        "category": "l"
    },
    "SLSN": {
        "symbol": "SLSN",
        "company": "Solesence, Inc.",
        "change_pct": -6.28,
        "premarket": 2.24,
        "volume": 981,
        "category": "l"
    },
    "SINT": {
        "symbol": "SINT",
        "company": "SiNtx Technologies, Inc.",
        "change_pct": -6.25,
        "premarket": 2.1,
        "volume": 198,
        "category": "l"
    },
    "BMR": {
        "symbol": "BMR",
        "company": "Beamr Imaging Ltd.",
        "change_pct": -6.25,
        "premarket": 2.25,
        "volume": 499,
        "category": "l"
    },
    "ATHR": {
        "symbol": "ATHR",
        "company": "Aether Holdings, Inc.",
        "change_pct": -6.19,
        "premarket": 5.86,
        "volume": 700,
        "category": "l"
    },
    "AKYA": {
        "symbol": "AKYA",
        "company": "Akoya BioSciences, Inc.",
        "change_pct": -6.18,
        "premarket": 1.19,
        "volume": 1,
        "category": "l"
    },
    "STSS": {
        "symbol": "STSS",
        "company": "Sharps Technology Inc.",
        "change_pct": -6.16,
        "premarket": 0.0274,
        "volume": 7,
        "category": "l"
    },
    "SBEV": {
        "symbol": "SBEV",
        "company": "Splash Beverage Group, Inc. (NV)",
        "change_pct": -6.13,
        "premarket": 7.51,
        "volume": 6,
        "category": "l"
    },
    "ZBAI": {
        "symbol": "ZBAI",
        "company": "ATIF Holdings Limited",
        "change_pct": -6.11,
        "premarket": 0.7946,
        "volume": 1,
        "category": "l"
    },
    "NRXP": {
        "symbol": "NRXP",
        "company": "NRX Pharmaceuticals, Inc.",
        "change_pct": -6.06,
        "premarket": 1.86,
        "volume": 100,
        "category": "l"
    },
    "SRM": {
        "symbol": "SRM",
        "company": "SRM Entertainment, Inc.",
        "change_pct": -6.03,
        "premarket": 0.4313,
        "volume": 52,
        "category": "l"
    },
    "OBIO": {
        "symbol": "OBIO",
        "company": "Orchestra BioMed Holdings, Inc.",
        "change_pct": -5.96,
        "premarket": 2.68,
        "volume": 5,
        "category": "l"
    },
    "EDTK": {
        "symbol": "EDTK",
        "company": "Skillful Craftsman Education Technology Limited",
        "change_pct": -5.76,
        "premarket": 0.98,
        "volume": 100,
        "category": "l"
    },
    "SHFS": {
        "symbol": "SHFS",
        "company": "SHF Holdings, Inc.",
        "change_pct": -5.76,
        "premarket": 3.11,
        "volume": 4,
        "category": "l"
    },
    "CNSP": {
        "symbol": "CNSP",
        "company": "CNS Pharmaceuticals, Inc.",
        "change_pct": -5.74,
        "premarket": 0.9,
        "volume": 1,
        "category": "l"
    },
    "ACTU": {
        "symbol": "ACTU",
        "company": "Actuate Therapeutics, Inc.",
        "change_pct": -5.56,
        "premarket": 8.5,
        "volume": 400,
        "category": "l"
    },
    "GLTO": {
        "symbol": "GLTO",
        "company": "Galecto, Inc.",
        "change_pct": -5.45,
        "premarket": 2.6,
        "volume": 1,
        "category": "l"
    },
    "ATPC": {
        "symbol": "ATPC",
        "company": "Agape ATP Corporation",
        "change_pct": -5.45,
        "premarket": 2.24,
        "volume": 15,
        "category": "l"
    },
    "DRRX": {
        "symbol": "DRRX",
        "company": "DURECT Corporation",
        "change_pct": -5.42,
        "premarket": 0.6608,
        "volume": 11,
        "category": "l"
    },
    "RFL": {
        "symbol": "RFL",
        "company": "Rafael Holdings, Inc.",
        "change_pct": -5.39,
        "premarket": 1.58,
        "volume": 1,
        "category": "l"
    },
    "QUIK": {
        "symbol": "QUIK",
        "company": "QuickLogic Corporation",
        "change_pct": -5.36,
        "premarket": 4.51,
        "volume": 150,
        "category": "l"
    },
    "ICAD": {
        "symbol": "ICAD",
        "company": "icad inc.",
        "change_pct": -5.31,
        "premarket": 3.01,
        "volume": 2,
        "category": "l"
    },
    "SXTC": {
        "symbol": "SXTC",
        "company": "China SXT Pharmaceuticals, Inc.",
        "change_pct": -5.29,
        "premarket": 1.61,
        "volume": 112,
        "category": "l"
    },
    "MTVA": {
        "symbol": "MTVA",
        "company": "MetaVia Inc.",
        "change_pct": -5.28,
        "premarket": 0.7701,
        "volume": 9,
        "category": "l"
    },
    "PESI": {
        "symbol": "PESI",
        "company": "Perma-Fix Environmental Services, Inc.",
        "change_pct": -5.28,
        "premarket": 7.9,
        "volume": 400,
        "category": "l"
    },
    "ZYBT": {
        "symbol": "ZYBT",
        "company": "Zhengye Biotechnology Holding Limited",
        "change_pct": -5.24,
        "premarket": 7.41,
        "volume": 100,
        "category": "l"
    },
    "IPDN": {
        "symbol": "IPDN",
        "company": "Professional Diversity Network, Inc.",
        "change_pct": -5.22,
        "premarket": 1.27,
        "volume": 1,
        "category": "l"
    },
    "SUNE": {
        "symbol": "SUNE",
        "company": "SUNation Energy, Inc.",
        "change_pct": -5.21,
        "premarket": 2.73,
        "volume": 60,
        "category": "l"
    },
    "ATRC": {
        "symbol": "ATRC",
        "company": "AtriCure, Inc.",
        "change_pct": -5.2,
        "premarket": 30.8,
        "volume": 500,
        "category": "l"
    },
    "WW": {
        "symbol": "WW",
        "company": "WW International, Inc.",
        "change_pct": -5.17,
        "premarket": 0.1375,
        "volume": 31,
        "category": "l"
    },
    "ORGO": {
        "symbol": "ORGO",
        "company": "Organogenesis Holdings Inc.",
        "change_pct": -5.17,
        "premarket": 4.22,
        "volume": 100,
        "category": "l"
    },
    "MRIN": {
        "symbol": "MRIN",
        "company": "Marin Software Incorporated",
        "change_pct": -5.13,
        "premarket": 0.61,
        "volume": 24,
        "category": "l"
    },
    "XAGE": {
        "symbol": "XAGE",
        "company": "Longevity Health Holdings, Inc.",
        "change_pct": -5.12,
        "premarket": 0.1556,
        "volume": 29,
        "category": "l"
    },
    "SMBK": {
        "symbol": "SMBK",
        "company": "SmartFinancial, Inc.",
        "change_pct": -5.11,
        "premarket": 28.6,
        "volume": 300,
        "category": "l"
    }
}