[
    {
        "symbol": "ASST",
        "company": "Asset Entities Inc.",
        "change_pct": 185.22,
        "premarket": 3.28,
        "volume": 17038100,
        "category": "g",
        "source": "tv",
        "shortable": false,
        "exchange_name": "NASD",
        "market_cap": 15.71015,
        "existing": false
    },
    {
        "symbol": "MCOM",
        "company": "micromobility.com Inc.",
        "change_pct": 85.96,
        "premarket": 0.4277,
        "volume": 28054100,
        "category": "g",
        "source": "tv",
        "shortable": true,
        "exchange_name": "NASD",
        "market_cap": 2.94711,
        "existing": false
    },
    {
        "symbol": "AUUD",
        "company": "Auddia Inc.",
        "change_pct": 62.34,
        "premarket": 0.7036,
        "volume": 8285100,
        "category": "g",
        "source": "tv",
        "shortable": false,
        "exchange_name": "NASD",
        "market_cap": 6.41992,
        "existing": false
    },
    {
        "symbol": "KDNY",
        "company": "Chinook Therapeutics, Inc.",
        "change_pct": 56.98,
        "premarket": 37.66,
        "volume": 4183099,
        "category": "g",
        "source": "tv",
        "shortable": true,
        "exchange_name": "NASD",
        "market_cap": 1604.676,
        "existing": false
    },
    {
        "symbol": "IFBD",
        "company": "Infobird Co., Ltd",
        "change_pct": 53.95,
        "premarket": 2.24,
        "volume": 7717099,
        "category": "g",
        "source": "tv",
        "shortable": true,
        "exchange_name": "NASD",
        "market_cap": 6.67534,
        "existing": false
    },
    {
        "symbol": "RCRT",
        "company": "Recruiter.com Group, Inc.",
        "change_pct": 26.41,
        "premarket": 0.3422,
        "volume": 4376100,
        "category": "g",
        "source": "tv",
        "shortable": false,
        "exchange_name": "NASD",
        "market_cap": 4.65877,
        "existing": false
    },
    {
        "symbol": "DATS",
        "company": "DatChat, Inc.",
        "change_pct": 22.9,
        "premarket": 0.497,
        "volume": 4273099,
        "category": "g",
        "source": "tv",
        "shortable": false,
        "exchange_name": "NASD",
        "market_cap": 8.38743,
        "existing": false
    },
    {
        "symbol": "SYTA",
        "company": "Siyata Mobile, Inc.",
        "change_pct": 18.98,
        "premarket": 0.1191,
        "volume": 3370100,
        "category": "g",
        "source": "tv",
        "shortable": false,
        "exchange_name": "NASD",
        "market_cap": 8.01084,
        "existing": false
    },
    {
        "symbol": "TPST",
        "company": "Tempest Therapeutics, Inc.",
        "change_pct": 15.13,
        "premarket": 1.37,
        "volume": 5764,
        "category": "g",
        "source": "tv",
        "shortable": true,
        "exchange_name": "NASD",
        "market_cap": 13.78782,
        "existing": false
    },
    {
        "symbol": "JCSE",
        "company": "JE Cleantech Holdings Limited",
        "change_pct": 14.27,
        "premarket": 0.6599,
        "volume": 117,
        "category": "g",
        "source": "tv",
        "shortable": false,
        "exchange_name": "NASD",
        "market_cap": 8.67405,
        "existing": false
    },
    {
        "symbol": "STRM",
        "company": "Streamline Health Solutions, Inc.",
        "change_pct": 12.24,
        "premarket": 1.65,
        "volume": 18894,
        "category": "g",
        "source": "tv",
        "shortable": false,
        "exchange_name": "NASD",
        "market_cap": 86.15749,
        "existing": false
    },
    {
        "symbol": "ATHA",
        "company": "Athira Pharma, Inc.",
        "change_pct": 11.62,
        "premarket": 3.65,
        "volume": 4100,
        "category": "g",
        "source": "tv",
        "shortable": true,
        "exchange_name": "NASD",
        "market_cap": 124.0985,
        "existing": false
    },
    {
        "symbol": "VERA",
        "company": "Vera Therapeutics, Inc.",
        "change_pct": 10.81,
        "premarket": 8.61,
        "volume": 11238,
        "category": "g",
        "source": "tv",
        "shortable": false,
        "exchange_name": "NASD",
        "market_cap": 343.9088,
        "existing": false
    },
    {
        "symbol": "HSDT",
        "company": "Helius Medical Technologies, Inc.",
        "change_pct": 10.26,
        "premarket": 0.1665,
        "volume": 32524,
        "category": "g",
        "source": "tv",
        "shortable": true,
        "exchange_name": "NASD",
        "market_cap": 4.26052,
        "existing": false
    },
    {
        "symbol": "NXGL",
        "company": "NexGel, Inc",
        "change_pct": 10.24,
        "premarket": 2.8,
        "volume": 7036,
        "category": "g",
        "source": "tv",
        "shortable": false,
        "exchange_name": "NASD",
        "market_cap": 14.25963,
        "existing": false
    },
    {
        "symbol": "RFIL",
        "company": "RF Industries, Ltd.",
        "change_pct": 9.89,
        "premarket": 5.0,
        "volume": 100,
        "category": "g",
        "source": "tv",
        "shortable": true,
        "exchange_name": "NASD",
        "market_cap": 46.82435,
        "existing": false
    },
    {
        "symbol": "MOXC",
        "company": "Moxian (BVI) Inc",
        "change_pct": 9.41,
        "premarket": 0.93,
        "volume": 145,
        "category": "g",
        "source": "tv",
        "shortable": false,
        "exchange_name": "NASD",
        "market_cap": 30.22148,
        "existing": false
    },
    {
        "symbol": "CYTH",
        "company": "Cyclo Therapeutics, Inc.",
        "change_pct": 9.38,
        "premarket": 1.75,
        "volume": 231357,
        "category": "g",
        "source": "tv",
        "shortable": false,
        "exchange_name": "NASD",
        "market_cap": 24.49352,
        "existing": false
    },
    {
        "symbol": "LPTV",
        "company": "Loop Media, Inc.",
        "change_pct": 9.09,
        "premarket": 3.36,
        "volume": 73010,
        "category": "g",
        "source": "tv",
        "shortable": true,
        "exchange_name": "AMEX",
        "market_cap": 405.3445,
        "existing": false
    },
    {
        "symbol": "RGTI",
        "company": "Rigetti Computing, Inc.",
        "change_pct": 9.02,
        "premarket": 1.45,
        "volume": 322003,
        "category": "g",
        "source": "tv",
        "shortable": true,
        "exchange_name": "NASD",
        "market_cap": 172.6642,
        "existing": false
    },
    {
        "symbol": "SXTC",
        "company": "China SXT Pharmaceuticals, Inc.",
        "change_pct": 9.0,
        "premarket": 0.2289,
        "volume": 30359,
        "category": "g",
        "source": "tv",
        "shortable": false,
        "exchange_name": "NASD",
        "market_cap": 13.03209,
        "existing": false
    },
    {
        "symbol": "VVOS",
        "company": "Vivos Therapeutics, Inc.",
        "change_pct": 8.95,
        "premarket": 0.46,
        "volume": 200,
        "category": "g",
        "source": "tv",
        "shortable": false,
        "exchange_name": "NASD",
        "market_cap": 12.53038,
        "existing": false
    },
    {
        "symbol": "STIM",
        "company": "Neuronetics, Inc.",
        "change_pct": 8.86,
        "premarket": 2.58,
        "volume": 100,
        "category": "g",
        "source": "tv",
        "shortable": false,
        "exchange_name": "NASD",
        "market_cap": 67.54655,
        "existing": false
    },
    {
        "symbol": "GREE",
        "company": "Greenidge Generation Holdings Inc.",
        "change_pct": 8.82,
        "premarket": 1.85,
        "volume": 8947,
        "category": "g",
        "source": "tv",
        "shortable": false,
        "exchange_name": "NASD",
        "market_cap": 10.43038,
        "existing": false
    },
    {
        "symbol": "OCC",
        "company": "Optical Cable Corporation",
        "change_pct": 8.5,
        "premarket": 4.34,
        "volume": 1100,
        "category": "g",
        "source": "tv",
        "shortable": true,
        "exchange_name": "NASD",
        "market_cap": 31.47427,
        "existing": false
    },
    {
        "symbol": "CYN",
        "company": "Cyngn Inc.",
        "change_pct": 8.19,
        "premarket": 1.05,
        "volume": 1800,
        "category": "g",
        "source": "tv",
        "shortable": false,
        "exchange_name": "NASD",
        "market_cap": 32.82893,
        "existing": false
    },
    {
        "symbol": "MMAT",
        "company": "Meta Materials Inc.",
        "change_pct": 7.59,
        "premarket": 0.2439,
        "volume": 153021,
        "category": "g",
        "source": "tv",
        "shortable": true,
        "exchange_name": "NASD",
        "market_cap": 105.9157,
        "existing": false
    },
    {
        "symbol": "BKSY",
        "company": "BlackSky Technology Inc.",
        "change_pct": 7.56,
        "premarket": 1.85,
        "volume": 37075,
        "category": "g",
        "source": "tv",
        "shortable": true,
        "exchange_name": "NYSE",
        "market_cap": 239.6528,
        "existing": false
    },
    {
        "symbol": "MNK",
        "company": "Mallinckrodt plc",
        "change_pct": 7.52,
        "premarket": 1.41,
        "volume": 2567,
        "category": "g",
        "source": "tv",
        "shortable": false,
        "exchange_name": "AMEX",
        "market_cap": 63.44173,
        "existing": false
    },
    {
        "symbol": "INAB",
        "company": "IN8bio, Inc.",
        "change_pct": 7.51,
        "premarket": 2.29,
        "volume": 2838,
        "category": "g",
        "source": "tv",
        "shortable": false,
        "exchange_name": "NASD",
        "market_cap": 63.36824,
        "existing": false
    },
    {
        "symbol": "HLGN",
        "company": "Heliogen, Inc.",
        "change_pct": 7.43,
        "premarket": 0.2472,
        "volume": 45247,
        "category": "g",
        "source": "tv",
        "shortable": true,
        "exchange_name": "NYSE",
        "market_cap": 45.29471,
        "existing": false
    },
    {
        "symbol": "TCS",
        "company": "Container Store (The)",
        "change_pct": 7.4,
        "premarket": 3.34,
        "volume": 7246,
        "category": "g",
        "source": "tv",
        "shortable": true,
        "exchange_name": "NYSE",
        "market_cap": 155.3247,
        "existing": false
    },
    {
        "symbol": "OLO",
        "company": "Olo Inc.",
        "change_pct": 7.35,
        "premarket": 7.74,
        "volume": 500,
        "category": "g",
        "source": "tv",
        "shortable": true,
        "exchange_name": "NYSE",
        "market_cap": 1167.911,
        "existing": false
    },
    {
        "symbol": "VLN",
        "company": "Valens Semiconductor Ltd.",
        "change_pct": 7.23,
        "premarket": 2.52,
        "volume": 5011,
        "category": "g",
        "source": "tv",
        "shortable": true,
        "exchange_name": "NYSE",
        "market_cap": 240.6211,
        "existing": false
    },
    {
        "symbol": "AMPX",
        "company": "Amprius Technologies, Inc.",
        "change_pct": 7.16,
        "premarket": 10.18,
        "volume": 3645,
        "category": "g",
        "source": "tv",
        "shortable": true,
        "exchange_name": "NYSE",
        "market_cap": 807.2299,
        "existing": false
    },
    {
        "symbol": "OI",
        "company": "O-I Glass, Inc.",
        "change_pct": 6.99,
        "premarket": 22.34,
        "volume": 150,
        "category": "g",
        "source": "tv",
        "shortable": true,
        "exchange_name": "NYSE",
        "market_cap": 3242.125,
        "existing": false
    },
    {
        "symbol": "ICU",
        "company": "SeaStar Medical Holding Corporation",
        "change_pct": 6.84,
        "premarket": 0.6244,
        "volume": 171047,
        "category": "g",
        "source": "tv",
        "shortable": false,
        "exchange_name": "NASD",
        "market_cap": 7.8582,
        "existing": false
    },
    {
        "symbol": "ACHR",
        "company": "Archer Aviation Inc.",
        "change_pct": 6.77,
        "premarket": 3.47,
        "volume": 59204,
        "category": "g",
        "source": "tv",
        "shortable": true,
        "exchange_name": "NYSE",
        "market_cap": 804.2042,
        "existing": false
    },
    {
        "symbol": "AGLE",
        "company": "Aeglea BioTherapeutics, Inc.",
        "change_pct": 6.57,
        "premarket": 0.1428,
        "volume": 38380,
        "category": "g",
        "source": "tv",
        "shortable": true,
        "exchange_name": "NASD",
        "market_cap": 8.76295,
        "existing": false
    },
    {
        "symbol": "INZY",
        "company": "Inozyme Pharma, Inc.",
        "change_pct": 6.56,
        "premarket": 6.5,
        "volume": 1290,
        "category": "g",
        "source": "tv",
        "shortable": true,
        "exchange_name": "NASD",
        "market_cap": 268.6154,
        "existing": false
    }
]