[
    {
        "symbol": "NDRA",
        "company": "ENDRA Life Sciences Inc.",
        "change_pct": 181.2,
        "premarket": 9.72,
        "volume": 26520000,
        "category": "g",
        "source": "tv",
        "shortable": true,
        "exchange_name": "NASDAQ",
        "market_cap": 2613829,
        "existing": false
    },
    {
        "symbol": "PROK",
        "company": "ProKidney Corp.",
        "change_pct": 76.42,
        "premarket": 1.07,
        "volume": 39870000,
        "category": "g",
        "source": "tv",
        "shortable": true,
        "exchange_name": "NASDAQ",
        "market_cap": 82540416,
        "existing": false
    },
    {
        "symbol": "RLYB",
        "company": "Rallybio Corporation",
        "change_pct": 43.95,
        "premarket": 0.49,
        "volume": 29120000,
        "category": "g",
        "source": "tv",
        "shortable": true,
        "exchange_name": "NASDAQ",
        "market_cap": 13844965,
        "existing": false
    },
    {
        "symbol": "WOLF",
        "company": "Wolfspeed, Inc.",
        "change_pct": 43.72,
        "premarket": 3.32,
        "volume": 44340000,
        "category": "g",
        "source": "tv",
        "shortable": true,
        "exchange_name": "NYSE",
        "market_cap": 183639529,
        "existing": false
    },
    {
        "symbol": "PSTV",
        "company": "PLUS THERAPEUTICS, Inc.",
        "change_pct": 42.9,
        "premarket": 0.4294,
        "volume": 37290000,
        "category": "g",
        "source": "tv",
        "shortable": true,
        "exchange_name": "NASDAQ",
        "market_cap": 15115945,
        "existing": false
    },
    {
        "symbol": "IROH",
        "company": "Iron Horse Acquisitions Corp.",
        "change_pct": 25.29,
        "premarket": 7.48,
        "volume": 6060,
        "category": "g",
        "source": "tv",
        "shortable": true,
        "exchange_name": "NASDAQ",
        "market_cap": 73523390,
        "existing": false
    },
    {
        "symbol": "BSGM",
        "company": "BioSig Technologies, Inc.",
        "change_pct": 24.68,
        "premarket": 14.4,
        "volume": 262990,
        "category": "g",
        "source": "tv",
        "shortable": true,
        "exchange_name": "NASDAQ",
        "market_cap": 284136827,
        "existing": false
    },
    {
        "symbol": "OCC",
        "company": "Optical Cable Corporation",
        "change_pct": 21.55,
        "premarket": 4.4,
        "volume": 1820000,
        "category": "g",
        "source": "tv",
        "shortable": true,
        "exchange_name": "NASDAQ",
        "market_cap": 29621682,
        "existing": false
    },
    {
        "symbol": "BSLK",
        "company": "Bolt Projects Holdings, Inc.",
        "change_pct": 21.2,
        "premarket": 3.03,
        "volume": 5410000,
        "category": "g",
        "source": "tv",
        "shortable": true,
        "exchange_name": "NASDAQ",
        "market_cap": 5298772,
        "existing": false
    },
    {
        "symbol": "ZVSA",
        "company": "ZyVersa Therapeutics, Inc.",
        "change_pct": 16.6,
        "premarket": 0.7699,
        "volume": 31150000,
        "category": "g",
        "source": "tv",
        "shortable": false,
        "exchange_name": "NASDAQ",
        "market_cap": 3265220,
        "existing": false
    },
    {
        "symbol": "LSB",
        "company": "LakeShore Biopharma Co., Ltd",
        "change_pct": 16.27,
        "premarket": 1.14,
        "volume": 7590000,
        "category": "g",
        "source": "tv",
        "shortable": true,
        "exchange_name": "NASDAQ",
        "market_cap": 18987255,
        "existing": false
    },
    {
        "symbol": "VOR",
        "company": "Vor Biopharma Inc.",
        "change_pct": 15.73,
        "premarket": 3.09,
        "volume": 1180000,
        "category": "g",
        "source": "tv",
        "shortable": true,
        "exchange_name": "NASDAQ",
        "market_cap": 238672683,
        "existing": false
    },
    {
        "symbol": "PRPO",
        "company": "Precipio, Inc.",
        "change_pct": 14.45,
        "premarket": 16.0,
        "volume": 1370,
        "category": "g",
        "source": "tv",
        "shortable": true,
        "exchange_name": "NASDAQ",
        "market_cap": 18271366,
        "existing": false
    },
    {
        "symbol": "AMPX",
        "company": "Amprius Technologies, Inc.",
        "change_pct": 14.37,
        "premarket": 5.65,
        "volume": 234330,
        "category": "g",
        "source": "tv",
        "shortable": true,
        "exchange_name": "NYSE",
        "market_cap": 564155640,
        "existing": false
    },
    {
        "symbol": "SYTA",
        "company": "Siyata Mobile, Inc.",
        "change_pct": 14.02,
        "premarket": 4.88,
        "volume": 300330,
        "category": "g",
        "source": "tv",
        "shortable": true,
        "exchange_name": "NASDAQ",
        "market_cap": 30236829,
        "existing": false
    },
    {
        "symbol": "MSN",
        "company": "Emerson Radio Corporation",
        "change_pct": 13.15,
        "premarket": 0.4198,
        "volume": 46550,
        "category": "g",
        "source": "tv",
        "shortable": true,
        "exchange_name": "NYSE American",
        "market_cap": 7472245,
        "existing": false
    },
    {
        "symbol": "VRAR",
        "company": "The Glimpse Group, Inc.",
        "change_pct": 12.93,
        "premarket": 1.66,
        "volume": 500,
        "category": "g",
        "source": "tv",
        "shortable": true,
        "exchange_name": "NASDAQ",
        "market_cap": 28424933,
        "existing": false
    },
    {
        "symbol": "LRHC",
        "company": "La Rosa Holdings Corp.",
        "change_pct": 12.63,
        "premarket": 9.45,
        "volume": 86090,
        "category": "g",
        "source": "tv",
        "shortable": true,
        "exchange_name": "NASDAQ",
        "market_cap": 4663599,
        "existing": false
    },
    {
        "symbol": "SBET",
        "company": "SharpLink Gaming, Inc.",
        "change_pct": 12.55,
        "premarket": 14.26,
        "volume": 2100000,
        "category": "g",
        "source": "tv",
        "shortable": true,
        "exchange_name": "NASDAQ",
        "market_cap": 818481318,
        "existing": false
    },
    {
        "symbol": "LIMN",
        "company": "Liminatus Pharma, Inc.",
        "change_pct": 12.53,
        "premarket": 7.8,
        "volume": 12550,
        "category": "g",
        "source": "tv",
        "shortable": true,
        "exchange_name": "NASDAQ",
        "market_cap": 234651989,
        "existing": false
    },
    {
        "symbol": "FSLR",
        "company": "First Solar, Inc.",
        "change_pct": -6.19,
        "premarket": 166.1,
        "volume": 45100,
        "category": "l",
        "source": "tv",
        "shortable": true,
        "exchange_name": "NASDAQ",
        "market_cap": 19843445949,
        "existing": false
    },
    {
        "symbol": "FTI",
        "company": "TechnipFMC plc",
        "change_pct": -9.37,
        "premarket": 31.52,
        "volume": 754,
        "category": "l",
        "source": "tv",
        "shortable": true,
        "exchange_name": "NYSE",
        "market_cap": 14631109201,
        "existing": false
    },
    {
        "symbol": "CIEN",
        "company": "Ciena Corporation",
        "change_pct": -3.91,
        "premarket": 77.0,
        "volume": 7560,
        "category": "l",
        "source": "tv",
        "shortable": true,
        "exchange_name": "NYSE",
        "market_cap": 11504464200,
        "existing": false
    },
    {
        "symbol": "SGHC",
        "company": "Super Group (SGHC) Limited",
        "change_pct": -5.08,
        "premarket": 10.83,
        "volume": 8170,
        "category": "l",
        "source": "tv",
        "shortable": true,
        "exchange_name": "NYSE",
        "market_cap": 5733814648,
        "existing": false
    },
    {
        "symbol": "ENPH",
        "company": "Enphase Energy, Inc.",
        "change_pct": -4.78,
        "premarket": 40.43,
        "volume": 147570,
        "category": "l",
        "source": "tv",
        "shortable": true,
        "exchange_name": "NASDAQ",
        "market_cap": 5585482756,
        "existing": false
    },
    {
        "symbol": "VRRM",
        "company": "Verra Mobility Corporation",
        "change_pct": -6.98,
        "premarket": 23.44,
        "volume": 590,
        "category": "l",
        "source": "tv",
        "shortable": true,
        "exchange_name": "NASDAQ",
        "market_cap": 4089345718,
        "existing": false
    },
    {
        "symbol": "BGL",
        "company": "Blue Gold Limited",
        "change_pct": -17.64,
        "premarket": 61.5,
        "volume": 2900,
        "category": "l",
        "source": "tv",
        "shortable": true,
        "exchange_name": "NASDAQ",
        "market_cap": 3323870025,
        "existing": false
    },
    {
        "symbol": "RUN",
        "company": "Sunrun Inc.",
        "change_pct": -8.91,
        "premarket": 10.12,
        "volume": 815450,
        "category": "l",
        "source": "tv",
        "shortable": true,
        "exchange_name": "NASDAQ",
        "market_cap": 2399107935,
        "existing": false
    },
    {
        "symbol": "MNTN",
        "company": "MNTN, Inc.",
        "change_pct": -3.61,
        "premarket": 20.04,
        "volume": 550,
        "category": "l",
        "source": "tv",
        "shortable": true,
        "exchange_name": "NYSE",
        "market_cap": 1648472575,
        "existing": false
    },
    {
        "symbol": "SEDG",
        "company": "SolarEdge Technologies, Inc.",
        "change_pct": -8.06,
        "premarket": 24.3,
        "volume": 224100,
        "category": "l",
        "source": "tv",
        "shortable": true,
        "exchange_name": "NASDAQ",
        "market_cap": 1626078149,
        "existing": false
    },
    {
        "symbol": "ARRY",
        "company": "Array Technologies, Inc.",
        "change_pct": -3.55,
        "premarket": 7.6,
        "volume": 101310,
        "category": "l",
        "source": "tv",
        "shortable": true,
        "exchange_name": "NASDAQ",
        "market_cap": 1188341426,
        "existing": false
    },
    {
        "symbol": "SHLS",
        "company": "Shoals Technologies Group, Inc.",
        "change_pct": -5.56,
        "premarket": 5.95,
        "volume": 49180,
        "category": "l",
        "source": "tv",
        "shortable": true,
        "exchange_name": "NASDAQ",
        "market_cap": 999705357,
        "existing": false
    },
    {
        "symbol": "GNE",
        "company": "Genie Energy Ltd.",
        "change_pct": -8.64,
        "premarket": 22.83,
        "volume": 7210,
        "category": "l",
        "source": "tv",
        "shortable": true,
        "exchange_name": "NYSE",
        "market_cap": 672216002,
        "existing": false
    },
    {
        "symbol": "AMLX",
        "company": "Amylyx Pharmaceuticals, Inc.",
        "change_pct": -3.85,
        "premarket": 6.5,
        "volume": 1480,
        "category": "l",
        "source": "tv",
        "shortable": true,
        "exchange_name": "NASDAQ",
        "market_cap": 561588848,
        "existing": false
    },
    {
        "symbol": "NWTN",
        "company": "NWTN Inc.",
        "change_pct": -3.97,
        "premarket": 1.45,
        "volume": 117,
        "category": "l",
        "source": "tv",
        "shortable": true,
        "exchange_name": "NASDAQ",
        "market_cap": 467519508,
        "existing": false
    },
    {
        "symbol": "MBAV",
        "company": "M3-Brigade Acquisition V Corp.",
        "change_pct": -6.35,
        "premarket": 10.92,
        "volume": 980570,
        "category": "l",
        "source": "tv",
        "shortable": true,
        "exchange_name": "NASDAQ",
        "market_cap": 417234375,
        "existing": false
    },
    {
        "symbol": "AIP",
        "company": "Arteris, Inc.",
        "change_pct": -3.98,
        "premarket": 8.92,
        "volume": 250,
        "category": "l",
        "source": "tv",
        "shortable": true,
        "exchange_name": "NASDAQ",
        "market_cap": 387454429,
        "existing": false
    },
    {
        "symbol": "SKBL",
        "company": "Skyline Builders Group Holding Limited",
        "change_pct": -5.84,
        "premarket": 1.45,
        "volume": 345440,
        "category": "l",
        "source": "tv",
        "shortable": true,
        "exchange_name": "NASDAQ",
        "market_cap": 374790000,
        "existing": false
    },
    {
        "symbol": "CURV",
        "company": "Torrid Holdings Inc.",
        "change_pct": -3.94,
        "premarket": 2.68,
        "volume": 500,
        "category": "l",
        "source": "tv",
        "shortable": true,
        "exchange_name": "NYSE",
        "market_cap": 304709037,
        "existing": false
    },
    {
        "symbol": "TGE",
        "company": "The Generation Essentials Group",
        "change_pct": -5.93,
        "premarket": 6.48,
        "volume": 1190,
        "category": "l",
        "source": "tv",
        "shortable": true,
        "exchange_name": "NYSE",
        "market_cap": 292528344,
        "existing": false
    }
]