[
    {
        "symbol": "DMAQ",
        "company": "Deep Medicine Acquisition Corp.",
        "change_pct": 71.18,
        "premarket": 19.48,
        "volume": 41910,
        "category": "g",
        "source": "tv",
        "shortable": true,
        "exchange_name": "unknown, couldn't get quotes",
        "market_cap": 0,
        "existing": false
    },
    {
        "symbol": "AIMD",
        "company": "Ainos, Inc.",
        "change_pct": 58.93,
        "premarket": 1.16,
        "volume": 4009000,
        "category": "g",
        "source": "tv",
        "shortable": true,
        "exchange_name": "unknown, couldn't get quotes",
        "market_cap": 0,
        "existing": false
    },
    {
        "symbol": "FREQ",
        "company": "Frequency Therapeutics, Inc.",
        "change_pct": 48.83,
        "premarket": 0.5953,
        "volume": 6957000,
        "category": "g",
        "source": "tv",
        "shortable": true,
        "exchange_name": "unknown, couldn't get quotes",
        "market_cap": 0,
        "existing": false
    },
    {
        "symbol": "EDTX",
        "company": "EdtechX Holdings Acquisition Corp. II",
        "change_pct": 46.84,
        "premarket": 63.48,
        "volume": 108914,
        "category": "g",
        "source": "tv",
        "shortable": true,
        "exchange_name": "unknown, couldn't get quotes",
        "market_cap": 0,
        "existing": false
    },
    {
        "symbol": "ARBB",
        "company": "ARB IOT Group Limited",
        "change_pct": 44.17,
        "premarket": 4.7,
        "volume": 1951000,
        "category": "g",
        "source": "tv",
        "shortable": true,
        "exchange_name": "unknown, couldn't get quotes",
        "market_cap": 0,
        "existing": false
    },
    {
        "symbol": "PRFX",
        "company": "PainReform Ltd.",
        "change_pct": 39.65,
        "premarket": 8.03,
        "volume": 1274000,
        "category": "g",
        "source": "tv",
        "shortable": true,
        "exchange_name": "unknown, couldn't get quotes",
        "market_cap": 0,
        "existing": false
    },
    {
        "symbol": "METX",
        "company": "Meten Holding Group Ltd.",
        "change_pct": 26.17,
        "premarket": 0.27,
        "volume": 1470000,
        "category": "g",
        "source": "tv",
        "shortable": true,
        "exchange_name": "unknown, couldn't get quotes",
        "market_cap": 0,
        "existing": false
    },
    {
        "symbol": "EFSH",
        "company": "1847 Holdings LLC",
        "change_pct": 24.0,
        "premarket": 0.31,
        "volume": 6981000,
        "category": "g",
        "source": "tv",
        "shortable": true,
        "exchange_name": "unknown, couldn't get quotes",
        "market_cap": 0,
        "existing": false
    },
    {
        "symbol": "NKLA",
        "company": "Nikola Corporation",
        "change_pct": 23.36,
        "premarket": 2.74,
        "volume": 44816000,
        "category": "g",
        "source": "tv",
        "shortable": true,
        "exchange_name": "unknown, couldn't get quotes",
        "market_cap": 0,
        "existing": false
    },
    {
        "symbol": "NTRB",
        "company": "Nutriband Inc.",
        "change_pct": 22.5,
        "premarket": 2.94,
        "volume": 110688,
        "category": "g",
        "source": "tv",
        "shortable": true,
        "exchange_name": "unknown, couldn't get quotes",
        "market_cap": 0,
        "existing": false
    },
    {
        "symbol": "WAVS",
        "company": "Western Acquisition Ventures Corp.",
        "change_pct": 21.63,
        "premarket": 12.65,
        "volume": 389820,
        "category": "g",
        "source": "tv",
        "shortable": true,
        "exchange_name": "unknown, couldn't get quotes",
        "market_cap": 0,
        "existing": false
    },
    {
        "symbol": "LUNR",
        "company": "Intuitive Machines, Inc.",
        "change_pct": 18.85,
        "premarket": 10.15,
        "volume": 490465,
        "category": "g",
        "source": "tv",
        "shortable": true,
        "exchange_name": "unknown, couldn't get quotes",
        "market_cap": 0,
        "existing": false
    },
    {
        "symbol": "BRLI",
        "company": "Brilliant Acquisition Corporation",
        "change_pct": 17.03,
        "premarket": 13.4,
        "volume": 58581,
        "category": "g",
        "source": "tv",
        "shortable": true,
        "exchange_name": "unknown, couldn't get quotes",
        "market_cap": 0,
        "existing": false
    },
    {
        "symbol": "ACAD",
        "company": "ACADIA Pharmaceuticals Inc.",
        "change_pct": 16.47,
        "premarket": 30.05,
        "volume": 97265,
        "category": "g",
        "source": "tv",
        "shortable": true,
        "exchange_name": "unknown, couldn't get quotes",
        "market_cap": 0,
        "existing": false
    },
    {
        "symbol": "STGW",
        "company": "Stagwell Inc.",
        "change_pct": 14.63,
        "premarket": 8.54,
        "volume": 100,
        "category": "g",
        "source": "tv",
        "shortable": true,
        "exchange_name": "unknown, couldn't get quotes",
        "market_cap": 0,
        "existing": false
    },
    {
        "symbol": "ID",
        "company": "PARTS iD, Inc.",
        "change_pct": 14.38,
        "premarket": 0.49,
        "volume": 8319,
        "category": "g",
        "source": "tv",
        "shortable": true,
        "exchange_name": "unknown, couldn't get quotes",
        "market_cap": 0,
        "existing": false
    },
    {
        "symbol": "SNTG",
        "company": "Sentage Holdings Inc.",
        "change_pct": 13.59,
        "premarket": 2.76,
        "volume": 400,
        "category": "g",
        "source": "tv",
        "shortable": true,
        "exchange_name": "unknown, couldn't get quotes",
        "market_cap": 0,
        "existing": false
    },
    {
        "symbol": "MNPR",
        "company": "Monopar Therapeutics Inc.",
        "change_pct": 13.58,
        "premarket": 0.97,
        "volume": 960473,
        "category": "g",
        "source": "tv",
        "shortable": true,
        "exchange_name": "unknown, couldn't get quotes",
        "market_cap": 0,
        "existing": false
    },
    {
        "symbol": "SAI",
        "company": "SAI.TECH Global Corporation",
        "change_pct": 13.16,
        "premarket": 2.15,
        "volume": 741797,
        "category": "g",
        "source": "tv",
        "shortable": true,
        "exchange_name": "unknown, couldn't get quotes",
        "market_cap": 0,
        "existing": false
    },
    {
        "symbol": "XCUR",
        "company": "Exicure, Inc.",
        "change_pct": 11.11,
        "premarket": 1.4,
        "volume": 24356,
        "category": "g",
        "source": "tv",
        "shortable": true,
        "exchange_name": "unknown, couldn't get quotes",
        "market_cap": 0,
        "existing": false
    },
    {
        "symbol": "LILM",
        "company": "Lilium N.V.",
        "change_pct": -16.47,
        "premarket": 1.42,
        "volume": 4330000,
        "category": "l",
        "source": "tv",
        "shortable": true,
        "exchange_name": "unknown, couldn't get quotes",
        "market_cap": 0,
        "existing": false
    },
    {
        "symbol": "LESL",
        "company": "Leslie's, Inc.",
        "change_pct": -39.5,
        "premarket": 5.76,
        "volume": 2342000,
        "category": "l",
        "source": "tv",
        "shortable": true,
        "exchange_name": "unknown, couldn't get quotes",
        "market_cap": 0,
        "existing": false
    },
    {
        "symbol": "THRX",
        "company": "Theseus Pharmaceuticals, Inc.",
        "change_pct": -66.6,
        "premarket": 3.18,
        "volume": 1134000,
        "category": "l",
        "source": "tv",
        "shortable": true,
        "exchange_name": "unknown, couldn't get quotes",
        "market_cap": 0,
        "existing": false
    },
    {
        "symbol": "BTB",
        "company": "Bit Brother Limited",
        "change_pct": -46.03,
        "premarket": 0.415,
        "volume": 618952,
        "category": "l",
        "source": "tv",
        "shortable": true,
        "exchange_name": "unknown, couldn't get quotes",
        "market_cap": 0,
        "existing": false
    },
    {
        "symbol": "HUBC",
        "company": "Hub Cyber Security Ltd.",
        "change_pct": -8.41,
        "premarket": 0.3929,
        "volume": 606282,
        "category": "l",
        "source": "tv",
        "shortable": true,
        "exchange_name": "unknown, couldn't get quotes",
        "market_cap": 0,
        "existing": false
    },
    {
        "symbol": "CRBU",
        "company": "Caribou Biosciences, Inc.",
        "change_pct": -16.09,
        "premarket": 6.83,
        "volume": 566579,
        "category": "l",
        "source": "tv",
        "shortable": true,
        "exchange_name": "unknown, couldn't get quotes",
        "market_cap": 0,
        "existing": false
    },
    {
        "symbol": "LIFW",
        "company": "MSP Recovery, Inc.",
        "change_pct": -6.41,
        "premarket": 0.2761,
        "volume": 525593,
        "category": "l",
        "source": "tv",
        "shortable": true,
        "exchange_name": "unknown, couldn't get quotes",
        "market_cap": 0,
        "existing": false
    },
    {
        "symbol": "QBTS",
        "company": "D-Wave Quantum Inc.",
        "change_pct": -7.6,
        "premarket": 2.43,
        "volume": 452746,
        "category": "l",
        "source": "tv",
        "shortable": true,
        "exchange_name": "unknown, couldn't get quotes",
        "market_cap": 0,
        "existing": false
    },
    {
        "symbol": "VINE",
        "company": "Fresh Vine Wine, Inc.",
        "change_pct": -14.96,
        "premarket": 0.4991,
        "volume": 369122,
        "category": "l",
        "source": "tv",
        "shortable": true,
        "exchange_name": "unknown, couldn't get quotes",
        "market_cap": 0,
        "existing": false
    },
    {
        "symbol": "SXTP",
        "company": "60 Degrees Pharmaceuticals, Inc.",
        "change_pct": -11.7,
        "premarket": 4.0,
        "volume": 279283,
        "category": "l",
        "source": "tv",
        "shortable": true,
        "exchange_name": "unknown, couldn't get quotes",
        "market_cap": 0,
        "existing": false
    },
    {
        "symbol": "EJH",
        "company": "E-Home Household Service Holdings Limited",
        "change_pct": -4.97,
        "premarket": 0.1282,
        "volume": 193909,
        "category": "l",
        "source": "tv",
        "shortable": true,
        "exchange_name": "unknown, couldn't get quotes",
        "market_cap": 0,
        "existing": false
    },
    {
        "symbol": "SNPX",
        "company": "Synaptogenix, Inc.",
        "change_pct": -6.18,
        "premarket": 0.9757,
        "volume": 163504,
        "category": "l",
        "source": "tv",
        "shortable": true,
        "exchange_name": "unknown, couldn't get quotes",
        "market_cap": 0,
        "existing": false
    },
    {
        "symbol": "SNAL",
        "company": "Snail, Inc.",
        "change_pct": -9.85,
        "premarket": 1.83,
        "volume": 133367,
        "category": "l",
        "source": "tv",
        "shortable": true,
        "exchange_name": "unknown, couldn't get quotes",
        "market_cap": 0,
        "existing": false
    },
    {
        "symbol": "ADIL",
        "company": "Adial Pharmaceuticals, Inc",
        "change_pct": -3.82,
        "premarket": 0.2791,
        "volume": 116551,
        "category": "l",
        "source": "tv",
        "shortable": true,
        "exchange_name": "unknown, couldn't get quotes",
        "market_cap": 0,
        "existing": false
    },
    {
        "symbol": "BKKT",
        "company": "Bakkt Holdings, Inc.",
        "change_pct": -3.11,
        "premarket": 1.87,
        "volume": 101394,
        "category": "l",
        "source": "tv",
        "shortable": true,
        "exchange_name": "unknown, couldn't get quotes",
        "market_cap": 0,
        "existing": false
    },
    {
        "symbol": "AULT",
        "company": "Ault Alliance, Inc.",
        "change_pct": -7.36,
        "premarket": 3.9,
        "volume": 87796,
        "category": "l",
        "source": "tv",
        "shortable": true,
        "exchange_name": "unknown, couldn't get quotes",
        "market_cap": 0,
        "existing": false
    },
    {
        "symbol": "JZXN",
        "company": "Jiuzi Holdings, Inc.",
        "change_pct": -6.4,
        "premarket": 3.8,
        "volume": 86216,
        "category": "l",
        "source": "tv",
        "shortable": true,
        "exchange_name": "unknown, couldn't get quotes",
        "market_cap": 0,
        "existing": false
    },
    {
        "symbol": "NFTG",
        "company": "The NFT Gaming Company, Inc.",
        "change_pct": -7.49,
        "premarket": 0.9436,
        "volume": 70973,
        "category": "l",
        "source": "tv",
        "shortable": true,
        "exchange_name": "unknown, couldn't get quotes",
        "market_cap": 0,
        "existing": false
    },
    {
        "symbol": "ITP",
        "company": "IT Tech Packaging, Inc.",
        "change_pct": -11.1,
        "premarket": 0.4623,
        "volume": 65555,
        "category": "l",
        "source": "tv",
        "shortable": true,
        "exchange_name": "unknown, couldn't get quotes",
        "market_cap": 0,
        "existing": false
    },
    {
        "symbol": "AA",
        "company": "Alcoa Corporation",
        "change_pct": -3.54,
        "premarket": 35.39,
        "volume": 61163,
        "category": "l",
        "source": "tv",
        "shortable": true,
        "exchange_name": "unknown, couldn't get quotes",
        "market_cap": 0,
        "existing": false
    }
]