[
    {
        "symbol": "OGEN",
        "company": "Oragenics Inc.",
        "change_pct": 44.9,
        "premarket": 1.35,
        "volume": 331492,
        "category": "g",
        "source": "tv",
        "shortable": true,
        "exchange_name": "",
        "market_cap": 4333455,
        "existing": false
    },
    {
        "symbol": "PTN",
        "company": "Palatin Technologies, Inc.",
        "change_pct": 37.03,
        "premarket": 2.5,
        "volume": 568799,
        "category": "g",
        "source": "tv",
        "shortable": true,
        "exchange_name": "",
        "market_cap": 25412617,
        "existing": false
    },
    {
        "symbol": "IAS",
        "company": "Integral Ad Science Holding Corp.",
        "change_pct": 26.19,
        "premarket": 12.62,
        "volume": 133183,
        "category": "g",
        "source": "tv",
        "shortable": true,
        "exchange_name": "",
        "market_cap": 2015447963,
        "existing": false
    },
    {
        "symbol": "LMND",
        "company": "Lemonade, Inc.",
        "change_pct": 21.96,
        "premarket": 16.95,
        "volume": 136349,
        "category": "g",
        "source": "tv",
        "shortable": true,
        "exchange_name": "",
        "market_cap": 2030745117,
        "existing": false
    },
    {
        "symbol": "RBOT",
        "company": "Vicarious Surgical Inc.",
        "change_pct": 21.3,
        "premarket": 0.425,
        "volume": 122512,
        "category": "g",
        "source": "tv",
        "shortable": true,
        "exchange_name": "",
        "market_cap": 49537345,
        "existing": false
    },
    {
        "symbol": "NVAX",
        "company": "Novavax, Inc.",
        "change_pct": 20.1,
        "premarket": 4.81,
        "volume": 1565000,
        "category": "g",
        "source": "tv",
        "shortable": true,
        "exchange_name": "",
        "market_cap": 1426434323,
        "existing": false
    },
    {
        "symbol": "VTNR",
        "company": "Vertex Energy, Inc",
        "change_pct": 19.05,
        "premarket": 1.36,
        "volume": 367834,
        "category": "g",
        "source": "tv",
        "shortable": true,
        "exchange_name": "",
        "market_cap": 0,
        "existing": false
    },
    {
        "symbol": "RYAM",
        "company": "Rayonier Advanced Materials Inc.",
        "change_pct": 16.82,
        "premarket": 3.61,
        "volume": 17550,
        "category": "g",
        "source": "tv",
        "shortable": true,
        "exchange_name": "",
        "market_cap": 656521746,
        "existing": false
    },
    {
        "symbol": "DDD",
        "company": "3D Systems Corporation",
        "change_pct": 16.63,
        "premarket": 4.36,
        "volume": 142333,
        "category": "g",
        "source": "tv",
        "shortable": true,
        "exchange_name": "",
        "market_cap": 446136411,
        "existing": false
    },
    {
        "symbol": "PROK",
        "company": "ProKidney Corp.",
        "change_pct": 15.72,
        "premarket": 1.34,
        "volume": 230,
        "category": "g",
        "source": "tv",
        "shortable": true,
        "exchange_name": "",
        "market_cap": 252102766,
        "existing": false
    },
    {
        "symbol": "INGN",
        "company": "Inogen, Inc",
        "change_pct": 14.91,
        "premarket": 7.95,
        "volume": 11372,
        "category": "g",
        "source": "tv",
        "shortable": true,
        "exchange_name": "",
        "market_cap": 263043843,
        "existing": false
    },
    {
        "symbol": "KTB",
        "company": "Kontoor Brands, Inc.",
        "change_pct": 14.91,
        "premarket": 53.99,
        "volume": 1500,
        "category": "g",
        "source": "tv",
        "shortable": true,
        "exchange_name": "",
        "market_cap": 4966040968,
        "existing": false
    },
    {
        "symbol": "ANVS",
        "company": "Annovis Bio, Inc.",
        "change_pct": 14.2,
        "premarket": 8.4,
        "volume": 28502,
        "category": "g",
        "source": "tv",
        "shortable": true,
        "exchange_name": "",
        "market_cap": 106520786,
        "existing": false
    },
    {
        "symbol": "EB",
        "company": "Eventbrite, Inc.",
        "change_pct": 14.06,
        "premarket": 7.15,
        "volume": 9028,
        "category": "g",
        "source": "tv",
        "shortable": true,
        "exchange_name": "",
        "market_cap": 334239032,
        "existing": false
    },
    {
        "symbol": "AAGR",
        "company": "African Agriculture Holdings Inc.",
        "change_pct": 13.71,
        "premarket": 0.6437,
        "volume": 700,
        "category": "g",
        "source": "tv",
        "shortable": true,
        "exchange_name": "",
        "market_cap": 11573,
        "existing": false
    },
    {
        "symbol": "TZOO",
        "company": "Travelzoo",
        "change_pct": 13.65,
        "premarket": 8.29,
        "volume": 2343,
        "category": "g",
        "source": "tv",
        "shortable": true,
        "exchange_name": "",
        "market_cap": 209793560,
        "existing": false
    },
    {
        "symbol": "STRC",
        "company": "Sarcos Technology and Robotics Corporation",
        "change_pct": 13.45,
        "premarket": 1.48,
        "volume": 116910,
        "category": "g",
        "source": "tv",
        "shortable": true,
        "exchange_name": "",
        "market_cap": 0,
        "existing": false
    },
    {
        "symbol": "DAKT",
        "company": "Daktronics, Inc.",
        "change_pct": 12.92,
        "premarket": 7.08,
        "volume": 1019,
        "category": "g",
        "source": "tv",
        "shortable": true,
        "exchange_name": "",
        "market_cap": 696467524,
        "existing": false
    },
    {
        "symbol": "DV",
        "company": "DoubleVerify Holdings, Inc.",
        "change_pct": 12.88,
        "premarket": 36.2,
        "volume": 23715,
        "category": "g",
        "source": "tv",
        "shortable": true,
        "exchange_name": "",
        "market_cap": 3269959623,
        "existing": false
    },
    {
        "symbol": "PAYO",
        "company": "Payoneer Global Inc.",
        "change_pct": 12.77,
        "premarket": 4.85,
        "volume": 37594,
        "category": "g",
        "source": "tv",
        "shortable": true,
        "exchange_name": "",
        "market_cap": 3854991751,
        "existing": false
    },
    {
        "symbol": "MTZ",
        "company": "MasTec, Inc.",
        "change_pct": 12.46,
        "premarket": 65.0,
        "volume": 200,
        "category": "g",
        "source": "tv",
        "shortable": true,
        "exchange_name": "",
        "market_cap": 11291314502,
        "existing": false
    },
    {
        "symbol": "CNXC",
        "company": "Concentrix Corporation",
        "change_pct": 11.94,
        "premarket": 73.0,
        "volume": 8029,
        "category": "g",
        "source": "tv",
        "shortable": true,
        "exchange_name": "",
        "market_cap": 2691922645,
        "existing": false
    },
    {
        "symbol": "BMBL",
        "company": "Bumble Inc.",
        "change_pct": 11.76,
        "premarket": 11.63,
        "volume": 105343,
        "category": "g",
        "source": "tv",
        "shortable": true,
        "exchange_name": "",
        "market_cap": 873031685,
        "existing": false
    },
    {
        "symbol": "RXRX",
        "company": "Recursion Pharmaceuticals, Inc.",
        "change_pct": 11.34,
        "premarket": 13.76,
        "volume": 372512,
        "category": "g",
        "source": "tv",
        "shortable": true,
        "exchange_name": "",
        "market_cap": 2036551475,
        "existing": false
    },
    {
        "symbol": "LAZR",
        "company": "Luminar Technologies, Inc.",
        "change_pct": 10.4,
        "premarket": 2.24,
        "volume": 236581,
        "category": "g",
        "source": "tv",
        "shortable": true,
        "exchange_name": "",
        "market_cap": 444797821,
        "existing": false
    },
    {
        "symbol": "IFBD",
        "company": "Infobird Co., Ltd",
        "change_pct": 10.16,
        "premarket": 1.15,
        "volume": 1028000,
        "category": "g",
        "source": "tv",
        "shortable": true,
        "exchange_name": "",
        "market_cap": 4033557,
        "existing": false
    },
    {
        "symbol": "TRNR",
        "company": "Interactive Strength Inc.",
        "change_pct": 10.13,
        "premarket": 0.674,
        "volume": 32747,
        "category": "g",
        "source": "tv",
        "shortable": true,
        "exchange_name": "",
        "market_cap": 416838,
        "existing": false
    },
    {
        "symbol": "URBN",
        "company": "Urban Outfitters, Inc.",
        "change_pct": 9.71,
        "premarket": 42.6,
        "volume": 7850,
        "category": "g",
        "source": "tv",
        "shortable": true,
        "exchange_name": "",
        "market_cap": 3480057874,
        "existing": false
    },
    {
        "symbol": "WRBY",
        "company": "Warby Parker Inc.",
        "change_pct": 9.57,
        "premarket": 13.6,
        "volume": 1900,
        "category": "g",
        "source": "tv",
        "shortable": true,
        "exchange_name": "",
        "market_cap": 2347773328,
        "existing": false
    },
    {
        "symbol": "CJJD",
        "company": "China Jo-Jo Drugstores, Inc.",
        "change_pct": 9.48,
        "premarket": 0.19,
        "volume": 10632,
        "category": "g",
        "source": "tv",
        "shortable": true,
        "exchange_name": "",
        "market_cap": 14599044,
        "existing": false
    },
    {
        "symbol": "ABSI",
        "company": "Absci Corporation",
        "change_pct": 9.35,
        "premarket": 4.46,
        "volume": 220882,
        "category": "g",
        "source": "tv",
        "shortable": true,
        "exchange_name": "",
        "market_cap": 462174279,
        "existing": false
    },
    {
        "symbol": "AKLI",
        "company": "Akili, Inc.",
        "change_pct": 9.12,
        "premarket": 0.4226,
        "volume": 164291,
        "category": "g",
        "source": "tv",
        "shortable": true,
        "exchange_name": "",
        "market_cap": 34009945,
        "existing": false
    },
    {
        "symbol": "BGFV",
        "company": "Big 5 Sporting Goods Corporation",
        "change_pct": 9.09,
        "premarket": 4.8,
        "volume": 8344,
        "category": "g",
        "source": "tv",
        "shortable": true,
        "exchange_name": "",
        "market_cap": 37619700,
        "existing": false
    },
    {
        "symbol": "DARE",
        "company": "Dare Bioscience, Inc.",
        "change_pct": 8.09,
        "premarket": 0.46,
        "volume": 4349,
        "category": "g",
        "source": "tv",
        "shortable": true,
        "exchange_name": "",
        "market_cap": 35553716,
        "existing": false
    },
    {
        "symbol": "GDOT",
        "company": "Green Dot Corporation",
        "change_pct": 8.08,
        "premarket": 8.08,
        "volume": 100,
        "category": "g",
        "source": "tv",
        "shortable": true,
        "exchange_name": "",
        "market_cap": 586276599,
        "existing": false
    },
    {
        "symbol": "GRTX",
        "company": "Galera Therapeutics, Inc.",
        "change_pct": 8.04,
        "premarket": 0.23,
        "volume": 353208,
        "category": "g",
        "source": "tv",
        "shortable": true,
        "exchange_name": "",
        "market_cap": 2882785,
        "existing": false
    },
    {
        "symbol": "AMST",
        "company": "Amesite Inc.",
        "change_pct": 7.87,
        "premarket": 1.99,
        "volume": 111376,
        "category": "g",
        "source": "tv",
        "shortable": true,
        "exchange_name": "",
        "market_cap": 6712041,
        "existing": false
    },
    {
        "symbol": "SND",
        "company": "Smart Sand, Inc.",
        "change_pct": 7.86,
        "premarket": 1.92,
        "volume": 150,
        "category": "g",
        "source": "tv",
        "shortable": true,
        "exchange_name": "",
        "market_cap": 104740767,
        "existing": false
    },
    {
        "symbol": "XNCR",
        "company": "Xencor, Inc.",
        "change_pct": 7.58,
        "premarket": 24.51,
        "volume": 426,
        "category": "g",
        "source": "tv",
        "shortable": true,
        "exchange_name": "",
        "market_cap": 1652975548,
        "existing": false
    },
    {
        "symbol": "SPCE",
        "company": "Virgin Galactic Holdings, Inc.",
        "change_pct": 7.37,
        "premarket": 1.76,
        "volume": 164652,
        "category": "g",
        "source": "tv",
        "shortable": true,
        "exchange_name": "",
        "market_cap": 179605578,
        "existing": false
    },
    {
        "symbol": "BTOG",
        "company": "Bit Origin Limited",
        "change_pct": 7.28,
        "premarket": 5.6,
        "volume": 26113,
        "category": "g",
        "source": "tv",
        "shortable": true,
        "exchange_name": "",
        "market_cap": 11949024,
        "existing": false
    },
    {
        "symbol": "BBLG",
        "company": "Bone Biologics Corp",
        "change_pct": 7.01,
        "premarket": 2.19,
        "volume": 672,
        "category": "g",
        "source": "tv",
        "shortable": true,
        "exchange_name": "",
        "market_cap": 2851566,
        "existing": false
    },
    {
        "symbol": "SYRA",
        "company": "Syra Health Corp.",
        "change_pct": 6.91,
        "premarket": 2.02,
        "volume": 7261,
        "category": "g",
        "source": "tv",
        "shortable": true,
        "exchange_name": "",
        "market_cap": 7113223,
        "existing": false
    },
    {
        "symbol": "NBSE",
        "company": "NeuBase Therapeutics, Inc.",
        "change_pct": 6.88,
        "premarket": 0.8602,
        "volume": 1096,
        "category": "g",
        "source": "tv",
        "shortable": true,
        "exchange_name": "",
        "market_cap": 1386191,
        "existing": false
    },
    {
        "symbol": "GSUN",
        "company": "Golden Sun Health Technology Group Limited",
        "change_pct": 6.72,
        "premarket": 0.6903,
        "volume": 485,
        "category": "g",
        "source": "tv",
        "shortable": true,
        "exchange_name": "",
        "market_cap": 5110835,
        "existing": false
    },
    {
        "symbol": "BGLC",
        "company": "BioNexus Gene Lab Corp",
        "change_pct": 6.61,
        "premarket": 0.6631,
        "volume": 1538,
        "category": "g",
        "source": "tv",
        "shortable": true,
        "exchange_name": "",
        "market_cap": 6301259,
        "existing": false
    },
    {
        "symbol": "EZFL",
        "company": "EzFill Holdings, Inc.",
        "change_pct": 6.6,
        "premarket": 1.84,
        "volume": 100,
        "category": "g",
        "source": "tv",
        "shortable": true,
        "exchange_name": "",
        "market_cap": 17269833,
        "existing": false
    },
    {
        "symbol": "TBIO",
        "company": "Telesis Bio, Inc.",
        "change_pct": 6.57,
        "premarket": 0.5394,
        "volume": 23992,
        "category": "g",
        "source": "tv",
        "shortable": true,
        "exchange_name": "",
        "market_cap": 2251641,
        "existing": false
    },
    {
        "symbol": "PDCO",
        "company": "Patterson Companies, Inc.",
        "change_pct": 6.48,
        "premarket": 26.97,
        "volume": 1410,
        "category": "g",
        "source": "tv",
        "shortable": true,
        "exchange_name": "",
        "market_cap": 1833416000,
        "existing": false
    },
    {
        "symbol": "MDRX",
        "company": "Veradigm Inc.",
        "change_pct": 6.45,
        "premarket": 7.11,
        "volume": 76590,
        "category": "g",
        "source": "tv",
        "shortable": true,
        "exchange_name": "",
        "market_cap": 1627678752,
        "existing": false
    },
    {
        "symbol": "MICS",
        "company": "The Singing Machine Company, Inc.",
        "change_pct": 6.37,
        "premarket": 0.96,
        "volume": 2331,
        "category": "g",
        "source": "tv",
        "shortable": true,
        "exchange_name": "",
        "market_cap": 0,
        "existing": false
    },
    {
        "symbol": "SING",
        "company": "SinglePoint Inc.",
        "change_pct": 6.36,
        "premarket": 0.3622,
        "volume": 600,
        "category": "g",
        "source": "tv",
        "shortable": true,
        "exchange_name": "",
        "market_cap": 158405,
        "existing": false
    },
    {
        "symbol": "BTCY",
        "company": "Biotricity, Inc.",
        "change_pct": 6.21,
        "premarket": 0.9201,
        "volume": 100,
        "category": "g",
        "source": "tv",
        "shortable": true,
        "exchange_name": "",
        "market_cap": 7828137,
        "existing": false
    },
    {
        "symbol": "DY",
        "company": "Dycom Industries, Inc.",
        "change_pct": 6.2,
        "premarket": 114.99,
        "volume": 1379,
        "category": "g",
        "source": "tv",
        "shortable": true,
        "exchange_name": "",
        "market_cap": 5519018637,
        "existing": false
    },
    {
        "symbol": "SLE",
        "company": "Super League Enterprise, Inc.",
        "change_pct": 6.15,
        "premarket": 2.29,
        "volume": 1000,
        "category": "g",
        "source": "tv",
        "shortable": true,
        "exchange_name": "",
        "market_cap": 9985675,
        "existing": false
    },
    {
        "symbol": "FTDR",
        "company": "Frontdoor, Inc.",
        "change_pct": 6.15,
        "premarket": 31.0,
        "volume": 1910,
        "category": "g",
        "source": "tv",
        "shortable": true,
        "exchange_name": "",
        "market_cap": 4427382920,
        "existing": false
    },
    {
        "symbol": "FAZE",
        "company": "FaZe Holdings Inc.",
        "change_pct": 6.02,
        "premarket": 0.195,
        "volume": 83781,
        "category": "g",
        "source": "tv",
        "shortable": true,
        "exchange_name": "",
        "market_cap": 0,
        "existing": false
    },
    {
        "symbol": "ARRY",
        "company": "Array Technologies, Inc.",
        "change_pct": 5.94,
        "premarket": 12.83,
        "volume": 303840,
        "category": "g",
        "source": "tv",
        "shortable": true,
        "exchange_name": "",
        "market_cap": 917735605,
        "existing": false
    },
    {
        "symbol": "ADN",
        "company": "Advent Technologies Holdings, Inc.",
        "change_pct": 5.84,
        "premarket": 0.195,
        "volume": 324435,
        "category": "g",
        "source": "tv",
        "shortable": true,
        "exchange_name": "",
        "market_cap": 9412333,
        "existing": false
    },
    {
        "symbol": "AIRE",
        "company": "reAlpha Tech Corp.",
        "change_pct": 5.79,
        "premarket": 1.79,
        "volume": 77088,
        "category": "g",
        "source": "tv",
        "shortable": true,
        "exchange_name": "",
        "market_cap": 48157728,
        "existing": false
    },
    {
        "symbol": "GRNQ",
        "company": "Greenpro Capital Corp.",
        "change_pct": 5.77,
        "premarket": 1.47,
        "volume": 494,
        "category": "g",
        "source": "tv",
        "shortable": true,
        "exchange_name": "",
        "market_cap": 6515199,
        "existing": false
    },
    {
        "symbol": "GSAT",
        "company": "Globalstar, Inc.",
        "change_pct": 5.75,
        "premarket": 1.64,
        "volume": 193234,
        "category": "g",
        "source": "tv",
        "shortable": true,
        "exchange_name": "",
        "market_cap": 3746899292,
        "existing": false
    },
    {
        "symbol": "OPK",
        "company": "Opko Health, Inc.",
        "change_pct": 5.69,
        "premarket": 0.99,
        "volume": 66469,
        "category": "g",
        "source": "tv",
        "shortable": true,
        "exchange_name": "",
        "market_cap": 1037374204,
        "existing": false
    },
    {
        "symbol": "SUGP",
        "company": "SU Group Holdings Limited",
        "change_pct": 5.65,
        "premarket": 3.51,
        "volume": 3409,
        "category": "g",
        "source": "tv",
        "shortable": true,
        "exchange_name": "",
        "market_cap": 20252890,
        "existing": false
    },
    {
        "symbol": "LIXT",
        "company": "Lixte Biotechnology Holdings, Inc.",
        "change_pct": 5.62,
        "premarket": 2.52,
        "volume": 691,
        "category": "g",
        "source": "tv",
        "shortable": true,
        "exchange_name": "",
        "market_cap": 3801300,
        "existing": false
    },
    {
        "symbol": "BLD",
        "company": "TopBuild Corp.",
        "change_pct": 5.6,
        "premarket": 390.01,
        "volume": 578,
        "category": "g",
        "source": "tv",
        "shortable": true,
        "exchange_name": "",
        "market_cap": 10816282712,
        "existing": false
    },
    {
        "symbol": "MSGM",
        "company": "Motorsport Games Inc.",
        "change_pct": 5.57,
        "premarket": 2.2,
        "volume": 2674,
        "category": "g",
        "source": "tv",
        "shortable": true,
        "exchange_name": "",
        "market_cap": 4011283,
        "existing": false
    },
    {
        "symbol": "COEP",
        "company": "Coeptis Therapeutics Holdings, Inc.",
        "change_pct": 5.52,
        "premarket": 0.4607,
        "volume": 2449,
        "category": "g",
        "source": "tv",
        "shortable": true,
        "exchange_name": "",
        "market_cap": 7983437,
        "existing": false
    },
    {
        "symbol": "COCP",
        "company": "Cocrystal Pharma, Inc.",
        "change_pct": 5.48,
        "premarket": 1.37,
        "volume": 152,
        "category": "g",
        "source": "tv",
        "shortable": true,
        "exchange_name": "",
        "market_cap": 17905870,
        "existing": false
    },
    {
        "symbol": "VERV",
        "company": "Verve Therapeutics, Inc.",
        "change_pct": 5.47,
        "premarket": 16.58,
        "volume": 1935,
        "category": "g",
        "source": "tv",
        "shortable": true,
        "exchange_name": "",
        "market_cap": 534228830,
        "existing": false
    },
    {
        "symbol": "ERAS",
        "company": "Erasca, Inc.",
        "change_pct": 5.28,
        "premarket": 2.33,
        "volume": 422,
        "category": "g",
        "source": "tv",
        "shortable": true,
        "exchange_name": "",
        "market_cap": 886674320,
        "existing": false
    },
    {
        "symbol": "ICCM",
        "company": "IceCure Medical Ltd.",
        "change_pct": 5.26,
        "premarket": 1.26,
        "volume": 11023,
        "category": "g",
        "source": "tv",
        "shortable": true,
        "exchange_name": "",
        "market_cap": 32339983,
        "existing": false
    },
    {
        "symbol": "ISUN",
        "company": "iSun, Inc.",
        "change_pct": 5.26,
        "premarket": 0.18,
        "volume": 6326,
        "category": "g",
        "source": "tv",
        "shortable": true,
        "exchange_name": "",
        "market_cap": 0,
        "existing": false
    },
    {
        "symbol": "ROOT",
        "company": "Root, Inc.",
        "change_pct": 5.16,
        "premarket": 23.9,
        "volume": 2527,
        "category": "g",
        "source": "tv",
        "shortable": true,
        "exchange_name": "",
        "market_cap": 1237143000,
        "existing": false
    },
    {
        "symbol": "MAIA",
        "company": "MAIA Biotechnology, Inc.",
        "change_pct": 5.15,
        "premarket": 1.29,
        "volume": 1271,
        "category": "g",
        "source": "tv",
        "shortable": true,
        "exchange_name": "",
        "market_cap": 69743428,
        "existing": false
    },
    {
        "symbol": "NLSP",
        "company": "NLS Pharmaceutics Ltd.",
        "change_pct": 5.13,
        "premarket": 0.37,
        "volume": 100,
        "category": "g",
        "source": "tv",
        "shortable": true,
        "exchange_name": "",
        "market_cap": 7475677,
        "existing": false
    },
    {
        "symbol": "PRZO",
        "company": "ParaZero Technologies Ltd.",
        "change_pct": 5.04,
        "premarket": 0.7502,
        "volume": 68688,
        "category": "g",
        "source": "tv",
        "shortable": true,
        "exchange_name": "",
        "market_cap": 6686365,
        "existing": false
    },
    {
        "symbol": "JBI",
        "company": "Janus International Group, Inc.",
        "change_pct": 5.02,
        "premarket": 14.2,
        "volume": 2325,
        "category": "g",
        "source": "tv",
        "shortable": true,
        "exchange_name": "",
        "market_cap": 1032666650,
        "existing": false
    },
    {
        "symbol": "BRP",
        "company": "BRP Group, Inc.",
        "change_pct": 4.98,
        "premarket": 25.75,
        "volume": 1000,
        "category": "g",
        "source": "tv",
        "shortable": true,
        "exchange_name": "",
        "market_cap": 0,
        "existing": false
    },
    {
        "symbol": "LOT",
        "company": "Lotus Technology Inc.",
        "change_pct": 4.96,
        "premarket": 10.74,
        "volume": 1379,
        "category": "g",
        "source": "tv",
        "shortable": true,
        "exchange_name": "",
        "market_cap": 3081403497,
        "existing": false
    },
    {
        "symbol": "NGM",
        "company": "NGM Biopharmaceuticals, Inc.",
        "change_pct": 4.91,
        "premarket": 1.55,
        "volume": 3617,
        "category": "g",
        "source": "tv",
        "shortable": true,
        "exchange_name": "",
        "market_cap": 0,
        "existing": false
    },
    {
        "symbol": "MRSN",
        "company": "Mersana Therapeutics, Inc.",
        "change_pct": 4.87,
        "premarket": 4.06,
        "volume": 5715,
        "category": "g",
        "source": "tv",
        "shortable": true,
        "exchange_name": "",
        "market_cap": 315274881,
        "existing": false
    },
    {
        "symbol": "VERO",
        "company": "Venus Concept Inc.",
        "change_pct": 4.73,
        "premarket": 0.8954,
        "volume": 4050,
        "category": "g",
        "source": "tv",
        "shortable": true,
        "exchange_name": "",
        "market_cap": 3025450,
        "existing": false
    },
    {
        "symbol": "ATCH",
        "company": "AtlasClear Holdings, Inc.",
        "change_pct": 4.69,
        "premarket": 2.03,
        "volume": 1123,
        "category": "g",
        "source": "tv",
        "shortable": true,
        "exchange_name": "",
        "market_cap": 18146941,
        "existing": false
    },
    {
        "symbol": "VLN",
        "company": "Valens Semiconductor Ltd.",
        "change_pct": 4.66,
        "premarket": 2.25,
        "volume": 57599,
        "category": "g",
        "source": "tv",
        "shortable": true,
        "exchange_name": "",
        "market_cap": 199535056,
        "existing": false
    },
    {
        "symbol": "HUBC",
        "company": "Hub Cyber Security Ltd.",
        "change_pct": 4.62,
        "premarket": 1.24,
        "volume": 7287,
        "category": "g",
        "source": "tv",
        "shortable": true,
        "exchange_name": "",
        "market_cap": 15814694,
        "existing": false
    },
    {
        "symbol": "LNTH",
        "company": "Lantheus Holdings, Inc.",
        "change_pct": 4.58,
        "premarket": 65.13,
        "volume": 2590,
        "category": "g",
        "source": "tv",
        "shortable": true,
        "exchange_name": "",
        "market_cap": 6083598587,
        "existing": false
    },
    {
        "symbol": "ENG",
        "company": "ENGlobal Corporation",
        "change_pct": 4.57,
        "premarket": 1.88,
        "volume": 698,
        "category": "g",
        "source": "tv",
        "shortable": true,
        "exchange_name": "",
        "market_cap": 6651992,
        "existing": false
    },
    {
        "symbol": "HOLO",
        "company": "MicroCloud Hologram Inc.",
        "change_pct": 4.56,
        "premarket": 9.0,
        "volume": 119051,
        "category": "g",
        "source": "tv",
        "shortable": true,
        "exchange_name": "",
        "market_cap": 29455324,
        "existing": false
    },
    {
        "symbol": "INAB",
        "company": "IN8bio, Inc.",
        "change_pct": 4.5,
        "premarket": 1.06,
        "volume": 1255,
        "category": "g",
        "source": "tv",
        "shortable": true,
        "exchange_name": "",
        "market_cap": 16075995,
        "existing": false
    },
    {
        "symbol": "INTS",
        "company": "Intensity Therapeutics, Inc.",
        "change_pct": 4.47,
        "premarket": 3.42,
        "volume": 100,
        "category": "g",
        "source": "tv",
        "shortable": true,
        "exchange_name": "",
        "market_cap": 45447111,
        "existing": false
    },
    {
        "symbol": "ONCO",
        "company": "Onconetix, Inc.",
        "change_pct": 4.44,
        "premarket": 0.172,
        "volume": 1750,
        "category": "g",
        "source": "tv",
        "shortable": true,
        "exchange_name": "",
        "market_cap": 20322098,
        "existing": false
    },
    {
        "symbol": "CTMX",
        "company": "CytomX Therapeutics, Inc.",
        "change_pct": 4.44,
        "premarket": 2.15,
        "volume": 47870,
        "category": "g",
        "source": "tv",
        "shortable": true,
        "exchange_name": "",
        "market_cap": 85302178,
        "existing": false
    },
    {
        "symbol": "CETY",
        "company": "Clean Energy Technologies, Inc.",
        "change_pct": 4.34,
        "premarket": 0.6323,
        "volume": 1165,
        "category": "g",
        "source": "tv",
        "shortable": true,
        "exchange_name": "",
        "market_cap": 44375787,
        "existing": false
    },
    {
        "symbol": "RDFN",
        "company": "Redfin Corporation",
        "change_pct": 4.33,
        "premarket": 6.85,
        "volume": 64917,
        "category": "g",
        "source": "tv",
        "shortable": true,
        "exchange_name": "",
        "market_cap": 1198891183,
        "existing": false
    },
    {
        "symbol": "AGL",
        "company": "agilon health, inc.",
        "change_pct": 4.32,
        "premarket": 6.2,
        "volume": 4746,
        "category": "g",
        "source": "tv",
        "shortable": true,
        "exchange_name": "",
        "market_cap": 758112834,
        "existing": false
    },
    {
        "symbol": "ICD",
        "company": "Independence Contract Drilling, Inc.",
        "change_pct": 4.26,
        "premarket": 1.8,
        "volume": 4100,
        "category": "g",
        "source": "tv",
        "shortable": true,
        "exchange_name": "",
        "market_cap": 0,
        "existing": false
    },
    {
        "symbol": "RKLB",
        "company": "Rocket Lab USA, Inc.",
        "change_pct": 4.25,
        "premarket": 4.51,
        "volume": 132677,
        "category": "g",
        "source": "tv",
        "shortable": true,
        "exchange_name": "",
        "market_cap": 6709608358,
        "existing": false
    },
    {
        "symbol": "LL",
        "company": "LL Flooring Holdings, Inc.",
        "change_pct": 4.11,
        "premarket": 2.1,
        "volume": 1100,
        "category": "g",
        "source": "tv",
        "shortable": true,
        "exchange_name": "",
        "market_cap": 0,
        "existing": false
    },
    {
        "symbol": "BIOL",
        "company": "Biolase, Inc.",
        "change_pct": 4.11,
        "premarket": 0.1424,
        "volume": 125155,
        "category": "g",
        "source": "tv",
        "shortable": true,
        "exchange_name": "",
        "market_cap": 0,
        "existing": false
    },
    {
        "symbol": "MTZ",
        "company": "MasTec, Inc.",
        "change_pct": -12.46,
        "premarket": 65.0,
        "volume": 200,
        "category": "l",
        "source": "tv",
        "shortable": true,
        "exchange_name": "",
        "market_cap": 11291314502,
        "existing": false
    },
    {
        "symbol": "BLD",
        "company": "TopBuild Corp.",
        "change_pct": -5.6,
        "premarket": 390.01,
        "volume": 578,
        "category": "l",
        "source": "tv",
        "shortable": true,
        "exchange_name": "",
        "market_cap": 10816282712,
        "existing": false
    },
    {
        "symbol": "RKLB",
        "company": "Rocket Lab USA, Inc.",
        "change_pct": -4.25,
        "premarket": 4.51,
        "volume": 132677,
        "category": "l",
        "source": "tv",
        "shortable": true,
        "exchange_name": "",
        "market_cap": 6709608358,
        "existing": false
    },
    {
        "symbol": "LNTH",
        "company": "Lantheus Holdings, Inc.",
        "change_pct": -4.58,
        "premarket": 65.13,
        "volume": 2590,
        "category": "l",
        "source": "tv",
        "shortable": true,
        "exchange_name": "",
        "market_cap": 6083598587,
        "existing": false
    },
    {
        "symbol": "DY",
        "company": "Dycom Industries, Inc.",
        "change_pct": -6.2,
        "premarket": 114.99,
        "volume": 1379,
        "category": "l",
        "source": "tv",
        "shortable": true,
        "exchange_name": "",
        "market_cap": 5519018637,
        "existing": false
    },
    {
        "symbol": "KTB",
        "company": "Kontoor Brands, Inc.",
        "change_pct": -14.91,
        "premarket": 53.99,
        "volume": 1500,
        "category": "l",
        "source": "tv",
        "shortable": true,
        "exchange_name": "",
        "market_cap": 4966040968,
        "existing": false
    },
    {
        "symbol": "FTDR",
        "company": "Frontdoor, Inc.",
        "change_pct": -6.15,
        "premarket": 31.0,
        "volume": 1910,
        "category": "l",
        "source": "tv",
        "shortable": true,
        "exchange_name": "",
        "market_cap": 4427382920,
        "existing": false
    },
    {
        "symbol": "PAYO",
        "company": "Payoneer Global Inc.",
        "change_pct": -12.77,
        "premarket": 4.85,
        "volume": 37594,
        "category": "l",
        "source": "tv",
        "shortable": true,
        "exchange_name": "",
        "market_cap": 3854991751,
        "existing": false
    },
    {
        "symbol": "GSAT",
        "company": "Globalstar, Inc.",
        "change_pct": -5.75,
        "premarket": 1.64,
        "volume": 193234,
        "category": "l",
        "source": "tv",
        "shortable": true,
        "exchange_name": "",
        "market_cap": 3746899292,
        "existing": false
    },
    {
        "symbol": "URBN",
        "company": "Urban Outfitters, Inc.",
        "change_pct": -9.71,
        "premarket": 42.6,
        "volume": 7850,
        "category": "l",
        "source": "tv",
        "shortable": true,
        "exchange_name": "",
        "market_cap": 3480057874,
        "existing": false
    },
    {
        "symbol": "DV",
        "company": "DoubleVerify Holdings, Inc.",
        "change_pct": -12.88,
        "premarket": 36.2,
        "volume": 23715,
        "category": "l",
        "source": "tv",
        "shortable": true,
        "exchange_name": "",
        "market_cap": 3269959623,
        "existing": false
    },
    {
        "symbol": "LOT",
        "company": "Lotus Technology Inc.",
        "change_pct": -4.96,
        "premarket": 10.74,
        "volume": 1379,
        "category": "l",
        "source": "tv",
        "shortable": true,
        "exchange_name": "",
        "market_cap": 3081403497,
        "existing": false
    },
    {
        "symbol": "CNXC",
        "company": "Concentrix Corporation",
        "change_pct": -11.94,
        "premarket": 73.0,
        "volume": 8029,
        "category": "l",
        "source": "tv",
        "shortable": true,
        "exchange_name": "",
        "market_cap": 2691922645,
        "existing": false
    },
    {
        "symbol": "WRBY",
        "company": "Warby Parker Inc.",
        "change_pct": -9.57,
        "premarket": 13.6,
        "volume": 1900,
        "category": "l",
        "source": "tv",
        "shortable": true,
        "exchange_name": "",
        "market_cap": 2347773328,
        "existing": false
    },
    {
        "symbol": "RXRX",
        "company": "Recursion Pharmaceuticals, Inc.",
        "change_pct": -11.34,
        "premarket": 13.76,
        "volume": 372512,
        "category": "l",
        "source": "tv",
        "shortable": true,
        "exchange_name": "",
        "market_cap": 2036551475,
        "existing": false
    },
    {
        "symbol": "LMND",
        "company": "Lemonade, Inc.",
        "change_pct": -21.96,
        "premarket": 16.95,
        "volume": 136349,
        "category": "l",
        "source": "tv",
        "shortable": true,
        "exchange_name": "",
        "market_cap": 2030745117,
        "existing": false
    },
    {
        "symbol": "IAS",
        "company": "Integral Ad Science Holding Corp.",
        "change_pct": -26.19,
        "premarket": 12.62,
        "volume": 133183,
        "category": "l",
        "source": "tv",
        "shortable": true,
        "exchange_name": "",
        "market_cap": 2015447963,
        "existing": false
    },
    {
        "symbol": "PDCO",
        "company": "Patterson Companies, Inc.",
        "change_pct": -6.48,
        "premarket": 26.97,
        "volume": 1410,
        "category": "l",
        "source": "tv",
        "shortable": true,
        "exchange_name": "",
        "market_cap": 1833416000,
        "existing": false
    },
    {
        "symbol": "XNCR",
        "company": "Xencor, Inc.",
        "change_pct": -7.58,
        "premarket": 24.51,
        "volume": 426,
        "category": "l",
        "source": "tv",
        "shortable": true,
        "exchange_name": "",
        "market_cap": 1652975548,
        "existing": false
    },
    {
        "symbol": "MDRX",
        "company": "Veradigm Inc.",
        "change_pct": -6.45,
        "premarket": 7.11,
        "volume": 76590,
        "category": "l",
        "source": "tv",
        "shortable": true,
        "exchange_name": "",
        "market_cap": 1627678752,
        "existing": false
    },
    {
        "symbol": "NVAX",
        "company": "Novavax, Inc.",
        "change_pct": -20.1,
        "premarket": 4.81,
        "volume": 1565000,
        "category": "l",
        "source": "tv",
        "shortable": true,
        "exchange_name": "",
        "market_cap": 1426434323,
        "existing": false
    },
    {
        "symbol": "ROOT",
        "company": "Root, Inc.",
        "change_pct": -5.16,
        "premarket": 23.9,
        "volume": 2527,
        "category": "l",
        "source": "tv",
        "shortable": true,
        "exchange_name": "",
        "market_cap": 1237143000,
        "existing": false
    },
    {
        "symbol": "RDFN",
        "company": "Redfin Corporation",
        "change_pct": -4.33,
        "premarket": 6.85,
        "volume": 64917,
        "category": "l",
        "source": "tv",
        "shortable": true,
        "exchange_name": "",
        "market_cap": 1198891183,
        "existing": false
    },
    {
        "symbol": "OPK",
        "company": "Opko Health, Inc.",
        "change_pct": -5.69,
        "premarket": 0.99,
        "volume": 66469,
        "category": "l",
        "source": "tv",
        "shortable": true,
        "exchange_name": "",
        "market_cap": 1037374204,
        "existing": false
    },
    {
        "symbol": "JBI",
        "company": "Janus International Group, Inc.",
        "change_pct": -5.02,
        "premarket": 14.2,
        "volume": 2325,
        "category": "l",
        "source": "tv",
        "shortable": true,
        "exchange_name": "",
        "market_cap": 1032666650,
        "existing": false
    },
    {
        "symbol": "ARRY",
        "company": "Array Technologies, Inc.",
        "change_pct": -5.94,
        "premarket": 12.83,
        "volume": 303840,
        "category": "l",
        "source": "tv",
        "shortable": true,
        "exchange_name": "",
        "market_cap": 917735605,
        "existing": false
    },
    {
        "symbol": "ERAS",
        "company": "Erasca, Inc.",
        "change_pct": -5.28,
        "premarket": 2.33,
        "volume": 422,
        "category": "l",
        "source": "tv",
        "shortable": true,
        "exchange_name": "",
        "market_cap": 886674320,
        "existing": false
    },
    {
        "symbol": "BMBL",
        "company": "Bumble Inc.",
        "change_pct": -11.76,
        "premarket": 11.63,
        "volume": 105343,
        "category": "l",
        "source": "tv",
        "shortable": true,
        "exchange_name": "",
        "market_cap": 873031685,
        "existing": false
    },
    {
        "symbol": "AGL",
        "company": "agilon health, inc.",
        "change_pct": -4.32,
        "premarket": 6.2,
        "volume": 4746,
        "category": "l",
        "source": "tv",
        "shortable": true,
        "exchange_name": "",
        "market_cap": 758112834,
        "existing": false
    },
    {
        "symbol": "DAKT",
        "company": "Daktronics, Inc.",
        "change_pct": -12.92,
        "premarket": 7.08,
        "volume": 1019,
        "category": "l",
        "source": "tv",
        "shortable": true,
        "exchange_name": "",
        "market_cap": 696467524,
        "existing": false
    },
    {
        "symbol": "RYAM",
        "company": "Rayonier Advanced Materials Inc.",
        "change_pct": -16.82,
        "premarket": 3.61,
        "volume": 17550,
        "category": "l",
        "source": "tv",
        "shortable": true,
        "exchange_name": "",
        "market_cap": 656521746,
        "existing": false
    },
    {
        "symbol": "GDOT",
        "company": "Green Dot Corporation",
        "change_pct": -8.08,
        "premarket": 8.08,
        "volume": 100,
        "category": "l",
        "source": "tv",
        "shortable": true,
        "exchange_name": "",
        "market_cap": 586276599,
        "existing": false
    },
    {
        "symbol": "VERV",
        "company": "Verve Therapeutics, Inc.",
        "change_pct": -5.47,
        "premarket": 16.58,
        "volume": 1935,
        "category": "l",
        "source": "tv",
        "shortable": true,
        "exchange_name": "",
        "market_cap": 534228830,
        "existing": false
    },
    {
        "symbol": "ABSI",
        "company": "Absci Corporation",
        "change_pct": -9.35,
        "premarket": 4.46,
        "volume": 220882,
        "category": "l",
        "source": "tv",
        "shortable": true,
        "exchange_name": "",
        "market_cap": 462174279,
        "existing": false
    },
    {
        "symbol": "DDD",
        "company": "3D Systems Corporation",
        "change_pct": -16.63,
        "premarket": 4.36,
        "volume": 142333,
        "category": "l",
        "source": "tv",
        "shortable": true,
        "exchange_name": "",
        "market_cap": 446136411,
        "existing": false
    },
    {
        "symbol": "LAZR",
        "company": "Luminar Technologies, Inc.",
        "change_pct": -10.4,
        "premarket": 2.24,
        "volume": 236581,
        "category": "l",
        "source": "tv",
        "shortable": true,
        "exchange_name": "",
        "market_cap": 444797821,
        "existing": false
    },
    {
        "symbol": "EB",
        "company": "Eventbrite, Inc.",
        "change_pct": -14.06,
        "premarket": 7.15,
        "volume": 9028,
        "category": "l",
        "source": "tv",
        "shortable": true,
        "exchange_name": "",
        "market_cap": 334239032,
        "existing": false
    },
    {
        "symbol": "MRSN",
        "company": "Mersana Therapeutics, Inc.",
        "change_pct": -4.87,
        "premarket": 4.06,
        "volume": 5715,
        "category": "l",
        "source": "tv",
        "shortable": true,
        "exchange_name": "",
        "market_cap": 315274881,
        "existing": false
    },
    {
        "symbol": "INGN",
        "company": "Inogen, Inc",
        "change_pct": -14.91,
        "premarket": 7.95,
        "volume": 11372,
        "category": "l",
        "source": "tv",
        "shortable": true,
        "exchange_name": "",
        "market_cap": 263043843,
        "existing": false
    },
    {
        "symbol": "PROK",
        "company": "ProKidney Corp.",
        "change_pct": -15.72,
        "premarket": 1.34,
        "volume": 230,
        "category": "l",
        "source": "tv",
        "shortable": true,
        "exchange_name": "",
        "market_cap": 252102766,
        "existing": false
    },
    {
        "symbol": "TZOO",
        "company": "Travelzoo",
        "change_pct": -13.65,
        "premarket": 8.29,
        "volume": 2343,
        "category": "l",
        "source": "tv",
        "shortable": true,
        "exchange_name": "",
        "market_cap": 209793560,
        "existing": false
    },
    {
        "symbol": "VLN",
        "company": "Valens Semiconductor Ltd.",
        "change_pct": -4.66,
        "premarket": 2.25,
        "volume": 57599,
        "category": "l",
        "source": "tv",
        "shortable": true,
        "exchange_name": "",
        "market_cap": 199535056,
        "existing": false
    },
    {
        "symbol": "SPCE",
        "company": "Virgin Galactic Holdings, Inc.",
        "change_pct": -7.37,
        "premarket": 1.76,
        "volume": 164652,
        "category": "l",
        "source": "tv",
        "shortable": true,
        "exchange_name": "",
        "market_cap": 179605578,
        "existing": false
    },
    {
        "symbol": "ANVS",
        "company": "Annovis Bio, Inc.",
        "change_pct": -14.2,
        "premarket": 8.4,
        "volume": 28502,
        "category": "l",
        "source": "tv",
        "shortable": true,
        "exchange_name": "",
        "market_cap": 106520786,
        "existing": false
    },
    {
        "symbol": "SND",
        "company": "Smart Sand, Inc.",
        "change_pct": -7.86,
        "premarket": 1.92,
        "volume": 150,
        "category": "l",
        "source": "tv",
        "shortable": true,
        "exchange_name": "",
        "market_cap": 104740767,
        "existing": false
    },
    {
        "symbol": "CTMX",
        "company": "CytomX Therapeutics, Inc.",
        "change_pct": -4.44,
        "premarket": 2.15,
        "volume": 47870,
        "category": "l",
        "source": "tv",
        "shortable": true,
        "exchange_name": "",
        "market_cap": 85302178,
        "existing": false
    },
    {
        "symbol": "MAIA",
        "company": "MAIA Biotechnology, Inc.",
        "change_pct": -5.15,
        "premarket": 1.29,
        "volume": 1271,
        "category": "l",
        "source": "tv",
        "shortable": true,
        "exchange_name": "",
        "market_cap": 69743428,
        "existing": false
    },
    {
        "symbol": "RBOT",
        "company": "Vicarious Surgical Inc.",
        "change_pct": -21.3,
        "premarket": 0.425,
        "volume": 122512,
        "category": "l",
        "source": "tv",
        "shortable": true,
        "exchange_name": "",
        "market_cap": 49537345,
        "existing": false
    },
    {
        "symbol": "AIRE",
        "company": "reAlpha Tech Corp.",
        "change_pct": -5.79,
        "premarket": 1.79,
        "volume": 77088,
        "category": "l",
        "source": "tv",
        "shortable": true,
        "exchange_name": "",
        "market_cap": 48157728,
        "existing": false
    },
    {
        "symbol": "INTS",
        "company": "Intensity Therapeutics, Inc.",
        "change_pct": -4.47,
        "premarket": 3.42,
        "volume": 100,
        "category": "l",
        "source": "tv",
        "shortable": true,
        "exchange_name": "",
        "market_cap": 45447111,
        "existing": false
    },
    {
        "symbol": "CETY",
        "company": "Clean Energy Technologies, Inc.",
        "change_pct": -4.34,
        "premarket": 0.6323,
        "volume": 1165,
        "category": "l",
        "source": "tv",
        "shortable": true,
        "exchange_name": "",
        "market_cap": 44375787,
        "existing": false
    },
    {
        "symbol": "BGFV",
        "company": "Big 5 Sporting Goods Corporation",
        "change_pct": -9.09,
        "premarket": 4.8,
        "volume": 8344,
        "category": "l",
        "source": "tv",
        "shortable": true,
        "exchange_name": "",
        "market_cap": 37619700,
        "existing": false
    },
    {
        "symbol": "DARE",
        "company": "Dare Bioscience, Inc.",
        "change_pct": -8.09,
        "premarket": 0.46,
        "volume": 4349,
        "category": "l",
        "source": "tv",
        "shortable": true,
        "exchange_name": "",
        "market_cap": 35553716,
        "existing": false
    },
    {
        "symbol": "AKLI",
        "company": "Akili, Inc.",
        "change_pct": -9.12,
        "premarket": 0.4226,
        "volume": 164291,
        "category": "l",
        "source": "tv",
        "shortable": true,
        "exchange_name": "",
        "market_cap": 34009945,
        "existing": false
    },
    {
        "symbol": "ICCM",
        "company": "IceCure Medical Ltd.",
        "change_pct": -5.26,
        "premarket": 1.26,
        "volume": 11023,
        "category": "l",
        "source": "tv",
        "shortable": true,
        "exchange_name": "",
        "market_cap": 32339983,
        "existing": false
    },
    {
        "symbol": "HOLO",
        "company": "MicroCloud Hologram Inc.",
        "change_pct": -4.56,
        "premarket": 9.0,
        "volume": 119051,
        "category": "l",
        "source": "tv",
        "shortable": true,
        "exchange_name": "",
        "market_cap": 29455324,
        "existing": false
    },
    {
        "symbol": "PTN",
        "company": "Palatin Technologies, Inc.",
        "change_pct": -37.03,
        "premarket": 2.5,
        "volume": 568799,
        "category": "l",
        "source": "tv",
        "shortable": true,
        "exchange_name": "",
        "market_cap": 25412617,
        "existing": false
    },
    {
        "symbol": "ONCO",
        "company": "Onconetix, Inc.",
        "change_pct": -4.44,
        "premarket": 0.172,
        "volume": 1750,
        "category": "l",
        "source": "tv",
        "shortable": true,
        "exchange_name": "",
        "market_cap": 20322098,
        "existing": false
    },
    {
        "symbol": "SUGP",
        "company": "SU Group Holdings Limited",
        "change_pct": -5.65,
        "premarket": 3.51,
        "volume": 3409,
        "category": "l",
        "source": "tv",
        "shortable": true,
        "exchange_name": "",
        "market_cap": 20252890,
        "existing": false
    },
    {
        "symbol": "ATCH",
        "company": "AtlasClear Holdings, Inc.",
        "change_pct": -4.69,
        "premarket": 2.03,
        "volume": 1123,
        "category": "l",
        "source": "tv",
        "shortable": true,
        "exchange_name": "",
        "market_cap": 18146941,
        "existing": false
    },
    {
        "symbol": "COCP",
        "company": "Cocrystal Pharma, Inc.",
        "change_pct": -5.48,
        "premarket": 1.37,
        "volume": 152,
        "category": "l",
        "source": "tv",
        "shortable": true,
        "exchange_name": "",
        "market_cap": 17905870,
        "existing": false
    },
    {
        "symbol": "EZFL",
        "company": "EzFill Holdings, Inc.",
        "change_pct": -6.6,
        "premarket": 1.84,
        "volume": 100,
        "category": "l",
        "source": "tv",
        "shortable": true,
        "exchange_name": "",
        "market_cap": 17269833,
        "existing": false
    },
    {
        "symbol": "INAB",
        "company": "IN8bio, Inc.",
        "change_pct": -4.5,
        "premarket": 1.06,
        "volume": 1255,
        "category": "l",
        "source": "tv",
        "shortable": true,
        "exchange_name": "",
        "market_cap": 16075995,
        "existing": false
    },
    {
        "symbol": "HUBC",
        "company": "Hub Cyber Security Ltd.",
        "change_pct": -4.62,
        "premarket": 1.24,
        "volume": 7287,
        "category": "l",
        "source": "tv",
        "shortable": true,
        "exchange_name": "",
        "market_cap": 15814694,
        "existing": false
    },
    {
        "symbol": "CJJD",
        "company": "China Jo-Jo Drugstores, Inc.",
        "change_pct": -9.48,
        "premarket": 0.19,
        "volume": 10632,
        "category": "l",
        "source": "tv",
        "shortable": true,
        "exchange_name": "",
        "market_cap": 14599044,
        "existing": false
    },
    {
        "symbol": "BTOG",
        "company": "Bit Origin Limited",
        "change_pct": -7.28,
        "premarket": 5.6,
        "volume": 26113,
        "category": "l",
        "source": "tv",
        "shortable": true,
        "exchange_name": "",
        "market_cap": 11949024,
        "existing": false
    },
    {
        "symbol": "SLE",
        "company": "Super League Enterprise, Inc.",
        "change_pct": -6.15,
        "premarket": 2.29,
        "volume": 1000,
        "category": "l",
        "source": "tv",
        "shortable": true,
        "exchange_name": "",
        "market_cap": 9985675,
        "existing": false
    },
    {
        "symbol": "ADN",
        "company": "Advent Technologies Holdings, Inc.",
        "change_pct": -5.84,
        "premarket": 0.195,
        "volume": 324435,
        "category": "l",
        "source": "tv",
        "shortable": true,
        "exchange_name": "",
        "market_cap": 9412333,
        "existing": false
    },
    {
        "symbol": "COEP",
        "company": "Coeptis Therapeutics Holdings, Inc.",
        "change_pct": -5.52,
        "premarket": 0.4607,
        "volume": 2449,
        "category": "l",
        "source": "tv",
        "shortable": true,
        "exchange_name": "",
        "market_cap": 7983437,
        "existing": false
    },
    {
        "symbol": "BTCY",
        "company": "Biotricity, Inc.",
        "change_pct": -6.21,
        "premarket": 0.9201,
        "volume": 100,
        "category": "l",
        "source": "tv",
        "shortable": true,
        "exchange_name": "",
        "market_cap": 7828137,
        "existing": false
    },
    {
        "symbol": "NLSP",
        "company": "NLS Pharmaceutics Ltd.",
        "change_pct": -5.13,
        "premarket": 0.37,
        "volume": 100,
        "category": "l",
        "source": "tv",
        "shortable": true,
        "exchange_name": "",
        "market_cap": 7475677,
        "existing": false
    },
    {
        "symbol": "SYRA",
        "company": "Syra Health Corp.",
        "change_pct": -6.91,
        "premarket": 2.02,
        "volume": 7261,
        "category": "l",
        "source": "tv",
        "shortable": true,
        "exchange_name": "",
        "market_cap": 7113223,
        "existing": false
    },
    {
        "symbol": "AMST",
        "company": "Amesite Inc.",
        "change_pct": -7.87,
        "premarket": 1.99,
        "volume": 111376,
        "category": "l",
        "source": "tv",
        "shortable": true,
        "exchange_name": "",
        "market_cap": 6712041,
        "existing": false
    },
    {
        "symbol": "PRZO",
        "company": "ParaZero Technologies Ltd.",
        "change_pct": -5.04,
        "premarket": 0.7502,
        "volume": 68688,
        "category": "l",
        "source": "tv",
        "shortable": true,
        "exchange_name": "",
        "market_cap": 6686365,
        "existing": false
    },
    {
        "symbol": "ENG",
        "company": "ENGlobal Corporation",
        "change_pct": -4.57,
        "premarket": 1.88,
        "volume": 698,
        "category": "l",
        "source": "tv",
        "shortable": true,
        "exchange_name": "",
        "market_cap": 6651992,
        "existing": false
    },
    {
        "symbol": "GRNQ",
        "company": "Greenpro Capital Corp.",
        "change_pct": -5.77,
        "premarket": 1.47,
        "volume": 494,
        "category": "l",
        "source": "tv",
        "shortable": true,
        "exchange_name": "",
        "market_cap": 6515199,
        "existing": false
    },
    {
        "symbol": "BGLC",
        "company": "BioNexus Gene Lab Corp",
        "change_pct": -6.61,
        "premarket": 0.6631,
        "volume": 1538,
        "category": "l",
        "source": "tv",
        "shortable": true,
        "exchange_name": "",
        "market_cap": 6301259,
        "existing": false
    },
    {
        "symbol": "GSUN",
        "company": "Golden Sun Health Technology Group Limited",
        "change_pct": -6.72,
        "premarket": 0.6903,
        "volume": 485,
        "category": "l",
        "source": "tv",
        "shortable": true,
        "exchange_name": "",
        "market_cap": 5110835,
        "existing": false
    },
    {
        "symbol": "OGEN",
        "company": "Oragenics Inc.",
        "change_pct": -44.9,
        "premarket": 1.35,
        "volume": 331492,
        "category": "l",
        "source": "tv",
        "shortable": true,
        "exchange_name": "",
        "market_cap": 4333455,
        "existing": false
    },
    {
        "symbol": "IFBD",
        "company": "Infobird Co., Ltd",
        "change_pct": -10.16,
        "premarket": 1.15,
        "volume": 1028000,
        "category": "l",
        "source": "tv",
        "shortable": true,
        "exchange_name": "",
        "market_cap": 4033557,
        "existing": false
    },
    {
        "symbol": "MSGM",
        "company": "Motorsport Games Inc.",
        "change_pct": -5.57,
        "premarket": 2.2,
        "volume": 2674,
        "category": "l",
        "source": "tv",
        "shortable": true,
        "exchange_name": "",
        "market_cap": 4011283,
        "existing": false
    },
    {
        "symbol": "LIXT",
        "company": "Lixte Biotechnology Holdings, Inc.",
        "change_pct": -5.62,
        "premarket": 2.52,
        "volume": 691,
        "category": "l",
        "source": "tv",
        "shortable": true,
        "exchange_name": "",
        "market_cap": 3801300,
        "existing": false
    },
    {
        "symbol": "VERO",
        "company": "Venus Concept Inc.",
        "change_pct": -4.73,
        "premarket": 0.8954,
        "volume": 4050,
        "category": "l",
        "source": "tv",
        "shortable": true,
        "exchange_name": "",
        "market_cap": 3025450,
        "existing": false
    },
    {
        "symbol": "GRTX",
        "company": "Galera Therapeutics, Inc.",
        "change_pct": -8.04,
        "premarket": 0.23,
        "volume": 353208,
        "category": "l",
        "source": "tv",
        "shortable": true,
        "exchange_name": "",
        "market_cap": 2882785,
        "existing": false
    },
    {
        "symbol": "BBLG",
        "company": "Bone Biologics Corp",
        "change_pct": -7.01,
        "premarket": 2.19,
        "volume": 672,
        "category": "l",
        "source": "tv",
        "shortable": true,
        "exchange_name": "",
        "market_cap": 2851566,
        "existing": false
    },
    {
        "symbol": "TBIO",
        "company": "Telesis Bio, Inc.",
        "change_pct": -6.57,
        "premarket": 0.5394,
        "volume": 23992,
        "category": "l",
        "source": "tv",
        "shortable": true,
        "exchange_name": "",
        "market_cap": 2251641,
        "existing": false
    },
    {
        "symbol": "NBSE",
        "company": "NeuBase Therapeutics, Inc.",
        "change_pct": -6.88,
        "premarket": 0.8602,
        "volume": 1096,
        "category": "l",
        "source": "tv",
        "shortable": true,
        "exchange_name": "",
        "market_cap": 1386191,
        "existing": false
    },
    {
        "symbol": "TRNR",
        "company": "Interactive Strength Inc.",
        "change_pct": -10.13,
        "premarket": 0.674,
        "volume": 32747,
        "category": "l",
        "source": "tv",
        "shortable": true,
        "exchange_name": "",
        "market_cap": 416838,
        "existing": false
    },
    {
        "symbol": "SING",
        "company": "SinglePoint Inc.",
        "change_pct": -6.36,
        "premarket": 0.3622,
        "volume": 600,
        "category": "l",
        "source": "tv",
        "shortable": true,
        "exchange_name": "",
        "market_cap": 158405,
        "existing": false
    },
    {
        "symbol": "AAGR",
        "company": "African Agriculture Holdings Inc.",
        "change_pct": -13.71,
        "premarket": 0.6437,
        "volume": 700,
        "category": "l",
        "source": "tv",
        "shortable": true,
        "exchange_name": "",
        "market_cap": 11573,
        "existing": false
    },
    {
        "symbol": "VTNR",
        "company": "Vertex Energy, Inc",
        "change_pct": -19.05,
        "premarket": 1.36,
        "volume": 367834,
        "category": "l",
        "source": "tv",
        "shortable": true,
        "exchange_name": "",
        "market_cap": 0,
        "existing": false
    },
    {
        "symbol": "STRC",
        "company": "Sarcos Technology and Robotics Corporation",
        "change_pct": -13.45,
        "premarket": 1.48,
        "volume": 116910,
        "category": "l",
        "source": "tv",
        "shortable": true,
        "exchange_name": "",
        "market_cap": 0,
        "existing": false
    },
    {
        "symbol": "MICS",
        "company": "The Singing Machine Company, Inc.",
        "change_pct": -6.37,
        "premarket": 0.96,
        "volume": 2331,
        "category": "l",
        "source": "tv",
        "shortable": true,
        "exchange_name": "",
        "market_cap": 0,
        "existing": false
    },
    {
        "symbol": "FAZE",
        "company": "FaZe Holdings Inc.",
        "change_pct": -6.02,
        "premarket": 0.195,
        "volume": 83781,
        "category": "l",
        "source": "tv",
        "shortable": true,
        "exchange_name": "",
        "market_cap": 0,
        "existing": false
    },
    {
        "symbol": "ISUN",
        "company": "iSun, Inc.",
        "change_pct": -5.26,
        "premarket": 0.18,
        "volume": 6326,
        "category": "l",
        "source": "tv",
        "shortable": true,
        "exchange_name": "",
        "market_cap": 0,
        "existing": false
    },
    {
        "symbol": "BRP",
        "company": "BRP Group, Inc.",
        "change_pct": -4.98,
        "premarket": 25.75,
        "volume": 1000,
        "category": "l",
        "source": "tv",
        "shortable": true,
        "exchange_name": "",
        "market_cap": 0,
        "existing": false
    },
    {
        "symbol": "NGM",
        "company": "NGM Biopharmaceuticals, Inc.",
        "change_pct": -4.91,
        "premarket": 1.55,
        "volume": 3617,
        "category": "l",
        "source": "tv",
        "shortable": true,
        "exchange_name": "",
        "market_cap": 0,
        "existing": false
    },
    {
        "symbol": "ICD",
        "company": "Independence Contract Drilling, Inc.",
        "change_pct": -4.26,
        "premarket": 1.8,
        "volume": 4100,
        "category": "l",
        "source": "tv",
        "shortable": true,
        "exchange_name": "",
        "market_cap": 0,
        "existing": false
    },
    {
        "symbol": "LL",
        "company": "LL Flooring Holdings, Inc.",
        "change_pct": -4.11,
        "premarket": 2.1,
        "volume": 1100,
        "category": "l",
        "source": "tv",
        "shortable": true,
        "exchange_name": "",
        "market_cap": 0,
        "existing": false
    },
    {
        "symbol": "BIOL",
        "company": "Biolase, Inc.",
        "change_pct": -4.11,
        "premarket": 0.1424,
        "volume": 125155,
        "category": "l",
        "source": "tv",
        "shortable": true,
        "exchange_name": "",
        "market_cap": 0,
        "existing": false
    }
]