[
    {
        "symbol": "NIVF",
        "company": "NewGenIvf Group Limited",
        "change_pct": 177.91,
        "premarket": 4.78,
        "volume": 30850000,
        "category": "g",
        "source": "tv",
        "shortable": true,
        "exchange_name": "NASDAQ",
        "market_cap": 1516632,
        "existing": false
    },
    {
        "symbol": "TRAW",
        "company": "Traws Pharma, Inc.",
        "change_pct": 113.38,
        "premarket": 3.03,
        "volume": 25370000,
        "category": "g",
        "source": "tv",
        "shortable": false,
        "exchange_name": "NASDAQ",
        "market_cap": 7901327,
        "existing": false
    },
    {
        "symbol": "RSLS",
        "company": "ReShape Lifesciences, Inc.",
        "change_pct": 108.12,
        "premarket": 8.97,
        "volume": 6190000,
        "category": "g",
        "source": "tv",
        "shortable": true,
        "exchange_name": "NASDAQ",
        "market_cap": 3624940,
        "existing": false
    },
    {
        "symbol": "KPRX",
        "company": "Kiora Pharmaceuticals, Inc.",
        "change_pct": 47.02,
        "premarket": 4.19,
        "volume": 10880000,
        "category": "g",
        "source": "tv",
        "shortable": false,
        "exchange_name": "NASDAQ",
        "market_cap": 9070693,
        "existing": false
    },
    {
        "symbol": "SOAR",
        "company": "Volato Group, Inc.",
        "change_pct": 41.57,
        "premarket": 3.78,
        "volume": 10970000,
        "category": "g",
        "source": "tv",
        "shortable": true,
        "exchange_name": "NYSE American",
        "market_cap": 3991875,
        "existing": false
    },
    {
        "symbol": "REKR",
        "company": "Rekor Systems, Inc.",
        "change_pct": 28.18,
        "premarket": 1.41,
        "volume": 8150000,
        "category": "g",
        "source": "tv",
        "shortable": true,
        "exchange_name": "NASDAQ",
        "market_cap": 136708548,
        "existing": false
    },
    {
        "symbol": "RAAQ",
        "company": "REAL ASSET ACQUISITION CORP",
        "change_pct": 27.36,
        "premarket": 12.8,
        "volume": 200,
        "category": "g",
        "source": "tv",
        "shortable": true,
        "exchange_name": "NASDAQ",
        "market_cap": 0,
        "existing": false
    },
    {
        "symbol": "MCTR",
        "company": "CTRL Group Limited",
        "change_pct": 23.68,
        "premarket": 6.06,
        "volume": 632300,
        "category": "g",
        "source": "tv",
        "shortable": true,
        "exchange_name": "NASDAQ",
        "market_cap": 72216000,
        "existing": false
    },
    {
        "symbol": "LYRA",
        "company": "Lyra Therapeutics, Inc.",
        "change_pct": 21.98,
        "premarket": 24.7,
        "volume": 225410,
        "category": "g",
        "source": "tv",
        "shortable": true,
        "exchange_name": "NASDAQ",
        "market_cap": 6533945,
        "existing": false
    },
    {
        "symbol": "BON",
        "company": "Bon Natural Life Limited",
        "change_pct": 21.87,
        "premarket": 1.95,
        "volume": 430350,
        "category": "g",
        "source": "tv",
        "shortable": true,
        "exchange_name": "NASDAQ",
        "market_cap": 250233,
        "existing": false
    },
    {
        "symbol": "AGEN",
        "company": "Agenus Inc.",
        "change_pct": 20.1,
        "premarket": 4.96,
        "volume": 1940000,
        "category": "g",
        "source": "tv",
        "shortable": true,
        "exchange_name": "NASDAQ",
        "market_cap": 94039795,
        "existing": false
    },
    {
        "symbol": "REVB",
        "company": "Revelation Biosciences, Inc.",
        "change_pct": 19.95,
        "premarket": 0.9872,
        "volume": 26800000,
        "category": "g",
        "source": "tv",
        "shortable": true,
        "exchange_name": "NASDAQ",
        "market_cap": 3913226,
        "existing": false
    },
    {
        "symbol": "GNLN",
        "company": "Greenlane Holdings, Inc.",
        "change_pct": 19.67,
        "premarket": 0.0073,
        "volume": 111580000,
        "category": "g",
        "source": "tv",
        "shortable": true,
        "exchange_name": "NASDAQ",
        "market_cap": 51689,
        "existing": false
    },
    {
        "symbol": "AREB",
        "company": "American Rebel Holdings, Inc.",
        "change_pct": 19.05,
        "premarket": 1.75,
        "volume": 364220,
        "category": "g",
        "source": "tv",
        "shortable": true,
        "exchange_name": "NASDAQ",
        "market_cap": 1437473,
        "existing": false
    },
    {
        "symbol": "AP",
        "company": "Ampco-Pittsburgh Corporation",
        "change_pct": 17.65,
        "premarket": 4.08,
        "volume": 17040,
        "category": "g",
        "source": "tv",
        "shortable": true,
        "exchange_name": "NYSE",
        "market_cap": 60484797,
        "existing": false
    },
    {
        "symbol": "GMHS",
        "company": "Gamehaus Holdings Inc.",
        "change_pct": 17.58,
        "premarket": 1.94,
        "volume": 103,
        "category": "g",
        "source": "tv",
        "shortable": true,
        "exchange_name": "NASDAQ",
        "market_cap": 90376863,
        "existing": false
    },
    {
        "symbol": "SIG",
        "company": "Signet Jewelers Limited",
        "change_pct": 16.9,
        "premarket": 78.1,
        "volume": 128460,
        "category": "g",
        "source": "tv",
        "shortable": true,
        "exchange_name": "NYSE",
        "market_cap": 2754733902,
        "existing": false
    },
    {
        "symbol": "MNPR",
        "company": "Monopar Therapeutics Inc.",
        "change_pct": 16.63,
        "premarket": 35.0,
        "volume": 212,
        "category": "g",
        "source": "tv",
        "shortable": true,
        "exchange_name": "NASDAQ",
        "market_cap": 193952575,
        "existing": false
    },
    {
        "symbol": "MLTX",
        "company": "MoonLake Immunotherapeutics",
        "change_pct": 16.62,
        "premarket": 48.0,
        "volume": 121570,
        "category": "g",
        "source": "tv",
        "shortable": true,
        "exchange_name": "NASDAQ",
        "market_cap": 2476130609,
        "existing": false
    },
    {
        "symbol": "CRDO",
        "company": "Credo Technology Group Holding Ltd",
        "change_pct": 16.46,
        "premarket": 72.96,
        "volume": 360810,
        "category": "g",
        "source": "tv",
        "shortable": true,
        "exchange_name": "NASDAQ",
        "market_cap": 10351082127,
        "existing": false
    },
    {
        "symbol": "NMAX",
        "company": "Newsmax, Inc.",
        "change_pct": -4.3,
        "premarket": 18.9,
        "volume": 38550,
        "category": "l",
        "source": "tv",
        "shortable": true,
        "exchange_name": "NYSE",
        "market_cap": 2347174939,
        "existing": false
    },
    {
        "symbol": "SEDG",
        "company": "SolarEdge Technologies, Inc.",
        "change_pct": -4.56,
        "premarket": 16.32,
        "volume": 82860,
        "category": "l",
        "source": "tv",
        "shortable": true,
        "exchange_name": "NASDAQ",
        "market_cap": 1054529983,
        "existing": false
    },
    {
        "symbol": "HLF",
        "company": "Herbalife Ltd.",
        "change_pct": -4.81,
        "premarket": 7.33,
        "volume": 220,
        "category": "l",
        "source": "tv",
        "shortable": true,
        "exchange_name": "NYSE",
        "market_cap": 795422969,
        "existing": false
    },
    {
        "symbol": "ECO",
        "company": "Okeanis Eco Tankers Corp.",
        "change_pct": -3.95,
        "premarket": 22.35,
        "volume": 1350,
        "category": "l",
        "source": "tv",
        "shortable": true,
        "exchange_name": "NYSE",
        "market_cap": 751874014,
        "existing": false
    },
    {
        "symbol": "BMBL",
        "company": "Bumble Inc.",
        "change_pct": -6.1,
        "premarket": 5.39,
        "volume": 52620,
        "category": "l",
        "source": "tv",
        "shortable": true,
        "exchange_name": "NASDAQ",
        "market_cap": 580497802,
        "existing": false
    },
    {
        "symbol": "LXU",
        "company": "LSB Industries, Inc.",
        "change_pct": -8.91,
        "premarket": 6.95,
        "volume": 500,
        "category": "l",
        "source": "tv",
        "shortable": true,
        "exchange_name": "NYSE",
        "market_cap": 544116119,
        "existing": false
    },
    {
        "symbol": "FWRD",
        "company": "Forward Air Corporation",
        "change_pct": -6.44,
        "premarket": 15.68,
        "volume": 1000,
        "category": "l",
        "source": "tv",
        "shortable": true,
        "exchange_name": "NASDAQ",
        "market_cap": 510501648,
        "existing": false
    },
    {
        "symbol": "MYE",
        "company": "Myers Industries, Inc.",
        "change_pct": -3.94,
        "premarket": 11.95,
        "volume": 100,
        "category": "l",
        "source": "tv",
        "shortable": true,
        "exchange_name": "NYSE",
        "market_cap": 474381272,
        "existing": false
    },
    {
        "symbol": "NWTN",
        "company": "NWTN Inc.",
        "change_pct": -5.38,
        "premarket": 1.76,
        "volume": 3610,
        "category": "l",
        "source": "tv",
        "shortable": true,
        "exchange_name": "NASDAQ",
        "market_cap": 447065530,
        "existing": false
    },
    {
        "symbol": "GCL",
        "company": "GCL Global Holdings Ltd",
        "change_pct": -4.76,
        "premarket": 2.4,
        "volume": 310,
        "category": "l",
        "source": "tv",
        "shortable": true,
        "exchange_name": "NASDAQ",
        "market_cap": 277037519,
        "existing": false
    },
    {
        "symbol": "EAF",
        "company": "GrafTech International Ltd.",
        "change_pct": -10.58,
        "premarket": 0.9,
        "volume": 1000,
        "category": "l",
        "source": "tv",
        "shortable": true,
        "exchange_name": "NYSE",
        "market_cap": 257132127,
        "existing": false
    },
    {
        "symbol": "VLN",
        "company": "Valens Semiconductor Ltd.",
        "change_pct": -6.67,
        "premarket": 2.1,
        "volume": 6250,
        "category": "l",
        "source": "tv",
        "shortable": true,
        "exchange_name": "NYSE",
        "market_cap": 234959305,
        "existing": false
    },
    {
        "symbol": "RITR",
        "company": "Reitar Logtech Holdings Limited",
        "change_pct": -5.26,
        "premarket": 4.5,
        "volume": 134630,
        "category": "l",
        "source": "tv",
        "shortable": true,
        "exchange_name": "NASDAQ",
        "market_cap": 209811000,
        "existing": false
    },
    {
        "symbol": "SDM",
        "company": "Smart Digital Group Limited",
        "change_pct": -3.65,
        "premarket": 7.13,
        "volume": 1100,
        "category": "l",
        "source": "tv",
        "shortable": true,
        "exchange_name": "NASDAQ",
        "market_cap": 181462750,
        "existing": false
    },
    {
        "symbol": "HURA",
        "company": "TuHURA Biosciences, Inc.",
        "change_pct": -4.81,
        "premarket": 2.97,
        "volume": 100,
        "category": "l",
        "source": "tv",
        "shortable": true,
        "exchange_name": "NASDAQ",
        "market_cap": 133662011,
        "existing": false
    },
    {
        "symbol": "LPTH",
        "company": "LightPath Technologies, Inc.",
        "change_pct": -6.57,
        "premarket": 2.81,
        "volume": 6000,
        "category": "l",
        "source": "tv",
        "shortable": true,
        "exchange_name": "NASDAQ",
        "market_cap": 112450150,
        "existing": false
    },
    {
        "symbol": "WBX",
        "company": "Wallbox N.V.",
        "change_pct": -8.57,
        "premarket": 0.32,
        "volume": 1150,
        "category": "l",
        "source": "tv",
        "shortable": true,
        "exchange_name": "NYSE",
        "market_cap": 103651278,
        "existing": false
    },
    {
        "symbol": "BAER",
        "company": "Bridger Aerospace Group Holdings, Inc.",
        "change_pct": -7.43,
        "premarket": 1.62,
        "volume": 3710,
        "category": "l",
        "source": "tv",
        "shortable": true,
        "exchange_name": "NASDAQ",
        "market_cap": 90292365,
        "existing": false
    },
    {
        "symbol": "WSBK",
        "company": "Winchester Bancorp, Inc.",
        "change_pct": -3.74,
        "premarket": 9.0,
        "volume": 300,
        "category": "l",
        "source": "tv",
        "shortable": true,
        "exchange_name": "NASDAQ",
        "market_cap": 87562441,
        "existing": false
    },
    {
        "symbol": "PRPL",
        "company": "Purple Innovation, Inc.",
        "change_pct": -4.27,
        "premarket": 0.7512,
        "volume": 2400,
        "category": "l",
        "source": "tv",
        "shortable": true,
        "exchange_name": "NASDAQ",
        "market_cap": 86209242,
        "existing": false
    }
]