[
    {
        "symbol": "PSTV",
        "company": "PLUS THERAPEUTICS, Inc.",
        "change_pct": 128.13,
        "premarket": 0.4266,
        "volume": 190950000,
        "category": "g",
        "source": "tv",
        "shortable": false,
        "exchange_name": "NASDAQ",
        "market_cap": 3133031,
        "existing": false
    },
    {
        "symbol": "ULY",
        "company": "Urgent.ly Inc.",
        "change_pct": 94.84,
        "premarket": 8.75,
        "volume": 3930000,
        "category": "g",
        "source": "tv",
        "shortable": false,
        "exchange_name": "NASDAQ",
        "market_cap": 5601735,
        "existing": false
    },
    {
        "symbol": "SONM",
        "company": "Sonim Technologies, Inc.",
        "change_pct": 54.46,
        "premarket": 1.73,
        "volume": 29260000,
        "category": "g",
        "source": "tv",
        "shortable": true,
        "exchange_name": "NASDAQ",
        "market_cap": 12199907,
        "existing": false
    },
    {
        "symbol": "QS",
        "company": "QuantumScape Corporation",
        "change_pct": 41.34,
        "premarket": 6.12,
        "volume": 12930000,
        "category": "g",
        "source": "tv",
        "shortable": true,
        "exchange_name": "NYSE",
        "market_cap": 2369847439,
        "existing": false
    },
    {
        "symbol": "GCTK",
        "company": "GlucoTrack, Inc.",
        "change_pct": 36.71,
        "premarket": 8.49,
        "volume": 2110000,
        "category": "g",
        "source": "tv",
        "shortable": true,
        "exchange_name": "NASDAQ",
        "market_cap": 2978857,
        "existing": false
    },
    {
        "symbol": "PRTG",
        "company": "Portage Biotech Inc.",
        "change_pct": 23.61,
        "premarket": 6.65,
        "volume": 1520000,
        "category": "g",
        "source": "tv",
        "shortable": true,
        "exchange_name": "NASDAQ",
        "market_cap": 8704425,
        "existing": false
    },
    {
        "symbol": "SRFM",
        "company": "Surf Air Mobility Inc.",
        "change_pct": 22.78,
        "premarket": 4.42,
        "volume": 5790000,
        "category": "g",
        "source": "tv",
        "shortable": true,
        "exchange_name": "NYSE",
        "market_cap": 36832058,
        "existing": false
    },
    {
        "symbol": "GNS",
        "company": "Genius Group Limited",
        "change_pct": 21.76,
        "premarket": 0.8487,
        "volume": 6160000,
        "category": "g",
        "source": "tv",
        "shortable": true,
        "exchange_name": "NYSE American",
        "market_cap": 38184518,
        "existing": false
    },
    {
        "symbol": "BLNE",
        "company": "Beeline Holdings, Inc.",
        "change_pct": 21.13,
        "premarket": 1.72,
        "volume": 27460000,
        "category": "g",
        "source": "tv",
        "shortable": true,
        "exchange_name": "NASDAQ",
        "market_cap": 10718474,
        "existing": false
    },
    {
        "symbol": "IBO",
        "company": "Impact BioMedical, Inc.",
        "change_pct": 17.95,
        "premarket": 0.9908,
        "volume": 4050000,
        "category": "g",
        "source": "tv",
        "shortable": true,
        "exchange_name": "NYSE American",
        "market_cap": 19457513,
        "existing": false
    },
    {
        "symbol": "TGE",
        "company": "The Generation Essentials Group",
        "change_pct": 17.55,
        "premarket": 8.64,
        "volume": 9300,
        "category": "g",
        "source": "tv",
        "shortable": true,
        "exchange_name": "NYSE",
        "market_cap": 330739593,
        "existing": false
    },
    {
        "symbol": "JVSA",
        "company": "JVSPAC Acquisition Corp.",
        "change_pct": 16.36,
        "premarket": 14.51,
        "volume": 26430,
        "category": "g",
        "source": "tv",
        "shortable": true,
        "exchange_name": "NASDAQ",
        "market_cap": 83856987,
        "existing": false
    },
    {
        "symbol": "DTIL",
        "company": "Precision BioSciences, Inc.",
        "change_pct": 16.19,
        "premarket": 5.31,
        "volume": 2700000,
        "category": "g",
        "source": "tv",
        "shortable": true,
        "exchange_name": "NASDAQ",
        "market_cap": 50229700,
        "existing": false
    },
    {
        "symbol": "RSLS",
        "company": "ReShape Lifesciences, Inc.",
        "change_pct": 16.03,
        "premarket": 3.04,
        "volume": 274250,
        "category": "g",
        "source": "tv",
        "shortable": true,
        "exchange_name": "NASDAQ",
        "market_cap": 6108057,
        "existing": false
    },
    {
        "symbol": "AEON",
        "company": "AEON Biopharma, Inc.",
        "change_pct": 15.82,
        "premarket": 0.82,
        "volume": 214220,
        "category": "g",
        "source": "tv",
        "shortable": true,
        "exchange_name": "NYSE American",
        "market_cap": 7997416,
        "existing": false
    },
    {
        "symbol": "INDI",
        "company": "indie Semiconductor, Inc.",
        "change_pct": 15.2,
        "premarket": 3.79,
        "volume": 378150,
        "category": "g",
        "source": "tv",
        "shortable": true,
        "exchange_name": "NASDAQ",
        "market_cap": 610013534,
        "existing": false
    },
    {
        "symbol": "BMBL",
        "company": "Bumble Inc.",
        "change_pct": 15.16,
        "premarket": 6.0,
        "volume": 506860,
        "category": "g",
        "source": "tv",
        "shortable": true,
        "exchange_name": "NASDAQ",
        "market_cap": 526786262,
        "existing": false
    },
    {
        "symbol": "LIMN",
        "company": "Liminatus Pharma, Inc.",
        "change_pct": 14.77,
        "premarket": 30.61,
        "volume": 27250,
        "category": "g",
        "source": "tv",
        "shortable": true,
        "exchange_name": "NASDAQ",
        "market_cap": 520292660,
        "existing": false
    },
    {
        "symbol": "XHLD",
        "company": "TEN Holdings, Inc.",
        "change_pct": 14.36,
        "premarket": 0.508,
        "volume": 1300000,
        "category": "g",
        "source": "tv",
        "shortable": true,
        "exchange_name": "NASDAQ",
        "market_cap": 12656677,
        "existing": false
    },
    {
        "symbol": "IROH",
        "company": "Iron Horse Acquisitions Corp.",
        "change_pct": 14.29,
        "premarket": 12.0,
        "volume": 100,
        "category": "g",
        "source": "tv",
        "shortable": true,
        "exchange_name": "NASDAQ",
        "market_cap": 104630600,
        "existing": false
    },
    {
        "symbol": "FDX",
        "company": "FedEx Corporation",
        "change_pct": -4.73,
        "premarket": 218.65,
        "volume": 129780,
        "category": "l",
        "source": "tv",
        "shortable": true,
        "exchange_name": "NYSE",
        "market_cap": 54923260202,
        "existing": false
    },
    {
        "symbol": "PHM",
        "company": "PulteGroup, Inc.",
        "change_pct": -5.05,
        "premarket": 100.16,
        "volume": 1630,
        "category": "l",
        "source": "tv",
        "shortable": true,
        "exchange_name": "NYSE",
        "market_cap": 21014789613,
        "existing": false
    },
    {
        "symbol": "QXO",
        "company": "QXO, Inc.",
        "change_pct": -6.98,
        "premarket": 21.87,
        "volume": 1970000,
        "category": "l",
        "source": "tv",
        "shortable": true,
        "exchange_name": "NYSE",
        "market_cap": 13947764004,
        "existing": false
    },
    {
        "symbol": "ASTS",
        "company": "AST SpaceMobile, Inc.",
        "change_pct": -6.39,
        "premarket": 49.82,
        "volume": 1110000,
        "category": "l",
        "source": "tv",
        "shortable": true,
        "exchange_name": "NASDAQ",
        "market_cap": 11987722751,
        "existing": false
    },
    {
        "symbol": "KYMR",
        "company": "Kymera Therapeutics, Inc.",
        "change_pct": -4.54,
        "premarket": 45.0,
        "volume": 52660,
        "category": "l",
        "source": "tv",
        "shortable": true,
        "exchange_name": "NASDAQ",
        "market_cap": 3014384802,
        "existing": false
    },
    {
        "symbol": "ACDC",
        "company": "ProFrac Holding Corp.",
        "change_pct": -6.68,
        "premarket": 7.68,
        "volume": 17720,
        "category": "l",
        "source": "tv",
        "shortable": true,
        "exchange_name": "NASDAQ",
        "market_cap": 1321472064,
        "existing": false
    },
    {
        "symbol": "YEXT",
        "company": "Yext, Inc.",
        "change_pct": -4.91,
        "premarket": 7.94,
        "volume": 135,
        "category": "l",
        "source": "tv",
        "shortable": true,
        "exchange_name": "NYSE",
        "market_cap": 1001213316,
        "existing": false
    },
    {
        "symbol": "DAKT",
        "company": "Daktronics, Inc.",
        "change_pct": -9.8,
        "premarket": 13.71,
        "volume": 12110,
        "category": "l",
        "source": "tv",
        "shortable": true,
        "exchange_name": "NASDAQ",
        "market_cap": 741925638,
        "existing": false
    },
    {
        "symbol": "PUBM",
        "company": "PubMatic, Inc.",
        "change_pct": -4.14,
        "premarket": 11.0,
        "volume": 350,
        "category": "l",
        "source": "tv",
        "shortable": true,
        "exchange_name": "NASDAQ",
        "market_cap": 539208840,
        "existing": false
    },
    {
        "symbol": "CURV",
        "company": "Torrid Holdings Inc.",
        "change_pct": -32.16,
        "premarket": 3.46,
        "volume": 348130,
        "category": "l",
        "source": "tv",
        "shortable": true,
        "exchange_name": "NYSE",
        "market_cap": 533504775,
        "existing": false
    },
    {
        "symbol": "LAB",
        "company": "Standard BioTools Inc.",
        "change_pct": -4.89,
        "premarket": 1.16,
        "volume": 8560,
        "category": "l",
        "source": "tv",
        "shortable": true,
        "exchange_name": "NASDAQ",
        "market_cap": 467181389,
        "existing": false
    },
    {
        "symbol": "ATGL",
        "company": "Alpha Technology Group Limited",
        "change_pct": -4.13,
        "premarket": 23.0,
        "volume": 100,
        "category": "l",
        "source": "tv",
        "shortable": true,
        "exchange_name": "NASDAQ",
        "market_cap": 413208750,
        "existing": false
    },
    {
        "symbol": "ZBIO",
        "company": "Zenas BioPharma, Inc.",
        "change_pct": -6.69,
        "premarket": 9.35,
        "volume": 380,
        "category": "l",
        "source": "tv",
        "shortable": true,
        "exchange_name": "NASDAQ",
        "market_cap": 396169703,
        "existing": false
    },
    {
        "symbol": "ALLT",
        "company": "Allot Ltd.",
        "change_pct": -14.57,
        "premarket": 8.21,
        "volume": 186560,
        "category": "l",
        "source": "tv",
        "shortable": true,
        "exchange_name": "NASDAQ",
        "market_cap": 371524739,
        "existing": false
    },
    {
        "symbol": "ARCT",
        "company": "Arcturus Therapeutics Holdings Inc.",
        "change_pct": -4.25,
        "premarket": 12.84,
        "volume": 144,
        "category": "l",
        "source": "tv",
        "shortable": true,
        "exchange_name": "NASDAQ",
        "market_cap": 339278743,
        "existing": false
    },
    {
        "symbol": "MXCT",
        "company": "MaxCyte, Inc.",
        "change_pct": -4.29,
        "premarket": 2.12,
        "volume": 10020,
        "category": "l",
        "source": "tv",
        "shortable": true,
        "exchange_name": "NASDAQ",
        "market_cap": 226638989,
        "existing": false
    },
    {
        "symbol": "OABI",
        "company": "OmniAb, Inc.",
        "change_pct": -4.68,
        "premarket": 1.63,
        "volume": 1000,
        "category": "l",
        "source": "tv",
        "shortable": true,
        "exchange_name": "NASDAQ",
        "market_cap": 196959890,
        "existing": false
    },
    {
        "symbol": "PPIH",
        "company": "Perma-Pipe International Holdings, Inc.",
        "change_pct": -5.32,
        "premarket": 20.83,
        "volume": 224,
        "category": "l",
        "source": "tv",
        "shortable": true,
        "exchange_name": "NASDAQ",
        "market_cap": 187670173,
        "existing": false
    },
    {
        "symbol": "NA",
        "company": "Nano Labs Ltd",
        "change_pct": -6.6,
        "premarket": 13.87,
        "volume": 54030,
        "category": "l",
        "source": "tv",
        "shortable": true,
        "exchange_name": "NASDAQ",
        "market_cap": 185376865,
        "existing": false
    },
    {
        "symbol": "EGG",
        "company": "Enigmatig Limited",
        "change_pct": -6.04,
        "premarket": 2.8,
        "volume": 4390,
        "category": "l",
        "source": "tv",
        "shortable": true,
        "exchange_name": "NYSE American",
        "market_cap": 108100072,
        "existing": false
    }
]