[
    {
        "symbol": "HOUR",
        "company": "Hour Loop, Inc.",
        "change_pct": 165.82,
        "premarket": 4.2,
        "volume": 10086100,
        "category": "g",
        "source": "tv",
        "fails": [],
        "shortable": false,
        "exchange_name": "NASD",
        "market_cap": 55.37557,
        "tradeable": true
    },
    {
        "symbol": "TIRX",
        "company": "TIAN RUIXIANG Holdings Ltd",
        "change_pct": 67.37,
        "premarket": 3.65,
        "volume": 2695100,
        "category": "g",
        "source": "tv",
        "fails": [
            "existing"
        ],
        "shortable": false,
        "exchange_name": "NASD",
        "market_cap": 6.59394,
        "tradeable": false
    },
    {
        "symbol": "WAFU",
        "company": "Wah Fu Education Group Limited",
        "change_pct": 45.02,
        "premarket": 3.93,
        "volume": 1201100,
        "category": "g",
        "source": "tv",
        "fails": [
            "existing"
        ],
        "shortable": true,
        "exchange_name": "NASD",
        "market_cap": 12.03263,
        "tradeable": false
    },
    {
        "symbol": "IMTX",
        "company": "Immatics N.V.",
        "change_pct": 36.34,
        "premarket": 9.98,
        "volume": 445636,
        "category": "g",
        "source": "tv",
        "fails": [
            "existing"
        ],
        "shortable": false,
        "exchange_name": "NASD",
        "market_cap": 561.2313,
        "tradeable": false
    },
    {
        "symbol": "ANGH",
        "company": "Anghami Inc.",
        "change_pct": 31.33,
        "premarket": 1.09,
        "volume": 115702,
        "category": "g",
        "source": "tv",
        "fails": [],
        "shortable": true,
        "exchange_name": "NASD",
        "market_cap": 21.58469,
        "tradeable": true
    },
    {
        "symbol": "OST",
        "company": "Ostin Technology Group Co., Ltd.",
        "change_pct": 29.65,
        "premarket": 1.29,
        "volume": 721457,
        "category": "g",
        "source": "tv",
        "fails": [],
        "shortable": false,
        "exchange_name": "NASD",
        "market_cap": 13.93622,
        "tradeable": true
    },
    {
        "symbol": "AGBA",
        "company": "AGBA Group Holding Limited",
        "change_pct": 29.21,
        "premarket": 2.61,
        "volume": 1446100,
        "category": "g",
        "source": "tv",
        "fails": [
            "existing"
        ],
        "shortable": true,
        "exchange_name": "NASD",
        "market_cap": 120.3455,
        "tradeable": false
    },
    {
        "symbol": "LILM",
        "company": "Lilium N.V.",
        "change_pct": 27.95,
        "premarket": 0.4903,
        "volume": 8673100,
        "category": "g",
        "source": "tv",
        "fails": [
            "premarket"
        ],
        "shortable": true,
        "exchange_name": "NASD",
        "market_cap": 152.4314,
        "tradeable": false
    },
    {
        "symbol": "YGMZ",
        "company": "MingZhu Logistics Holdings Limited",
        "change_pct": 26.09,
        "premarket": 1.45,
        "volume": 419911,
        "category": "g",
        "source": "tv",
        "fails": [],
        "shortable": false,
        "exchange_name": "NASD",
        "market_cap": 26.40432,
        "tradeable": true
    },
    {
        "symbol": "METX",
        "company": "Meten Holding Group Ltd.",
        "change_pct": 19.82,
        "premarket": 0.26,
        "volume": 7721100,
        "category": "g",
        "source": "tv",
        "fails": [
            "premarket"
        ],
        "shortable": true,
        "exchange_name": "NASD",
        "market_cap": 5.24446,
        "tradeable": false
    },
    {
        "symbol": "VANI",
        "company": "Vivani Medical, Inc.",
        "change_pct": 19.27,
        "premarket": 1.3,
        "volume": 63816,
        "category": "g",
        "source": "tv",
        "fails": [],
        "shortable": true,
        "exchange_name": "NASD",
        "market_cap": 55.35968,
        "tradeable": true
    },
    {
        "symbol": "CHGG",
        "company": "Chegg, Inc.",
        "change_pct": -47.44,
        "premarket": 9.25,
        "volume": 3395100,
        "category": "l",
        "source": "tv",
        "fails": [],
        "shortable": true,
        "exchange_name": "NYSE",
        "market_cap": 2105.458,
        "tradeable": true
    },
    {
        "symbol": "GDC",
        "company": "GD Culture Group Limited",
        "change_pct": -45.81,
        "premarket": 16.8,
        "volume": 131525,
        "category": "l",
        "source": "tv",
        "fails": [],
        "shortable": true,
        "exchange_name": "NASD",
        "market_cap": 53.05786,
        "tradeable": true
    },
    {
        "symbol": "CYH",
        "company": "Community Health Systems, Inc.",
        "change_pct": -39.0,
        "premarket": 3.8,
        "volume": 50072,
        "category": "l",
        "source": "tv",
        "fails": [],
        "shortable": true,
        "exchange_name": "NYSE",
        "market_cap": 851.9739,
        "tradeable": true
    },
    {
        "symbol": "UTME",
        "company": "UTime Limited",
        "change_pct": -35.45,
        "premarket": 1.42,
        "volume": 268800,
        "category": "l",
        "source": "tv",
        "fails": [
            "is_shortable"
        ],
        "shortable": false,
        "exchange_name": "NASD",
        "market_cap": 18.18914,
        "tradeable": false
    },
    {
        "symbol": "ETWO",
        "company": "E2open Parent Holdings, Inc.",
        "change_pct": -34.29,
        "premarket": 4.1,
        "volume": 75158,
        "category": "l",
        "source": "tv",
        "fails": [],
        "shortable": true,
        "exchange_name": "NYSE",
        "market_cap": 1886.202,
        "tradeable": true
    },
    {
        "symbol": "TANH",
        "company": "Tantech Holdings Ltd.",
        "change_pct": -31.55,
        "premarket": 2.95,
        "volume": 58745,
        "category": "l",
        "source": "tv",
        "fails": [
            "is_shortable"
        ],
        "shortable": false,
        "exchange_name": "NASD",
        "market_cap": 5.25795,
        "tradeable": false
    },
    {
        "symbol": "TVTX",
        "company": "Travere Therapeutics, Inc.",
        "change_pct": -26.49,
        "premarket": 16.62,
        "volume": 486395,
        "category": "l",
        "source": "tv",
        "fails": [],
        "shortable": true,
        "exchange_name": "NASD",
        "market_cap": 1685.475,
        "tradeable": true
    },
    {
        "symbol": "TREE",
        "company": "LendingTree, Inc.",
        "change_pct": -23.62,
        "premarket": 17.85,
        "volume": 39642,
        "category": "l",
        "source": "tv",
        "fails": [],
        "shortable": true,
        "exchange_name": "NASD",
        "market_cap": 299.4691,
        "tradeable": true
    },
    {
        "symbol": "AYTU",
        "company": "Aytu BioPharma, Inc.",
        "change_pct": -21.03,
        "premarket": 1.84,
        "volume": 45785,
        "category": "l",
        "source": "tv",
        "fails": [],
        "shortable": true,
        "exchange_name": "NASD",
        "market_cap": 8.80442,
        "tradeable": true
    },
    {
        "symbol": "HUBC",
        "company": "Hub Cyber Security Ltd.",
        "change_pct": -18.68,
        "premarket": 0.5902,
        "volume": 471713,
        "category": "l",
        "source": "tv",
        "fails": [
            "premarket"
        ],
        "shortable": true,
        "exchange_name": "NASD",
        "market_cap": 74.22357,
        "tradeable": false
    },
    {
        "symbol": "ILAG",
        "company": "Intelligent Living Application Group Inc.",
        "change_pct": -18.0,
        "premarket": 1.23,
        "volume": 201864,
        "category": "l",
        "source": "tv",
        "fails": [
            "is_shortable"
        ],
        "shortable": false,
        "exchange_name": "NASD",
        "market_cap": 27.09,
        "tradeable": false
    }
]