[
    {
        "symbol": "CYN",
        "company": "Cyngn Inc.",
        "change_pct": 161.28,
        "premarket": 13.09,
        "volume": 15310000,
        "category": "g",
        "source": "tv",
        "shortable": false,
        "exchange_name": "NASDAQ",
        "market_cap": 7270409,
        "existing": false
    },
    {
        "symbol": "ASTI",
        "company": "Ascent Solar Technologies, Inc",
        "change_pct": 156.6,
        "premarket": 2.99,
        "volume": 13890000,
        "category": "g",
        "source": "tv",
        "shortable": true,
        "exchange_name": "NASDAQ",
        "market_cap": 2902040,
        "existing": false
    },
    {
        "symbol": "VOR",
        "company": "Vor Biopharma Inc.",
        "change_pct": 109.24,
        "premarket": 1.16,
        "volume": 36980000,
        "category": "g",
        "source": "tv",
        "shortable": true,
        "exchange_name": "NASDAQ",
        "market_cap": 39749623,
        "existing": false
    },
    {
        "symbol": "ADIL",
        "company": "Adial Pharmaceuticals, Inc",
        "change_pct": 55.08,
        "premarket": 0.3815,
        "volume": 79660000,
        "category": "g",
        "source": "tv",
        "shortable": true,
        "exchange_name": "NASDAQ",
        "market_cap": 3617412,
        "existing": false
    },
    {
        "symbol": "PSTV",
        "company": "PLUS THERAPEUTICS, Inc.",
        "change_pct": 36.1,
        "premarket": 0.4287,
        "volume": 41100000,
        "category": "g",
        "source": "tv",
        "shortable": true,
        "exchange_name": "NASDAQ",
        "market_cap": 9536713,
        "existing": false
    },
    {
        "symbol": "ASBP",
        "company": "Aspire Biopharma Holdings, Inc.",
        "change_pct": 29.42,
        "premarket": 0.3101,
        "volume": 27130000,
        "category": "g",
        "source": "tv",
        "shortable": true,
        "exchange_name": "NASDAQ",
        "market_cap": 13315734,
        "existing": false
    },
    {
        "symbol": "KEQU",
        "company": "Kewaunee Scientific Corporation",
        "change_pct": 23.54,
        "premarket": 50.01,
        "volume": 1600,
        "category": "g",
        "source": "tv",
        "shortable": true,
        "exchange_name": "NASDAQ",
        "market_cap": 109982497,
        "existing": false
    },
    {
        "symbol": "LIVE",
        "company": "Live Ventures Incorporated",
        "change_pct": 18.34,
        "premarket": 10.0,
        "volume": 300,
        "category": "g",
        "source": "tv",
        "shortable": true,
        "exchange_name": "NASDAQ",
        "market_cap": 27629681,
        "existing": false
    },
    {
        "symbol": "BEEM",
        "company": "Beam Global",
        "change_pct": 17.53,
        "premarket": 1.81,
        "volume": 10750000,
        "category": "g",
        "source": "tv",
        "shortable": true,
        "exchange_name": "NASDAQ",
        "market_cap": 22985005,
        "existing": false
    },
    {
        "symbol": "WS",
        "company": "Worthington Steel, Inc.",
        "change_pct": 16.11,
        "premarket": 30.49,
        "volume": 13370,
        "category": "g",
        "source": "tv",
        "shortable": true,
        "exchange_name": "NYSE",
        "market_cap": 1303524626,
        "existing": false
    },
    {
        "symbol": "SRFM",
        "company": "Surf Air Mobility Inc.",
        "change_pct": 14.56,
        "premarket": 2.91,
        "volume": 2950000,
        "category": "g",
        "source": "tv",
        "shortable": true,
        "exchange_name": "NYSE",
        "market_cap": 69421680,
        "existing": false
    },
    {
        "symbol": "MKDW",
        "company": "MKDWELL Tech Inc.",
        "change_pct": 12.19,
        "premarket": 0.2642,
        "volume": 37630000,
        "category": "g",
        "source": "tv",
        "shortable": true,
        "exchange_name": "NASDAQ",
        "market_cap": 34296298,
        "existing": false
    },
    {
        "symbol": "DXST",
        "company": "Decent Holding Inc.",
        "change_pct": 11.65,
        "premarket": 1.15,
        "volume": 1800,
        "category": "g",
        "source": "tv",
        "shortable": true,
        "exchange_name": "NASDAQ",
        "market_cap": 18037500,
        "existing": false
    },
    {
        "symbol": "HIT",
        "company": "Health In Tech, Inc.",
        "change_pct": 11.39,
        "premarket": 0.8466,
        "volume": 21520,
        "category": "g",
        "source": "tv",
        "shortable": true,
        "exchange_name": "NASDAQ",
        "market_cap": 43738563,
        "existing": false
    },
    {
        "symbol": "APLM",
        "company": "Apollomics Inc.",
        "change_pct": 11.33,
        "premarket": 6.76,
        "volume": 200,
        "category": "g",
        "source": "tv",
        "shortable": true,
        "exchange_name": "NASDAQ",
        "market_cap": 7319610,
        "existing": false
    },
    {
        "symbol": "MRT",
        "company": "Marti Technologies, Inc.",
        "change_pct": 11.15,
        "premarket": 2.74,
        "volume": 27950,
        "category": "g",
        "source": "tv",
        "shortable": true,
        "exchange_name": "NYSE American",
        "market_cap": 194423115,
        "existing": false
    },
    {
        "symbol": "SPIR",
        "company": "Spire Global, Inc.",
        "change_pct": 10.5,
        "premarket": 10.84,
        "volume": 4990,
        "category": "g",
        "source": "tv",
        "shortable": true,
        "exchange_name": "NYSE",
        "market_cap": 308280457,
        "existing": false
    },
    {
        "symbol": "TRT",
        "company": "Trio-Tech International",
        "change_pct": 10.27,
        "premarket": 5.8,
        "volume": 504,
        "category": "g",
        "source": "tv",
        "shortable": true,
        "exchange_name": "NYSE American",
        "market_cap": 24367348,
        "existing": false
    },
    {
        "symbol": "MOBX",
        "company": "Mobix Labs, Inc.",
        "change_pct": 10.13,
        "premarket": 0.739,
        "volume": 37230,
        "category": "g",
        "source": "tv",
        "shortable": true,
        "exchange_name": "NASDAQ",
        "market_cap": 35888123,
        "existing": false
    },
    {
        "symbol": "BBLG",
        "company": "Bone Biologics Corp",
        "change_pct": 9.79,
        "premarket": 4.6,
        "volume": 3300,
        "category": "g",
        "source": "tv",
        "shortable": true,
        "exchange_name": "NASDAQ",
        "market_cap": 3027672,
        "existing": false
    },
    {
        "symbol": "AER",
        "company": "AerCap Holdings N.V.",
        "change_pct": -4.06,
        "premarket": 110.0,
        "volume": 750,
        "category": "l",
        "source": "tv",
        "shortable": true,
        "exchange_name": "NYSE",
        "market_cap": 20483487321,
        "existing": false
    },
    {
        "symbol": "U",
        "company": "Unity Software Inc.",
        "change_pct": -4.35,
        "premarket": 23.1,
        "volume": 454030,
        "category": "l",
        "source": "tv",
        "shortable": true,
        "exchange_name": "NYSE",
        "market_cap": 9993298857,
        "existing": false
    },
    {
        "symbol": "KTOS",
        "company": "Kratos Defense & Security Solutions, Inc.",
        "change_pct": -6.87,
        "premarket": 39.42,
        "volume": 540370,
        "category": "l",
        "source": "tv",
        "shortable": true,
        "exchange_name": "NASDAQ",
        "market_cap": 6255885053,
        "existing": false
    },
    {
        "symbol": "CNX",
        "company": "CNX Resources Corporation",
        "change_pct": -3.93,
        "premarket": 32.0,
        "volume": 300,
        "category": "l",
        "source": "tv",
        "shortable": true,
        "exchange_name": "NYSE",
        "market_cap": 5043587175,
        "existing": false
    },
    {
        "symbol": "LEU",
        "company": "Centrus Energy Corp.",
        "change_pct": -6.94,
        "premarket": 168.6,
        "volume": 62160,
        "category": "l",
        "source": "tv",
        "shortable": true,
        "exchange_name": "NYSE American",
        "market_cap": 3274221779,
        "existing": false
    },
    {
        "symbol": "EWTX",
        "company": "Edgewise Therapeutics, Inc.",
        "change_pct": -7.19,
        "premarket": 13.3,
        "volume": 10320,
        "category": "l",
        "source": "tv",
        "shortable": true,
        "exchange_name": "NASDAQ",
        "market_cap": 1551703259,
        "existing": false
    },
    {
        "symbol": "LIMN",
        "company": "Liminatus Pharma, Inc.",
        "change_pct": -4.5,
        "premarket": 22.9,
        "volume": 1550,
        "category": "l",
        "source": "tv",
        "shortable": true,
        "exchange_name": "NASDAQ",
        "market_cap": 693810262,
        "existing": false
    },
    {
        "symbol": "NFE",
        "company": "New Fortress Energy Inc.",
        "change_pct": -4.37,
        "premarket": 2.18,
        "volume": 141950,
        "category": "l",
        "source": "tv",
        "shortable": true,
        "exchange_name": "NASDAQ",
        "market_cap": 641582283,
        "existing": false
    },
    {
        "symbol": "STOK",
        "company": "Stoke Therapeutics, Inc.",
        "change_pct": -3.9,
        "premarket": 11.35,
        "volume": 125,
        "category": "l",
        "source": "tv",
        "shortable": true,
        "exchange_name": "NASDAQ",
        "market_cap": 628410595,
        "existing": false
    },
    {
        "symbol": "ALT",
        "company": "Altimmune, Inc.",
        "change_pct": -60.25,
        "premarket": 3.07,
        "volume": 18060000,
        "category": "l",
        "source": "tv",
        "shortable": true,
        "exchange_name": "NASDAQ",
        "market_cap": 583159135,
        "existing": false
    },
    {
        "symbol": "BTBT",
        "company": "Bit Digital, Inc.",
        "change_pct": -15.74,
        "premarket": 1.98,
        "volume": 2650000,
        "category": "l",
        "source": "tv",
        "shortable": true,
        "exchange_name": "NASDAQ",
        "market_cap": 508498159,
        "existing": false
    },
    {
        "symbol": "ZBIO",
        "company": "Zenas BioPharma, Inc.",
        "change_pct": -5.99,
        "premarket": 9.58,
        "volume": 980,
        "category": "l",
        "source": "tv",
        "shortable": true,
        "exchange_name": "NASDAQ",
        "market_cap": 419178503,
        "existing": false
    },
    {
        "symbol": "ATXS",
        "company": "Astria Therapeutics, Inc.",
        "change_pct": -4.42,
        "premarket": 5.4,
        "volume": 3320,
        "category": "l",
        "source": "tv",
        "shortable": true,
        "exchange_name": "NASDAQ",
        "market_cap": 325061101,
        "existing": false
    },
    {
        "symbol": "NATR",
        "company": "Nature's Sunshine Products, Inc.",
        "change_pct": -12.4,
        "premarket": 13.0,
        "volume": 4050,
        "category": "l",
        "source": "tv",
        "shortable": true,
        "exchange_name": "NASDAQ",
        "market_cap": 278794002,
        "existing": false
    },
    {
        "symbol": "WALD",
        "company": "Waldencast plc",
        "change_pct": -6.3,
        "premarket": 2.53,
        "volume": 5300,
        "category": "l",
        "source": "tv",
        "shortable": true,
        "exchange_name": "NASDAQ",
        "market_cap": 264448343,
        "existing": false
    },
    {
        "symbol": "SAFX",
        "company": "XCF Global, Inc.",
        "change_pct": -7.16,
        "premarket": 2.11,
        "volume": 361450,
        "category": "l",
        "source": "tv",
        "shortable": true,
        "exchange_name": "NASDAQ",
        "market_cap": 263805005,
        "existing": false
    },
    {
        "symbol": "PHOE",
        "company": "Phoenix Asia Holdings Limited",
        "change_pct": -6.67,
        "premarket": 10.36,
        "volume": 401,
        "category": "l",
        "source": "tv",
        "shortable": true,
        "exchange_name": "NASDAQ",
        "market_cap": 254880000,
        "existing": false
    },
    {
        "symbol": "TSBK",
        "company": "Timberland Bancorp, Inc.",
        "change_pct": -5.22,
        "premarket": 29.05,
        "volume": 200,
        "category": "l",
        "source": "tv",
        "shortable": true,
        "exchange_name": "NASDAQ",
        "market_cap": 248179204,
        "existing": false
    },
    {
        "symbol": "MFH",
        "company": "Mercurity Fintech Holding Inc. - American",
        "change_pct": -6.11,
        "premarket": 3.66,
        "volume": 475,
        "category": "l",
        "source": "tv",
        "shortable": true,
        "exchange_name": "NASDAQ",
        "market_cap": 247103864,
        "existing": false
    },
    {
        "symbol": "CBIO",
        "company": "Crescent Biopharma, Inc.",
        "change_pct": -15.56,
        "premarket": 15.2,
        "volume": 100,
        "category": "l",
        "source": "tv",
        "shortable": true,
        "exchange_name": "NASDAQ",
        "market_cap": 228792191,
        "existing": false
    }
]