[
    {
        "symbol": "NGMS",
        "company": "NeoGames S.A.",
        "change_pct": 113.55,
        "premarket": 27.42,
        "volume": 167415,
        "category": "g",
        "source": "tv",
        "shortable": false,
        "exchange_name": "NASD",
        "market_cap": 438.3949,
        "existing": false
    },
    {
        "symbol": "WISA",
        "company": "WiSA Technologies, Inc.",
        "change_pct": 48.73,
        "premarket": 2.35,
        "volume": 7037100,
        "category": "g",
        "source": "tv",
        "shortable": true,
        "exchange_name": "NASD",
        "market_cap": 6.00709,
        "existing": false
    },
    {
        "symbol": "LMFA",
        "company": "LM Funding America, Inc.",
        "change_pct": 45.38,
        "premarket": 1.08,
        "volume": 5876100,
        "category": "g",
        "source": "tv",
        "shortable": false,
        "exchange_name": "NASD",
        "market_cap": 9.72596,
        "existing": false
    },
    {
        "symbol": "MGOL",
        "company": "MGO Global Inc.",
        "change_pct": 35.83,
        "premarket": 1.63,
        "volume": 5252100,
        "category": "g",
        "source": "tv",
        "shortable": false,
        "exchange_name": "NASD",
        "market_cap": 17.08985,
        "existing": false
    },
    {
        "symbol": "BNMV",
        "company": "BitNile Metaverse, Inc.",
        "change_pct": 24.97,
        "premarket": 1.67,
        "volume": 63300,
        "category": "g",
        "source": "tv",
        "shortable": false,
        "exchange_name": "NASD",
        "market_cap": 1.67617,
        "existing": false
    },
    {
        "symbol": "EFSH",
        "company": "1847 Holdings LLC",
        "change_pct": 24.89,
        "premarket": 0.687,
        "volume": 29203,
        "category": "g",
        "source": "tv",
        "shortable": false,
        "exchange_name": "AMEX",
        "market_cap": 5.99428,
        "existing": false
    },
    {
        "symbol": "MIND",
        "company": "MIND Technology, Inc.",
        "change_pct": 24.88,
        "premarket": 0.512,
        "volume": 1524100,
        "category": "g",
        "source": "tv",
        "shortable": false,
        "exchange_name": "NASD",
        "market_cap": 5.65338,
        "existing": false
    },
    {
        "symbol": "OMH",
        "company": "Ohmyhome Limited",
        "change_pct": 21.61,
        "premarket": 22.45,
        "volume": 101827,
        "category": "g",
        "source": "tv",
        "shortable": true,
        "exchange_name": "NASD",
        "market_cap": 351.663,
        "existing": false
    },
    {
        "symbol": "ALGS",
        "company": "Aligos Therapeutics, Inc.",
        "change_pct": 21.1,
        "premarket": 1.32,
        "volume": 2218100,
        "category": "g",
        "source": "tv",
        "shortable": true,
        "exchange_name": "NASD",
        "market_cap": 46.8047,
        "existing": false
    },
    {
        "symbol": "CPIX",
        "company": "Cumberland Pharmaceuticals Inc.",
        "change_pct": 18.79,
        "premarket": 1.96,
        "volume": 65030,
        "category": "g",
        "source": "tv",
        "shortable": true,
        "exchange_name": "NASD",
        "market_cap": 23.80958,
        "existing": false
    },
    {
        "symbol": "DPSI",
        "company": "DecisionPoint Systems, Inc.",
        "change_pct": 18.14,
        "premarket": 7.34,
        "volume": 1706,
        "category": "g",
        "source": "tv",
        "shortable": false,
        "exchange_name": "AMEX",
        "market_cap": 52.71423,
        "existing": false
    },
    {
        "symbol": "PRSO",
        "company": "Peraso Inc.",
        "change_pct": 16.7,
        "premarket": 0.42,
        "volume": 142025,
        "category": "g",
        "source": "tv",
        "shortable": true,
        "exchange_name": "NASD",
        "market_cap": 5.13563,
        "existing": false
    },
    {
        "symbol": "TIVC",
        "company": "Tivic Health Systems, Inc.",
        "change_pct": 15.19,
        "premarket": 0.2048,
        "volume": 1700100,
        "category": "g",
        "source": "tv",
        "shortable": false,
        "exchange_name": "NASD",
        "market_cap": 5.2767,
        "existing": false
    },
    {
        "symbol": "MMP",
        "company": "Magellan Midstream Partners L.P. Limited Partnership",
        "change_pct": 15.14,
        "premarket": 63.8,
        "volume": 262060,
        "category": "g",
        "source": "tv",
        "shortable": true,
        "exchange_name": "NYSE",
        "market_cap": 11198.12,
        "existing": false
    },
    {
        "symbol": "MNDY",
        "company": "monday.com Ltd.",
        "change_pct": 14.49,
        "premarket": 150.1,
        "volume": 53975,
        "category": "g",
        "source": "tv",
        "shortable": true,
        "exchange_name": "NASD",
        "market_cap": 6258.435,
        "existing": false
    },
    {
        "symbol": "STRC",
        "company": "Sarcos Technology and Robotics Corporation",
        "change_pct": 14.26,
        "premarket": 0.3999,
        "volume": 2361,
        "category": "g",
        "source": "tv",
        "shortable": true,
        "exchange_name": "NASD",
        "market_cap": 54.00204,
        "existing": false
    },
    {
        "symbol": "CVKD",
        "company": "Cadrenal Therapeutics, Inc.",
        "change_pct": 14.12,
        "premarket": 1.6,
        "volume": 350,
        "category": "g",
        "source": "tv",
        "shortable": true,
        "exchange_name": "NASD",
        "market_cap": 16.41186,
        "existing": false
    },
    {
        "symbol": "IPDN",
        "company": "Professional Diversity Network, Inc.",
        "change_pct": 13.62,
        "premarket": 5.09,
        "volume": 695,
        "category": "g",
        "source": "tv",
        "shortable": true,
        "exchange_name": "NASD",
        "market_cap": 46.00749,
        "existing": false
    },
    {
        "symbol": "NNBR",
        "company": "NN, Inc.",
        "change_pct": 13.39,
        "premarket": 1.44,
        "volume": 400,
        "category": "g",
        "source": "tv",
        "shortable": true,
        "exchange_name": "NASD",
        "market_cap": 57.9802,
        "existing": false
    },
    {
        "symbol": "NCRA",
        "company": "Nocera, Inc.",
        "change_pct": 13.16,
        "premarket": 1.72,
        "volume": 200,
        "category": "g",
        "source": "tv",
        "shortable": false,
        "exchange_name": "NASD",
        "market_cap": 14.05025,
        "existing": false
    },
    {
        "symbol": "BRTX",
        "company": "BioRestorative Therapies, Inc.",
        "change_pct": 13.0,
        "premarket": 5.65,
        "volume": 3902,
        "category": "g",
        "source": "tv",
        "shortable": false,
        "exchange_name": "NASD",
        "market_cap": 18.8377,
        "existing": false
    },
    {
        "symbol": "ALLG",
        "company": "Allego N.V.",
        "change_pct": 12.92,
        "premarket": 2.36,
        "volume": 1237,
        "category": "g",
        "source": "tv",
        "shortable": false,
        "exchange_name": "NYSE",
        "market_cap": 558.4012,
        "existing": false
    },
    {
        "symbol": "RMTI",
        "company": "Rockwell Medical, Inc.",
        "change_pct": 12.24,
        "premarket": 2.75,
        "volume": 9899,
        "category": "g",
        "source": "tv",
        "shortable": true,
        "exchange_name": "NASD",
        "market_cap": 30.75405,
        "existing": false
    },
    {
        "symbol": "MOVE",
        "company": "Movano Inc.",
        "change_pct": 12.2,
        "premarket": 1.38,
        "volume": 784,
        "category": "g",
        "source": "tv",
        "shortable": true,
        "exchange_name": "NASD",
        "market_cap": 50.97939,
        "existing": false
    },
    {
        "symbol": "LTRY",
        "company": "Lottery.com, Inc.",
        "change_pct": 12.18,
        "premarket": 0.6365,
        "volume": 433776,
        "category": "g",
        "source": "tv",
        "shortable": false,
        "exchange_name": "NASD",
        "market_cap": 28.80168,
        "existing": false
    },
    {
        "symbol": "AGS",
        "company": "PlayAGS, Inc.",
        "change_pct": 11.13,
        "premarket": 5.89,
        "volume": 12551,
        "category": "g",
        "source": "tv",
        "shortable": true,
        "exchange_name": "NYSE",
        "market_cap": 200.9594,
        "existing": false
    },
    {
        "symbol": "TLS",
        "company": "Telos Corporation",
        "change_pct": 10.72,
        "premarket": 2.47,
        "volume": 27441,
        "category": "g",
        "source": "tv",
        "shortable": true,
        "exchange_name": "NASD",
        "market_cap": 156.3443,
        "existing": false
    },
    {
        "symbol": "TIO",
        "company": "Tingo Group, Inc.",
        "change_pct": 10.69,
        "premarket": 3.21,
        "volume": 776762,
        "category": "g",
        "source": "tv",
        "shortable": true,
        "exchange_name": "NASD",
        "market_cap": 474.8094,
        "existing": false
    },
    {
        "symbol": "SOND",
        "company": "Sonder Holdings Inc.",
        "change_pct": 10.34,
        "premarket": 0.32,
        "volume": 2948,
        "category": "g",
        "source": "tv",
        "shortable": true,
        "exchange_name": "NASD",
        "market_cap": 63.59203,
        "existing": false
    },
    {
        "symbol": "SD",
        "company": "SandRidge Energy, Inc.",
        "change_pct": 10.24,
        "premarket": 16.36,
        "volume": 26172,
        "category": "g",
        "source": "tv",
        "shortable": true,
        "exchange_name": "NYSE",
        "market_cap": 547.6188,
        "existing": false
    },
    {
        "symbol": "CFRX",
        "company": "ContraFect Corporation",
        "change_pct": 10.0,
        "premarket": 1.65,
        "volume": 15715,
        "category": "g",
        "source": "tv",
        "shortable": true,
        "exchange_name": "NASD",
        "market_cap": 2.34888,
        "existing": false
    },
    {
        "symbol": "NMTC",
        "company": "NeuroOne Medical Technologies Corporation",
        "change_pct": 9.92,
        "premarket": 1.44,
        "volume": 43246,
        "category": "g",
        "source": "tv",
        "shortable": false,
        "exchange_name": "NASD",
        "market_cap": 21.2819,
        "existing": false
    },
    {
        "symbol": "YOSH",
        "company": "Yoshiharu Global Co.",
        "change_pct": 9.61,
        "premarket": 1.0,
        "volume": 16986,
        "category": "g",
        "source": "tv",
        "shortable": false,
        "exchange_name": "NASD",
        "market_cap": 11.80516,
        "existing": false
    },
    {
        "symbol": "ADIL",
        "company": "Adial Pharmaceuticals, Inc",
        "change_pct": 9.53,
        "premarket": 0.33,
        "volume": 100,
        "category": "g",
        "source": "tv",
        "shortable": false,
        "exchange_name": "NASD",
        "market_cap": 8.59204,
        "existing": false
    },
    {
        "symbol": "INPX",
        "company": "Inpixon",
        "change_pct": 9.45,
        "premarket": 0.2189,
        "volume": 311538,
        "category": "g",
        "source": "tv",
        "shortable": true,
        "exchange_name": "NASD",
        "market_cap": 3.44193,
        "existing": false
    },
    {
        "symbol": "GLYC",
        "company": "GlycoMimetics, Inc.",
        "change_pct": 9.38,
        "premarket": 2.1,
        "volume": 24508,
        "category": "g",
        "source": "tv",
        "shortable": true,
        "exchange_name": "NASD",
        "market_cap": 123.3517,
        "existing": false
    },
    {
        "symbol": "KINS",
        "company": "Kingstone Companies, Inc",
        "change_pct": 9.32,
        "premarket": 1.29,
        "volume": 202,
        "category": "g",
        "source": "tv",
        "shortable": true,
        "exchange_name": "NASD",
        "market_cap": 12.69157,
        "existing": false
    },
    {
        "symbol": "PROC",
        "company": "Procaps Group, S.A.",
        "change_pct": 9.32,
        "premarket": 4.81,
        "volume": 800,
        "category": "g",
        "source": "tv",
        "shortable": true,
        "exchange_name": "NASD",
        "market_cap": 496.4264,
        "existing": false
    },
    {
        "symbol": "SPI",
        "company": "SPI Energy Co., Ltd.",
        "change_pct": 9.24,
        "premarket": 1.3,
        "volume": 620,
        "category": "g",
        "source": "tv",
        "shortable": true,
        "exchange_name": "NASD",
        "market_cap": 36.04862,
        "existing": false
    },
    {
        "symbol": "CYXT",
        "company": "Cyxtera Technologies, Inc.",
        "change_pct": 9.18,
        "premarket": 0.195,
        "volume": 8225,
        "category": "g",
        "source": "tv",
        "shortable": true,
        "exchange_name": "NASD",
        "market_cap": 32.2047,
        "existing": false
    }
]