[
    {
        "symbol": "SNTG",
        "company": "Sentage Holdings Inc.",
        "change_pct": 132.99,
        "premarket": 4.59,
        "volume": 1193100,
        "category": "g",
        "source": "tv",
        "fails": [],
        "shortable": false,
        "exchange_name": "NASD",
        "market_cap": 5.516,
        "tradeable": true
    },
    {
        "symbol": "HLP",
        "company": "Hongli Group Inc.",
        "change_pct": 100.0,
        "premarket": 8.4,
        "volume": 914973,
        "category": "g",
        "source": "tv",
        "fails": [
            "existing"
        ],
        "shortable": false,
        "exchange_name": "NASD",
        "market_cap": 50.6625,
        "tradeable": false
    },
    {
        "symbol": "MDWT",
        "company": "Midwest Holding Inc.",
        "change_pct": 92.25,
        "premarket": 26.3,
        "volume": 6259,
        "category": "g",
        "source": "tv",
        "fails": [
            "existing"
        ],
        "shortable": false,
        "exchange_name": "NASD",
        "market_cap": 50.99871,
        "tradeable": false
    },
    {
        "symbol": "GDC",
        "company": "GD Culture Group Limited",
        "change_pct": 56.0,
        "premarket": 3.9,
        "volume": 66936,
        "category": "g",
        "source": "tv",
        "fails": [
            "existing"
        ],
        "shortable": true,
        "exchange_name": "NASD",
        "market_cap": 4.27886,
        "tradeable": false
    },
    {
        "symbol": "APLM",
        "company": "Apollomics Inc.",
        "change_pct": 50.22,
        "premarket": 6.97,
        "volume": 194968,
        "category": "g",
        "source": "tv",
        "fails": [
            "existing"
        ],
        "shortable": true,
        "exchange_name": "NASD",
        "market_cap": 402.7327,
        "tradeable": false
    },
    {
        "symbol": "NNOX",
        "company": "NANO-X IMAGING LTD",
        "change_pct": 48.94,
        "premarket": 9.1,
        "volume": 1900100,
        "category": "g",
        "source": "tv",
        "fails": [
            "existing"
        ],
        "shortable": true,
        "exchange_name": "NASD",
        "market_cap": 336.6258,
        "tradeable": false
    },
    {
        "symbol": "ILAG",
        "company": "Intelligent Living Application Group Inc.",
        "change_pct": 38.64,
        "premarket": 1.83,
        "volume": 2343100,
        "category": "g",
        "source": "tv",
        "fails": [],
        "shortable": false,
        "exchange_name": "NASD",
        "market_cap": 23.8392,
        "tradeable": true
    },
    {
        "symbol": "YGF",
        "company": "YanGuFang International Group Co., Ltd.",
        "change_pct": 34.94,
        "premarket": 4.75,
        "volume": 629959,
        "category": "g",
        "source": "tv",
        "fails": [
            "existing"
        ],
        "shortable": false,
        "exchange_name": "NASD",
        "market_cap": 112.64,
        "tradeable": false
    },
    {
        "symbol": "MRKR",
        "company": "Marker Therapeutics, Inc.",
        "change_pct": 25.98,
        "premarket": 1.06,
        "volume": 392499,
        "category": "g",
        "source": "tv",
        "fails": [],
        "shortable": true,
        "exchange_name": "NASD",
        "market_cap": 7.40333,
        "tradeable": true
    },
    {
        "symbol": "PRFX",
        "company": "PainReform Ltd.",
        "change_pct": 24.12,
        "premarket": 0.7015,
        "volume": 512454,
        "category": "g",
        "source": "tv",
        "fails": [
            "premarket"
        ],
        "shortable": false,
        "exchange_name": "NASD",
        "market_cap": 6.01043,
        "tradeable": false
    },
    {
        "symbol": "JXJT",
        "company": "JX Luxventure Limited",
        "change_pct": 21.01,
        "premarket": 7.2,
        "volume": 58342,
        "category": "g",
        "source": "tv",
        "fails": [
            "existing"
        ],
        "shortable": true,
        "exchange_name": "NASD",
        "market_cap": 4.42673,
        "tradeable": false
    },
    {
        "symbol": "TOP",
        "company": "TOP Financial Group Limited",
        "change_pct": -39.47,
        "premarket": 65.5,
        "volume": 94609,
        "category": "l",
        "source": "tv",
        "fails": [
            "is_shortable"
        ],
        "shortable": false,
        "exchange_name": "NASD",
        "market_cap": 3792.76,
        "tradeable": false
    },
    {
        "symbol": "YCBD",
        "company": "cbdMD, Inc.",
        "change_pct": -38.72,
        "premarket": 2.01,
        "volume": 101670,
        "category": "l",
        "source": "tv",
        "fails": [],
        "shortable": true,
        "exchange_name": "AMEX",
        "market_cap": 134.5935,
        "tradeable": true
    },
    {
        "symbol": "HUDI",
        "company": "Huadi International Group Co., Ltd.",
        "change_pct": -37.78,
        "premarket": 8.2,
        "volume": 805510,
        "category": "l",
        "source": "tv",
        "fails": [],
        "shortable": true,
        "exchange_name": "NASD",
        "market_cap": 187.6724,
        "tradeable": true
    },
    {
        "symbol": "FRC",
        "company": "FIRST REPUBLIC BANK",
        "change_pct": -34.47,
        "premarket": 2.3,
        "volume": 15149099,
        "category": "l",
        "source": "tv",
        "fails": [
            "is_shortable"
        ],
        "shortable": false,
        "exchange_name": "NYSE",
        "market_cap": 653.6277,
        "tradeable": false
    },
    {
        "symbol": "BHAT",
        "company": "Blue Hat Interactive Entertainment Technology",
        "change_pct": -27.56,
        "premarket": 0.5868,
        "volume": 352835,
        "category": "l",
        "source": "tv",
        "fails": [
            "premarket",
            "is_shortable"
        ],
        "shortable": false,
        "exchange_name": "NASD",
        "market_cap": 7.67876,
        "tradeable": false
    },
    {
        "symbol": "TCJH",
        "company": "Top KingWin Ltd",
        "change_pct": -26.75,
        "premarket": 5.86,
        "volume": 37023,
        "category": "l",
        "source": "tv",
        "fails": [
            "is_shortable"
        ],
        "shortable": false,
        "exchange_name": "NASD",
        "market_cap": 118.0,
        "tradeable": false
    },
    {
        "symbol": "MEGL",
        "company": "Magic Empire Global Limited",
        "change_pct": -24.75,
        "premarket": 3.01,
        "volume": 819607,
        "category": "l",
        "source": "tv",
        "fails": [],
        "shortable": true,
        "exchange_name": "NASD",
        "market_cap": 81.0244,
        "tradeable": true
    },
    {
        "symbol": "PLRX",
        "company": "Pliant Therapeutics, Inc.",
        "change_pct": -18.58,
        "premarket": 23.0,
        "volume": 172116,
        "category": "l",
        "source": "tv",
        "fails": [],
        "shortable": true,
        "exchange_name": "NASD",
        "market_cap": 1665.046,
        "tradeable": true
    },
    {
        "symbol": "AGBA",
        "company": "AGBA Group Holding Limited",
        "change_pct": -18.18,
        "premarket": 1.89,
        "volume": 250988,
        "category": "l",
        "source": "tv",
        "fails": [],
        "shortable": true,
        "exchange_name": "NASD",
        "market_cap": 137.6228,
        "tradeable": true
    },
    {
        "symbol": "FRTX",
        "company": "Fresh Tracks Therapeutics, Inc.",
        "change_pct": -16.67,
        "premarket": 0.425,
        "volume": 450,
        "category": "l",
        "source": "tv",
        "fails": [
            "premarket",
            "shares_value"
        ],
        "shortable": true,
        "exchange_name": "NASD",
        "market_cap": 3.0123,
        "tradeable": false
    },
    {
        "symbol": "SAI",
        "company": "SAI.TECH Global Corporation",
        "change_pct": -16.63,
        "premarket": 3.91,
        "volume": 51973,
        "category": "l",
        "source": "tv",
        "fails": [],
        "shortable": true,
        "exchange_name": "NASD",
        "market_cap": 107.6193,
        "tradeable": true
    }
]