[
    {
        "symbol": "SBET",
        "company": "SharpLink Gaming, Inc.",
        "change_pct": 241.06,
        "premarket": 22.92,
        "volume": 9720000,
        "category": "g",
        "source": "tv",
        "shortable": true,
        "exchange_name": "NASDAQ",
        "market_cap": 4466098,
        "existing": false
    },
    {
        "symbol": "WORX",
        "company": "SCWorx Corp.",
        "change_pct": 86.21,
        "premarket": 0.7495,
        "volume": 77040000,
        "category": "g",
        "source": "tv",
        "shortable": true,
        "exchange_name": "NASDAQ",
        "market_cap": 847566,
        "existing": false
    },
    {
        "symbol": "FAAS",
        "company": "DigiAsia Corp.",
        "change_pct": 53.59,
        "premarket": 1.01,
        "volume": 33260000,
        "category": "g",
        "source": "tv",
        "shortable": true,
        "exchange_name": "NASDAQ",
        "market_cap": 39910952,
        "existing": false
    },
    {
        "symbol": "DEVS",
        "company": "DevvStream Corp.",
        "change_pct": 32.87,
        "premarket": 0.6787,
        "volume": 14110000,
        "category": "g",
        "source": "tv",
        "shortable": true,
        "exchange_name": "NASDAQ",
        "market_cap": 15383116,
        "existing": false
    },
    {
        "symbol": "ETWO",
        "company": "E2open Parent Holdings, Inc.",
        "change_pct": 26.07,
        "premarket": 3.24,
        "volume": 8370000,
        "category": "g",
        "source": "tv",
        "shortable": true,
        "exchange_name": "NYSE",
        "market_cap": 797131952,
        "existing": false
    },
    {
        "symbol": "JTAI",
        "company": "Jet.AI Inc.",
        "change_pct": 21.21,
        "premarket": 4.8,
        "volume": 1530000,
        "category": "g",
        "source": "tv",
        "shortable": true,
        "exchange_name": "NASDAQ",
        "market_cap": 10102973,
        "existing": false
    },
    {
        "symbol": "CAPT",
        "company": "Captivision Inc.",
        "change_pct": 21.17,
        "premarket": 0.5489,
        "volume": 398890,
        "category": "g",
        "source": "tv",
        "shortable": true,
        "exchange_name": "NASDAQ",
        "market_cap": 14663388,
        "existing": false
    },
    {
        "symbol": "HOLO",
        "company": "MicroCloud Hologram Inc.",
        "change_pct": 19.81,
        "premarket": 6.47,
        "volume": 3620000,
        "category": "g",
        "source": "tv",
        "shortable": true,
        "exchange_name": "NASDAQ",
        "market_cap": 23905470,
        "existing": false
    },
    {
        "symbol": "EJH",
        "company": "E-Home Household Service Holdings Limited",
        "change_pct": 19.6,
        "premarket": 0.1208,
        "volume": 122430000,
        "category": "g",
        "source": "tv",
        "shortable": true,
        "exchange_name": "NASDAQ",
        "market_cap": 18920087,
        "existing": false
    },
    {
        "symbol": "DGNX",
        "company": "Diginex Limited",
        "change_pct": 18.4,
        "premarket": 67.5,
        "volume": 3930,
        "category": "g",
        "source": "tv",
        "shortable": true,
        "exchange_name": "NASDAQ",
        "market_cap": 1310874428,
        "existing": false
    },
    {
        "symbol": "ASST",
        "company": "Asset Entities Inc.",
        "change_pct": 17.59,
        "premarket": 12.3,
        "volume": 671690,
        "category": "g",
        "source": "tv",
        "shortable": true,
        "exchange_name": "NASDAQ",
        "market_cap": 150500174,
        "existing": false
    },
    {
        "symbol": "MTAL",
        "company": "MAC Copper Limited",
        "change_pct": 17.34,
        "premarket": 11.91,
        "volume": 7370,
        "category": "g",
        "source": "tv",
        "shortable": true,
        "exchange_name": "NYSE",
        "market_cap": 837255189,
        "existing": false
    },
    {
        "symbol": "OCC",
        "company": "Optical Cable Corporation",
        "change_pct": 16.49,
        "premarket": 3.24,
        "volume": 150,
        "category": "g",
        "source": "tv",
        "shortable": true,
        "exchange_name": "NASDAQ",
        "market_cap": 22803522,
        "existing": false
    },
    {
        "symbol": "PSQH",
        "company": "PSQ Holdings, Inc.",
        "change_pct": 14.57,
        "premarket": 2.28,
        "volume": 407460,
        "category": "g",
        "source": "tv",
        "shortable": true,
        "exchange_name": "NYSE",
        "market_cap": 90622562,
        "existing": false
    },
    {
        "symbol": "SIEB",
        "company": "Siebert Financial Corp.",
        "change_pct": 14.32,
        "premarket": 5.19,
        "volume": 6970,
        "category": "g",
        "source": "tv",
        "shortable": true,
        "exchange_name": "NASDAQ",
        "market_cap": 183461109,
        "existing": false
    },
    {
        "symbol": "FBRX",
        "company": "Forte Biosciences, Inc.",
        "change_pct": 14.16,
        "premarket": 9.69,
        "volume": 5380,
        "category": "g",
        "source": "tv",
        "shortable": true,
        "exchange_name": "NASDAQ",
        "market_cap": 55878352,
        "existing": false
    },
    {
        "symbol": "GYRE",
        "company": "Gyre Therapeutics, Inc.",
        "change_pct": 13.36,
        "premarket": 9.84,
        "volume": 10530,
        "category": "g",
        "source": "tv",
        "shortable": true,
        "exchange_name": "NASDAQ",
        "market_cap": 784005922,
        "existing": false
    },
    {
        "symbol": "CHEB",
        "company": "Chenghe Acquisition II Co.",
        "change_pct": 12.41,
        "premarket": 11.5,
        "volume": 2270,
        "category": "g",
        "source": "tv",
        "shortable": true,
        "exchange_name": "NYSE American",
        "market_cap": 120816300,
        "existing": false
    },
    {
        "symbol": "RLYB",
        "company": "Rallybio Corporation",
        "change_pct": 12.36,
        "premarket": 0.37,
        "volume": 103,
        "category": "g",
        "source": "tv",
        "shortable": true,
        "exchange_name": "NASDAQ",
        "market_cap": 13703478,
        "existing": false
    },
    {
        "symbol": "VLCN",
        "company": "Volcon, Inc.",
        "change_pct": 12.17,
        "premarket": 0.6396,
        "volume": 1600000,
        "category": "g",
        "source": "tv",
        "shortable": true,
        "exchange_name": "NASDAQ",
        "market_cap": 2483719,
        "existing": false
    },
    {
        "symbol": "WMS",
        "company": "Advanced Drainage Systems, Inc.",
        "change_pct": -4.54,
        "premarket": 105.0,
        "volume": 300,
        "category": "l",
        "source": "tv",
        "shortable": true,
        "exchange_name": "NYSE",
        "market_cap": 8533589218,
        "existing": false
    },
    {
        "symbol": "SKY",
        "company": "Champion Homes, Inc.",
        "change_pct": -12.77,
        "premarket": 73.5,
        "volume": 21130,
        "category": "l",
        "source": "tv",
        "shortable": true,
        "exchange_name": "NYSE",
        "market_cap": 4826071884,
        "existing": false
    },
    {
        "symbol": "LZMH",
        "company": "LZ Technology Holdings Limited",
        "change_pct": -3.77,
        "premarket": 16.6,
        "volume": 823,
        "category": "l",
        "source": "tv",
        "shortable": true,
        "exchange_name": "NASDAQ",
        "market_cap": 2618550000,
        "existing": false
    },
    {
        "symbol": "EOSE",
        "company": "Eos Energy Enterprises, Inc.",
        "change_pct": -4.39,
        "premarket": 6.1,
        "volume": 394340,
        "category": "l",
        "source": "tv",
        "shortable": true,
        "exchange_name": "NASDAQ",
        "market_cap": 1452023134,
        "existing": false
    },
    {
        "symbol": "ETNB",
        "company": "89bio, Inc.",
        "change_pct": -5.16,
        "premarket": 9.0,
        "volume": 64480,
        "category": "l",
        "source": "tv",
        "shortable": true,
        "exchange_name": "NASDAQ",
        "market_cap": 1385389887,
        "existing": false
    },
    {
        "symbol": "NNE",
        "company": "Nano Nuclear Energy Inc.",
        "change_pct": -6.83,
        "premarket": 33.41,
        "volume": 679960,
        "category": "l",
        "source": "tv",
        "shortable": true,
        "exchange_name": "NASDAQ",
        "market_cap": 1344795649,
        "existing": false
    },
    {
        "symbol": "ANGI",
        "company": "Angi Inc.",
        "change_pct": -6.44,
        "premarket": 14.56,
        "volume": 430,
        "category": "l",
        "source": "tv",
        "shortable": true,
        "exchange_name": "NASDAQ",
        "market_cap": 746676988,
        "existing": false
    },
    {
        "symbol": "RCKT",
        "company": "Rocket Pharmaceuticals, Inc.",
        "change_pct": -64.43,
        "premarket": 2.23,
        "volume": 2480000,
        "category": "l",
        "source": "tv",
        "shortable": true,
        "exchange_name": "NASDAQ",
        "market_cap": 675516752,
        "existing": false
    },
    {
        "symbol": "SVRA",
        "company": "Savara, Inc.",
        "change_pct": -36.62,
        "premarket": 1.8,
        "volume": 211240,
        "category": "l",
        "source": "tv",
        "shortable": true,
        "exchange_name": "NASDAQ",
        "market_cap": 598359864,
        "existing": false
    },
    {
        "symbol": "NPCE",
        "company": "Neuropace, Inc.",
        "change_pct": -4.58,
        "premarket": 16.87,
        "volume": 2260,
        "category": "l",
        "source": "tv",
        "shortable": true,
        "exchange_name": "NASDAQ",
        "market_cap": 579877568,
        "existing": false
    },
    {
        "symbol": "RYET",
        "company": "Ruanyun Edai Technology Inc.",
        "change_pct": -5.95,
        "premarket": 12.56,
        "volume": 1170,
        "category": "l",
        "source": "tv",
        "shortable": true,
        "exchange_name": "NASDAQ",
        "market_cap": 450731303,
        "existing": false
    },
    {
        "symbol": "PRTA",
        "company": "Prothena Corporation plc",
        "change_pct": -27.81,
        "premarket": 4.75,
        "volume": 104540,
        "category": "l",
        "source": "tv",
        "shortable": true,
        "exchange_name": "NASDAQ",
        "market_cap": 354181541,
        "existing": false
    },
    {
        "symbol": "FULC",
        "company": "Fulcrum Therapeutics, Inc.",
        "change_pct": -4.97,
        "premarket": 6.12,
        "volume": 217,
        "category": "l",
        "source": "tv",
        "shortable": true,
        "exchange_name": "NASDAQ",
        "market_cap": 347626730,
        "existing": false
    },
    {
        "symbol": "NNNN",
        "company": "Anbio Biotechnology",
        "change_pct": -9.09,
        "premarket": 7.0,
        "volume": 3900,
        "category": "l",
        "source": "tv",
        "shortable": true,
        "exchange_name": "NASDAQ",
        "market_cap": 337962240,
        "existing": false
    },
    {
        "symbol": "ITOS",
        "company": "iTeos Therapeutics, Inc.",
        "change_pct": -4.21,
        "premarket": 8.2,
        "volume": 400,
        "category": "l",
        "source": "tv",
        "shortable": true,
        "exchange_name": "NASDAQ",
        "market_cap": 327623685,
        "existing": false
    },
    {
        "symbol": "BWMX",
        "company": "Betterware de Mexico, S.A.P.I. de C.V.",
        "change_pct": -4.47,
        "premarket": 8.12,
        "volume": 1420,
        "category": "l",
        "source": "tv",
        "shortable": true,
        "exchange_name": "NYSE",
        "market_cap": 316573320,
        "existing": false
    },
    {
        "symbol": "ALMS",
        "company": "Alumis Inc.",
        "change_pct": -4.41,
        "premarket": 4.66,
        "volume": 1700,
        "category": "l",
        "source": "tv",
        "shortable": true,
        "exchange_name": "NASDAQ",
        "market_cap": 265227027,
        "existing": false
    },
    {
        "symbol": "NKSH",
        "company": "National Bankshares, Inc.",
        "change_pct": -4.5,
        "premarket": 25.27,
        "volume": 1640,
        "category": "l",
        "source": "tv",
        "shortable": true,
        "exchange_name": "NASDAQ",
        "market_cap": 168243528,
        "existing": false
    },
    {
        "symbol": "BSGM",
        "company": "BioSig Technologies, Inc.",
        "change_pct": -10.01,
        "premarket": 4.75,
        "volume": 192550,
        "category": "l",
        "source": "tv",
        "shortable": true,
        "exchange_name": "NASDAQ",
        "market_cap": 128075106,
        "existing": false
    },
    {
        "symbol": "LYEL",
        "company": "Lyell Immunopharma, Inc.",
        "change_pct": -4.33,
        "premarket": 0.4,
        "volume": 3650,
        "category": "l",
        "source": "tv",
        "shortable": true,
        "exchange_name": "NASDAQ",
        "market_cap": 123480632,
        "existing": false
    }
]