[
    {
        "symbol": "BURU",
        "company": "Nuburu, Inc.",
        "change_pct": 254.56,
        "premarket": 2.06,
        "volume": 17426000,
        "category": "g",
        "source": "tv",
        "shortable": true,
        "exchange_name": "AMEX",
        "market_cap": 420.2762,
        "existing": false
    },
    {
        "symbol": "VVOS",
        "company": "Vivos Therapeutics, Inc.",
        "change_pct": 110.73,
        "premarket": 0.55,
        "volume": 28148000,
        "category": "g",
        "source": "tv",
        "shortable": false,
        "exchange_name": "NASD",
        "market_cap": 7.81141,
        "existing": false
    },
    {
        "symbol": "INFI",
        "company": "Infinity Pharmaceuticals, Inc.",
        "change_pct": 61.69,
        "premarket": 0.1452,
        "volume": 42510000,
        "category": "g",
        "source": "tv",
        "shortable": false,
        "exchange_name": "NASD",
        "market_cap": 8.07345,
        "existing": false
    },
    {
        "symbol": "CHGG",
        "company": "Chegg, Inc.",
        "change_pct": 26.22,
        "premarket": 12.66,
        "volume": 303127,
        "category": "g",
        "source": "tv",
        "shortable": true,
        "exchange_name": "NYSE",
        "market_cap": 1200.754,
        "existing": false
    },
    {
        "symbol": "ISPC",
        "company": "iSpecimen Inc.",
        "change_pct": 24.6,
        "premarket": 1.57,
        "volume": 168,
        "category": "g",
        "source": "tv",
        "shortable": false,
        "exchange_name": "NASD",
        "market_cap": 11.42251,
        "existing": false
    },
    {
        "symbol": "ONDS",
        "company": "Ondas Holdings Inc.",
        "change_pct": 21.21,
        "premarket": 1.6,
        "volume": 769242,
        "category": "g",
        "source": "tv",
        "shortable": true,
        "exchange_name": "NASD",
        "market_cap": 69.29982,
        "existing": false
    },
    {
        "symbol": "NFTG",
        "company": "The NFT Gaming Company, Inc.",
        "change_pct": 20.63,
        "premarket": 0.8649,
        "volume": 2588000,
        "category": "g",
        "source": "tv",
        "shortable": false,
        "exchange_name": "NASD",
        "market_cap": 8.67899,
        "existing": false
    },
    {
        "symbol": "GRRR",
        "company": "Gorilla Technology Group Inc.",
        "change_pct": 20.13,
        "premarket": 1.85,
        "volume": 3694000,
        "category": "g",
        "source": "tv",
        "shortable": true,
        "exchange_name": "NASD",
        "market_cap": 104.1063,
        "existing": false
    },
    {
        "symbol": "MNPR",
        "company": "Monopar Therapeutics Inc.",
        "change_pct": 19.83,
        "premarket": 0.9048,
        "volume": 4145000,
        "category": "g",
        "source": "tv",
        "shortable": true,
        "exchange_name": "NASD",
        "market_cap": 9.98397,
        "existing": false
    },
    {
        "symbol": "DSP",
        "company": "Viant Technology Inc.",
        "change_pct": 17.9,
        "premarket": 5.4,
        "volume": 40698,
        "category": "g",
        "source": "tv",
        "shortable": true,
        "exchange_name": "NASD",
        "market_cap": 284.6325,
        "existing": false
    },
    {
        "symbol": "PAY",
        "company": "Paymentus Holdings, Inc.",
        "change_pct": 17.76,
        "premarket": 12.6,
        "volume": 990,
        "category": "g",
        "source": "tv",
        "shortable": true,
        "exchange_name": "NYSE",
        "market_cap": 1319.873,
        "existing": false
    },
    {
        "symbol": "KD",
        "company": "Kyndryl Holdings, Inc.",
        "change_pct": 17.59,
        "premarket": 14.64,
        "volume": 116922,
        "category": "g",
        "source": "tv",
        "shortable": true,
        "exchange_name": "NYSE",
        "market_cap": 2836.659,
        "existing": false
    },
    {
        "symbol": "SILO",
        "company": "Silo Pharma, Inc.",
        "change_pct": 16.96,
        "premarket": 2.62,
        "volume": 2696000,
        "category": "g",
        "source": "tv",
        "shortable": true,
        "exchange_name": "NASD",
        "market_cap": 7.07571,
        "existing": false
    },
    {
        "symbol": "ISPO",
        "company": "Inspirato Incorporated",
        "change_pct": 15.94,
        "premarket": 1.15,
        "volume": 510943,
        "category": "g",
        "source": "tv",
        "shortable": true,
        "exchange_name": "NASD",
        "market_cap": 124.9982,
        "existing": false
    },
    {
        "symbol": "HIMS",
        "company": "Hims & Hers Health, Inc.",
        "change_pct": 15.44,
        "premarket": 9.12,
        "volume": 118619,
        "category": "g",
        "source": "tv",
        "shortable": true,
        "exchange_name": "NYSE",
        "market_cap": 1653.621,
        "existing": false
    },
    {
        "symbol": "PMTS",
        "company": "CPI Card Group Inc.",
        "change_pct": 13.73,
        "premarket": 27.5,
        "volume": 145,
        "category": "g",
        "source": "tv",
        "shortable": true,
        "exchange_name": "NASD",
        "market_cap": 276.2969,
        "existing": false
    },
    {
        "symbol": "OXAC",
        "company": "Oxbridge Acquisition Corp.",
        "change_pct": 12.22,
        "premarket": 10.47,
        "volume": 200,
        "category": "g",
        "source": "tv",
        "shortable": false,
        "exchange_name": "NASD",
        "market_cap": 38.97096,
        "existing": false
    },
    {
        "symbol": "TLRY",
        "company": "Tilray Brands, Inc.",
        "change_pct": 11.71,
        "premarket": 2.48,
        "volume": 2147000,
        "category": "g",
        "source": "tv",
        "shortable": true,
        "exchange_name": "NASD",
        "market_cap": 1561.231,
        "existing": false
    },
    {
        "symbol": "SGMT",
        "company": "Sagimet Biosciences Inc. - Series A",
        "change_pct": 11.36,
        "premarket": 17.75,
        "volume": 23542,
        "category": "g",
        "source": "tv",
        "shortable": false,
        "exchange_name": "NASD",
        "market_cap": 353.4546,
        "existing": false
    },
    {
        "symbol": "FATH",
        "company": "Fathom Digital Manufacturing Corporation",
        "change_pct": 11.16,
        "premarket": 0.7781,
        "volume": 700,
        "category": "g",
        "source": "tv",
        "shortable": true,
        "exchange_name": "NYSE",
        "market_cap": 95.46819,
        "existing": false
    },
    {
        "symbol": "STIM",
        "company": "Neuronetics, Inc.",
        "change_pct": 11.06,
        "premarket": 2.11,
        "volume": 48034,
        "category": "g",
        "source": "tv",
        "shortable": false,
        "exchange_name": "NASD",
        "market_cap": 54.15124,
        "existing": false
    },
    {
        "symbol": "ABEO",
        "company": "Abeona Therapeutics Inc.",
        "change_pct": 10.67,
        "premarket": 3.3,
        "volume": 100,
        "category": "g",
        "source": "tv",
        "shortable": true,
        "exchange_name": "NASD",
        "market_cap": 63.21698,
        "existing": false
    },
    {
        "symbol": "OCS",
        "company": "Oculis Holding AG",
        "change_pct": 10.17,
        "premarket": 13.76,
        "volume": 2834,
        "category": "g",
        "source": "tv",
        "shortable": true,
        "exchange_name": "NASD",
        "market_cap": 454.4812,
        "existing": false
    },
    {
        "symbol": "MIGI",
        "company": "Mawson Infrastructure Group Inc.",
        "change_pct": 9.93,
        "premarket": 1.55,
        "volume": 1100,
        "category": "g",
        "source": "tv",
        "shortable": true,
        "exchange_name": "NASD",
        "market_cap": 22.85334,
        "existing": false
    },
    {
        "symbol": "RXST",
        "company": "RxSight, Inc.",
        "change_pct": 9.92,
        "premarket": 31.7,
        "volume": 2900,
        "category": "g",
        "source": "tv",
        "shortable": true,
        "exchange_name": "NASD",
        "market_cap": 980.0374,
        "existing": false
    },
    {
        "symbol": "SNOW",
        "company": "Snowflake Inc.",
        "change_pct": -6.14,
        "premarket": 156.44,
        "volume": 366598,
        "category": "l",
        "source": "tv",
        "shortable": true,
        "exchange_name": "NYSE",
        "market_cap": 54320.12,
        "existing": false
    },
    {
        "symbol": "DDOG",
        "company": "Datadog, Inc.",
        "change_pct": -20.78,
        "premarket": 84.21,
        "volume": 1743000,
        "category": "l",
        "source": "tv",
        "shortable": true,
        "exchange_name": "NASD",
        "market_cap": 34215.32,
        "existing": false
    },
    {
        "symbol": "MDB",
        "company": "MongoDB, Inc.",
        "change_pct": -6.68,
        "premarket": 371.0,
        "volume": 51017,
        "category": "l",
        "source": "tv",
        "shortable": true,
        "exchange_name": "NASD",
        "market_cap": 28059.63,
        "existing": false
    },
    {
        "symbol": "NET",
        "company": "Cloudflare, Inc.",
        "change_pct": -5.21,
        "premarket": 64.26,
        "volume": 38431,
        "category": "l",
        "source": "tv",
        "shortable": true,
        "exchange_name": "NYSE",
        "market_cap": 22656.67,
        "existing": false
    },
    {
        "symbol": "IFF",
        "company": "International Flavors & Fragrances, Inc.",
        "change_pct": -22.28,
        "premarket": 62.44,
        "volume": 298770,
        "category": "l",
        "source": "tv",
        "shortable": true,
        "exchange_name": "NYSE",
        "market_cap": 20494.04,
        "existing": false
    },
    {
        "symbol": "SWAV",
        "company": "ShockWave Medical, Inc.",
        "change_pct": -6.23,
        "premarket": 230.0,
        "volume": 130,
        "category": "l",
        "source": "tv",
        "shortable": true,
        "exchange_name": "NASD",
        "market_cap": 8983.311,
        "existing": false
    },
    {
        "symbol": "SEE",
        "company": "Sealed Air Corporation",
        "change_pct": -9.26,
        "premarket": 40.0,
        "volume": 3373,
        "category": "l",
        "source": "tv",
        "shortable": true,
        "exchange_name": "NYSE",
        "market_cap": 6364.553,
        "existing": false
    },
    {
        "symbol": "BOKF",
        "company": "BOK Financial Corporation",
        "change_pct": -7.26,
        "premarket": 84.0,
        "volume": 1609,
        "category": "l",
        "source": "tv",
        "shortable": true,
        "exchange_name": "NASD",
        "market_cap": 6011.723,
        "existing": false
    },
    {
        "symbol": "FIVN",
        "company": "Five9, Inc.",
        "change_pct": -5.71,
        "premarket": 77.0,
        "volume": 686,
        "category": "l",
        "source": "tv",
        "shortable": true,
        "exchange_name": "NASD",
        "market_cap": 5812.271,
        "existing": false
    },
    {
        "symbol": "DNB",
        "company": "Dun & Bradstreet Holdings, Inc.",
        "change_pct": -6.14,
        "premarket": 10.85,
        "volume": 54822,
        "category": "l",
        "source": "tv",
        "shortable": true,
        "exchange_name": "NYSE",
        "market_cap": 5077.453,
        "existing": false
    },
    {
        "symbol": "UPST",
        "company": "Upstart Holdings, Inc.",
        "change_pct": -8.08,
        "premarket": 47.77,
        "volume": 190074,
        "category": "l",
        "source": "tv",
        "shortable": true,
        "exchange_name": "NASD",
        "market_cap": 4296.412,
        "existing": false
    },
    {
        "symbol": "ICUI",
        "company": "ICU Medical, Inc.",
        "change_pct": -11.92,
        "premarket": 151.0,
        "volume": 5238,
        "category": "l",
        "source": "tv",
        "shortable": true,
        "exchange_name": "NASD",
        "market_cap": 4125.595,
        "existing": false
    },
    {
        "symbol": "RNG",
        "company": "RingCentral, Inc.",
        "change_pct": -12.7,
        "premarket": 34.03,
        "volume": 27405,
        "category": "l",
        "source": "tv",
        "shortable": true,
        "exchange_name": "NYSE",
        "market_cap": 3726.545,
        "existing": false
    },
    {
        "symbol": "TDW",
        "company": "Tidewater Inc.",
        "change_pct": -7.25,
        "premarket": 57.95,
        "volume": 16490,
        "category": "l",
        "source": "tv",
        "shortable": true,
        "exchange_name": "NYSE",
        "market_cap": 3178.018,
        "existing": false
    },
    {
        "symbol": "MRVI",
        "company": "Maravai LifeSciences Holdings, Inc.",
        "change_pct": -13.25,
        "premarket": 9.56,
        "volume": 141050,
        "category": "l",
        "source": "tv",
        "shortable": true,
        "exchange_name": "NASD",
        "market_cap": 2765.83,
        "existing": false
    },
    {
        "symbol": "AYX",
        "company": "Alteryx, Inc.",
        "change_pct": -20.95,
        "premarket": 29.74,
        "volume": 390924,
        "category": "l",
        "source": "tv",
        "shortable": true,
        "exchange_name": "NYSE",
        "market_cap": 2650.317,
        "existing": false
    },
    {
        "symbol": "HTGC",
        "company": "Hercules Capital, Inc.",
        "change_pct": -6.44,
        "premarket": 16.86,
        "volume": 104155,
        "category": "l",
        "source": "tv",
        "shortable": true,
        "exchange_name": "NYSE",
        "market_cap": 2605.732,
        "existing": false
    },
    {
        "symbol": "OLPX",
        "company": "Olaplex Holdings, Inc.",
        "change_pct": -18.49,
        "premarket": 2.91,
        "volume": 518361,
        "category": "l",
        "source": "tv",
        "shortable": true,
        "exchange_name": "NASD",
        "market_cap": 2335.768,
        "existing": false
    },
    {
        "symbol": "TWKS",
        "company": "Thoughtworks Holding, Inc.",
        "change_pct": -14.53,
        "premarket": 6.0,
        "volume": 2519,
        "category": "l",
        "source": "tv",
        "shortable": false,
        "exchange_name": "NASD",
        "market_cap": 2227.082,
        "existing": false
    },
    {
        "symbol": "SATS",
        "company": "EchoStar Corporation",
        "change_pct": -8.09,
        "premarket": 21.6,
        "volume": 14818,
        "category": "l",
        "source": "tv",
        "shortable": true,
        "exchange_name": "NASD",
        "market_cap": 1968.763,
        "existing": false
    },
    {
        "symbol": "NKLA",
        "company": "Nikola Corporation",
        "change_pct": -6.69,
        "premarket": 2.23,
        "volume": 3872000,
        "category": "l",
        "source": "tv",
        "shortable": true,
        "exchange_name": "NASD",
        "market_cap": 1713.121,
        "existing": false
    },
    {
        "symbol": "STGW",
        "company": "Stagwell Inc.",
        "change_pct": -8.95,
        "premarket": 5.8,
        "volume": 5411,
        "category": "l",
        "source": "tv",
        "shortable": true,
        "exchange_name": "NASD",
        "market_cap": 1695.354,
        "existing": false
    },
    {
        "symbol": "BNGO",
        "company": "Bionano Genomics, Inc.",
        "change_pct": -5.78,
        "premarket": 4.4,
        "volume": 29736,
        "category": "l",
        "source": "tv",
        "shortable": true,
        "exchange_name": "NASD",
        "market_cap": 1432.71,
        "existing": false
    },
    {
        "symbol": "AVPT",
        "company": "AvePoint, Inc.",
        "change_pct": -5.8,
        "premarket": 5.72,
        "volume": 262,
        "category": "l",
        "source": "tv",
        "shortable": true,
        "exchange_name": "NASD",
        "market_cap": 1170.375,
        "existing": false
    },
    {
        "symbol": "BYND",
        "company": "Beyond Meat, Inc.",
        "change_pct": -16.82,
        "premarket": 12.71,
        "volume": 229612,
        "category": "l",
        "source": "tv",
        "shortable": true,
        "exchange_name": "NASD",
        "market_cap": 981.3842,
        "existing": false
    }
]