[
    {
        "symbol": "GITS",
        "company": "Global Interactive Technologies, Inc.",
        "change_pct": 261.05,
        "premarket": 3.43,
        "volume": 5860000,
        "category": "g",
        "source": "tv",
        "shortable": true,
        "exchange_name": "NASDAQ",
        "market_cap": 2561480,
        "existing": false
    },
    {
        "symbol": "BURU",
        "company": "Nuburu, Inc.",
        "change_pct": 110.84,
        "premarket": 0.4259,
        "volume": 137910000,
        "category": "g",
        "source": "tv",
        "shortable": true,
        "exchange_name": "NYSE American",
        "market_cap": 7364116,
        "existing": false
    },
    {
        "symbol": "BSLK",
        "company": "Bolt Projects Holdings, Inc.",
        "change_pct": 65.19,
        "premarket": 2.99,
        "volume": 11720000,
        "category": "g",
        "source": "tv",
        "shortable": true,
        "exchange_name": "NASDAQ",
        "market_cap": 4597767,
        "existing": false
    },
    {
        "symbol": "ECDA",
        "company": "ECD Automotive Design, Inc.",
        "change_pct": 41.52,
        "premarket": 0.3746,
        "volume": 37770000,
        "category": "g",
        "source": "tv",
        "shortable": true,
        "exchange_name": "NASDAQ",
        "market_cap": 9373661,
        "existing": false
    },
    {
        "symbol": "VIVK",
        "company": "Vivakor, Inc.",
        "change_pct": 36.5,
        "premarket": 1.16,
        "volume": 16810000,
        "category": "g",
        "source": "tv",
        "shortable": true,
        "exchange_name": "NASDAQ",
        "market_cap": 34616928,
        "existing": false
    },
    {
        "symbol": "RRGB",
        "company": "Red Robin Gourmet Burgers, Inc.",
        "change_pct": 36.13,
        "premarket": 4.26,
        "volume": 1320000,
        "category": "g",
        "source": "tv",
        "shortable": true,
        "exchange_name": "NASDAQ",
        "market_cap": 58853806,
        "existing": false
    },
    {
        "symbol": "SBET",
        "company": "SharpLink Gaming, Inc.",
        "change_pct": 23.15,
        "premarket": 97.55,
        "volume": 678730,
        "category": "g",
        "source": "tv",
        "shortable": false,
        "exchange_name": "NASDAQ",
        "market_cap": 19379677,
        "existing": false
    },
    {
        "symbol": "EHLD",
        "company": "Euroholdings Ltd.",
        "change_pct": 22.95,
        "premarket": 7.5,
        "volume": 100,
        "category": "g",
        "source": "tv",
        "shortable": true,
        "exchange_name": "NASDAQ",
        "market_cap": 16970464,
        "existing": false
    },
    {
        "symbol": "VVPR",
        "company": "VivoPower International PLC",
        "change_pct": 20.05,
        "premarket": 5.09,
        "volume": 1910000,
        "category": "g",
        "source": "tv",
        "shortable": true,
        "exchange_name": "NASDAQ",
        "market_cap": 0,
        "existing": false
    },
    {
        "symbol": "BMGL",
        "company": "Basel Medical Group Ltd",
        "change_pct": 19.23,
        "premarket": 1.24,
        "volume": 12990000,
        "category": "g",
        "source": "tv",
        "shortable": true,
        "exchange_name": "NASDAQ",
        "market_cap": 19161465,
        "existing": false
    },
    {
        "symbol": "SST",
        "company": "System1, Inc.",
        "change_pct": 18.25,
        "premarket": 0.427,
        "volume": 200,
        "category": "g",
        "source": "tv",
        "shortable": true,
        "exchange_name": "NYSE",
        "market_cap": 27440128,
        "existing": false
    },
    {
        "symbol": "ROLR",
        "company": "High Roller Technologies, Inc.",
        "change_pct": 16.42,
        "premarket": 3.19,
        "volume": 10410,
        "category": "g",
        "source": "tv",
        "shortable": true,
        "exchange_name": "NYSE American",
        "market_cap": 20770865,
        "existing": false
    },
    {
        "symbol": "CHEB",
        "company": "Chenghe Acquisition II Co.",
        "change_pct": 15.3,
        "premarket": 8.18,
        "volume": 1320,
        "category": "g",
        "source": "tv",
        "shortable": true,
        "exchange_name": "NYSE American",
        "market_cap": 124595500,
        "existing": false
    },
    {
        "symbol": "NVVE",
        "company": "Nuvve Holding Corp.",
        "change_pct": 15.21,
        "premarket": 1.29,
        "volume": 3310000,
        "category": "g",
        "source": "tv",
        "shortable": true,
        "exchange_name": "NASDAQ",
        "market_cap": 3270422,
        "existing": false
    },
    {
        "symbol": "TIRX",
        "company": "TIAN RUIXIANG Holdings Ltd",
        "change_pct": 14.75,
        "premarket": 2.1,
        "volume": 13190000,
        "category": "g",
        "source": "tv",
        "shortable": true,
        "exchange_name": "NASDAQ",
        "market_cap": 16020775,
        "existing": false
    },
    {
        "symbol": "LVWR",
        "company": "LiveWire Group, Inc.",
        "change_pct": 14.63,
        "premarket": 3.29,
        "volume": 1980000,
        "category": "g",
        "source": "tv",
        "shortable": true,
        "exchange_name": "NYSE",
        "market_cap": 808157925,
        "existing": false
    },
    {
        "symbol": "SPRO",
        "company": "Spero Therapeutics, Inc.",
        "change_pct": 14.55,
        "premarket": 2.44,
        "volume": 2800000,
        "category": "g",
        "source": "tv",
        "shortable": true,
        "exchange_name": "NASDAQ",
        "market_cap": 131390006,
        "existing": false
    },
    {
        "symbol": "APDN",
        "company": "Applied DNA Sciences, Inc.",
        "change_pct": 12.22,
        "premarket": 0.3663,
        "volume": 1400000,
        "category": "g",
        "source": "tv",
        "shortable": true,
        "exchange_name": "NASDAQ",
        "market_cap": 3360007,
        "existing": false
    },
    {
        "symbol": "PLAG",
        "company": "Planet Green Holdings Corp.",
        "change_pct": 11.84,
        "premarket": 2.55,
        "volume": 160400,
        "category": "g",
        "source": "tv",
        "shortable": true,
        "exchange_name": "NYSE American",
        "market_cap": 14419773,
        "existing": false
    },
    {
        "symbol": "PATH",
        "company": "UiPath, Inc.",
        "change_pct": 11.75,
        "premarket": 14.46,
        "volume": 665820,
        "category": "g",
        "source": "tv",
        "shortable": true,
        "exchange_name": "NYSE",
        "market_cap": 6921181632,
        "existing": false
    },
    {
        "symbol": "REGN",
        "company": "Regeneron Pharmaceuticals, Inc.",
        "change_pct": -12.12,
        "premarket": 532.0,
        "volume": 48570,
        "category": "l",
        "source": "tv",
        "shortable": true,
        "exchange_name": "NASDAQ",
        "market_cap": 62538124399,
        "existing": false
    },
    {
        "symbol": "NTAP",
        "company": "NetApp, Inc.",
        "change_pct": -6.24,
        "premarket": 93.02,
        "volume": 6430,
        "category": "l",
        "source": "tv",
        "shortable": true,
        "exchange_name": "NASDAQ",
        "market_cap": 20274026497,
        "existing": false
    },
    {
        "symbol": "SMMT",
        "company": "Summit Therapeutics Inc.",
        "change_pct": -15.34,
        "premarket": 22.19,
        "volume": 1290000,
        "category": "l",
        "source": "tv",
        "shortable": true,
        "exchange_name": "NASDAQ",
        "market_cap": 19339020660,
        "existing": false
    },
    {
        "symbol": "COO",
        "company": "The Cooper Companies, Inc.",
        "change_pct": -9.93,
        "premarket": 72.02,
        "volume": 5520,
        "category": "l",
        "source": "tv",
        "shortable": true,
        "exchange_name": "NASDAQ",
        "market_cap": 16022492381,
        "existing": false
    },
    {
        "symbol": "THC",
        "company": "Tenet Healthcare Corporation",
        "change_pct": -8.4,
        "premarket": 152.29,
        "volume": 200,
        "category": "l",
        "source": "tv",
        "shortable": true,
        "exchange_name": "NYSE",
        "market_cap": 15295372950,
        "existing": false
    },
    {
        "symbol": "IONQ",
        "company": "IonQ, Inc.",
        "change_pct": -8.8,
        "premarket": 39.4,
        "volume": 1850000,
        "category": "l",
        "source": "tv",
        "shortable": true,
        "exchange_name": "NYSE",
        "market_cap": 11784563570,
        "existing": false
    },
    {
        "symbol": "GAP",
        "company": "Gap, Inc. (The)",
        "change_pct": -14.96,
        "premarket": 23.77,
        "volume": 1240000,
        "category": "l",
        "source": "tv",
        "shortable": true,
        "exchange_name": "NYSE",
        "market_cap": 10635289137,
        "existing": false
    },
    {
        "symbol": "ESTC",
        "company": "Elastic N.V.",
        "change_pct": -10.9,
        "premarket": 82.0,
        "volume": 60290,
        "category": "l",
        "source": "tv",
        "shortable": true,
        "exchange_name": "NYSE",
        "market_cap": 9644611906,
        "existing": false
    },
    {
        "symbol": "OKLO",
        "company": "Oklo Inc.",
        "change_pct": -7.58,
        "premarket": 48.92,
        "volume": 1080000,
        "category": "l",
        "source": "tv",
        "shortable": true,
        "exchange_name": "NYSE",
        "market_cap": 7679371168,
        "existing": false
    },
    {
        "symbol": "SATS",
        "company": "EchoStar Corporation",
        "change_pct": -14.23,
        "premarket": 17.3,
        "volume": 524310,
        "category": "l",
        "source": "tv",
        "shortable": true,
        "exchange_name": "NASDAQ",
        "market_cap": 5733203868,
        "existing": false
    },
    {
        "symbol": "QBTS",
        "company": "D-Wave Quantum Inc.",
        "change_pct": -6.09,
        "premarket": 15.28,
        "volume": 2320000,
        "category": "l",
        "source": "tv",
        "shortable": true,
        "exchange_name": "NYSE",
        "market_cap": 5127956630,
        "existing": false
    },
    {
        "symbol": "SMR",
        "company": "NuScale Power Corporation",
        "change_pct": -5.37,
        "premarket": 31.21,
        "volume": 442080,
        "category": "l",
        "source": "tv",
        "shortable": true,
        "exchange_name": "NYSE",
        "market_cap": 4717880964,
        "existing": false
    },
    {
        "symbol": "RGTI",
        "company": "Rigetti Computing, Inc.",
        "change_pct": -7.0,
        "premarket": 12.23,
        "volume": 2310000,
        "category": "l",
        "source": "tv",
        "shortable": true,
        "exchange_name": "NASDAQ",
        "market_cap": 4110972108,
        "existing": false
    },
    {
        "symbol": "NMAX",
        "company": "Newsmax, Inc.",
        "change_pct": -12.63,
        "premarket": 19.5,
        "volume": 48630,
        "category": "l",
        "source": "tv",
        "shortable": true,
        "exchange_name": "NYSE",
        "market_cap": 2756103834,
        "existing": false
    },
    {
        "symbol": "AEO",
        "company": "American Eagle Outfitters, Inc.",
        "change_pct": -9.48,
        "premarket": 10.12,
        "volume": 105850,
        "category": "l",
        "source": "tv",
        "shortable": true,
        "exchange_name": "NYSE",
        "market_cap": 1913181391,
        "existing": false
    },
    {
        "symbol": "QUBT",
        "company": "Quantum Computing Inc.",
        "change_pct": -5.63,
        "premarket": 11.73,
        "volume": 668630,
        "category": "l",
        "source": "tv",
        "shortable": true,
        "exchange_name": "NASDAQ",
        "market_cap": 1802156225,
        "existing": false
    },
    {
        "symbol": "BGM",
        "company": "BGM Group Ltd.",
        "change_pct": -6.68,
        "premarket": 13.0,
        "volume": 239,
        "category": "l",
        "source": "tv",
        "shortable": true,
        "exchange_name": "NASDAQ",
        "market_cap": 1687572969,
        "existing": false
    },
    {
        "symbol": "VIR",
        "company": "Vir Biotechnology, Inc.",
        "change_pct": -5.78,
        "premarket": 4.89,
        "volume": 158,
        "category": "l",
        "source": "tv",
        "shortable": true,
        "exchange_name": "NASDAQ",
        "market_cap": 658012894,
        "existing": false
    },
    {
        "symbol": "MAZE",
        "company": "Maze Therapeutics, Inc.",
        "change_pct": -6.41,
        "premarket": 11.39,
        "volume": 100,
        "category": "l",
        "source": "tv",
        "shortable": true,
        "exchange_name": "NASDAQ",
        "market_cap": 502791465,
        "existing": false
    },
    {
        "symbol": "VENU",
        "company": "Venu Holding Corporation",
        "change_pct": -6.13,
        "premarket": 12.1,
        "volume": 100,
        "category": "l",
        "source": "tv",
        "shortable": true,
        "exchange_name": "NYSE American",
        "market_cap": 452326972,
        "existing": false
    }
]