[
    {
        "symbol": "BXRX",
        "company": "Baudax Bio, Inc.",
        "change_pct": 99.5,
        "premarket": 0.5985,
        "volume": 19010000,
        "category": "g",
        "source": "tv",
        "shortable": true,
        "exchange_name": "N/A",
        "market_cap": 0,
        "existing": false
    },
    {
        "symbol": "CHS",
        "company": "Chico's FAS, Inc.",
        "change_pct": 63.12,
        "premarket": 7.52,
        "volume": 13752000,
        "category": "g",
        "source": "tv",
        "shortable": true,
        "exchange_name": "N/A",
        "market_cap": 0,
        "existing": false
    },
    {
        "symbol": "INPX",
        "company": "Inpixon",
        "change_pct": 35.1,
        "premarket": 0.189,
        "volume": 40057000,
        "category": "g",
        "source": "tv",
        "shortable": true,
        "exchange_name": "N/A",
        "market_cap": 0,
        "existing": false
    },
    {
        "symbol": "WAVD",
        "company": "WaveDancer, Inc.",
        "change_pct": 28.49,
        "premarket": 0.304,
        "volume": 2065000,
        "category": "g",
        "source": "tv",
        "shortable": true,
        "exchange_name": "N/A",
        "market_cap": 0,
        "existing": false
    },
    {
        "symbol": "GRTS",
        "company": "Gritstone bio, Inc.",
        "change_pct": 26.89,
        "premarket": 1.51,
        "volume": 5225000,
        "category": "g",
        "source": "tv",
        "shortable": true,
        "exchange_name": "N/A",
        "market_cap": 0,
        "existing": false
    },
    {
        "symbol": "STRC",
        "company": "Sarcos Technology and Robotics Corporation",
        "change_pct": 17.91,
        "premarket": 0.79,
        "volume": 270873,
        "category": "g",
        "source": "tv",
        "shortable": true,
        "exchange_name": "N/A",
        "market_cap": 0,
        "existing": false
    },
    {
        "symbol": "PKE",
        "company": "Park Aerospace Corp.",
        "change_pct": 16.87,
        "premarket": 18.77,
        "volume": 100,
        "category": "g",
        "source": "tv",
        "shortable": true,
        "exchange_name": "N/A",
        "market_cap": 0,
        "existing": false
    },
    {
        "symbol": "SBET",
        "company": "SharpLink Gaming Ltd.",
        "change_pct": 16.85,
        "premarket": 2.08,
        "volume": 5344,
        "category": "g",
        "source": "tv",
        "shortable": true,
        "exchange_name": "N/A",
        "market_cap": 0,
        "existing": false
    },
    {
        "symbol": "SIEB",
        "company": "Siebert Financial Corp.",
        "change_pct": 16.1,
        "premarket": 2.38,
        "volume": 416,
        "category": "g",
        "source": "tv",
        "shortable": true,
        "exchange_name": "N/A",
        "market_cap": 0,
        "existing": false
    },
    {
        "symbol": "SLNO",
        "company": "Soleno Therapeutics, Inc.",
        "change_pct": 15.0,
        "premarket": 23.77,
        "volume": 298947,
        "category": "g",
        "source": "tv",
        "shortable": true,
        "exchange_name": "N/A",
        "market_cap": 0,
        "existing": false
    },
    {
        "symbol": "ACST",
        "company": "Acasti Pharma, Inc.",
        "change_pct": 14.08,
        "premarket": 3.16,
        "volume": 20994,
        "category": "g",
        "source": "tv",
        "shortable": true,
        "exchange_name": "N/A",
        "market_cap": 0,
        "existing": false
    },
    {
        "symbol": "CPOP",
        "company": "Pop Culture Group Co., Ltd",
        "change_pct": 12.07,
        "premarket": 0.375,
        "volume": 5468,
        "category": "g",
        "source": "tv",
        "shortable": true,
        "exchange_name": "N/A",
        "market_cap": 0,
        "existing": false
    },
    {
        "symbol": "EIGR",
        "company": "Eiger BioPharmaceuticals, Inc.",
        "change_pct": 11.07,
        "premarket": 0.311,
        "volume": 5062,
        "category": "g",
        "source": "tv",
        "shortable": true,
        "exchange_name": "N/A",
        "market_cap": 0,
        "existing": false
    },
    {
        "symbol": "BOLT",
        "company": "Bolt Biotherapeutics, Inc.",
        "change_pct": 10.89,
        "premarket": 1.12,
        "volume": 1111000,
        "category": "g",
        "source": "tv",
        "shortable": true,
        "exchange_name": "N/A",
        "market_cap": 0,
        "existing": false
    },
    {
        "symbol": "ACAQ",
        "company": "Athena Consumer Acquisition Corp.",
        "change_pct": 10.87,
        "premarket": 10.4,
        "volume": 400,
        "category": "g",
        "source": "tv",
        "shortable": true,
        "exchange_name": "N/A",
        "market_cap": 0,
        "existing": false
    },
    {
        "symbol": "CNSP",
        "company": "CNS Pharmaceuticals, Inc.",
        "change_pct": 10.78,
        "premarket": 1.13,
        "volume": 1400,
        "category": "g",
        "source": "tv",
        "shortable": true,
        "exchange_name": "N/A",
        "market_cap": 0,
        "existing": false
    },
    {
        "symbol": "NEOV",
        "company": "NeoVolta Inc.",
        "change_pct": 10.68,
        "premarket": 2.59,
        "volume": 200,
        "category": "g",
        "source": "tv",
        "shortable": true,
        "exchange_name": "N/A",
        "market_cap": 0,
        "existing": false
    },
    {
        "symbol": "BODY",
        "company": "The Beachbody Company, Inc.",
        "change_pct": 10.64,
        "premarket": 0.31,
        "volume": 6200,
        "category": "g",
        "source": "tv",
        "shortable": true,
        "exchange_name": "N/A",
        "market_cap": 0,
        "existing": false
    },
    {
        "symbol": "HPCO",
        "company": "Hempacco Co., Inc.",
        "change_pct": 10.22,
        "premarket": 0.41,
        "volume": 7100,
        "category": "g",
        "source": "tv",
        "shortable": true,
        "exchange_name": "N/A",
        "market_cap": 0,
        "existing": false
    },
    {
        "symbol": "BJDX",
        "company": "Bluejay Diagnostics, Inc.",
        "change_pct": 10.0,
        "premarket": 4.95,
        "volume": 222,
        "category": "g",
        "source": "tv",
        "shortable": true,
        "exchange_name": "N/A",
        "market_cap": 0,
        "existing": false
    },
    {
        "symbol": "SSYS",
        "company": "Stratasys, Ltd.",
        "change_pct": 9.8,
        "premarket": 13.45,
        "volume": 142017,
        "category": "g",
        "source": "tv",
        "shortable": true,
        "exchange_name": "N/A",
        "market_cap": 0,
        "existing": false
    },
    {
        "symbol": "SWIM",
        "company": "Latham Group, Inc.",
        "change_pct": 9.79,
        "premarket": 2.8,
        "volume": 752,
        "category": "g",
        "source": "tv",
        "shortable": true,
        "exchange_name": "N/A",
        "market_cap": 0,
        "existing": false
    },
    {
        "symbol": "NSTG",
        "company": "NanoString Technologies, Inc.",
        "change_pct": 9.76,
        "premarket": 1.8,
        "volume": 710,
        "category": "g",
        "source": "tv",
        "shortable": true,
        "exchange_name": "N/A",
        "market_cap": 0,
        "existing": false
    },
    {
        "symbol": "SNES",
        "company": "SenesTech, Inc.",
        "change_pct": 9.63,
        "premarket": 0.444,
        "volume": 800,
        "category": "g",
        "source": "tv",
        "shortable": true,
        "exchange_name": "N/A",
        "market_cap": 0,
        "existing": false
    },
    {
        "symbol": "PTON",
        "company": "Peloton Interactive, Inc.",
        "change_pct": 9.46,
        "premarket": 5.09,
        "volume": 1353000,
        "category": "g",
        "source": "tv",
        "shortable": true,
        "exchange_name": "N/A",
        "market_cap": 0,
        "existing": false
    },
    {
        "symbol": "ASTI",
        "company": "Ascent Solar Technologies, Inc",
        "change_pct": -57.53,
        "premarket": 2.34,
        "volume": 226801,
        "category": "l",
        "source": "tv",
        "shortable": true,
        "exchange_name": "N/A",
        "market_cap": 0,
        "existing": false
    },
    {
        "symbol": "BCLI",
        "company": "Brainstorm Cell Therapeutics Inc.",
        "change_pct": -46.43,
        "premarket": 0.21,
        "volume": 907653,
        "category": "l",
        "source": "tv",
        "shortable": true,
        "exchange_name": "N/A",
        "market_cap": 0,
        "existing": false
    },
    {
        "symbol": "PIXY",
        "company": "ShiftPixy, Inc.",
        "change_pct": -31.32,
        "premarket": 0.72,
        "volume": 899597,
        "category": "l",
        "source": "tv",
        "shortable": true,
        "exchange_name": "N/A",
        "market_cap": 0,
        "existing": false
    },
    {
        "symbol": "GNSS",
        "company": "Genasys Inc.",
        "change_pct": -25.39,
        "premarket": 1.91,
        "volume": 118673,
        "category": "l",
        "source": "tv",
        "shortable": true,
        "exchange_name": "N/A",
        "market_cap": 0,
        "existing": false
    },
    {
        "symbol": "INAB",
        "company": "IN8bio, Inc.",
        "change_pct": -16.67,
        "premarket": 0.9,
        "volume": 5465,
        "category": "l",
        "source": "tv",
        "shortable": true,
        "exchange_name": "N/A",
        "market_cap": 0,
        "existing": false
    },
    {
        "symbol": "XWEL",
        "company": "XWELL, Inc.",
        "change_pct": -16.12,
        "premarket": 2.04,
        "volume": 2250,
        "category": "l",
        "source": "tv",
        "shortable": true,
        "exchange_name": "N/A",
        "market_cap": 0,
        "existing": false
    },
    {
        "symbol": "SPRC",
        "company": "SciSparc Ltd.",
        "change_pct": -14.24,
        "premarket": 4.62,
        "volume": 23478,
        "category": "l",
        "source": "tv",
        "shortable": true,
        "exchange_name": "N/A",
        "market_cap": 0,
        "existing": false
    },
    {
        "symbol": "AVTX",
        "company": "Avalo Therapeutics, Inc.",
        "change_pct": -13.58,
        "premarket": 0.1464,
        "volume": 14500000,
        "category": "l",
        "source": "tv",
        "shortable": true,
        "exchange_name": "N/A",
        "market_cap": 0,
        "existing": false
    },
    {
        "symbol": "TKNO",
        "company": "Alpha Teknova, Inc.",
        "change_pct": -12.67,
        "premarket": 2.7,
        "volume": 19746,
        "category": "l",
        "source": "tv",
        "shortable": true,
        "exchange_name": "N/A",
        "market_cap": 0,
        "existing": false
    },
    {
        "symbol": "PYPD",
        "company": "PolyPid Ltd.",
        "change_pct": -12.21,
        "premarket": 4.17,
        "volume": 337,
        "category": "l",
        "source": "tv",
        "shortable": true,
        "exchange_name": "N/A",
        "market_cap": 0,
        "existing": false
    },
    {
        "symbol": "NIR",
        "company": "Near Intelligence, Inc.",
        "change_pct": -12.2,
        "premarket": 0.27,
        "volume": 2193000,
        "category": "l",
        "source": "tv",
        "shortable": true,
        "exchange_name": "N/A",
        "market_cap": 0,
        "existing": false
    },
    {
        "symbol": "TRT",
        "company": "Trio-Tech International",
        "change_pct": -11.92,
        "premarket": 5.54,
        "volume": 1300,
        "category": "l",
        "source": "tv",
        "shortable": true,
        "exchange_name": "N/A",
        "market_cap": 0,
        "existing": false
    },
    {
        "symbol": "WDAY",
        "company": "Workday, Inc.",
        "change_pct": -11.31,
        "premarket": 204.7,
        "volume": 157863,
        "category": "l",
        "source": "tv",
        "shortable": true,
        "exchange_name": "N/A",
        "market_cap": 0,
        "existing": false
    },
    {
        "symbol": "INVO",
        "company": "INVO BioScience, Inc.",
        "change_pct": -11.21,
        "premarket": 0.7547,
        "volume": 4039,
        "category": "l",
        "source": "tv",
        "shortable": true,
        "exchange_name": "N/A",
        "market_cap": 0,
        "existing": false
    },
    {
        "symbol": "KMX",
        "company": "CarMax Inc",
        "change_pct": -11.14,
        "premarket": 70.81,
        "volume": 478244,
        "category": "l",
        "source": "tv",
        "shortable": true,
        "exchange_name": "N/A",
        "market_cap": 0,
        "existing": false
    },
    {
        "symbol": "IMNN",
        "company": "Imunon, Inc.",
        "change_pct": -10.78,
        "premarket": 0.91,
        "volume": 116686,
        "category": "l",
        "source": "tv",
        "shortable": true,
        "exchange_name": "N/A",
        "market_cap": 0,
        "existing": false
    },
    {
        "symbol": "CRKN",
        "company": "Crown Electrokinetics Corp.",
        "change_pct": -10.56,
        "premarket": 0.5286,
        "volume": 116519,
        "category": "l",
        "source": "tv",
        "shortable": true,
        "exchange_name": "N/A",
        "market_cap": 0,
        "existing": false
    },
    {
        "symbol": "VINO",
        "company": "Gaucho Group Holdings, Inc.",
        "change_pct": -10.47,
        "premarket": 1.88,
        "volume": 19784,
        "category": "l",
        "source": "tv",
        "shortable": true,
        "exchange_name": "N/A",
        "market_cap": 0,
        "existing": false
    },
    {
        "symbol": "JGGC",
        "company": "Jaguar Global Growth Corporation I",
        "change_pct": -10.19,
        "premarket": 4.76,
        "volume": 3270,
        "category": "l",
        "source": "tv",
        "shortable": true,
        "exchange_name": "N/A",
        "market_cap": 0,
        "existing": false
    },
    {
        "symbol": "STSS",
        "company": "Sharps Technology Inc.",
        "change_pct": -10.18,
        "premarket": 0.512,
        "volume": 44624,
        "category": "l",
        "source": "tv",
        "shortable": true,
        "exchange_name": "N/A",
        "market_cap": 0,
        "existing": false
    },
    {
        "symbol": "VAPO",
        "company": "Vapotherm, Inc.",
        "change_pct": -10.12,
        "premarket": 2.31,
        "volume": 134504,
        "category": "l",
        "source": "tv",
        "shortable": true,
        "exchange_name": "N/A",
        "market_cap": 0,
        "existing": false
    },
    {
        "symbol": "MGAM",
        "company": "Mobile Global Esports Inc.",
        "change_pct": -10.03,
        "premarket": 0.323,
        "volume": 56991,
        "category": "l",
        "source": "tv",
        "shortable": true,
        "exchange_name": "N/A",
        "market_cap": 0,
        "existing": false
    },
    {
        "symbol": "ICU",
        "company": "SeaStar Medical Holding Corporation",
        "change_pct": -9.96,
        "premarket": 0.17,
        "volume": 238390,
        "category": "l",
        "source": "tv",
        "shortable": true,
        "exchange_name": "N/A",
        "market_cap": 0,
        "existing": false
    },
    {
        "symbol": "HLP",
        "company": "Hongli Group Inc.",
        "change_pct": -9.33,
        "premarket": 1.36,
        "volume": 457,
        "category": "l",
        "source": "tv",
        "shortable": true,
        "exchange_name": "N/A",
        "market_cap": 0,
        "existing": false
    },
    {
        "symbol": "GLTO",
        "company": "Galecto, Inc.",
        "change_pct": -9.33,
        "premarket": 0.6329,
        "volume": 170459,
        "category": "l",
        "source": "tv",
        "shortable": true,
        "exchange_name": "N/A",
        "market_cap": 0,
        "existing": false
    }
]