[
    {
        "symbol": "BRSH",
        "company": "Bruush Oral Care Inc.",
        "change_pct": 87.28,
        "premarket": 3.24,
        "volume": 4760000,
        "category": "g",
        "source": "tv",
        "shortable": false,
        "exchange_name": "NASD",
        "market_cap": 0.88467,
        "existing": false
    },
    {
        "symbol": "SXTC",
        "company": "China SXT Pharmaceuticals, Inc.",
        "change_pct": 39.33,
        "premarket": 0.209,
        "volume": 6407000,
        "category": "g",
        "source": "tv",
        "shortable": false,
        "exchange_name": "NASD",
        "market_cap": 2.12075,
        "existing": false
    },
    {
        "symbol": "TSHA",
        "company": "Taysha Gene Therapies, Inc.",
        "change_pct": 18.02,
        "premarket": 2.62,
        "volume": 2939000,
        "category": "g",
        "source": "tv",
        "shortable": true,
        "exchange_name": "NASD",
        "market_cap": 414.8679,
        "existing": false
    },
    {
        "symbol": "GES",
        "company": "Guess?, Inc.",
        "change_pct": 17.42,
        "premarket": 21.5,
        "volume": 123945,
        "category": "g",
        "source": "tv",
        "shortable": true,
        "exchange_name": "NYSE",
        "market_cap": 980.1981,
        "existing": false
    },
    {
        "symbol": "GMBL",
        "company": "Esports Entertainment Group Inc.",
        "change_pct": 17.39,
        "premarket": 0.162,
        "volume": 16795000,
        "category": "g",
        "source": "tv",
        "shortable": true,
        "exchange_name": "NASD",
        "market_cap": 5.18458,
        "existing": false
    },
    {
        "symbol": "ACDC",
        "company": "ProFrac Holding Corp.",
        "change_pct": 16.52,
        "premarket": 12.13,
        "volume": 300,
        "category": "g",
        "source": "tv",
        "shortable": true,
        "exchange_name": "NASD",
        "market_cap": 1659.231,
        "existing": false
    },
    {
        "symbol": "CLGN",
        "company": "CollPlant Biotechnologies Ltd.",
        "change_pct": 15.81,
        "premarket": 7.25,
        "volume": 2739,
        "category": "g",
        "source": "tv",
        "shortable": true,
        "exchange_name": "NASD",
        "market_cap": 71.29135,
        "existing": false
    },
    {
        "symbol": "VIVK",
        "company": "Vivakor, Inc.",
        "change_pct": 15.73,
        "premarket": 1.1399,
        "volume": 673,
        "category": "g",
        "source": "tv",
        "shortable": true,
        "exchange_name": "NASD",
        "market_cap": 17.79387,
        "existing": false
    },
    {
        "symbol": "NBSE",
        "company": "NeuBase Therapeutics, Inc.",
        "change_pct": 15.69,
        "premarket": 1.18,
        "volume": 85480,
        "category": "g",
        "source": "tv",
        "shortable": true,
        "exchange_name": "NASD",
        "market_cap": 2.40962,
        "existing": false
    },
    {
        "symbol": "JCSE",
        "company": "JE Cleantech Holdings Limited",
        "change_pct": 15.38,
        "premarket": 0.3,
        "volume": 182785,
        "category": "g",
        "source": "tv",
        "shortable": false,
        "exchange_name": "NASD",
        "market_cap": 3.9052,
        "existing": false
    },
    {
        "symbol": "BBW",
        "company": "Build-A-Bear Workshop, Inc.",
        "change_pct": 14.8,
        "premarket": 28.0,
        "volume": 3368,
        "category": "g",
        "source": "tv",
        "shortable": true,
        "exchange_name": "NYSE",
        "market_cap": 354.3138,
        "existing": false
    },
    {
        "symbol": "VCNX",
        "company": "Vaccinex, Inc.",
        "change_pct": 14.54,
        "premarket": 0.241,
        "volume": 2500,
        "category": "g",
        "source": "tv",
        "shortable": true,
        "exchange_name": "NASD",
        "market_cap": 14.53468,
        "existing": false
    },
    {
        "symbol": "BHAC",
        "company": "Crixus BH3 Acquisition Company",
        "change_pct": 14.44,
        "premarket": 11.97,
        "volume": 180,
        "category": "g",
        "source": "tv",
        "shortable": false,
        "exchange_name": "NASD",
        "market_cap": 112.5767,
        "existing": false
    },
    {
        "symbol": "FOXO",
        "company": "FOXO Technologies Inc.",
        "change_pct": 13.78,
        "premarket": 0.1478,
        "volume": 6399000,
        "category": "g",
        "source": "tv",
        "shortable": false,
        "exchange_name": "AMEX",
        "market_cap": 130.5116,
        "existing": false
    },
    {
        "symbol": "SPLK",
        "company": "Splunk Inc.",
        "change_pct": 13.78,
        "premarket": 113.7,
        "volume": 73898,
        "category": "g",
        "source": "tv",
        "shortable": true,
        "exchange_name": "NASD",
        "market_cap": 16548.41,
        "existing": false
    },
    {
        "symbol": "GRPN",
        "company": "Groupon, Inc.",
        "change_pct": 13.12,
        "premarket": 13.32,
        "volume": 130396,
        "category": "g",
        "source": "tv",
        "shortable": true,
        "exchange_name": "NASD",
        "market_cap": 367.9525,
        "existing": false
    },
    {
        "symbol": "ZAPP",
        "company": "Zapp Electric Vehicles Group Limited",
        "change_pct": 13.02,
        "premarket": 1.91,
        "volume": 16950,
        "category": "g",
        "source": "tv",
        "shortable": true,
        "exchange_name": "NASD",
        "market_cap": 93.73633,
        "existing": false
    },
    {
        "symbol": "VINE",
        "company": "Fresh Vine Wine, Inc.",
        "change_pct": 12.68,
        "premarket": 0.495,
        "volume": 802246,
        "category": "g",
        "source": "tv",
        "shortable": false,
        "exchange_name": "AMEX",
        "market_cap": 0.0,
        "existing": false
    },
    {
        "symbol": "EOSE",
        "company": "Eos Energy Enterprises, Inc.",
        "change_pct": 12.5,
        "premarket": 3.69,
        "volume": 544228,
        "category": "g",
        "source": "tv",
        "shortable": true,
        "exchange_name": "NASD",
        "market_cap": 439.502,
        "existing": false
    },
    {
        "symbol": "HWEL",
        "company": "Healthwell Acquisition Corp. I",
        "change_pct": 11.27,
        "premarket": 11.45,
        "volume": 100,
        "category": "g",
        "source": "tv",
        "shortable": false,
        "exchange_name": "NASD",
        "market_cap": 106.063,
        "existing": false
    },
    {
        "symbol": "AYTU",
        "company": "Aytu BioPharma, Inc.",
        "change_pct": 11.11,
        "premarket": 1.89,
        "volume": 2799,
        "category": "g",
        "source": "tv",
        "shortable": true,
        "exchange_name": "NASD",
        "market_cap": 6.43008,
        "existing": false
    },
    {
        "symbol": "VBLT",
        "company": "Vascular Biogenics Ltd.",
        "change_pct": 10.47,
        "premarket": 0.25,
        "volume": 153186,
        "category": "g",
        "source": "tv",
        "shortable": true,
        "exchange_name": "NASD",
        "market_cap": 17.57004,
        "existing": false
    },
    {
        "symbol": "BMR",
        "company": "Beamr Imaging Ltd.",
        "change_pct": 10.33,
        "premarket": 2.03,
        "volume": 8388,
        "category": "g",
        "source": "tv",
        "shortable": true,
        "exchange_name": "NASD",
        "market_cap": 23.70453,
        "existing": false
    },
    {
        "symbol": "MGLD",
        "company": "The Marygold Companies, Inc.",
        "change_pct": 9.65,
        "premarket": 1.18,
        "volume": 200,
        "category": "g",
        "source": "tv",
        "shortable": false,
        "exchange_name": "AMEX",
        "market_cap": 112.606,
        "existing": false
    },
    {
        "symbol": "IMPL",
        "company": "Impel Pharmaceuticals Inc.",
        "change_pct": 9.59,
        "premarket": 0.4,
        "volume": 12974,
        "category": "g",
        "source": "tv",
        "shortable": true,
        "exchange_name": "NASD",
        "market_cap": 8.66839,
        "existing": false
    },
    {
        "symbol": "XELB",
        "company": "Xcel Brands, Inc",
        "change_pct": 9.27,
        "premarket": 1.65,
        "volume": 200,
        "category": "g",
        "source": "tv",
        "shortable": false,
        "exchange_name": "NASD",
        "market_cap": 29.75901,
        "existing": false
    },
    {
        "symbol": "SN",
        "company": "SharkNinja, Inc.",
        "change_pct": 9.1,
        "premarket": 34.88,
        "volume": 7756,
        "category": "g",
        "source": "tv",
        "shortable": true,
        "exchange_name": "NYSE",
        "market_cap": 34.95004,
        "existing": false
    },
    {
        "symbol": "ID",
        "company": "PARTS iD, Inc.",
        "change_pct": 8.99,
        "premarket": 0.303,
        "volume": 3492,
        "category": "g",
        "source": "tv",
        "shortable": false,
        "exchange_name": "AMEX",
        "market_cap": 206.3389,
        "existing": false
    },
    {
        "symbol": "PIRS",
        "company": "Pieris Pharmaceuticals, Inc.",
        "change_pct": 8.86,
        "premarket": 0.4779,
        "volume": 637287,
        "category": "g",
        "source": "tv",
        "shortable": true,
        "exchange_name": "NASD",
        "market_cap": 43.396,
        "existing": false
    },
    {
        "symbol": "LMDX",
        "company": "LumiraDx Limited",
        "change_pct": 8.8,
        "premarket": 0.4426,
        "volume": 3284,
        "category": "g",
        "source": "tv",
        "shortable": true,
        "exchange_name": "NASD",
        "market_cap": 66.84609,
        "existing": false
    },
    {
        "symbol": "NXL",
        "company": "Nexalin Technology, Inc.",
        "change_pct": 8.64,
        "premarket": 0.46,
        "volume": 500,
        "category": "g",
        "source": "tv",
        "shortable": false,
        "exchange_name": "NASD",
        "market_cap": 3.14864,
        "existing": false
    },
    {
        "symbol": "RMNI",
        "company": "Rimini Street, Inc.",
        "change_pct": 8.54,
        "premarket": 2.67,
        "volume": 321,
        "category": "g",
        "source": "tv",
        "shortable": true,
        "exchange_name": "NASD",
        "market_cap": 219.154,
        "existing": false
    },
    {
        "symbol": "FXLV",
        "company": "F45 Training Holdings Inc.",
        "change_pct": 8.43,
        "premarket": 0.1042,
        "volume": 116947,
        "category": "g",
        "source": "tv",
        "shortable": true,
        "exchange_name": "NYSE",
        "market_cap": 9.35205,
        "existing": false
    },
    {
        "symbol": "CREX",
        "company": "Creative Realities, Inc.",
        "change_pct": 8.29,
        "premarket": 1.96,
        "volume": 1000,
        "category": "g",
        "source": "tv",
        "shortable": true,
        "exchange_name": "NASD",
        "market_cap": 18.84034,
        "existing": false
    },
    {
        "symbol": "BHIL",
        "company": "Benson Hill, Inc.",
        "change_pct": 8.23,
        "premarket": 0.73,
        "volume": 2778,
        "category": "g",
        "source": "tv",
        "shortable": true,
        "exchange_name": "NYSE",
        "market_cap": 140.2788,
        "existing": false
    },
    {
        "symbol": "HKIT",
        "company": "Hitek Global Inc.",
        "change_pct": 8.1,
        "premarket": 36.7,
        "volume": 74495,
        "category": "g",
        "source": "tv",
        "shortable": true,
        "exchange_name": "NASD",
        "market_cap": 488.6208,
        "existing": false
    },
    {
        "symbol": "KOD",
        "company": "Kodiak Sciences Inc",
        "change_pct": 8.02,
        "premarket": 2.56,
        "volume": 400,
        "category": "g",
        "source": "tv",
        "shortable": true,
        "exchange_name": "NASD",
        "market_cap": 124.314,
        "existing": false
    },
    {
        "symbol": "ELOX",
        "company": "Eloxx Pharmaceuticals, Inc.",
        "change_pct": 7.99,
        "premarket": 5.0,
        "volume": 193,
        "category": "g",
        "source": "tv",
        "shortable": true,
        "exchange_name": "NASD",
        "market_cap": 12.74534,
        "existing": false
    },
    {
        "symbol": "VRAR",
        "company": "The Glimpse Group, Inc.",
        "change_pct": 7.77,
        "premarket": 3.12,
        "volume": 1150,
        "category": "g",
        "source": "tv",
        "shortable": true,
        "exchange_name": "NASD",
        "market_cap": 41.83734,
        "existing": false
    },
    {
        "symbol": "CBIO",
        "company": "Catalyst Biosciences, Inc.",
        "change_pct": 7.56,
        "premarket": 0.697,
        "volume": 2999,
        "category": "g",
        "source": "tv",
        "shortable": true,
        "exchange_name": "NASD",
        "market_cap": 24.60773,
        "existing": false
    }
]