[
    {
        "symbol": "ADMP",
        "company": "Adamis Pharmaceuticals Corporation",
        "change_pct": 6760.0,
        "premarket": 3.43,
        "volume": 13416,
        "category": "g",
        "source": "tv",
        "shortable": false,
        "exchange_name": "NASD",
        "market_cap": 8.69916,
        "existing": false
    },
    {
        "symbol": "BHG",
        "company": "Bright Health Group, Inc.",
        "change_pct": 6758.51,
        "premarket": 14.3,
        "volume": 5839,
        "category": "g",
        "source": "tv",
        "shortable": true,
        "exchange_name": "NYSE",
        "market_cap": 132.6365,
        "existing": false
    },
    {
        "symbol": "GHL",
        "company": "Greenhill & Co., Inc.",
        "change_pct": 115.93,
        "premarket": 14.64,
        "volume": 276668,
        "category": "g",
        "source": "tv",
        "shortable": true,
        "exchange_name": "NYSE",
        "market_cap": 124.2175,
        "existing": false
    },
    {
        "symbol": "AVRO",
        "company": "AVROBIO, Inc.",
        "change_pct": 90.94,
        "premarket": 1.48,
        "volume": 14517100,
        "category": "g",
        "source": "tv",
        "shortable": true,
        "exchange_name": "NASD",
        "market_cap": 34.18585,
        "existing": false
    },
    {
        "symbol": "HEPA",
        "company": "Hepion Pharmaceuticals, Inc.",
        "change_pct": 56.53,
        "premarket": 13.89,
        "volume": 815390,
        "category": "g",
        "source": "tv",
        "shortable": true,
        "exchange_name": "NASD",
        "market_cap": 33.82157,
        "existing": false
    },
    {
        "symbol": "SQL",
        "company": "SeqLL Inc.",
        "change_pct": 44.38,
        "premarket": 0.4834,
        "volume": 1589100,
        "category": "g",
        "source": "tv",
        "shortable": false,
        "exchange_name": "NASD",
        "market_cap": 4.64916,
        "existing": false
    },
    {
        "symbol": "MBOT",
        "company": "Microbot Medical Inc.",
        "change_pct": 38.21,
        "premarket": 1.7,
        "volume": 1563100,
        "category": "g",
        "source": "tv",
        "shortable": true,
        "exchange_name": "NASD",
        "market_cap": 10.00067,
        "existing": false
    },
    {
        "symbol": "VECT",
        "company": "VectivBio Holding AG",
        "change_pct": 35.04,
        "premarket": 16.07,
        "volume": 2065100,
        "category": "g",
        "source": "tv",
        "shortable": true,
        "exchange_name": "NASD",
        "market_cap": 746.5972,
        "existing": false
    },
    {
        "symbol": "CNSP",
        "company": "CNS Pharmaceuticals, Inc.",
        "change_pct": 30.82,
        "premarket": 2.08,
        "volume": 1253099,
        "category": "g",
        "source": "tv",
        "shortable": true,
        "exchange_name": "NASD",
        "market_cap": 6.58791,
        "existing": false
    },
    {
        "symbol": "NBSE",
        "company": "NeuBase Therapeutics, Inc.",
        "change_pct": 19.58,
        "premarket": 0.226,
        "volume": 453366,
        "category": "g",
        "source": "tv",
        "shortable": true,
        "exchange_name": "NASD",
        "market_cap": 6.39016,
        "existing": false
    },
    {
        "symbol": "IMMX",
        "company": "Immix Biopharma, Inc.",
        "change_pct": 19.51,
        "premarket": 1.96,
        "volume": 2388100,
        "category": "g",
        "source": "tv",
        "shortable": false,
        "exchange_name": "NASD",
        "market_cap": 24.65429,
        "existing": false
    },
    {
        "symbol": "NCPL",
        "company": "Netcapital Inc.",
        "change_pct": 16.33,
        "premarket": 2.28,
        "volume": 1395100,
        "category": "g",
        "source": "tv",
        "shortable": false,
        "exchange_name": "NASD",
        "market_cap": 11.90068,
        "existing": false
    },
    {
        "symbol": "AKBA",
        "company": "Akebia Therapeutics, Inc.",
        "change_pct": 15.52,
        "premarket": 1.34,
        "volume": 160579,
        "category": "g",
        "source": "tv",
        "shortable": true,
        "exchange_name": "NASD",
        "market_cap": 215.6766,
        "existing": false
    },
    {
        "symbol": "ADSE",
        "company": "ADS-TEC ENERGY PLC",
        "change_pct": 15.14,
        "premarket": 6.92,
        "volume": 451,
        "category": "g",
        "source": "tv",
        "shortable": true,
        "exchange_name": "NASD",
        "market_cap": 293.7908,
        "existing": false
    },
    {
        "symbol": "FRGE",
        "company": "Forge Global Holdings, Inc.",
        "change_pct": 14.91,
        "premarket": 1.31,
        "volume": 1067,
        "category": "g",
        "source": "tv",
        "shortable": true,
        "exchange_name": "NYSE",
        "market_cap": 198.4056,
        "existing": false
    },
    {
        "symbol": "SNTG",
        "company": "Sentage Holdings Inc.",
        "change_pct": 14.63,
        "premarket": 2.59,
        "volume": 100,
        "category": "g",
        "source": "tv",
        "shortable": false,
        "exchange_name": "NASD",
        "market_cap": 6.34705,
        "existing": false
    },
    {
        "symbol": "ZVSA",
        "company": "ZyVersa Therapeutics, Inc.",
        "change_pct": 13.67,
        "premarket": 0.4799,
        "volume": 5668100,
        "category": "g",
        "source": "tv",
        "shortable": true,
        "exchange_name": "NASD",
        "market_cap": 8.53911,
        "existing": false
    },
    {
        "symbol": "ARDS",
        "company": "Aridis Pharmaceuticals Inc.",
        "change_pct": 12.5,
        "premarket": 0.225,
        "volume": 303812,
        "category": "g",
        "source": "tv",
        "shortable": true,
        "exchange_name": "NASD",
        "market_cap": 7.21551,
        "existing": false
    },
    {
        "symbol": "EFSH",
        "company": "1847 Holdings LLC",
        "change_pct": 11.27,
        "premarket": 0.395,
        "volume": 20479,
        "category": "g",
        "source": "tv",
        "shortable": false,
        "exchange_name": "AMEX",
        "market_cap": 5.99428,
        "existing": false
    },
    {
        "symbol": "CELU",
        "company": "Celularity Inc.",
        "change_pct": 10.79,
        "premarket": 0.7199,
        "volume": 881961,
        "category": "g",
        "source": "tv",
        "shortable": true,
        "exchange_name": "NASD",
        "market_cap": 113.5227,
        "existing": false
    },
    {
        "symbol": "PACW",
        "company": "PacWest Bancorp",
        "change_pct": 10.65,
        "premarket": 6.34,
        "volume": 2252100,
        "category": "g",
        "source": "tv",
        "shortable": true,
        "exchange_name": "NASD",
        "market_cap": 676.3497,
        "existing": false
    },
    {
        "symbol": "ALTI",
        "company": "AlTi Global, Inc.",
        "change_pct": 9.83,
        "premarket": 5.25,
        "volume": 500,
        "category": "g",
        "source": "tv",
        "shortable": true,
        "exchange_name": "NASD",
        "market_cap": 540.2761,
        "existing": false
    },
    {
        "symbol": "AEI",
        "company": "Alset Inc.",
        "change_pct": 9.8,
        "premarket": 1.68,
        "volume": 3756,
        "category": "g",
        "source": "tv",
        "shortable": true,
        "exchange_name": "NASD",
        "market_cap": 14.12973,
        "existing": false
    },
    {
        "symbol": "JFBR",
        "company": "Jeffs' Brands Ltd",
        "change_pct": 9.56,
        "premarket": 0.83,
        "volume": 148153,
        "category": "g",
        "source": "tv",
        "shortable": false,
        "exchange_name": "NASD",
        "market_cap": 6.30447,
        "existing": false
    },
    {
        "symbol": "NXGL",
        "company": "NexGel, Inc",
        "change_pct": 9.55,
        "premarket": 2.08,
        "volume": 7752,
        "category": "g",
        "source": "tv",
        "shortable": false,
        "exchange_name": "NASD",
        "market_cap": 10.65879,
        "existing": false
    },
    {
        "symbol": "SFR",
        "company": "Appreciate Holdings, Inc.",
        "change_pct": 9.39,
        "premarket": 0.29,
        "volume": 61562,
        "category": "g",
        "source": "tv",
        "shortable": false,
        "exchange_name": "NASD",
        "market_cap": 14.75179,
        "existing": false
    },
    {
        "symbol": "JXJT",
        "company": "JX Luxventure Limited",
        "change_pct": 9.29,
        "premarket": 4.0,
        "volume": 100,
        "category": "g",
        "source": "tv",
        "shortable": true,
        "exchange_name": "NASD",
        "market_cap": 22.19128,
        "existing": false
    },
    {
        "symbol": "CDIO",
        "company": "Cardio Diagnostics Holdings Inc.",
        "change_pct": 9.15,
        "premarket": 1.55,
        "volume": 328769,
        "category": "g",
        "source": "tv",
        "shortable": true,
        "exchange_name": "NASD",
        "market_cap": 14.16846,
        "existing": false
    },
    {
        "symbol": "LUXH",
        "company": "LuxUrban Hotels Inc.",
        "change_pct": 8.57,
        "premarket": 3.8,
        "volume": 650,
        "category": "g",
        "source": "tv",
        "shortable": false,
        "exchange_name": "NASD",
        "market_cap": 113.4594,
        "existing": false
    },
    {
        "symbol": "PDCE",
        "company": "PDC Energy, Inc.",
        "change_pct": 8.26,
        "premarket": 70.5,
        "volume": 111662,
        "category": "g",
        "source": "tv",
        "shortable": true,
        "exchange_name": "NASD",
        "market_cap": 5695.125,
        "existing": false
    },
    {
        "symbol": "VIRX",
        "company": "Viracta Therapeutics, Inc.",
        "change_pct": 8.24,
        "premarket": 2.3,
        "volume": 13888,
        "category": "g",
        "source": "tv",
        "shortable": true,
        "exchange_name": "NASD",
        "market_cap": 81.62324,
        "existing": false
    },
    {
        "symbol": "BNTC",
        "company": "Benitec Biopharma Inc.",
        "change_pct": 7.88,
        "premarket": 0.2219,
        "volume": 2361,
        "category": "g",
        "source": "tv",
        "shortable": true,
        "exchange_name": "NASD",
        "market_cap": 5.75572,
        "existing": false
    },
    {
        "symbol": "SNPX",
        "company": "Synaptogenix, Inc.",
        "change_pct": 7.86,
        "premarket": 0.9299,
        "volume": 280,
        "category": "g",
        "source": "tv",
        "shortable": true,
        "exchange_name": "NASD",
        "market_cap": 6.34494,
        "existing": false
    },
    {
        "symbol": "TCJH",
        "company": "Top KingWin Ltd",
        "change_pct": 7.85,
        "premarket": 8.38,
        "volume": 8217,
        "category": "g",
        "source": "tv",
        "shortable": true,
        "exchange_name": "NASD",
        "market_cap": 114.6075,
        "existing": false
    },
    {
        "symbol": "AIM",
        "company": "AIM ImmunoTech Inc.",
        "change_pct": 7.57,
        "premarket": 0.51,
        "volume": 800,
        "category": "g",
        "source": "tv",
        "shortable": true,
        "exchange_name": "AMEX",
        "market_cap": 97.1327,
        "existing": false
    },
    {
        "symbol": "SPI",
        "company": "SPI Energy Co., Ltd.",
        "change_pct": 7.56,
        "premarket": 1.28,
        "volume": 6345,
        "category": "g",
        "source": "tv",
        "shortable": true,
        "exchange_name": "NASD",
        "market_cap": 36.04862,
        "existing": false
    },
    {
        "symbol": "TORO",
        "company": "Toro Corp.",
        "change_pct": 7.5,
        "premarket": 4.3,
        "volume": 43294,
        "category": "g",
        "source": "tv",
        "shortable": false,
        "exchange_name": "NASD",
        "market_cap": 71.84404,
        "existing": false
    },
    {
        "symbol": "ORMP",
        "company": "Oramed Pharmaceuticals Inc.",
        "change_pct": 7.4,
        "premarket": 4.79,
        "volume": 35304,
        "category": "g",
        "source": "tv",
        "shortable": true,
        "exchange_name": "NASD",
        "market_cap": 178.5222,
        "existing": false
    },
    {
        "symbol": "SUNW",
        "company": "Sunworks, Inc.",
        "change_pct": 7.33,
        "premarket": 1.18,
        "volume": 10726,
        "category": "g",
        "source": "tv",
        "shortable": true,
        "exchange_name": "NASD",
        "market_cap": 39.11087,
        "existing": false
    },
    {
        "symbol": "CLVT",
        "company": "Clarivate Plc",
        "change_pct": 7.11,
        "premarket": 7.83,
        "volume": 2696,
        "category": "g",
        "source": "tv",
        "shortable": true,
        "exchange_name": "NYSE",
        "market_cap": 4939.838,
        "existing": false
    }
]