{
    "IBG": {
        "symbol": "IBG",
        "company": "Innovation Beverage Group Limited",
        "change_pct": 206.41,
        "premarket": 1.51,
        "volume": 81,
        "category": "g",
        "shortable": true,
        "exchange_name": "NASDAQ",
        "market_cap": 4145305.0,
        "pe_ratio": 0.0,
        "avg_1_day_volume": 548532,
        "avg_10_day_volume": 214250,
        "avg_3_month_volume": 208918,
        "rsi": "77.3369",
        "stoch": "28.0939",
        "macd": "0.0190",
        "ema10": "0.6440",
        "sma10)": "0.6231",
        "ema20)": "0.6056",
        "sma20": "0.5531",
        "ema50": "0.6714",
        "sma50": "0.6551",
        "ema200": "\u2014",
        "sma200": "\u2014",
        "vwma20": "1.1244"
    },
    "JYD": {
        "symbol": "JYD",
        "company": "Jayud Global Logistics Limited",
        "change_pct": -86.95,
        "premarket": 1.04,
        "volume": 2,
        "category": "l",
        "shortable": true,
        "exchange_name": "NASDAQ",
        "market_cap": 734567778.0,
        "pe_ratio": -18.52627,
        "avg_1_day_volume": 819239,
        "avg_10_day_volume": 4616384,
        "avg_3_month_volume": 2135740,
        "rsi": "29.38",
        "stoch": "65.28",
        "macd": "0.45",
        "ema10": "5.25",
        "sma10)": "5.64",
        "ema20)": "4.93",
        "sma20": "4.68",
        "ema50": "4.18",
        "sma50": "4.22",
        "ema200": "2.53",
        "sma200": "1.87",
        "vwma20": "5.03"
    }
}