[
    {
        "symbol": "ASST",
        "company": "Asset Entities Inc.",
        "change_pct": 157.38,
        "premarket": 1.57,
        "volume": 35590000,
        "category": "g",
        "source": "tv",
        "shortable": true,
        "exchange_name": "NASDAQ",
        "market_cap": 8724981,
        "existing": false
    },
    {
        "symbol": "CNEY",
        "company": "CN Energy Group Inc.",
        "change_pct": 68.4,
        "premarket": 0.2728,
        "volume": 104590000,
        "category": "g",
        "source": "tv",
        "shortable": true,
        "exchange_name": "NASDAQ",
        "market_cap": 1828925,
        "existing": false
    },
    {
        "symbol": "NCEW",
        "company": "New Century Logistics (BVI) Limited",
        "change_pct": 54.71,
        "premarket": 3.45,
        "volume": 15920000,
        "category": "g",
        "source": "tv",
        "shortable": true,
        "exchange_name": "NASDAQ",
        "market_cap": 46655000,
        "existing": false
    },
    {
        "symbol": "MEGL",
        "company": "Magic Empire Global Limited",
        "change_pct": 48.31,
        "premarket": 1.75,
        "volume": 15140000,
        "category": "g",
        "source": "tv",
        "shortable": true,
        "exchange_name": "NASDAQ",
        "market_cap": 6360446,
        "existing": false
    },
    {
        "symbol": "TOVX",
        "company": "Theriva Biologics, Inc.",
        "change_pct": 42.65,
        "premarket": 1.94,
        "volume": 18170000,
        "category": "g",
        "source": "tv",
        "shortable": true,
        "exchange_name": "NYSE American",
        "market_cap": 3881516,
        "existing": false
    },
    {
        "symbol": "CURI",
        "company": "CuriosityStream Inc.",
        "change_pct": 33.94,
        "premarket": 4.42,
        "volume": 292630,
        "category": "g",
        "source": "tv",
        "shortable": true,
        "exchange_name": "NASDAQ",
        "market_cap": 189589500,
        "existing": false
    },
    {
        "symbol": "PRCH",
        "company": "Porch Group, Inc.",
        "change_pct": 23.82,
        "premarket": 7.85,
        "volume": 106530,
        "category": "g",
        "source": "tv",
        "shortable": true,
        "exchange_name": "NASDAQ",
        "market_cap": 639107281,
        "existing": false
    },
    {
        "symbol": "NRDS",
        "company": "NerdWallet, Inc.",
        "change_pct": 22.2,
        "premarket": 10.34,
        "volume": 6080,
        "category": "g",
        "source": "tv",
        "shortable": true,
        "exchange_name": "NASDAQ",
        "market_cap": 631692550,
        "existing": false
    },
    {
        "symbol": "CRL",
        "company": "Charles River Laboratories International, Inc.",
        "change_pct": 22.17,
        "premarket": 141.0,
        "volume": 63330,
        "category": "g",
        "source": "tv",
        "shortable": true,
        "exchange_name": "NYSE",
        "market_cap": 5866380641,
        "existing": false
    },
    {
        "symbol": "HEPA",
        "company": "Hepion Pharmaceuticals, Inc.",
        "change_pct": 20.96,
        "premarket": 0.3918,
        "volume": 5420000,
        "category": "g",
        "source": "tv",
        "shortable": true,
        "exchange_name": "NASDAQ",
        "market_cap": 3265144,
        "existing": false
    },
    {
        "symbol": "AVDX",
        "company": "AvidXchange Holdings, Inc.",
        "change_pct": 18.17,
        "premarket": 9.69,
        "volume": 16260000,
        "category": "g",
        "source": "tv",
        "shortable": true,
        "exchange_name": "NASDAQ",
        "market_cap": 1682551495,
        "existing": false
    },
    {
        "symbol": "GPUS",
        "company": "Hyperscale Data, Inc.",
        "change_pct": 18.09,
        "premarket": 5.55,
        "volume": 3030000,
        "category": "g",
        "source": "tv",
        "shortable": true,
        "exchange_name": "NYSE American",
        "market_cap": 50574322,
        "existing": false
    },
    {
        "symbol": "CVGI",
        "company": "Commercial Vehicle Group, Inc.",
        "change_pct": 17.77,
        "premarket": 1.0599,
        "volume": 32250,
        "category": "g",
        "source": "tv",
        "shortable": true,
        "exchange_name": "NASDAQ",
        "market_cap": 29495869,
        "existing": false
    },
    {
        "symbol": "EHTH",
        "company": "eHealth, Inc.",
        "change_pct": 17.52,
        "premarket": 5.5,
        "volume": 12190,
        "category": "g",
        "source": "tv",
        "shortable": true,
        "exchange_name": "NASDAQ",
        "market_cap": 138933682,
        "existing": false
    },
    {
        "symbol": "OSCR",
        "company": "Oscar Health, Inc.",
        "change_pct": 17.21,
        "premarket": 15.32,
        "volume": 597000,
        "category": "g",
        "source": "tv",
        "shortable": true,
        "exchange_name": "NYSE",
        "market_cap": 3304502955,
        "existing": false
    },
    {
        "symbol": "SST",
        "company": "System1, Inc.",
        "change_pct": 16.86,
        "premarket": 0.4359,
        "volume": 4340,
        "category": "g",
        "source": "tv",
        "shortable": true,
        "exchange_name": "NYSE",
        "market_cap": 30698127,
        "existing": false
    },
    {
        "symbol": "FOA",
        "company": "Finance of America Companies Inc.",
        "change_pct": 16.2,
        "premarket": 22.6,
        "volume": 1150,
        "category": "g",
        "source": "tv",
        "shortable": true,
        "exchange_name": "NYSE",
        "market_cap": 216482931,
        "existing": false
    },
    {
        "symbol": "BCAB",
        "company": "BioAtla, Inc.",
        "change_pct": 15.72,
        "premarket": 0.55,
        "volume": 9780,
        "category": "g",
        "source": "tv",
        "shortable": true,
        "exchange_name": "NASDAQ",
        "market_cap": 30234273,
        "existing": false
    },
    {
        "symbol": "MMI",
        "company": "Marcus & Millichap, Inc.",
        "change_pct": 15.69,
        "premarket": 34.0,
        "volume": 300,
        "category": "g",
        "source": "tv",
        "shortable": true,
        "exchange_name": "NYSE",
        "market_cap": 1189256160,
        "existing": false
    },
    {
        "symbol": "NCRA",
        "company": "Nocera, Inc.",
        "change_pct": 15.68,
        "premarket": 0.937,
        "volume": 3150,
        "category": "g",
        "source": "tv",
        "shortable": true,
        "exchange_name": "NASDAQ",
        "market_cap": 14858006,
        "existing": false
    },
    {
        "symbol": "ANET",
        "company": "Arista Networks, Inc.",
        "change_pct": -5.63,
        "premarket": 85.66,
        "volume": 114400,
        "category": "l",
        "source": "tv",
        "shortable": true,
        "exchange_name": "NYSE",
        "market_cap": 113483433684,
        "existing": false
    },
    {
        "symbol": "MRVL",
        "company": "Marvell Technology, Inc.",
        "change_pct": -7.55,
        "premarket": 56.6,
        "volume": 620950,
        "category": "l",
        "source": "tv",
        "shortable": true,
        "exchange_name": "NASDAQ",
        "market_cap": 53680878000,
        "existing": false
    },
    {
        "symbol": "SMCI",
        "company": "Super Micro Computer, Inc.",
        "change_pct": -6.28,
        "premarket": 30.87,
        "volume": 1570000,
        "category": "l",
        "source": "tv",
        "shortable": true,
        "exchange_name": "NASDAQ",
        "market_cap": 19198711330,
        "existing": false
    },
    {
        "symbol": "ENTG",
        "company": "Entegris, Inc.",
        "change_pct": -7.25,
        "premarket": 77.01,
        "volume": 118700,
        "category": "l",
        "source": "tv",
        "shortable": true,
        "exchange_name": "NASDAQ",
        "market_cap": 12694347715,
        "existing": false
    },
    {
        "symbol": "DAY",
        "company": "Dayforce, Inc.",
        "change_pct": -7.89,
        "premarket": 53.6,
        "volume": 3740,
        "category": "l",
        "source": "tv",
        "shortable": true,
        "exchange_name": "NYSE",
        "market_cap": 9242521999,
        "existing": false
    },
    {
        "symbol": "LNTH",
        "company": "Lantheus Holdings, Inc.",
        "change_pct": -13.11,
        "premarket": 91.1,
        "volume": 24080,
        "category": "l",
        "source": "tv",
        "shortable": true,
        "exchange_name": "NASDAQ",
        "market_cap": 7408648497,
        "existing": false
    },
    {
        "symbol": "JAZZ",
        "company": "Jazz Pharmaceuticals plc",
        "change_pct": -5.46,
        "premarket": 105.1,
        "volume": 900,
        "category": "l",
        "source": "tv",
        "shortable": true,
        "exchange_name": "NASDAQ",
        "market_cap": 7177971693,
        "existing": false
    },
    {
        "symbol": "SRPT",
        "company": "Sarepta Therapeutics, Inc.",
        "change_pct": -14.44,
        "premarket": 40.0,
        "volume": 562030,
        "category": "l",
        "source": "tv",
        "shortable": true,
        "exchange_name": "NASDAQ",
        "market_cap": 6255034126,
        "existing": false
    },
    {
        "symbol": "UPST",
        "company": "Upstart Holdings, Inc.",
        "change_pct": -17.0,
        "premarket": 42.66,
        "volume": 487140,
        "category": "l",
        "source": "tv",
        "shortable": true,
        "exchange_name": "NASDAQ",
        "market_cap": 4943663920,
        "existing": false
    },
    {
        "symbol": "MRCY",
        "company": "Mercury Systems Inc",
        "change_pct": -8.73,
        "premarket": 46.01,
        "volume": 600,
        "category": "l",
        "source": "tv",
        "shortable": true,
        "exchange_name": "NASDAQ",
        "market_cap": 3053287992,
        "existing": false
    },
    {
        "symbol": "PAYO",
        "company": "Payoneer Global Inc.",
        "change_pct": -8.13,
        "premarket": 6.55,
        "volume": 57770,
        "category": "l",
        "source": "tv",
        "shortable": true,
        "exchange_name": "NASDAQ",
        "market_cap": 2576269636,
        "existing": false
    },
    {
        "symbol": "APLS",
        "company": "Apellis Pharmaceuticals, Inc.",
        "change_pct": -10.51,
        "premarket": 17.11,
        "volume": 46410,
        "category": "l",
        "source": "tv",
        "shortable": true,
        "exchange_name": "NASDAQ",
        "market_cap": 2511131554,
        "existing": false
    },
    {
        "symbol": "DGNX",
        "company": "Diginex Limited",
        "change_pct": -14.61,
        "premarket": 65.0,
        "volume": 1470,
        "category": "l",
        "source": "tv",
        "shortable": true,
        "exchange_name": "NASDAQ",
        "market_cap": 1951020790,
        "existing": false
    },
    {
        "symbol": "EPC",
        "company": "Edgewell Personal Care Company",
        "change_pct": -10.06,
        "premarket": 27.0,
        "volume": 686,
        "category": "l",
        "source": "tv",
        "shortable": true,
        "exchange_name": "NYSE",
        "market_cap": 1477726418,
        "existing": false
    },
    {
        "symbol": "RVLV",
        "company": "Revolve Group, Inc.",
        "change_pct": -6.28,
        "premarket": 17.75,
        "volume": 1200,
        "category": "l",
        "source": "tv",
        "shortable": true,
        "exchange_name": "NYSE",
        "market_cap": 1360590144,
        "existing": false
    },
    {
        "symbol": "VSTS",
        "company": "Vestis Corporation",
        "change_pct": -31.11,
        "premarket": 6.0,
        "volume": 151060,
        "category": "l",
        "source": "tv",
        "shortable": true,
        "exchange_name": "NYSE",
        "market_cap": 1169896621,
        "existing": false
    },
    {
        "symbol": "INVX",
        "company": "Innovex International, Inc.",
        "change_pct": -6.05,
        "premarket": 14.12,
        "volume": 235,
        "category": "l",
        "source": "tv",
        "shortable": true,
        "exchange_name": "NYSE",
        "market_cap": 1060638249,
        "existing": false
    },
    {
        "symbol": "GERN",
        "company": "Geron Corporation",
        "change_pct": -7.58,
        "premarket": 1.22,
        "volume": 701780,
        "category": "l",
        "source": "tv",
        "shortable": true,
        "exchange_name": "NASDAQ",
        "market_cap": 904416239,
        "existing": false
    },
    {
        "symbol": "HCKT",
        "company": "The Hackett Group, Inc.",
        "change_pct": -8.88,
        "premarket": 23.7,
        "volume": 531,
        "category": "l",
        "source": "tv",
        "shortable": true,
        "exchange_name": "NASDAQ",
        "market_cap": 737069926,
        "existing": false
    },
    {
        "symbol": "MYGN",
        "company": "Myriad Genetics, Inc.",
        "change_pct": -21.05,
        "premarket": 5.74,
        "volume": 122060,
        "category": "l",
        "source": "tv",
        "shortable": true,
        "exchange_name": "NASDAQ",
        "market_cap": 709719957,
        "existing": false
    }
]