[
    {
        "symbol": "VIRI",
        "company": "Virios Therapeutics, Inc.",
        "change_pct": 91.11,
        "premarket": 1.195,
        "volume": 22173099,
        "category": "g",
        "source": "tv",
        "fails": [],
        "shortable": false,
        "exchange_name": "NASD",
        "market_cap": 11.46199,
        "tradeable": true
    },
    {
        "symbol": "BXRX",
        "company": "Baudax Bio, Inc.",
        "change_pct": 63.83,
        "premarket": 3.08,
        "volume": 7643100,
        "category": "g",
        "source": "tv",
        "fails": [],
        "shortable": true,
        "exchange_name": "NASD",
        "market_cap": 4.86112,
        "tradeable": true
    },
    {
        "symbol": "CXAI",
        "company": "CXApp Inc.",
        "change_pct": 37.2,
        "premarket": 8.63,
        "volume": 2920100,
        "category": "g",
        "source": "tv",
        "fails": [
            "existing"
        ],
        "shortable": true,
        "exchange_name": "NASD",
        "market_cap": 88.50029,
        "tradeable": false
    },
    {
        "symbol": "SPPI",
        "company": "Spectrum Pharmaceuticals, Inc.",
        "change_pct": 32.8,
        "premarket": 0.917,
        "volume": 9043099,
        "category": "g",
        "source": "tv",
        "fails": [
            "premarket"
        ],
        "shortable": true,
        "exchange_name": "NASD",
        "market_cap": 141.7606,
        "tradeable": false
    },
    {
        "symbol": "CNTG",
        "company": "Centogene N.V.",
        "change_pct": 30.04,
        "premarket": 0.9623,
        "volume": 28095,
        "category": "g",
        "source": "tv",
        "fails": [
            "premarket"
        ],
        "shortable": false,
        "exchange_name": "NASD",
        "market_cap": 16.7003,
        "tradeable": false
    },
    {
        "symbol": "MORF",
        "company": "Morphic Holding, Inc.",
        "change_pct": 25.87,
        "premarket": 54.79,
        "volume": 531768,
        "category": "g",
        "source": "tv",
        "fails": [
            "existing"
        ],
        "shortable": true,
        "exchange_name": "NASD",
        "market_cap": 1720.921,
        "tradeable": false
    },
    {
        "symbol": "EDUC",
        "company": "Educational Development Corporation",
        "change_pct": 21.08,
        "premarket": 2.7,
        "volume": 1377,
        "category": "g",
        "source": "tv",
        "fails": [
            "shares_value"
        ],
        "shortable": true,
        "exchange_name": "NASD",
        "market_cap": 19.43063,
        "tradeable": false
    },
    {
        "symbol": "MEDP",
        "company": "Medpace Holdings, Inc.",
        "change_pct": 18.55,
        "premarket": 222.0,
        "volume": 19014,
        "category": "g",
        "source": "tv",
        "fails": [
            "existing"
        ],
        "shortable": true,
        "exchange_name": "NASD",
        "market_cap": 5766.313,
        "tradeable": false
    },
    {
        "symbol": "ARWR",
        "company": "Arrowhead Pharmaceuticals, Inc.",
        "change_pct": 18.15,
        "premarket": 35.47,
        "volume": 151768,
        "category": "g",
        "source": "tv",
        "fails": [
            "existing"
        ],
        "shortable": true,
        "exchange_name": "NASD",
        "market_cap": 3251.471,
        "tradeable": false
    },
    {
        "symbol": "SQL",
        "company": "SeqLL Inc.",
        "change_pct": 17.75,
        "premarket": 0.53,
        "volume": 554202,
        "category": "g",
        "source": "tv",
        "fails": [
            "premarket"
        ],
        "shortable": false,
        "exchange_name": "NASD",
        "market_cap": 6.25026,
        "tradeable": false
    },
    {
        "symbol": "ASTS",
        "company": "AST SpaceMobile, Inc.",
        "change_pct": 17.66,
        "premarket": 5.13,
        "volume": 2212100,
        "category": "g",
        "source": "tv",
        "fails": [
            "existing"
        ],
        "shortable": true,
        "exchange_name": "NASD",
        "market_cap": 531.5682,
        "tradeable": false
    },
    {
        "symbol": "TCON",
        "company": "TRACON Pharmaceuticals, Inc.",
        "change_pct": -51.7,
        "premarket": 0.86,
        "volume": 694166,
        "category": "l",
        "source": "tv",
        "fails": [
            "premarket"
        ],
        "shortable": true,
        "exchange_name": "NASD",
        "market_cap": 42.40412,
        "tradeable": false
    },
    {
        "symbol": "VYNT",
        "company": "Vyant Bio, Inc.",
        "change_pct": -36.36,
        "premarket": 0.35,
        "volume": 236366,
        "category": "l",
        "source": "tv",
        "fails": [
            "premarket"
        ],
        "shortable": true,
        "exchange_name": "NASD",
        "market_cap": 3.44724,
        "tradeable": false
    },
    {
        "symbol": "NCPL",
        "company": "Netcapital Inc.",
        "change_pct": -25.0,
        "premarket": 1.14,
        "volume": 571773,
        "category": "l",
        "source": "tv",
        "fails": [
            "is_shortable"
        ],
        "shortable": false,
        "exchange_name": "NASD",
        "market_cap": 9.22849,
        "tradeable": false
    },
    {
        "symbol": "FRC",
        "company": "FIRST REPUBLIC BANK",
        "change_pct": -23.56,
        "premarket": 12.23,
        "volume": 7463100,
        "category": "l",
        "source": "tv",
        "fails": [
            "existing"
        ],
        "shortable": true,
        "exchange_name": "NYSE",
        "market_cap": 2979.5,
        "tradeable": false
    },
    {
        "symbol": "ZEV",
        "company": "Lightning eMotors, Inc",
        "change_pct": -22.57,
        "premarket": 0.258,
        "volume": 220513,
        "category": "l",
        "source": "tv",
        "fails": [
            "premarket"
        ],
        "shortable": true,
        "exchange_name": "NYSE",
        "market_cap": 37.66791,
        "tradeable": false
    },
    {
        "symbol": "SFR",
        "company": "Appreciate Holdings, Inc.",
        "change_pct": -22.5,
        "premarket": 1.55,
        "volume": 325846,
        "category": "l",
        "source": "tv",
        "fails": [
            "existing",
            "is_shortable"
        ],
        "shortable": false,
        "exchange_name": "NASD",
        "market_cap": 111.2922,
        "tradeable": false
    },
    {
        "symbol": "TENB",
        "company": "Tenable Holdings, Inc.",
        "change_pct": -21.81,
        "premarket": 35.5,
        "volume": 70480,
        "category": "l",
        "source": "tv",
        "fails": [
            "existing"
        ],
        "shortable": true,
        "exchange_name": "NASD",
        "market_cap": 5209.348,
        "tradeable": false
    },
    {
        "symbol": "MAIA",
        "company": "MAIA Biotechnology, Inc.",
        "change_pct": -19.12,
        "premarket": 2.2,
        "volume": 277940,
        "category": "l",
        "source": "tv",
        "fails": [
            "existing",
            "is_shortable"
        ],
        "shortable": false,
        "exchange_name": "AMEX",
        "market_cap": 0.0,
        "tradeable": false
    },
    {
        "symbol": "TMPO",
        "company": "Tempo Automation Holdings, Inc.",
        "change_pct": -18.1,
        "premarket": 0.6552,
        "volume": 455997,
        "category": "l",
        "source": "tv",
        "fails": [
            "premarket"
        ],
        "shortable": true,
        "exchange_name": "NASD",
        "market_cap": 21.71283,
        "tradeable": false
    },
    {
        "symbol": "HMST",
        "company": "HomeStreet, Inc.",
        "change_pct": -17.82,
        "premarket": 14.3,
        "volume": 200,
        "category": "l",
        "source": "tv",
        "fails": [
            "shares_value",
            "existing"
        ],
        "shortable": true,
        "exchange_name": "NASD",
        "market_cap": 326.5599,
        "tradeable": false
    },
    {
        "symbol": "ASRT",
        "company": "Assertio Holdings, Inc.",
        "change_pct": -17.66,
        "premarket": 5.27,
        "volume": 483990,
        "category": "l",
        "source": "tv",
        "fails": [
            "existing"
        ],
        "shortable": true,
        "exchange_name": "NASD",
        "market_cap": 356.2359,
        "tradeable": false
    }
]