[
    {
        "symbol": "WETG",
        "company": "WeTrade Group Inc.",
        "change_pct": 62.37,
        "premarket": 0.0617,
        "volume": 71484100,
        "category": "g",
        "source": "tv",
        "shortable": false,
        "exchange_name": "NASD",
        "market_cap": 7.41219,
        "existing": false
    },
    {
        "symbol": "SMFL",
        "company": "Smart for Life, Inc.",
        "change_pct": 40.09,
        "premarket": 3.25,
        "volume": 2560100,
        "category": "g",
        "source": "tv",
        "shortable": true,
        "exchange_name": "NASD",
        "market_cap": 1.98735,
        "existing": false
    },
    {
        "symbol": "EPOW",
        "company": "Sunrise New Energy Co., Ltd",
        "change_pct": 37.31,
        "premarket": 2.65,
        "volume": 2292100,
        "category": "g",
        "source": "tv",
        "shortable": false,
        "exchange_name": "NASD",
        "market_cap": 47.33904,
        "existing": false
    },
    {
        "symbol": "JCSE",
        "company": "JE Cleantech Holdings Limited",
        "change_pct": 31.09,
        "premarket": 0.6751,
        "volume": 1682100,
        "category": "g",
        "source": "tv",
        "shortable": false,
        "exchange_name": "NASD",
        "market_cap": 7.7353,
        "existing": false
    },
    {
        "symbol": "MOTS",
        "company": "Motus GI Holdings, Inc.",
        "change_pct": 22.15,
        "premarket": 0.8795,
        "volume": 216755,
        "category": "g",
        "source": "tv",
        "shortable": false,
        "exchange_name": "NASD",
        "market_cap": 3.44079,
        "existing": false
    },
    {
        "symbol": "GDC",
        "company": "GD Culture Group Limited",
        "change_pct": 20.85,
        "premarket": 7.65,
        "volume": 923106,
        "category": "g",
        "source": "tv",
        "shortable": true,
        "exchange_name": "NASD",
        "market_cap": 9.03737,
        "existing": false
    },
    {
        "symbol": "GLMD",
        "company": "Galmed Pharmaceuticals Ltd.",
        "change_pct": 20.14,
        "premarket": 5.19,
        "volume": 300,
        "category": "g",
        "source": "tv",
        "shortable": true,
        "exchange_name": "NASD",
        "market_cap": 7.25858,
        "existing": false
    },
    {
        "symbol": "SIEN",
        "company": "Sientra, Inc.",
        "change_pct": 17.81,
        "premarket": 1.91,
        "volume": 1239100,
        "category": "g",
        "source": "tv",
        "shortable": true,
        "exchange_name": "NASD",
        "market_cap": 18.12153,
        "existing": false
    },
    {
        "symbol": "ITP",
        "company": "IT Tech Packaging, Inc.",
        "change_pct": 17.05,
        "premarket": 0.4998,
        "volume": 1799,
        "category": "g",
        "source": "tv",
        "shortable": true,
        "exchange_name": "AMEX",
        "market_cap": 40.61046,
        "existing": false
    },
    {
        "symbol": "ANGH",
        "company": "Anghami Inc.",
        "change_pct": 16.81,
        "premarket": 1.39,
        "volume": 323,
        "category": "g",
        "source": "tv",
        "shortable": true,
        "exchange_name": "NASD",
        "market_cap": 30.94673,
        "existing": false
    },
    {
        "symbol": "BURU",
        "company": "Nuburu, Inc.",
        "change_pct": 15.33,
        "premarket": 0.92,
        "volume": 209039,
        "category": "g",
        "source": "tv",
        "shortable": true,
        "exchange_name": "AMEX",
        "market_cap": 420.2762,
        "existing": false
    },
    {
        "symbol": "OCTO",
        "company": "Eightco Holdings Inc.",
        "change_pct": 14.5,
        "premarket": 2.29,
        "volume": 3458100,
        "category": "g",
        "source": "tv",
        "shortable": false,
        "exchange_name": "NASD",
        "market_cap": 4.14356,
        "existing": false
    },
    {
        "symbol": "OMGA",
        "company": "Omega Therapeutics, Inc.",
        "change_pct": 13.98,
        "premarket": 9.51,
        "volume": 100,
        "category": "g",
        "source": "tv",
        "shortable": true,
        "exchange_name": "NASD",
        "market_cap": 458.8925,
        "existing": false
    },
    {
        "symbol": "LPTX",
        "company": "Leap Therapeutics, Inc.",
        "change_pct": 13.83,
        "premarket": 0.6,
        "volume": 91211,
        "category": "g",
        "source": "tv",
        "shortable": true,
        "exchange_name": "NASD",
        "market_cap": 62.94153,
        "existing": false
    },
    {
        "symbol": "NCPL",
        "company": "Netcapital Inc.",
        "change_pct": 13.51,
        "premarket": 1.68,
        "volume": 25434,
        "category": "g",
        "source": "tv",
        "shortable": false,
        "exchange_name": "NASD",
        "market_cap": 8.98623,
        "existing": false
    },
    {
        "symbol": "XBIT",
        "company": "XBiotech Inc.",
        "change_pct": 12.64,
        "premarket": 3.92,
        "volume": 19427,
        "category": "g",
        "source": "tv",
        "shortable": true,
        "exchange_name": "NASD",
        "market_cap": 105.9287,
        "existing": false
    },
    {
        "symbol": "PIII",
        "company": "P3 Health Partners Inc.",
        "change_pct": 11.53,
        "premarket": 3.58,
        "volume": 8793,
        "category": "g",
        "source": "tv",
        "shortable": false,
        "exchange_name": "NASD",
        "market_cap": 1003.963,
        "existing": false
    },
    {
        "symbol": "KEYS",
        "company": "Keysight Technologies Inc.",
        "change_pct": 11.35,
        "premarket": 163.15,
        "volume": 21893,
        "category": "g",
        "source": "tv",
        "shortable": true,
        "exchange_name": "NYSE",
        "market_cap": 26100.89,
        "existing": false
    },
    {
        "symbol": "OMH",
        "company": "Ohmyhome Limited",
        "change_pct": 11.18,
        "premarket": 7.06,
        "volume": 797904,
        "category": "g",
        "source": "tv",
        "shortable": true,
        "exchange_name": "NASD",
        "market_cap": 120.9675,
        "existing": false
    },
    {
        "symbol": "LICN",
        "company": "Lichen China Limited",
        "change_pct": 11.11,
        "premarket": 2.61,
        "volume": 717,
        "category": "g",
        "source": "tv",
        "shortable": true,
        "exchange_name": "NASD",
        "market_cap": 62.275,
        "existing": false
    },
    {
        "symbol": "WAL",
        "company": "Western Alliance Bancorporation",
        "change_pct": 10.79,
        "premarket": 35.0,
        "volume": 397750,
        "category": "g",
        "source": "tv",
        "shortable": true,
        "exchange_name": "NYSE",
        "market_cap": 3459.152,
        "existing": false
    },
    {
        "symbol": "TPHS",
        "company": "Trinity Place Holdings Inc.",
        "change_pct": 10.78,
        "premarket": 0.5539,
        "volume": 11421,
        "category": "g",
        "source": "tv",
        "shortable": true,
        "exchange_name": "AMEX",
        "market_cap": 64.28739,
        "existing": false
    },
    {
        "symbol": "SLQT",
        "company": "SelectQuote, Inc.",
        "change_pct": 10.61,
        "premarket": 1.46,
        "volume": 44096,
        "category": "g",
        "source": "tv",
        "shortable": true,
        "exchange_name": "NYSE",
        "market_cap": 219.9871,
        "existing": false
    },
    {
        "symbol": "EVER",
        "company": "EverQuote, Inc.",
        "change_pct": 10.54,
        "premarket": 7.55,
        "volume": 15916,
        "category": "g",
        "source": "tv",
        "shortable": true,
        "exchange_name": "NASD",
        "market_cap": 225.3116,
        "existing": false
    },
    {
        "symbol": "HYFM",
        "company": "Hydrofarm Holdings Group, Inc.",
        "change_pct": 10.44,
        "premarket": 1.08,
        "volume": 1050,
        "category": "g",
        "source": "tv",
        "shortable": true,
        "exchange_name": "NASD",
        "market_cap": 44.36505,
        "existing": false
    },
    {
        "symbol": "BIVI",
        "company": "BioVie Inc.",
        "change_pct": 10.16,
        "premarket": 7.7,
        "volume": 1500,
        "category": "g",
        "source": "tv",
        "shortable": true,
        "exchange_name": "NASD",
        "market_cap": 253.601,
        "existing": false
    },
    {
        "symbol": "XOS",
        "company": "Xos, Inc.",
        "change_pct": 9.88,
        "premarket": 0.4495,
        "volume": 2538,
        "category": "g",
        "source": "tv",
        "shortable": false,
        "exchange_name": "NASD",
        "market_cap": 69.76801,
        "existing": false
    },
    {
        "symbol": "SCOR",
        "company": "comScore, Inc.",
        "change_pct": 9.77,
        "premarket": 0.9,
        "volume": 6200,
        "category": "g",
        "source": "tv",
        "shortable": true,
        "exchange_name": "NASD",
        "market_cap": 76.6561,
        "existing": false
    },
    {
        "symbol": "ROIV",
        "company": "Roivant Sciences Ltd.",
        "change_pct": 9.61,
        "premarket": 9.58,
        "volume": 200,
        "category": "g",
        "source": "tv",
        "shortable": true,
        "exchange_name": "NASD",
        "market_cap": 6628.655,
        "existing": false
    },
    {
        "symbol": "TIO",
        "company": "Tingo Group, Inc.",
        "change_pct": 9.38,
        "premarket": 4.2,
        "volume": 612849,
        "category": "g",
        "source": "tv",
        "shortable": true,
        "exchange_name": "NASD",
        "market_cap": 628.7131,
        "existing": false
    },
    {
        "symbol": "CHNR",
        "company": "China Natural Resources, Inc.",
        "change_pct": 9.38,
        "premarket": 2.45,
        "volume": 639,
        "category": "g",
        "source": "tv",
        "shortable": false,
        "exchange_name": "NASD",
        "market_cap": 18.34474,
        "existing": false
    },
    {
        "symbol": "PACW",
        "company": "PacWest Bancorp",
        "change_pct": 9.2,
        "premarket": 4.99,
        "volume": 1771100,
        "category": "g",
        "source": "tv",
        "shortable": true,
        "exchange_name": "NASD",
        "market_cap": 539.4272,
        "existing": false
    },
    {
        "symbol": "FATH",
        "company": "Fathom Digital Manufacturing Corporation",
        "change_pct": 8.9,
        "premarket": 0.4269,
        "volume": 117,
        "category": "g",
        "source": "tv",
        "shortable": true,
        "exchange_name": "NYSE",
        "market_cap": 53.4058,
        "existing": false
    },
    {
        "symbol": "GRNA",
        "company": "GreenLight Biosciences Holdings, PBC",
        "change_pct": 8.8,
        "premarket": 0.209,
        "volume": 5961,
        "category": "g",
        "source": "tv",
        "shortable": true,
        "exchange_name": "NASD",
        "market_cap": 29.13798,
        "existing": false
    },
    {
        "symbol": "MGIH",
        "company": "Millennium Group International Holdings Limited",
        "change_pct": 8.67,
        "premarket": 1.88,
        "volume": 2985,
        "category": "g",
        "source": "tv",
        "shortable": false,
        "exchange_name": "NASD",
        "market_cap": 19.4625,
        "existing": false
    },
    {
        "symbol": "GROV",
        "company": "Grove Collaborative Holdings, Inc.",
        "change_pct": 8.49,
        "premarket": 0.4856,
        "volume": 431707,
        "category": "g",
        "source": "tv",
        "shortable": false,
        "exchange_name": "NYSE",
        "market_cap": 80.00902,
        "existing": false
    },
    {
        "symbol": "FARO",
        "company": "FARO Technologies, Inc.",
        "change_pct": 8.43,
        "premarket": 11.19,
        "volume": 13815,
        "category": "g",
        "source": "tv",
        "shortable": true,
        "exchange_name": "NASD",
        "market_cap": 195.0699,
        "existing": false
    },
    {
        "symbol": "TGI",
        "company": "Triumph Group, Inc.",
        "change_pct": 7.99,
        "premarket": 11.35,
        "volume": 12588,
        "category": "g",
        "source": "tv",
        "shortable": true,
        "exchange_name": "NYSE",
        "market_cap": 683.2617,
        "existing": false
    },
    {
        "symbol": "CHSN",
        "company": "Chanson International Holding",
        "change_pct": 7.97,
        "premarket": 2.04,
        "volume": 100,
        "category": "g",
        "source": "tv",
        "shortable": false,
        "exchange_name": "NASD",
        "market_cap": 23.4171,
        "existing": false
    },
    {
        "symbol": "PRSO",
        "company": "Peraso Inc.",
        "change_pct": 7.93,
        "premarket": 0.3238,
        "volume": 29264,
        "category": "g",
        "source": "tv",
        "shortable": true,
        "exchange_name": "NASD",
        "market_cap": 4.28088,
        "existing": false
    }
]