[
    {
        "symbol": "GXAI",
        "company": "Gaxos.ai Inc.",
        "change_pct": 370.24,
        "premarket": 1.1991,
        "volume": 24391000,
        "category": "g",
        "source": "tv",
        "shortable": false,
        "exchange_name": "NASD",
        "market_cap": 8.38294,
        "existing": false
    },
    {
        "symbol": "HTOO",
        "company": "Fusion Fuel Green PLC",
        "change_pct": 243.33,
        "premarket": 4.12,
        "volume": 38602000,
        "category": "g",
        "source": "tv",
        "shortable": true,
        "exchange_name": "NASD",
        "market_cap": 33.66413,
        "existing": false
    },
    {
        "symbol": "CPOP",
        "company": "Pop Culture Group Co., Ltd",
        "change_pct": 201.5,
        "premarket": 4.01,
        "volume": 8442000,
        "category": "g",
        "source": "tv",
        "shortable": false,
        "exchange_name": "NASD",
        "market_cap": 6.46346,
        "existing": false
    },
    {
        "symbol": "LICN",
        "company": "Lichen China Limited",
        "change_pct": 35.45,
        "premarket": 1.49,
        "volume": 5545000,
        "category": "g",
        "source": "tv",
        "shortable": true,
        "exchange_name": "NASD",
        "market_cap": 36.835,
        "existing": false
    },
    {
        "symbol": "BITE",
        "company": "Bite Acquisition Corp.",
        "change_pct": 31.87,
        "premarket": 14.15,
        "volume": 2935,
        "category": "g",
        "source": "tv",
        "shortable": true,
        "exchange_name": "AMEX",
        "market_cap": 262.81,
        "existing": false
    },
    {
        "symbol": "RCRT",
        "company": "Recruiter.com Group, Inc.",
        "change_pct": 30.84,
        "premarket": 2.8,
        "volume": 500,
        "category": "g",
        "source": "tv",
        "shortable": false,
        "exchange_name": "NASD",
        "market_cap": 3.12605,
        "existing": false
    },
    {
        "symbol": "AMIX",
        "company": "Autonomix Medical, Inc.",
        "change_pct": 26.32,
        "premarket": 4.8,
        "volume": 38585,
        "category": "g",
        "source": "tv",
        "shortable": false,
        "exchange_name": "NASD",
        "market_cap": 70.10152,
        "existing": false
    },
    {
        "symbol": "OCG",
        "company": "Oriental Culture Holding LTD",
        "change_pct": 24.67,
        "premarket": 1.87,
        "volume": 1169000,
        "category": "g",
        "source": "tv",
        "shortable": false,
        "exchange_name": "NASD",
        "market_cap": 5.63797,
        "existing": false
    },
    {
        "symbol": "SANW",
        "company": "S&W Seed Company",
        "change_pct": 22.6,
        "premarket": 0.6,
        "volume": 2987,
        "category": "g",
        "source": "tv",
        "shortable": true,
        "exchange_name": "NASD",
        "market_cap": 27.07167,
        "existing": false
    },
    {
        "symbol": "PRAA",
        "company": "PRA Group, Inc.",
        "change_pct": 21.99,
        "premarket": 29.9,
        "volume": 2400,
        "category": "g",
        "source": "tv",
        "shortable": true,
        "exchange_name": "NASD",
        "market_cap": 1098.836,
        "existing": false
    },
    {
        "symbol": "UK",
        "company": "Ucommune International Ltd",
        "change_pct": 21.74,
        "premarket": 2.8,
        "volume": 135405,
        "category": "g",
        "source": "tv",
        "shortable": false,
        "exchange_name": "NASD",
        "market_cap": 1.50305,
        "existing": false
    },
    {
        "symbol": "TTD",
        "company": "The Trade Desk, Inc.",
        "change_pct": 18.19,
        "premarket": 89.48,
        "volume": 494479,
        "category": "g",
        "source": "tv",
        "shortable": true,
        "exchange_name": "NASD",
        "market_cap": 43602.11,
        "existing": false
    },
    {
        "symbol": "BMR",
        "company": "Beamr Imaging Ltd.",
        "change_pct": 17.5,
        "premarket": 11.75,
        "volume": 617320,
        "category": "g",
        "source": "tv",
        "shortable": true,
        "exchange_name": "NASD",
        "market_cap": 200.4115,
        "existing": false
    },
    {
        "symbol": "LUNR",
        "company": "Intuitive Machines, Inc.",
        "change_pct": 16.57,
        "premarket": 7.81,
        "volume": 1548000,
        "category": "g",
        "source": "tv",
        "shortable": true,
        "exchange_name": "NASD",
        "market_cap": 732.9666,
        "existing": false
    },
    {
        "symbol": "WAFU",
        "company": "Wah Fu Education Group Limited",
        "change_pct": 15.7,
        "premarket": 2.58,
        "volume": 1906000,
        "category": "g",
        "source": "tv",
        "shortable": true,
        "exchange_name": "NASD",
        "market_cap": 9.57091,
        "existing": false
    },
    {
        "symbol": "HTCR",
        "company": "Heartcore Enterprises, Inc.",
        "change_pct": 14.21,
        "premarket": 0.6099,
        "volume": 13738,
        "category": "g",
        "source": "tv",
        "shortable": false,
        "exchange_name": "NASD",
        "market_cap": 13.43311,
        "existing": false
    },
    {
        "symbol": "COIN",
        "company": "Coinbase Global, Inc.",
        "change_pct": 14.08,
        "premarket": 189.0,
        "volume": 1247000,
        "category": "g",
        "source": "tv",
        "shortable": true,
        "exchange_name": "NASD",
        "market_cap": 43684.64,
        "existing": false
    },
    {
        "symbol": "SGLY",
        "company": "Singularity Future Technology Ltd.",
        "change_pct": 13.85,
        "premarket": 3.7,
        "volume": 16040,
        "category": "g",
        "source": "tv",
        "shortable": true,
        "exchange_name": "NASD",
        "market_cap": 2.84627,
        "existing": false
    },
    {
        "symbol": "EEIQ",
        "company": "EpicQuest Education Group International Limited",
        "change_pct": 13.73,
        "premarket": 1.32,
        "volume": 2796,
        "category": "g",
        "source": "tv",
        "shortable": false,
        "exchange_name": "NASD",
        "market_cap": 15.87772,
        "existing": false
    },
    {
        "symbol": "TIRX",
        "company": "TIAN RUIXIANG Holdings Ltd",
        "change_pct": 13.71,
        "premarket": 0.6811,
        "volume": 4155000,
        "category": "g",
        "source": "tv",
        "shortable": false,
        "exchange_name": "NASD",
        "market_cap": 2.78353,
        "existing": false
    },
    {
        "symbol": "BLZE",
        "company": "Backblaze, Inc.",
        "change_pct": 13.5,
        "premarket": 9.25,
        "volume": 13711,
        "category": "g",
        "source": "tv",
        "shortable": false,
        "exchange_name": "NASD",
        "market_cap": 444.808,
        "existing": false
    },
    {
        "symbol": "PRST",
        "company": "Presto Automation, Inc.",
        "change_pct": 13.42,
        "premarket": 0.2713,
        "volume": 54589,
        "category": "g",
        "source": "tv",
        "shortable": true,
        "exchange_name": "NASD",
        "market_cap": 17.12249,
        "existing": false
    },
    {
        "symbol": "ADD",
        "company": "Color Star Technology Co., Ltd.",
        "change_pct": 12.9,
        "premarket": 0.35,
        "volume": 358095,
        "category": "g",
        "source": "tv",
        "shortable": true,
        "exchange_name": "NASD",
        "market_cap": 8.50667,
        "existing": false
    },
    {
        "symbol": "TXRH",
        "company": "Texas Roadhouse, Inc.",
        "change_pct": 12.78,
        "premarket": 151.0,
        "volume": 15017,
        "category": "g",
        "source": "tv",
        "shortable": true,
        "exchange_name": "NASD",
        "market_cap": 9863.867,
        "existing": false
    },
    {
        "symbol": "BTOG",
        "company": "Bit Origin Limited",
        "change_pct": 12.56,
        "premarket": 4.66,
        "volume": 14484,
        "category": "g",
        "source": "tv",
        "shortable": false,
        "exchange_name": "NASD",
        "market_cap": 35.47405,
        "existing": false
    },
    {
        "symbol": "DASH",
        "company": "DoorDash, Inc.",
        "change_pct": -11.23,
        "premarket": 112.09,
        "volume": 215194,
        "category": "l",
        "source": "tv",
        "shortable": true,
        "exchange_name": "NASD",
        "market_cap": 46196.19,
        "existing": false
    },
    {
        "symbol": "DKNG",
        "company": "DraftKings Inc.",
        "change_pct": -5.51,
        "premarket": 42.01,
        "volume": 1109000,
        "category": "l",
        "source": "tv",
        "shortable": true,
        "exchange_name": "NASD",
        "market_cap": 20780.4,
        "existing": false
    },
    {
        "symbol": "CNA",
        "company": "CNA Financial Corporation",
        "change_pct": -6.59,
        "premarket": 44.07,
        "volume": 500,
        "category": "l",
        "source": "tv",
        "shortable": true,
        "exchange_name": "NYSE",
        "market_cap": 12041.37,
        "existing": false
    },
    {
        "symbol": "ROKU",
        "company": "Roku, Inc.",
        "change_pct": -18.6,
        "premarket": 76.92,
        "volume": 965913,
        "category": "l",
        "source": "tv",
        "shortable": true,
        "exchange_name": "NASD",
        "market_cap": 10259.7,
        "existing": false
    },
    {
        "symbol": "DBX",
        "company": "Dropbox, Inc.",
        "change_pct": -14.26,
        "premarket": 27.9,
        "volume": 881790,
        "category": "l",
        "source": "tv",
        "shortable": true,
        "exchange_name": "NASD",
        "market_cap": 8671.62,
        "existing": false
    },
    {
        "symbol": "USM",
        "company": "United States Cellular Corporation",
        "change_pct": -5.32,
        "premarket": 39.5,
        "volume": 1378,
        "category": "l",
        "source": "tv",
        "shortable": true,
        "exchange_name": "NYSE",
        "market_cap": 2930.8,
        "existing": false
    },
    {
        "symbol": "YELP",
        "company": "Yelp Inc.",
        "change_pct": -14.4,
        "premarket": 38.0,
        "volume": 47168,
        "category": "l",
        "source": "tv",
        "shortable": true,
        "exchange_name": "NYSE",
        "market_cap": 2603.335,
        "existing": false
    },
    {
        "symbol": "MTX",
        "company": "Minerals Technologies Inc.",
        "change_pct": -4.99,
        "premarket": 69.07,
        "volume": 300,
        "category": "l",
        "source": "tv",
        "shortable": true,
        "exchange_name": "NYSE",
        "market_cap": 2356.176,
        "existing": false
    },
    {
        "symbol": "AMN",
        "company": "AMN Healthcare Services Inc",
        "change_pct": -12.28,
        "premarket": 68.1,
        "volume": 8972,
        "category": "l",
        "source": "tv",
        "shortable": true,
        "exchange_name": "NYSE",
        "market_cap": 2331.212,
        "existing": false
    },
    {
        "symbol": "BE",
        "company": "Bloom Energy Corporation",
        "change_pct": -24.98,
        "premarket": 8.98,
        "volume": 1427000,
        "category": "l",
        "source": "tv",
        "shortable": true,
        "exchange_name": "NYSE",
        "market_cap": 2213.602,
        "existing": false
    },
    {
        "symbol": "OPEN",
        "company": "Opendoor Technologies Inc",
        "change_pct": -5.67,
        "premarket": 3.16,
        "volume": 576642,
        "category": "l",
        "source": "tv",
        "shortable": true,
        "exchange_name": "NASD",
        "market_cap": 2038.925,
        "existing": false
    },
    {
        "symbol": "THS",
        "company": "Treehouse Foods, Inc.",
        "change_pct": -9.92,
        "premarket": 38.5,
        "volume": 21072,
        "category": "l",
        "source": "tv",
        "shortable": true,
        "exchange_name": "NYSE",
        "market_cap": 1997.436,
        "existing": false
    },
    {
        "symbol": "VSTO",
        "company": "Vista Outdoor Inc.",
        "change_pct": -9.14,
        "premarket": 27.55,
        "volume": 199,
        "category": "l",
        "source": "tv",
        "shortable": true,
        "exchange_name": "NYSE",
        "market_cap": 1743.827,
        "existing": false
    },
    {
        "symbol": "PACB",
        "company": "Pacific Biosciences of California, Inc.",
        "change_pct": -4.95,
        "premarket": 6.34,
        "volume": 65085,
        "category": "l",
        "source": "tv",
        "shortable": true,
        "exchange_name": "NASD",
        "market_cap": 1535.128,
        "existing": false
    },
    {
        "symbol": "TDS",
        "company": "Telephone and Data Systems, Inc.",
        "change_pct": -5.86,
        "premarket": 17.36,
        "volume": 6270,
        "category": "l",
        "source": "tv",
        "shortable": true,
        "exchange_name": "NYSE",
        "market_cap": 1488.24,
        "existing": false
    },
    {
        "symbol": "TVGN",
        "company": "Tevogen Bio Holdings Inc.",
        "change_pct": -15.3,
        "premarket": 8.47,
        "volume": 3254,
        "category": "l",
        "source": "tv",
        "shortable": true,
        "exchange_name": "NASD",
        "market_cap": 1471.687,
        "existing": false
    },
    {
        "symbol": "PDFS",
        "company": "PDF Solutions, Inc.",
        "change_pct": -7.32,
        "premarket": 32.4,
        "volume": 835,
        "category": "l",
        "source": "tv",
        "shortable": true,
        "exchange_name": "NASD",
        "market_cap": 1341.827,
        "existing": false
    },
    {
        "symbol": "TRUP",
        "company": "Trupanion, Inc.",
        "change_pct": -23.55,
        "premarket": 26.97,
        "volume": 46436,
        "category": "l",
        "source": "tv",
        "shortable": true,
        "exchange_name": "NASD",
        "market_cap": 950.5536,
        "existing": false
    },
    {
        "symbol": "ORIC",
        "company": "Oric Pharmaceuticals, Inc.",
        "change_pct": -4.98,
        "premarket": 10.69,
        "volume": 125,
        "category": "l",
        "source": "tv",
        "shortable": true,
        "exchange_name": "NASD",
        "market_cap": 754.327,
        "existing": false
    },
    {
        "symbol": "SPWR",
        "company": "SunPower Corporation",
        "change_pct": -10.05,
        "premarket": 3.85,
        "volume": 656168,
        "category": "l",
        "source": "tv",
        "shortable": true,
        "exchange_name": "NASD",
        "market_cap": 634.8071,
        "existing": false
    },
    {
        "symbol": "SNPO",
        "company": "Snap One Holdings Corp.",
        "change_pct": -4.94,
        "premarket": 8.08,
        "volume": 100,
        "category": "l",
        "source": "tv",
        "shortable": true,
        "exchange_name": "NASD",
        "market_cap": 620.6615,
        "existing": false
    },
    {
        "symbol": "MERC",
        "company": "Mercer International Inc.",
        "change_pct": -5.38,
        "premarket": 7.38,
        "volume": 3213,
        "category": "l",
        "source": "tv",
        "shortable": true,
        "exchange_name": "NASD",
        "market_cap": 557.4784,
        "existing": false
    },
    {
        "symbol": "NRIX",
        "company": "Nurix Therapeutics, Inc.",
        "change_pct": -5.99,
        "premarket": 9.26,
        "volume": 11419,
        "category": "l",
        "source": "tv",
        "shortable": true,
        "exchange_name": "NASD",
        "market_cap": 482.5846,
        "existing": false
    },
    {
        "symbol": "IREN",
        "company": "Iris Energy Limited",
        "change_pct": -6.85,
        "premarket": 7.21,
        "volume": 1008000,
        "category": "l",
        "source": "tv",
        "shortable": true,
        "exchange_name": "NASD",
        "market_cap": 456.8854,
        "existing": false
    },
    {
        "symbol": "NPCE",
        "company": "Neuropace, Inc.",
        "change_pct": -4.98,
        "premarket": 15.28,
        "volume": 856,
        "category": "l",
        "source": "tv",
        "shortable": true,
        "exchange_name": "NASD",
        "market_cap": 432.6293,
        "existing": false
    }
]