[
    {
        "symbol": "APM",
        "company": "Aptorum Group Limited Class A",
        "premarket": 9.4,
        "change_pct": 225.29,
        "volume": 3000100,
        "category": "g",
        "source": "cnn",
        "fails": [],
        "shortable": true,
        "exchange_name": "NASD",
        "market_cap": 11.45274,
        "tradeable": true
    },
    {
        "symbol": "IMGN",
        "company": "ImmunoGen, Inc.",
        "premarket": 10.46,
        "change_pct": 101.15,
        "volume": 10000100,
        "category": "g",
        "source": "cnn",
        "fails": [],
        "shortable": true,
        "exchange_name": "NASD",
        "market_cap": 1175.566,
        "tradeable": true
    },
    {
        "symbol": "ZVZZT",
        "company": "SUPERMONTAGE TEST",
        "premarket": 21.99,
        "change_pct": 69.15,
        "volume": 17000,
        "category": "g",
        "source": "cnn",
        "fails": [
            "symbol_length"
        ],
        "shortable": false,
        "exchange_name": "NASD",
        "market_cap": -1.0,
        "tradeable": false
    },
    {
        "symbol": "KRBP",
        "company": "Kiromic Biopharma, Inc.",
        "premarket": 5.63,
        "change_pct": 57.7,
        "volume": 675000,
        "category": "g",
        "source": "cnn",
        "fails": [],
        "shortable": false,
        "exchange_name": "NASD",
        "market_cap": 3.4959,
        "tradeable": true
    },
    {
        "symbol": "GDC",
        "company": "GD Culture Group Limited",
        "premarket": 4.91,
        "change_pct": 44.41,
        "volume": 1000100,
        "category": "g",
        "source": "cnn",
        "fails": [],
        "shortable": true,
        "exchange_name": "NASD",
        "market_cap": 5.81925,
        "tradeable": true
    },
    {
        "symbol": "RUTH",
        "company": "Ruth's Hospitality Group, Inc.",
        "premarket": 21.43,
        "change_pct": 33.69,
        "volume": 1000100,
        "category": "g",
        "source": "cnn",
        "fails": [],
        "shortable": true,
        "exchange_name": "NASD",
        "market_cap": 525.7194,
        "tradeable": true
    },
    {
        "symbol": "MOGU",
        "company": "Mogu, Inc. Sponsored ADR Class A",
        "premarket": 3.46,
        "change_pct": 28.62,
        "volume": 184000,
        "category": "g",
        "source": "cnn",
        "fails": [],
        "shortable": true,
        "exchange_name": "NYSE",
        "market_cap": 22.36386,
        "tradeable": true
    },
    {
        "symbol": "MDXG",
        "company": "MiMedx Group, Inc.",
        "premarket": 4.6,
        "change_pct": 20.73,
        "volume": 3000,
        "category": "g",
        "source": "cnn",
        "fails": [],
        "shortable": true,
        "exchange_name": "NASD",
        "market_cap": 434.6566,
        "tradeable": true
    },
    {
        "symbol": "RELI",
        "company": "Reliance Global Group, Inc.",
        "premarket": 4.19,
        "change_pct": 17.7,
        "volume": 7000,
        "category": "g",
        "source": "cnn",
        "fails": [],
        "shortable": true,
        "exchange_name": "NASD",
        "market_cap": 5.57513,
        "tradeable": true
    },
    {
        "symbol": "MGTX",
        "company": "MeiraGTx Holdings Plc",
        "premarket": 6.07,
        "change_pct": 16.96,
        "volume": 3000,
        "category": "g",
        "source": "cnn",
        "fails": [],
        "shortable": true,
        "exchange_name": "NASD",
        "market_cap": 252.89,
        "tradeable": true
    },
    {
        "symbol": "STRO",
        "company": "Sutro Biopharma, Inc.",
        "premarket": 5.35,
        "change_pct": 16.3,
        "volume": 18000,
        "category": "g",
        "source": "cnn",
        "fails": [],
        "shortable": true,
        "exchange_name": "NASD",
        "market_cap": 276.8827,
        "tradeable": true
    },
    {
        "symbol": "APM",
        "company": "Aptorum Group Limited Class A",
        "premarket": 9.4,
        "change_pct": -225.29,
        "volume": 3000100,
        "category": "l",
        "source": "cnn",
        "fails": [],
        "shortable": true,
        "exchange_name": "NASD",
        "market_cap": 11.45274,
        "tradeable": true
    },
    {
        "symbol": "IMGN",
        "company": "ImmunoGen, Inc.",
        "premarket": 10.46,
        "change_pct": -101.15,
        "volume": 10000100,
        "category": "l",
        "source": "cnn",
        "fails": [],
        "shortable": true,
        "exchange_name": "NASD",
        "market_cap": 1175.566,
        "tradeable": true
    },
    {
        "symbol": "ZVZZT",
        "company": "SUPERMONTAGE TEST",
        "premarket": 21.99,
        "change_pct": -69.15,
        "volume": 17000,
        "category": "l",
        "source": "cnn",
        "fails": [
            "symbol_length",
            "is_shortable"
        ],
        "shortable": false,
        "exchange_name": "NASD",
        "market_cap": -1.0,
        "tradeable": false
    },
    {
        "symbol": "KRBP",
        "company": "Kiromic Biopharma, Inc.",
        "premarket": 5.63,
        "change_pct": -57.7,
        "volume": 675000,
        "category": "l",
        "source": "cnn",
        "fails": [
            "is_shortable"
        ],
        "shortable": false,
        "exchange_name": "NASD",
        "market_cap": 3.4959,
        "tradeable": false
    },
    {
        "symbol": "GDC",
        "company": "GD Culture Group Limited",
        "premarket": 4.91,
        "change_pct": -44.41,
        "volume": 1000100,
        "category": "l",
        "source": "cnn",
        "fails": [],
        "shortable": true,
        "exchange_name": "NASD",
        "market_cap": 5.81925,
        "tradeable": true
    },
    {
        "symbol": "RUTH",
        "company": "Ruth's Hospitality Group, Inc.",
        "premarket": 21.43,
        "change_pct": -33.69,
        "volume": 1000100,
        "category": "l",
        "source": "cnn",
        "fails": [],
        "shortable": true,
        "exchange_name": "NASD",
        "market_cap": 525.7194,
        "tradeable": true
    },
    {
        "symbol": "MOGU",
        "company": "Mogu, Inc. Sponsored ADR Class A",
        "premarket": 3.46,
        "change_pct": -28.62,
        "volume": 184000,
        "category": "l",
        "source": "cnn",
        "fails": [],
        "shortable": true,
        "exchange_name": "NYSE",
        "market_cap": 22.36386,
        "tradeable": true
    },
    {
        "symbol": "MDXG",
        "company": "MiMedx Group, Inc.",
        "premarket": 4.6,
        "change_pct": -20.73,
        "volume": 3000,
        "category": "l",
        "source": "cnn",
        "fails": [],
        "shortable": true,
        "exchange_name": "NASD",
        "market_cap": 434.6566,
        "tradeable": true
    },
    {
        "symbol": "RELI",
        "company": "Reliance Global Group, Inc.",
        "premarket": 4.19,
        "change_pct": -17.7,
        "volume": 7000,
        "category": "l",
        "source": "cnn",
        "fails": [],
        "shortable": true,
        "exchange_name": "NASD",
        "market_cap": 5.57513,
        "tradeable": true
    },
    {
        "symbol": "MGTX",
        "company": "MeiraGTx Holdings Plc",
        "premarket": 6.07,
        "change_pct": -16.96,
        "volume": 3000,
        "category": "l",
        "source": "cnn",
        "fails": [],
        "shortable": true,
        "exchange_name": "NASD",
        "market_cap": 252.89,
        "tradeable": true
    },
    {
        "symbol": "STRO",
        "company": "Sutro Biopharma, Inc.",
        "premarket": 5.35,
        "change_pct": -16.3,
        "volume": 18000,
        "category": "l",
        "source": "cnn",
        "fails": [],
        "shortable": true,
        "exchange_name": "NASD",
        "market_cap": 276.8827,
        "tradeable": true
    }
]