[
    {
        "symbol": "VERO",
        "company": "Venus Concept Inc.",
        "change_pct": 71.55,
        "premarket": 4.1,
        "volume": 19540000,
        "category": "g",
        "source": "tv",
        "shortable": true,
        "exchange_name": "NASDAQ",
        "market_cap": 3404323,
        "existing": false
    },
    {
        "symbol": "NAMM",
        "company": "Hennessy Capital Investment Corp. VI",
        "change_pct": 53.51,
        "premarket": 17.5,
        "volume": 22080,
        "category": "g",
        "source": "tv",
        "shortable": true,
        "exchange_name": "NASDAQ",
        "market_cap": 0,
        "existing": false
    },
    {
        "symbol": "BJDX",
        "company": "Bluejay Diagnostics, Inc.",
        "change_pct": 45.39,
        "premarket": 2.21,
        "volume": 17290000,
        "category": "g",
        "source": "tv",
        "shortable": true,
        "exchange_name": "NASDAQ",
        "market_cap": 2659643,
        "existing": false
    },
    {
        "symbol": "EYEN",
        "company": "Eyenovia, Inc.",
        "change_pct": 43.03,
        "premarket": 4.49,
        "volume": 6930000,
        "category": "g",
        "source": "tv",
        "shortable": true,
        "exchange_name": "NASDAQ",
        "market_cap": 5996240,
        "existing": false
    },
    {
        "symbol": "WBUY",
        "company": "WEBUY GLOBAL LTD.",
        "change_pct": 35.87,
        "premarket": 6.25,
        "volume": 1140000,
        "category": "g",
        "source": "tv",
        "shortable": true,
        "exchange_name": "NASDAQ",
        "market_cap": 2871218,
        "existing": false
    },
    {
        "symbol": "BBGI",
        "company": "Beasley Broadcast Group, Inc.",
        "change_pct": 34.61,
        "premarket": 5.99,
        "volume": 214,
        "category": "g",
        "source": "tv",
        "shortable": true,
        "exchange_name": "NASDAQ",
        "market_cap": 8250191,
        "existing": false
    },
    {
        "symbol": "TGE",
        "company": "The Generation Essentials Group",
        "change_pct": 29.58,
        "premarket": 13.01,
        "volume": 384640,
        "category": "g",
        "source": "tv",
        "shortable": true,
        "exchange_name": "NYSE",
        "market_cap": 0,
        "existing": false
    },
    {
        "symbol": "RENT",
        "company": "Rent the Runway, Inc.",
        "change_pct": 28.93,
        "premarket": 8.69,
        "volume": 428390,
        "category": "g",
        "source": "tv",
        "shortable": true,
        "exchange_name": "NASDAQ",
        "market_cap": 26142272,
        "existing": false
    },
    {
        "symbol": "VEEE",
        "company": "Twin Vee PowerCats Co.",
        "change_pct": 24.78,
        "premarket": 2.87,
        "volume": 9230000,
        "category": "g",
        "source": "tv",
        "shortable": false,
        "exchange_name": "NASDAQ",
        "market_cap": 3435660,
        "existing": false
    },
    {
        "symbol": "HSDT",
        "company": "Helius Medical Technologies, Inc.",
        "change_pct": 21.05,
        "premarket": 1.38,
        "volume": 8560000,
        "category": "g",
        "source": "tv",
        "shortable": true,
        "exchange_name": "NASDAQ",
        "market_cap": 1726709,
        "existing": false
    },
    {
        "symbol": "CHGG",
        "company": "Chegg, Inc.",
        "change_pct": 18.18,
        "premarket": 1.43,
        "volume": 1190000,
        "category": "g",
        "source": "tv",
        "shortable": true,
        "exchange_name": "NYSE",
        "market_cap": 133213065,
        "existing": false
    },
    {
        "symbol": "NX",
        "company": "Quanex Building Products Corporation",
        "change_pct": 17.03,
        "premarket": 20.0,
        "volume": 16190,
        "category": "g",
        "source": "tv",
        "shortable": true,
        "exchange_name": "NYSE",
        "market_cap": 805636050,
        "existing": false
    },
    {
        "symbol": "CLYM",
        "company": "Climb Bio, Inc.",
        "change_pct": 16.94,
        "premarket": 1.45,
        "volume": 81660,
        "category": "g",
        "source": "tv",
        "shortable": true,
        "exchange_name": "NASDAQ",
        "market_cap": 87172739,
        "existing": false
    },
    {
        "symbol": "BRLS",
        "company": "Borealis Foods Inc.",
        "change_pct": 15.65,
        "premarket": 3.99,
        "volume": 100,
        "category": "g",
        "source": "tv",
        "shortable": true,
        "exchange_name": "NASDAQ",
        "market_cap": 77956094,
        "existing": false
    },
    {
        "symbol": "CRCL",
        "company": "Circle Internet Group, Inc.",
        "change_pct": 15.48,
        "premarket": 96.11,
        "volume": 1900000,
        "category": "g",
        "source": "tv",
        "shortable": true,
        "exchange_name": "NYSE",
        "market_cap": 6836743565,
        "existing": false
    },
    {
        "symbol": "REKR",
        "company": "Rekor Systems, Inc.",
        "change_pct": 13.7,
        "premarket": 1.66,
        "volume": 758030,
        "category": "g",
        "source": "tv",
        "shortable": true,
        "exchange_name": "NASDAQ",
        "market_cap": 188563515,
        "existing": false
    },
    {
        "symbol": "OMH",
        "company": "Ohmyhome Limited",
        "change_pct": 13.21,
        "premarket": 1.2,
        "volume": 284280,
        "category": "g",
        "source": "tv",
        "shortable": true,
        "exchange_name": "NASDAQ",
        "market_cap": 10295142,
        "existing": false
    },
    {
        "symbol": "DGNX",
        "company": "Diginex Limited",
        "change_pct": 12.64,
        "premarket": 47.87,
        "volume": 200,
        "category": "g",
        "source": "tv",
        "shortable": true,
        "exchange_name": "NASDAQ",
        "market_cap": 1054953846,
        "existing": false
    },
    {
        "symbol": "JDZG",
        "company": "JIADE LIMITED",
        "change_pct": 12.22,
        "premarket": 0.384,
        "volume": 23360,
        "category": "g",
        "source": "tv",
        "shortable": true,
        "exchange_name": "NASDAQ",
        "market_cap": 15214445,
        "existing": false
    },
    {
        "symbol": "MULN",
        "company": "Mullen Automotive, Inc.",
        "change_pct": 11.59,
        "premarket": 9.05,
        "volume": 279210,
        "category": "g",
        "source": "tv",
        "shortable": true,
        "exchange_name": "NASDAQ",
        "market_cap": 8716459,
        "existing": false
    },
    {
        "symbol": "LULU",
        "company": "lululemon athletica inc.",
        "change_pct": -18.98,
        "premarket": 268.0,
        "volume": 373590,
        "category": "l",
        "source": "tv",
        "shortable": true,
        "exchange_name": "NASDAQ",
        "market_cap": 40273250787,
        "existing": false
    },
    {
        "symbol": "IOT",
        "company": "Samsara Inc.",
        "change_pct": -11.89,
        "premarket": 41.63,
        "volume": 419670,
        "category": "l",
        "source": "tv",
        "shortable": true,
        "exchange_name": "NYSE",
        "market_cap": 26605068943,
        "existing": false
    },
    {
        "symbol": "DOCU",
        "company": "DocuSign, Inc.",
        "change_pct": -18.71,
        "premarket": 75.52,
        "volume": 906120,
        "category": "l",
        "source": "tv",
        "shortable": true,
        "exchange_name": "NASDAQ",
        "market_cap": 19002840324,
        "existing": false
    },
    {
        "symbol": "MOS",
        "company": "Mosaic Company (The)",
        "change_pct": -5.27,
        "premarket": 34.48,
        "volume": 47860,
        "category": "l",
        "source": "tv",
        "shortable": true,
        "exchange_name": "NYSE",
        "market_cap": 11680438019,
        "existing": false
    },
    {
        "symbol": "TTAN",
        "company": "ServiceTitan, Inc.",
        "change_pct": -12.95,
        "premarket": 99.72,
        "volume": 97170,
        "category": "l",
        "source": "tv",
        "shortable": true,
        "exchange_name": "NASDAQ",
        "market_cap": 10397374622,
        "existing": false
    },
    {
        "symbol": "BRZE",
        "company": "Braze, Inc.",
        "change_pct": -5.82,
        "premarket": 34.0,
        "volume": 7620,
        "category": "l",
        "source": "tv",
        "shortable": true,
        "exchange_name": "NASDAQ",
        "market_cap": 3839178929,
        "existing": false
    },
    {
        "symbol": "VERA",
        "company": "Vera Therapeutics, Inc.",
        "change_pct": -30.27,
        "premarket": 21.36,
        "volume": 1430000,
        "category": "l",
        "source": "tv",
        "shortable": true,
        "exchange_name": "NASDAQ",
        "market_cap": 2040454185,
        "existing": false
    },
    {
        "symbol": "GEL",
        "company": "Genesis Energy, L.P.",
        "change_pct": -4.91,
        "premarket": 14.73,
        "volume": 500,
        "category": "l",
        "source": "tv",
        "shortable": true,
        "exchange_name": "NYSE",
        "market_cap": 1907994074,
        "existing": false
    },
    {
        "symbol": "NTB",
        "company": "Bank of N.T. Butterfield & Son Limited (The) Voting",
        "change_pct": -4.4,
        "premarket": 40.81,
        "volume": 100,
        "category": "l",
        "source": "tv",
        "shortable": true,
        "exchange_name": "NYSE",
        "market_cap": 1810839717,
        "existing": false
    },
    {
        "symbol": "GIII",
        "company": "G-III Apparel Group, LTD.",
        "change_pct": -6.04,
        "premarket": 26.0,
        "volume": 8130,
        "category": "l",
        "source": "tv",
        "shortable": true,
        "exchange_name": "NASDAQ",
        "market_cap": 1229524011,
        "existing": false
    },
    {
        "symbol": "WOOF",
        "company": "Petco Health and Wellness Company, Inc.",
        "change_pct": -8.84,
        "premarket": 3.3,
        "volume": 25020,
        "category": "l",
        "source": "tv",
        "shortable": true,
        "exchange_name": "NASDAQ",
        "market_cap": 993196731,
        "existing": false
    },
    {
        "symbol": "CELC",
        "company": "Celcuity Inc.",
        "change_pct": -4.92,
        "premarket": 11.2,
        "volume": 125,
        "category": "l",
        "source": "tv",
        "shortable": true,
        "exchange_name": "NASDAQ",
        "market_cap": 453638968,
        "existing": false
    },
    {
        "symbol": "CTKB",
        "company": "Cytek Biosciences, Inc.",
        "change_pct": -9.74,
        "premarket": 3.01,
        "volume": 1500,
        "category": "l",
        "source": "tv",
        "shortable": true,
        "exchange_name": "NASDAQ",
        "market_cap": 430641266,
        "existing": false
    },
    {
        "symbol": "BBCP",
        "company": "Concrete Pumping Holdings, Inc.",
        "change_pct": -11.85,
        "premarket": 6.25,
        "volume": 1900,
        "category": "l",
        "source": "tv",
        "shortable": true,
        "exchange_name": "NASDAQ",
        "market_cap": 376661709,
        "existing": false
    },
    {
        "symbol": "LIMN",
        "company": "Liminatus Pharma, Inc.",
        "change_pct": -17.07,
        "premarket": 20.4,
        "volume": 6600,
        "category": "l",
        "source": "tv",
        "shortable": true,
        "exchange_name": "NASDAQ",
        "market_cap": 330645985,
        "existing": false
    },
    {
        "symbol": "SKBL",
        "company": "Skyline Builders Group Holding Limited",
        "change_pct": -6.14,
        "premarket": 9.63,
        "volume": 2300,
        "category": "l",
        "source": "tv",
        "shortable": true,
        "exchange_name": "NASDAQ",
        "market_cap": 310108500,
        "existing": false
    },
    {
        "symbol": "ZJK",
        "company": "ZJK Industrial Co., Ltd.",
        "change_pct": -17.22,
        "premarket": 4.47,
        "volume": 104180,
        "category": "l",
        "source": "tv",
        "shortable": true,
        "exchange_name": "NASDAQ",
        "market_cap": 295857620,
        "existing": false
    },
    {
        "symbol": "PRTA",
        "company": "Prothena Corporation plc",
        "change_pct": -5.1,
        "premarket": 4.8,
        "volume": 320,
        "category": "l",
        "source": "tv",
        "shortable": true,
        "exchange_name": "NASDAQ",
        "market_cap": 262675672,
        "existing": false
    },
    {
        "symbol": "ZUMZ",
        "company": "Zumiez Inc.",
        "change_pct": -5.29,
        "premarket": 12.18,
        "volume": 500,
        "category": "l",
        "source": "tv",
        "shortable": true,
        "exchange_name": "NASDAQ",
        "market_cap": 246157174,
        "existing": false
    },
    {
        "symbol": "MFH",
        "company": "Mercurity Fintech Holding Inc. - American",
        "change_pct": -4.53,
        "premarket": 4.0,
        "volume": 640,
        "category": "l",
        "source": "tv",
        "shortable": true,
        "exchange_name": "NASDAQ",
        "market_cap": 241372073,
        "existing": false
    }
]