[
    {
        "symbol": "FOXO",
        "company": "FOXO Technologies Inc.",
        "change_pct": 211.27,
        "premarket": 1.98,
        "volume": 42050000,
        "category": "g",
        "source": "tv",
        "shortable": true,
        "exchange_name": "NYSE American",
        "market_cap": 2589711,
        "existing": false
    },
    {
        "symbol": "MRIN",
        "company": "Marin Software Incorporated",
        "change_pct": 122.65,
        "premarket": 1.4098,
        "volume": 31740000,
        "category": "g",
        "source": "tv",
        "shortable": true,
        "exchange_name": "NASDAQ",
        "market_cap": 1763474,
        "existing": false
    },
    {
        "symbol": "BLMZ",
        "company": "BloomZ Inc.",
        "change_pct": 94.96,
        "premarket": 0.3521,
        "volume": 42590000,
        "category": "g",
        "source": "tv",
        "shortable": true,
        "exchange_name": "NASDAQ",
        "market_cap": 2245462,
        "existing": false
    },
    {
        "symbol": "KTTA",
        "company": "Pasithea Therapeutics Corp.",
        "change_pct": 65.49,
        "premarket": 2.35,
        "volume": 26210000,
        "category": "g",
        "source": "tv",
        "shortable": true,
        "exchange_name": "NASDAQ",
        "market_cap": 3787368,
        "existing": false
    },
    {
        "symbol": "SXTC",
        "company": "China SXT Pharmaceuticals, Inc.",
        "change_pct": 39.72,
        "premarket": 1.97,
        "volume": 12540000,
        "category": "g",
        "source": "tv",
        "shortable": true,
        "exchange_name": "NASDAQ",
        "market_cap": 31380251,
        "existing": false
    },
    {
        "symbol": "FARO",
        "company": "FARO Technologies, Inc.",
        "change_pct": 34.82,
        "premarket": 42.4,
        "volume": 96440,
        "category": "g",
        "source": "tv",
        "shortable": true,
        "exchange_name": "NASDAQ",
        "market_cap": 592360454,
        "existing": false
    },
    {
        "symbol": "LCUT",
        "company": "Lifetime Brands, Inc.",
        "change_pct": 21.39,
        "premarket": 4.2,
        "volume": 232,
        "category": "g",
        "source": "tv",
        "shortable": true,
        "exchange_name": "NASDAQ",
        "market_cap": 80242137,
        "existing": false
    },
    {
        "symbol": "SLGL",
        "company": "Sol-Gel Technologies Ltd.",
        "change_pct": 18.78,
        "premarket": 5.25,
        "volume": 479,
        "category": "g",
        "source": "tv",
        "shortable": true,
        "exchange_name": "NASDAQ",
        "market_cap": 20336062,
        "existing": false
    },
    {
        "symbol": "TDUP",
        "company": "ThredUp Inc.",
        "change_pct": 17.79,
        "premarket": 5.23,
        "volume": 143070,
        "category": "g",
        "source": "tv",
        "shortable": true,
        "exchange_name": "NASDAQ",
        "market_cap": 520591069,
        "existing": false
    },
    {
        "symbol": "PRPL",
        "company": "Purple Innovation, Inc.",
        "change_pct": 17.56,
        "premarket": 0.78,
        "volume": 138410,
        "category": "g",
        "source": "tv",
        "shortable": true,
        "exchange_name": "NASDAQ",
        "market_cap": 71501941,
        "existing": false
    },
    {
        "symbol": "CCLD",
        "company": "CareCloud, Inc.",
        "change_pct": 17.14,
        "premarket": 2.05,
        "volume": 84170,
        "category": "g",
        "source": "tv",
        "shortable": true,
        "exchange_name": "NASDAQ",
        "market_cap": 79775328,
        "existing": false
    },
    {
        "symbol": "SUGP",
        "company": "SU Group Holdings Limited",
        "change_pct": 17.05,
        "premarket": 0.7399,
        "volume": 600,
        "category": "g",
        "source": "tv",
        "shortable": true,
        "exchange_name": "NASDAQ",
        "market_cap": 8897018,
        "existing": false
    },
    {
        "symbol": "AHCO",
        "company": "AdaptHealth Corp.",
        "change_pct": 16.67,
        "premarket": 10.15,
        "volume": 21450,
        "category": "g",
        "source": "tv",
        "shortable": true,
        "exchange_name": "NASDAQ",
        "market_cap": 1184132356,
        "existing": false
    },
    {
        "symbol": "GLMD",
        "company": "Galmed Pharmaceuticals Ltd.",
        "change_pct": 16.67,
        "premarket": 1.54,
        "volume": 10940000,
        "category": "g",
        "source": "tv",
        "shortable": true,
        "exchange_name": "NASDAQ",
        "market_cap": 2822542,
        "existing": false
    },
    {
        "symbol": "CWD",
        "company": "CaliberCos Inc.",
        "change_pct": 16.46,
        "premarket": 5.73,
        "volume": 13980,
        "category": "g",
        "source": "tv",
        "shortable": true,
        "exchange_name": "NASDAQ",
        "market_cap": 6093824,
        "existing": false
    },
    {
        "symbol": "AREB",
        "company": "American Rebel Holdings, Inc.",
        "change_pct": 16.38,
        "premarket": 3.41,
        "volume": 2180000,
        "category": "g",
        "source": "tv",
        "shortable": true,
        "exchange_name": "NASDAQ",
        "market_cap": 3131639,
        "existing": false
    },
    {
        "symbol": "ACTU",
        "company": "Actuate Therapeutics, Inc.",
        "change_pct": 15.98,
        "premarket": 11.47,
        "volume": 9790,
        "category": "g",
        "source": "tv",
        "shortable": true,
        "exchange_name": "NASDAQ",
        "market_cap": 205668127,
        "existing": false
    },
    {
        "symbol": "BGI",
        "company": "Birks Group Inc.",
        "change_pct": 15.71,
        "premarket": 1.0299,
        "volume": 6800,
        "category": "g",
        "source": "tv",
        "shortable": true,
        "exchange_name": "NYSE American",
        "market_cap": 18345792,
        "existing": false
    },
    {
        "symbol": "PAPL",
        "company": "Pineapple Financial Inc.",
        "change_pct": 15.67,
        "premarket": 0.1469,
        "volume": 5910000,
        "category": "g",
        "source": "tv",
        "shortable": true,
        "exchange_name": "NYSE American",
        "market_cap": 1329745,
        "existing": false
    },
    {
        "symbol": "WW",
        "company": "WW International, Inc.",
        "change_pct": 14.9,
        "premarket": 0.8164,
        "volume": 1820000,
        "category": "g",
        "source": "tv",
        "shortable": true,
        "exchange_name": "NASDAQ",
        "market_cap": 46465700,
        "existing": false
    },
    {
        "symbol": "PLTR",
        "company": "Palantir Technologies Inc.",
        "change_pct": -8.02,
        "premarket": 113.84,
        "volume": 5470000,
        "category": "l",
        "source": "tv",
        "shortable": true,
        "exchange_name": "NASDAQ",
        "market_cap": 293262327634,
        "existing": false
    },
    {
        "symbol": "EXPD",
        "company": "Expeditors International of Washington, Inc.",
        "change_pct": -6.05,
        "premarket": 105.01,
        "volume": 948,
        "category": "l",
        "source": "tv",
        "shortable": true,
        "exchange_name": "NYSE",
        "market_cap": 15510027303,
        "existing": false
    },
    {
        "symbol": "BRBR",
        "company": "BellRing Brands, Inc.",
        "change_pct": -7.31,
        "premarket": 72.7,
        "volume": 1290,
        "category": "l",
        "source": "tv",
        "shortable": true,
        "exchange_name": "NYSE",
        "market_cap": 10124105329,
        "existing": false
    },
    {
        "symbol": "HIMS",
        "company": "Hims & Hers Health, Inc.",
        "change_pct": -6.95,
        "premarket": 38.97,
        "volume": 1530000,
        "category": "l",
        "source": "tv",
        "shortable": true,
        "exchange_name": "NYSE",
        "market_cap": 9130015096,
        "existing": false
    },
    {
        "symbol": "FN",
        "company": "Fabrinet",
        "change_pct": -7.65,
        "premarket": 204.0,
        "volume": 3250,
        "category": "l",
        "source": "tv",
        "shortable": true,
        "exchange_name": "NYSE",
        "market_cap": 7820312765,
        "existing": false
    },
    {
        "symbol": "CORT",
        "company": "Corcept Therapeutics Incorporated",
        "change_pct": -8.71,
        "premarket": 67.5,
        "volume": 13420,
        "category": "l",
        "source": "tv",
        "shortable": true,
        "exchange_name": "NASDAQ",
        "market_cap": 7716871581,
        "existing": false
    },
    {
        "symbol": "KRYS",
        "company": "Krystal Biotech, Inc.",
        "change_pct": -12.5,
        "premarket": 142.0,
        "volume": 14820,
        "category": "l",
        "source": "tv",
        "shortable": true,
        "exchange_name": "NASDAQ",
        "market_cap": 4801759473,
        "existing": false
    },
    {
        "symbol": "IPGP",
        "company": "IPG Photonics Corporation",
        "change_pct": -7.33,
        "premarket": 58.5,
        "volume": 790,
        "category": "l",
        "source": "tv",
        "shortable": true,
        "exchange_name": "NASDAQ",
        "market_cap": 2726137378,
        "existing": false
    },
    {
        "symbol": "GENI",
        "company": "Genius Sports Limited",
        "change_pct": -8.72,
        "premarket": 10.05,
        "volume": 180690,
        "category": "l",
        "source": "tv",
        "shortable": true,
        "exchange_name": "NYSE",
        "market_cap": 2573278385,
        "existing": false
    },
    {
        "symbol": "KLG",
        "company": "WK Kellogg Co",
        "change_pct": -7.83,
        "premarket": 16.0,
        "volume": 10490,
        "category": "l",
        "source": "tv",
        "shortable": true,
        "exchange_name": "NYSE",
        "market_cap": 1545511474,
        "existing": false
    },
    {
        "symbol": "JAMF",
        "company": "Jamf Holding Corp.",
        "change_pct": -9.33,
        "premarket": 10.2,
        "volume": 1300,
        "category": "l",
        "source": "tv",
        "shortable": true,
        "exchange_name": "NASDAQ",
        "market_cap": 1484896350,
        "existing": false
    },
    {
        "symbol": "OMCL",
        "company": "Omnicell, Inc.",
        "change_pct": -9.81,
        "premarket": 27.5,
        "volume": 540,
        "category": "l",
        "source": "tv",
        "shortable": true,
        "exchange_name": "NASDAQ",
        "market_cap": 1459646700,
        "existing": false
    },
    {
        "symbol": "LUCK",
        "company": "Lucky Strike Entertainment Corporation",
        "change_pct": -5.99,
        "premarket": 9.11,
        "volume": 100,
        "category": "l",
        "source": "tv",
        "shortable": true,
        "exchange_name": "NYSE",
        "market_cap": 1381347619,
        "existing": false
    },
    {
        "symbol": "AMPH",
        "company": "Amphastar Pharmaceuticals, Inc.",
        "change_pct": -7.85,
        "premarket": 23.15,
        "volume": 100,
        "category": "l",
        "source": "tv",
        "shortable": true,
        "exchange_name": "NASDAQ",
        "market_cap": 1163803704,
        "existing": false
    },
    {
        "symbol": "WWW",
        "company": "Wolverine World Wide, Inc.",
        "change_pct": -5.68,
        "premarket": 13.41,
        "volume": 600,
        "category": "l",
        "source": "tv",
        "shortable": true,
        "exchange_name": "NYSE",
        "market_cap": 1140969955,
        "existing": false
    },
    {
        "symbol": "FWRG",
        "company": "First Watch Restaurant Group, Inc.",
        "change_pct": -9.78,
        "premarket": 16.79,
        "volume": 3380,
        "category": "l",
        "source": "tv",
        "shortable": true,
        "exchange_name": "NASDAQ",
        "market_cap": 1133407649,
        "existing": false
    },
    {
        "symbol": "HSTM",
        "company": "HealthStream, Inc.",
        "change_pct": -14.68,
        "premarket": 28.36,
        "volume": 1070,
        "category": "l",
        "source": "tv",
        "shortable": true,
        "exchange_name": "NASDAQ",
        "market_cap": 1039995812,
        "existing": false
    },
    {
        "symbol": "KW",
        "company": "Kennedy-Wilson Holdings Inc.",
        "change_pct": -6.73,
        "premarket": 6.1,
        "volume": 500,
        "category": "l",
        "source": "tv",
        "shortable": true,
        "exchange_name": "NYSE",
        "market_cap": 939011425,
        "existing": false
    },
    {
        "symbol": "PRAA",
        "company": "PRA Group, Inc.",
        "change_pct": -11.04,
        "premarket": 17.08,
        "volume": 200,
        "category": "l",
        "source": "tv",
        "shortable": true,
        "exchange_name": "NASDAQ",
        "market_cap": 762534508,
        "existing": false
    },
    {
        "symbol": "ETD",
        "company": "Ethan Allen Interiors Inc.",
        "change_pct": -5.9,
        "premarket": 27.41,
        "volume": 1000,
        "category": "l",
        "source": "tv",
        "shortable": true,
        "exchange_name": "NYSE",
        "market_cap": 748912322,
        "existing": false
    }
]