[
    {
        "symbol": "BGLC",
        "company": "BioNexus Gene Lab Corp",
        "change_pct": 52.98,
        "premarket": 7.45,
        "volume": 2003000,
        "category": "g",
        "source": "tv",
        "shortable": false,
        "exchange_name": "NASD",
        "market_cap": 70.50062,
        "existing": false
    },
    {
        "symbol": "FRTX",
        "company": "Fresh Tracks Therapeutics, Inc.",
        "change_pct": 36.38,
        "premarket": 0.9282,
        "volume": 7729000,
        "category": "g",
        "source": "tv",
        "shortable": true,
        "exchange_name": "NASD",
        "market_cap": 4.01995,
        "existing": false
    },
    {
        "symbol": "GBNH",
        "company": "Greenbrook TMS Inc.",
        "change_pct": 30.24,
        "premarket": 0.4298,
        "volume": 239045,
        "category": "g",
        "source": "tv",
        "shortable": true,
        "exchange_name": "NASD",
        "market_cap": 13.53412,
        "existing": false
    },
    {
        "symbol": "CEI",
        "company": "Camber Energy, Inc.",
        "change_pct": 24.28,
        "premarket": 0.9889,
        "volume": 3879000,
        "category": "g",
        "source": "tv",
        "shortable": true,
        "exchange_name": "AMEX",
        "market_cap": 52.30604,
        "existing": false
    },
    {
        "symbol": "DWAC",
        "company": "Digital World Acquisition Corp.",
        "change_pct": 22.16,
        "premarket": 16.32,
        "volume": 851304,
        "category": "g",
        "source": "tv",
        "shortable": true,
        "exchange_name": "NASD",
        "market_cap": 497.1348,
        "existing": false
    },
    {
        "symbol": "LVWR",
        "company": "LiveWire Group, Inc.",
        "change_pct": 21.36,
        "premarket": 12.5,
        "volume": 100,
        "category": "g",
        "source": "tv",
        "shortable": true,
        "exchange_name": "NYSE",
        "market_cap": 2084.814,
        "existing": false
    },
    {
        "symbol": "LNSR",
        "company": "LENSAR, Inc.",
        "change_pct": 14.62,
        "premarket": 3.92,
        "volume": 200,
        "category": "g",
        "source": "tv",
        "shortable": false,
        "exchange_name": "NASD",
        "market_cap": 38.30244,
        "existing": false
    },
    {
        "symbol": "XGN",
        "company": "Exagen Inc.",
        "change_pct": 13.94,
        "premarket": 2.86,
        "volume": 100,
        "category": "g",
        "source": "tv",
        "shortable": false,
        "exchange_name": "NASD",
        "market_cap": 42.2325,
        "existing": false
    },
    {
        "symbol": "WYY",
        "company": "WidePoint Corporation",
        "change_pct": 13.57,
        "premarket": 2.26,
        "volume": 700,
        "category": "g",
        "source": "tv",
        "shortable": false,
        "exchange_name": "AMEX",
        "market_cap": 46.13232,
        "existing": false
    },
    {
        "symbol": "GFAI",
        "company": "Guardforce AI Co., Limited",
        "change_pct": 11.8,
        "premarket": 7.2,
        "volume": 3616000,
        "category": "g",
        "source": "tv",
        "shortable": true,
        "exchange_name": "NASD",
        "market_cap": 44.32796,
        "existing": false
    },
    {
        "symbol": "LTRY",
        "company": "Lottery.com, Inc.",
        "change_pct": 11.66,
        "premarket": 0.225,
        "volume": 302970,
        "category": "g",
        "source": "tv",
        "shortable": false,
        "exchange_name": "NASD",
        "market_cap": 10.26144,
        "existing": false
    },
    {
        "symbol": "EBS",
        "company": "Emergent Biosolutions, Inc.",
        "change_pct": 11.19,
        "premarket": 7.85,
        "volume": 407893,
        "category": "g",
        "source": "tv",
        "shortable": true,
        "exchange_name": "NYSE",
        "market_cap": 356.1623,
        "existing": false
    },
    {
        "symbol": "TTOO",
        "company": "T2 Biosystems, Inc.",
        "change_pct": 11.09,
        "premarket": 0.1112,
        "volume": 22340000,
        "category": "g",
        "source": "tv",
        "shortable": true,
        "exchange_name": "NASD",
        "market_cap": 29.04859,
        "existing": false
    },
    {
        "symbol": "AGRI",
        "company": "AgriFORCE Growing Systems Ltd.",
        "change_pct": 10.77,
        "premarket": 0.144,
        "volume": 69945,
        "category": "g",
        "source": "tv",
        "shortable": false,
        "exchange_name": "NASD",
        "market_cap": 2.40771,
        "existing": false
    },
    {
        "symbol": "PHUN",
        "company": "Phunware, Inc.",
        "change_pct": 9.62,
        "premarket": 0.425,
        "volume": 770289,
        "category": "g",
        "source": "tv",
        "shortable": true,
        "exchange_name": "NASD",
        "market_cap": 40.57596,
        "existing": false
    },
    {
        "symbol": "TCON",
        "company": "TRACON Pharmaceuticals, Inc.",
        "change_pct": 9.52,
        "premarket": 0.3176,
        "volume": 23390,
        "category": "g",
        "source": "tv",
        "shortable": true,
        "exchange_name": "NASD",
        "market_cap": 6.97724,
        "existing": false
    },
    {
        "symbol": "KA",
        "company": "Kineta, Inc.",
        "change_pct": 9.4,
        "premarket": 2.56,
        "volume": 10905,
        "category": "g",
        "source": "tv",
        "shortable": true,
        "exchange_name": "NASD",
        "market_cap": 22.20949,
        "existing": false
    },
    {
        "symbol": "MRIN",
        "company": "Marin Software Incorporated",
        "change_pct": 9.26,
        "premarket": 0.72,
        "volume": 242380,
        "category": "g",
        "source": "tv",
        "shortable": false,
        "exchange_name": "NASD",
        "market_cap": 11.36649,
        "existing": false
    },
    {
        "symbol": "ELOX",
        "company": "Eloxx Pharmaceuticals, Inc.",
        "change_pct": 9.01,
        "premarket": 7.26,
        "volume": 4240,
        "category": "g",
        "source": "tv",
        "shortable": true,
        "exchange_name": "NASD",
        "market_cap": 14.42793,
        "existing": false
    },
    {
        "symbol": "TWST",
        "company": "Twist Bioscience Corporation",
        "change_pct": 8.93,
        "premarket": 25.5,
        "volume": 210,
        "category": "g",
        "source": "tv",
        "shortable": true,
        "exchange_name": "NASD",
        "market_cap": 1337.813,
        "existing": false
    },
    {
        "symbol": "BIAF",
        "company": "bioAffinity Technologies, Inc.",
        "change_pct": 8.89,
        "premarket": 1.96,
        "volume": 1700,
        "category": "g",
        "source": "tv",
        "shortable": false,
        "exchange_name": "NASD",
        "market_cap": 15.33417,
        "existing": false
    },
    {
        "symbol": "DTST",
        "company": "Data Storage Corporation",
        "change_pct": 8.63,
        "premarket": 2.77,
        "volume": 75254,
        "category": "g",
        "source": "tv",
        "shortable": false,
        "exchange_name": "NASD",
        "market_cap": 17.39642,
        "existing": false
    },
    {
        "symbol": "BNTC",
        "company": "Benitec Biopharma Inc.",
        "change_pct": 8.33,
        "premarket": 0.2199,
        "volume": 25519,
        "category": "g",
        "source": "tv",
        "shortable": true,
        "exchange_name": "NASD",
        "market_cap": 5.68018,
        "existing": false
    },
    {
        "symbol": "RIBT",
        "company": "RiceBran Technologies",
        "change_pct": 8.29,
        "premarket": 0.9237,
        "volume": 200,
        "category": "g",
        "source": "tv",
        "shortable": false,
        "exchange_name": "NASD",
        "market_cap": 5.45274,
        "existing": false
    },
    {
        "symbol": "BTM",
        "company": "Bitcoin Depot Inc.",
        "change_pct": 8.17,
        "premarket": 3.31,
        "volume": 509453,
        "category": "g",
        "source": "tv",
        "shortable": false,
        "exchange_name": "NASD",
        "market_cap": 41.10942,
        "existing": false
    },
    {
        "symbol": "AXP",
        "company": "American Express Company",
        "change_pct": -2.74,
        "premarket": 172.25,
        "volume": 252767,
        "category": "l",
        "source": "tv",
        "shortable": true,
        "exchange_name": "NYSE",
        "market_cap": 131635.4,
        "existing": false
    },
    {
        "symbol": "ISRG",
        "company": "Intuitive Surgical, Inc.",
        "change_pct": -3.64,
        "premarket": 335.0,
        "volume": 27323,
        "category": "l",
        "source": "tv",
        "shortable": true,
        "exchange_name": "NASD",
        "market_cap": 121819.4,
        "existing": false
    },
    {
        "symbol": "SLB",
        "company": "Schlumberger N.V.",
        "change_pct": -2.72,
        "premarket": 55.7,
        "volume": 115879,
        "category": "l",
        "source": "tv",
        "shortable": true,
        "exchange_name": "NYSE",
        "market_cap": 81614.45,
        "existing": false
    },
    {
        "symbol": "CSX",
        "company": "CSX Corporation",
        "change_pct": -3.86,
        "premarket": 32.41,
        "volume": 116352,
        "category": "l",
        "source": "tv",
        "shortable": true,
        "exchange_name": "NASD",
        "market_cap": 68534.28,
        "existing": false
    },
    {
        "symbol": "PPG",
        "company": "PPG Industries, Inc.",
        "change_pct": -2.79,
        "premarket": 145.55,
        "volume": 3255,
        "category": "l",
        "source": "tv",
        "shortable": true,
        "exchange_name": "NYSE",
        "market_cap": 35246.49,
        "existing": false
    },
    {
        "symbol": "SIRI",
        "company": "Sirius XM Holdings Inc.",
        "change_pct": -7.94,
        "premarket": 7.19,
        "volume": 1525000,
        "category": "l",
        "source": "tv",
        "shortable": true,
        "exchange_name": "NASD",
        "market_cap": 30212.2,
        "existing": false
    },
    {
        "symbol": "IPG",
        "company": "Interpublic Group of Companies, Inc. (The)",
        "change_pct": -8.62,
        "premarket": 34.65,
        "volume": 21351,
        "category": "l",
        "source": "tv",
        "shortable": true,
        "exchange_name": "NYSE",
        "market_cap": 14638.36,
        "existing": false
    },
    {
        "symbol": "CYN",
        "company": "Cyngn Inc.",
        "change_pct": -3.92,
        "premarket": 0.8705,
        "volume": 4376,
        "category": "l",
        "source": "tv",
        "shortable": false,
        "exchange_name": "NASD",
        "market_cap": 8934.267,
        "existing": false
    },
    {
        "symbol": "OZK",
        "company": "Bank OZK",
        "change_pct": -3.44,
        "premarket": 43.0,
        "volume": 6246,
        "category": "l",
        "source": "tv",
        "shortable": true,
        "exchange_name": "NASD",
        "market_cap": 5731.542,
        "existing": false
    },
    {
        "symbol": "ENVX",
        "company": "Enovix Corporation",
        "change_pct": -2.71,
        "premarket": 20.5,
        "volume": 174880,
        "category": "l",
        "source": "tv",
        "shortable": true,
        "exchange_name": "NASD",
        "market_cap": 3332.434,
        "existing": false
    },
    {
        "symbol": "MRTX",
        "company": "Mirati Therapeutics, Inc.",
        "change_pct": -8.9,
        "premarket": 30.8,
        "volume": 7363,
        "category": "l",
        "source": "tv",
        "shortable": true,
        "exchange_name": "NASD",
        "market_cap": 1967.298,
        "existing": false
    },
    {
        "symbol": "SGHC",
        "company": "Super Group (SGHC) Limited",
        "change_pct": -5.42,
        "premarket": 3.14,
        "volume": 100,
        "category": "l",
        "source": "tv",
        "shortable": true,
        "exchange_name": "NYSE",
        "market_cap": 1655.059,
        "existing": false
    },
    {
        "symbol": "SCS",
        "company": "Steelcase Inc.",
        "change_pct": -2.92,
        "premarket": 7.67,
        "volume": 100,
        "category": "l",
        "source": "tv",
        "shortable": true,
        "exchange_name": "NYSE",
        "market_cap": 900.6241,
        "existing": false
    },
    {
        "symbol": "LIFW",
        "company": "MSP Recovery, Inc.",
        "change_pct": -9.38,
        "premarket": 0.2356,
        "volume": 719,
        "category": "l",
        "source": "tv",
        "shortable": true,
        "exchange_name": "NASD",
        "market_cap": 890.1698,
        "existing": false
    },
    {
        "symbol": "LDI",
        "company": "loanDepot, Inc.",
        "change_pct": -3.14,
        "premarket": 2.16,
        "volume": 500,
        "category": "l",
        "source": "tv",
        "shortable": true,
        "exchange_name": "NYSE",
        "market_cap": 708.9086,
        "existing": false
    },
    {
        "symbol": "ALPN",
        "company": "Alpine Immune Sciences, Inc.",
        "change_pct": -3.04,
        "premarket": 11.48,
        "volume": 179,
        "category": "l",
        "source": "tv",
        "shortable": true,
        "exchange_name": "NASD",
        "market_cap": 567.9155,
        "existing": false
    },
    {
        "symbol": "ALTG",
        "company": "Alta Equipment Group Inc.",
        "change_pct": -5.41,
        "premarket": 16.45,
        "volume": 43849,
        "category": "l",
        "source": "tv",
        "shortable": true,
        "exchange_name": "NYSE",
        "market_cap": 562.8815,
        "existing": false
    },
    {
        "symbol": "DTC",
        "company": "Solo Brands, Inc.",
        "change_pct": -6.39,
        "premarket": 5.13,
        "volume": 1250,
        "category": "l",
        "source": "tv",
        "shortable": true,
        "exchange_name": "NYSE",
        "market_cap": 527.4695,
        "existing": false
    },
    {
        "symbol": "BRLT",
        "company": "Brilliant Earth Group, Inc.",
        "change_pct": -4.31,
        "premarket": 4.0,
        "volume": 165,
        "category": "l",
        "source": "tv",
        "shortable": true,
        "exchange_name": "NASD",
        "market_cap": 402.3503,
        "existing": false
    },
    {
        "symbol": "VAXX",
        "company": "Vaxxinity, Inc.",
        "change_pct": -3.0,
        "premarket": 2.91,
        "volume": 870,
        "category": "l",
        "source": "tv",
        "shortable": false,
        "exchange_name": "NASD",
        "market_cap": 379.6195,
        "existing": false
    },
    {
        "symbol": "LTCH",
        "company": "Latch, Inc.",
        "change_pct": -2.67,
        "premarket": 1.82,
        "volume": 3800,
        "category": "l",
        "source": "tv",
        "shortable": false,
        "exchange_name": "NASD",
        "market_cap": 326.0298,
        "existing": false
    },
    {
        "symbol": "CMAX",
        "company": "CareMax, Inc.",
        "change_pct": -3.16,
        "premarket": 2.45,
        "volume": 637,
        "category": "l",
        "source": "tv",
        "shortable": true,
        "exchange_name": "NASD",
        "market_cap": 281.7777,
        "existing": false
    },
    {
        "symbol": "RDW",
        "company": "Redwire Corporation",
        "change_pct": -5.44,
        "premarket": 3.45,
        "volume": 1000,
        "category": "l",
        "source": "tv",
        "shortable": true,
        "exchange_name": "NYSE",
        "market_cap": 235.2246,
        "existing": false
    },
    {
        "symbol": "AKBA",
        "company": "Akebia Therapeutics, Inc.",
        "change_pct": -3.62,
        "premarket": 1.19,
        "volume": 300,
        "category": "l",
        "source": "tv",
        "shortable": true,
        "exchange_name": "NASD",
        "market_cap": 228.6916,
        "existing": false
    },
    {
        "symbol": "ATRA",
        "company": "Atara Biotherapeutics, Inc.",
        "change_pct": -3.38,
        "premarket": 2.0,
        "volume": 1000,
        "category": "l",
        "source": "tv",
        "shortable": true,
        "exchange_name": "NASD",
        "market_cap": 202.8026,
        "existing": false
    }
]