[
    {
        "symbol": "STCN",
        "company": "Steel Connect, Inc.",
        "premarket": 10.73,
        "change_pct": 16.88,
        "volume": 8000,
        "category": "g",
        "source": "cnn",
        "shortable": false,
        "exchange_name": "NASD",
        "market_cap": 59.9434,
        "existing": false
    },
    {
        "symbol": "TRUP",
        "company": "Trupanion, Inc.",
        "premarket": 23.8,
        "change_pct": 15.75,
        "volume": 64000,
        "category": "g",
        "source": "cnn",
        "shortable": true,
        "exchange_name": "NASD",
        "market_cap": 847.5937,
        "existing": false
    },
    {
        "symbol": "STG",
        "company": "Sunlands Technology Group Sponsored ADR Class A",
        "premarket": 4.67,
        "change_pct": 14.46,
        "volume": 9000,
        "category": "g",
        "source": "cnn",
        "shortable": true,
        "exchange_name": "NYSE",
        "market_cap": 56.51975,
        "existing": false
    },
    {
        "symbol": "GRI",
        "company": "GRI Bio, Inc.",
        "premarket": 6.39,
        "change_pct": 9.98,
        "volume": 87,
        "category": "g",
        "source": "cnn",
        "shortable": true,
        "exchange_name": "NASD",
        "market_cap": 16.95912,
        "existing": false
    },
    {
        "symbol": "ABCM",
        "company": "Abcam PLC Sponsored ADR",
        "premarket": 22.26,
        "change_pct": 9.76,
        "volume": 45000,
        "category": "g",
        "source": "cnn",
        "shortable": true,
        "exchange_name": "NASD",
        "market_cap": 3472.572,
        "existing": false
    },
    {
        "symbol": "AULT",
        "company": "Ault Alliance, Inc.",
        "premarket": 7.29,
        "change_pct": 9.62,
        "volume": 2000,
        "category": "g",
        "source": "cnn",
        "shortable": true,
        "exchange_name": "AMEX",
        "market_cap": 155.8324,
        "existing": false
    },
    {
        "symbol": "APLD",
        "company": "Applied Digital Corporation",
        "premarket": 10.6,
        "change_pct": 9.62,
        "volume": 2000100,
        "category": "g",
        "source": "cnn",
        "shortable": false,
        "exchange_name": "NASD",
        "market_cap": 927.4397,
        "existing": false
    },
    {
        "symbol": "WVVI",
        "company": "Willamette Valley Vineyards, Inc.",
        "premarket": 6.27,
        "change_pct": 8.62,
        "volume": 98,
        "category": "g",
        "source": "cnn",
        "shortable": true,
        "exchange_name": "NASD",
        "market_cap": 28.65774,
        "existing": false
    },
    {
        "symbol": "SSP",
        "company": "E. W. Scripps Company Class A",
        "premarket": 8.45,
        "change_pct": 8.59,
        "volume": 1000,
        "category": "g",
        "source": "cnn",
        "shortable": true,
        "exchange_name": "NASD",
        "market_cap": 655.9343,
        "existing": false
    },
    {
        "symbol": "COYA",
        "company": "Coya Therapeutics, Inc.",
        "premarket": 5.16,
        "change_pct": 8.4,
        "volume": 371,
        "category": "g",
        "source": "cnn",
        "shortable": true,
        "exchange_name": "NASD",
        "market_cap": 47.35208,
        "existing": false
    },
    {
        "symbol": "MPTI",
        "company": "M-tron Industries Inc",
        "premarket": 12.23,
        "change_pct": 7.66,
        "volume": 147,
        "category": "g",
        "source": "cnn",
        "shortable": false,
        "exchange_name": "AMEX",
        "market_cap": 0.0,
        "existing": false
    },
    {
        "symbol": "STCN",
        "company": "Steel Connect, Inc.",
        "premarket": 10.73,
        "change_pct": -16.88,
        "volume": 8000,
        "category": "l",
        "source": "cnn",
        "shortable": false,
        "exchange_name": "NASD",
        "market_cap": 59.9434,
        "existing": false
    },
    {
        "symbol": "TRUP",
        "company": "Trupanion, Inc.",
        "premarket": 23.8,
        "change_pct": -15.75,
        "volume": 64000,
        "category": "l",
        "source": "cnn",
        "shortable": true,
        "exchange_name": "NASD",
        "market_cap": 847.5937,
        "existing": false
    },
    {
        "symbol": "STG",
        "company": "Sunlands Technology Group Sponsored ADR Class A",
        "premarket": 4.67,
        "change_pct": -14.46,
        "volume": 9000,
        "category": "l",
        "source": "cnn",
        "shortable": true,
        "exchange_name": "NYSE",
        "market_cap": 56.51975,
        "existing": false
    },
    {
        "symbol": "GRI",
        "company": "GRI Bio, Inc.",
        "premarket": 6.39,
        "change_pct": -9.98,
        "volume": 87,
        "category": "l",
        "source": "cnn",
        "shortable": true,
        "exchange_name": "NASD",
        "market_cap": 16.95912,
        "existing": false
    },
    {
        "symbol": "ABCM",
        "company": "Abcam PLC Sponsored ADR",
        "premarket": 22.26,
        "change_pct": -9.76,
        "volume": 45000,
        "category": "l",
        "source": "cnn",
        "shortable": true,
        "exchange_name": "NASD",
        "market_cap": 3472.572,
        "existing": false
    },
    {
        "symbol": "AULT",
        "company": "Ault Alliance, Inc.",
        "premarket": 7.29,
        "change_pct": -9.62,
        "volume": 2000,
        "category": "l",
        "source": "cnn",
        "shortable": true,
        "exchange_name": "AMEX",
        "market_cap": 155.8324,
        "existing": false
    },
    {
        "symbol": "APLD",
        "company": "Applied Digital Corporation",
        "premarket": 10.6,
        "change_pct": -9.62,
        "volume": 2000100,
        "category": "l",
        "source": "cnn",
        "shortable": false,
        "exchange_name": "NASD",
        "market_cap": 927.4397,
        "existing": false
    },
    {
        "symbol": "WVVI",
        "company": "Willamette Valley Vineyards, Inc.",
        "premarket": 6.27,
        "change_pct": -8.62,
        "volume": 98,
        "category": "l",
        "source": "cnn",
        "shortable": true,
        "exchange_name": "NASD",
        "market_cap": 28.65774,
        "existing": false
    },
    {
        "symbol": "SSP",
        "company": "E. W. Scripps Company Class A",
        "premarket": 8.45,
        "change_pct": -8.59,
        "volume": 1000,
        "category": "l",
        "source": "cnn",
        "shortable": true,
        "exchange_name": "NASD",
        "market_cap": 655.9343,
        "existing": false
    },
    {
        "symbol": "COYA",
        "company": "Coya Therapeutics, Inc.",
        "premarket": 5.16,
        "change_pct": -8.4,
        "volume": 371,
        "category": "l",
        "source": "cnn",
        "shortable": true,
        "exchange_name": "NASD",
        "market_cap": 47.35208,
        "existing": false
    },
    {
        "symbol": "MPTI",
        "company": "M-tron Industries Inc",
        "premarket": 12.23,
        "change_pct": -7.66,
        "volume": 147,
        "category": "l",
        "source": "cnn",
        "shortable": false,
        "exchange_name": "AMEX",
        "market_cap": 0.0,
        "existing": false
    }
]