[
    {
        "symbol": "MULN",
        "company": "Mullen Automotive, Inc.",
        "change_pct": -2.04,
        "premarket": 0.1598,
        "volume": 36637100,
        "category": "a",
        "source": "tv",
        "shortable": true,
        "exchange_name": "unknown, couldn't get quotes",
        "market_cap": 0
    },
    {
        "symbol": "NKLA",
        "company": "Nikola Corporation",
        "change_pct": -21.62,
        "premarket": 2.7,
        "volume": 26592100,
        "category": "a",
        "source": "tv",
        "shortable": true,
        "exchange_name": "unknown, couldn't get quotes",
        "market_cap": 0
    },
    {
        "symbol": "EFSH",
        "company": "1847 Holdings LLC",
        "change_pct": -25.32,
        "premarket": 0.3133,
        "volume": 5731100,
        "category": "a",
        "source": "tv",
        "shortable": true,
        "exchange_name": "unknown, couldn't get quotes",
        "market_cap": 0
    },
    {
        "symbol": "FREQ",
        "company": "Frequency Therapeutics, Inc.",
        "change_pct": -58.8,
        "premarket": 0.6352,
        "volume": 5346100,
        "category": "a",
        "source": "tv",
        "shortable": true,
        "exchange_name": "unknown, couldn't get quotes",
        "market_cap": 0
    },
    {
        "symbol": "TTOO",
        "company": "T2 Biosystems, Inc.",
        "change_pct": -0.28,
        "premarket": 0.1078,
        "volume": 3638100,
        "category": "a",
        "source": "tv",
        "shortable": true,
        "exchange_name": "unknown, couldn't get quotes",
        "market_cap": 0
    },
    {
        "symbol": "AIMD",
        "company": "Ainos, Inc.",
        "change_pct": -78.11,
        "premarket": 1.3,
        "volume": 3231100,
        "category": "a",
        "source": "tv",
        "shortable": true,
        "exchange_name": "unknown, couldn't get quotes",
        "market_cap": 0
    },
    {
        "symbol": "LILM",
        "company": "Lilium N.V.",
        "change_pct": -17.06,
        "premarket": 1.41,
        "volume": 2435100,
        "category": "a",
        "source": "tv",
        "shortable": true,
        "exchange_name": "unknown, couldn't get quotes",
        "market_cap": 0
    },
    {
        "symbol": "NAVB",
        "company": "Navidea Biopharmaceuticals, Inc.",
        "change_pct": -3.58,
        "premarket": 0.1156,
        "volume": 1793100,
        "category": "a",
        "source": "tv",
        "shortable": true,
        "exchange_name": "unknown, couldn't get quotes",
        "market_cap": 0
    },
    {
        "symbol": "ARBB",
        "company": "ARB IOT Group Limited",
        "change_pct": -48.47,
        "premarket": 4.84,
        "volume": 1745100,
        "category": "a",
        "source": "tv",
        "shortable": true,
        "exchange_name": "unknown, couldn't get quotes",
        "market_cap": 0
    },
    {
        "symbol": "IDEX",
        "company": "Ideanomics, Inc.",
        "change_pct": -0.52,
        "premarket": 0.0974,
        "volume": 1337100,
        "category": "a",
        "source": "tv",
        "shortable": true,
        "exchange_name": "unknown, couldn't get quotes",
        "market_cap": 0
    },
    {
        "symbol": "PLUG",
        "company": "Plug Power, Inc.",
        "change_pct": -5.66,
        "premarket": 13.06,
        "volume": 1104100,
        "category": "a",
        "source": "tv",
        "shortable": true,
        "exchange_name": "unknown, couldn't get quotes",
        "market_cap": 0
    },
    {
        "symbol": "BAC",
        "company": "Bank of America Corporation",
        "change_pct": -1.85,
        "premarket": 30.22,
        "volume": 1061100,
        "category": "a",
        "source": "tv",
        "shortable": true,
        "exchange_name": "unknown, couldn't get quotes",
        "market_cap": 0
    },
    {
        "symbol": "GOEV",
        "company": "Canoo Inc.",
        "change_pct": -1.55,
        "premarket": 0.5638,
        "volume": 1057100,
        "category": "a",
        "source": "tv",
        "shortable": true,
        "exchange_name": "unknown, couldn't get quotes",
        "market_cap": 0
    },
    {
        "symbol": "PRFX",
        "company": "PainReform Ltd.",
        "change_pct": -33.74,
        "premarket": 7.69,
        "volume": 1014100,
        "category": "a",
        "source": "tv",
        "shortable": true,
        "exchange_name": "unknown, couldn't get quotes",
        "market_cap": 0
    },
    {
        "symbol": "SYTA",
        "company": "Siyata Mobile, Inc.",
        "change_pct": -0.75,
        "premarket": 0.0526,
        "volume": 984832,
        "category": "a",
        "source": "tv",
        "shortable": true,
        "exchange_name": "unknown, couldn't get quotes",
        "market_cap": 0
    },
    {
        "symbol": "T",
        "company": "AT&T Inc.",
        "change_pct": -1.06,
        "premarket": 14.96,
        "volume": 782064,
        "category": "a",
        "source": "tv",
        "shortable": true,
        "exchange_name": "unknown, couldn't get quotes",
        "market_cap": 0
    },
    {
        "symbol": "FFIE",
        "company": "Faraday Future Intelligent Electric Inc.",
        "change_pct": -1.06,
        "premarket": 0.233,
        "volume": 695456,
        "category": "a",
        "source": "tv",
        "shortable": true,
        "exchange_name": "unknown, couldn't get quotes",
        "market_cap": 0
    },
    {
        "symbol": "WFC",
        "company": "Wells Fargo & Company",
        "change_pct": -3.73,
        "premarket": 45.34,
        "volume": 681726,
        "category": "a",
        "source": "tv",
        "shortable": true,
        "exchange_name": "unknown, couldn't get quotes",
        "market_cap": 0
    },
    {
        "symbol": "SMX",
        "company": "SMX (Security Matters) Public Limited Company",
        "change_pct": -4.32,
        "premarket": 0.1425,
        "volume": 667562,
        "category": "a",
        "source": "tv",
        "shortable": true,
        "exchange_name": "unknown, couldn't get quotes",
        "market_cap": 0
    },
    {
        "symbol": "MRT",
        "company": "Marti Technologies, Inc.",
        "change_pct": -3.93,
        "premarket": 2.38,
        "volume": 666608,
        "category": "a",
        "source": "tv",
        "shortable": true,
        "exchange_name": "unknown, couldn't get quotes",
        "market_cap": 0
    },
    {
        "symbol": "SAI",
        "company": "SAI.TECH Global Corporation",
        "change_pct": -18.42,
        "premarket": 2.25,
        "volume": 657536,
        "category": "a",
        "source": "tv",
        "shortable": true,
        "exchange_name": "unknown, couldn't get quotes",
        "market_cap": 0
    },
    {
        "symbol": "THRX",
        "company": "Theseus Pharmaceuticals, Inc.",
        "change_pct": -68.38,
        "premarket": 3.01,
        "volume": 652722,
        "category": "a",
        "source": "tv",
        "shortable": true,
        "exchange_name": "unknown, couldn't get quotes",
        "market_cap": 0
    },
    {
        "symbol": "LESL",
        "company": "Leslie's, Inc.",
        "change_pct": -31.83,
        "premarket": 6.49,
        "volume": 625713,
        "category": "a",
        "source": "tv",
        "shortable": true,
        "exchange_name": "unknown, couldn't get quotes",
        "market_cap": 0
    },
    {
        "symbol": "C",
        "company": "Citigroup, Inc.",
        "change_pct": -1.68,
        "premarket": 48.48,
        "volume": 613002,
        "category": "a",
        "source": "tv",
        "shortable": true,
        "exchange_name": "unknown, couldn't get quotes",
        "market_cap": 0
    },
    {
        "symbol": "TSLA",
        "company": "Tesla, Inc.",
        "change_pct": -0.0,
        "premarket": 277.91,
        "volume": 597868,
        "category": "a",
        "source": "tv",
        "shortable": true,
        "exchange_name": "unknown, couldn't get quotes",
        "market_cap": 0
    },
    {
        "symbol": "NVDA",
        "company": "NVIDIA Corporation",
        "change_pct": -1.59,
        "premarket": 467.1,
        "volume": 574106,
        "category": "a",
        "source": "tv",
        "shortable": true,
        "exchange_name": "unknown, couldn't get quotes",
        "market_cap": 0
    },
    {
        "symbol": "RIVN",
        "company": "Rivian Automotive, Inc.",
        "change_pct": -0.78,
        "premarket": 25.32,
        "volume": 562017,
        "category": "a",
        "source": "tv",
        "shortable": true,
        "exchange_name": "unknown, couldn't get quotes",
        "market_cap": 0
    },
    {
        "symbol": "MCOM",
        "company": "micromobility.com Inc.",
        "change_pct": -0.75,
        "premarket": 0.1078,
        "volume": 553905,
        "category": "a",
        "source": "tv",
        "shortable": true,
        "exchange_name": "unknown, couldn't get quotes",
        "market_cap": 0
    },
    {
        "symbol": "LCID",
        "company": "Lucid Group, Inc.",
        "change_pct": -0.84,
        "premarket": 7.18,
        "volume": 544127,
        "category": "a",
        "source": "tv",
        "shortable": true,
        "exchange_name": "unknown, couldn't get quotes",
        "market_cap": 0
    },
    {
        "symbol": "JPM",
        "company": "JP Morgan Chase & Co.",
        "change_pct": -3.05,
        "premarket": 153.41,
        "volume": 531855,
        "category": "a",
        "source": "tv",
        "shortable": true,
        "exchange_name": "unknown, couldn't get quotes",
        "market_cap": 0
    },
    {
        "symbol": "ATVI",
        "company": "Activision Blizzard, Inc",
        "change_pct": -1.8,
        "premarket": 91.15,
        "volume": 505736,
        "category": "a",
        "source": "tv",
        "shortable": true,
        "exchange_name": "unknown, couldn't get quotes",
        "market_cap": 0
    },
    {
        "symbol": "LIFW",
        "company": "MSP Recovery, Inc.",
        "change_pct": -12.2,
        "premarket": 0.259,
        "volume": 498053,
        "category": "a",
        "source": "tv",
        "shortable": true,
        "exchange_name": "unknown, couldn't get quotes",
        "market_cap": 0
    },
    {
        "symbol": "HOLO",
        "company": "MicroCloud Hologram Inc.",
        "change_pct": -4.45,
        "premarket": 3.52,
        "volume": 486538,
        "category": "a",
        "source": "tv",
        "shortable": true,
        "exchange_name": "unknown, couldn't get quotes",
        "market_cap": 0
    },
    {
        "symbol": "COIN",
        "company": "Coinbase Global, Inc.",
        "change_pct": -2.04,
        "premarket": 104.82,
        "volume": 462613,
        "category": "a",
        "source": "tv",
        "shortable": true,
        "exchange_name": "unknown, couldn't get quotes",
        "market_cap": 0
    },
    {
        "symbol": "MARA",
        "company": "Marathon Digital Holdings, Inc.",
        "change_pct": -0.88,
        "premarket": 19.13,
        "volume": 460557,
        "category": "a",
        "source": "tv",
        "shortable": true,
        "exchange_name": "unknown, couldn't get quotes",
        "market_cap": 0
    },
    {
        "symbol": "LUNR",
        "company": "Intuitive Machines, Inc.",
        "change_pct": -18.27,
        "premarket": 10.1,
        "volume": 443017,
        "category": "a",
        "source": "tv",
        "shortable": true,
        "exchange_name": "unknown, couldn't get quotes",
        "market_cap": 0
    },
    {
        "symbol": "CCL",
        "company": "Carnival Corporation",
        "change_pct": -0.0,
        "premarket": 17.75,
        "volume": 439237,
        "category": "a",
        "source": "tv",
        "shortable": true,
        "exchange_name": "unknown, couldn't get quotes",
        "market_cap": 0
    },
    {
        "symbol": "HUBC",
        "company": "Hub Cyber Security Ltd.",
        "change_pct": -7.02,
        "premarket": 0.3989,
        "volume": 438955,
        "category": "a",
        "source": "tv",
        "shortable": true,
        "exchange_name": "unknown, couldn't get quotes",
        "market_cap": 0
    },
    {
        "symbol": "RIOT",
        "company": "Riot Platforms, Inc.",
        "change_pct": -0.99,
        "premarket": 20.09,
        "volume": 427917,
        "category": "a",
        "source": "tv",
        "shortable": true,
        "exchange_name": "unknown, couldn't get quotes",
        "market_cap": 0
    },
    {
        "symbol": "F",
        "company": "Ford Motor Company",
        "change_pct": -0.07,
        "premarket": 15.18,
        "volume": 413436,
        "category": "a",
        "source": "tv",
        "shortable": true,
        "exchange_name": "unknown, couldn't get quotes",
        "market_cap": 0
    },
    {
        "symbol": "GLMD",
        "company": "Galmed Pharmaceuticals Ltd.",
        "change_pct": -3.85,
        "premarket": 2.0,
        "volume": 365624,
        "category": "a",
        "source": "tv",
        "shortable": true,
        "exchange_name": "unknown, couldn't get quotes",
        "market_cap": 0
    },
    {
        "symbol": "SOFI",
        "company": "SoFi Technologies, Inc.",
        "change_pct": -0.32,
        "premarket": 9.19,
        "volume": 352591,
        "category": "a",
        "source": "tv",
        "shortable": true,
        "exchange_name": "unknown, couldn't get quotes",
        "market_cap": 0
    },
    {
        "symbol": "PLTR",
        "company": "Palantir Technologies Inc.",
        "change_pct": -0.72,
        "premarket": 16.86,
        "volume": 338376,
        "category": "a",
        "source": "tv",
        "shortable": true,
        "exchange_name": "unknown, couldn't get quotes",
        "market_cap": 0
    },
    {
        "symbol": "FCEL",
        "company": "FuelCell Energy, Inc.",
        "change_pct": -2.95,
        "premarket": 2.44,
        "volume": 331984,
        "category": "a",
        "source": "tv",
        "shortable": true,
        "exchange_name": "unknown, couldn't get quotes",
        "market_cap": 0
    },
    {
        "symbol": "CRKN",
        "company": "Crown Electrokinetics Corp.",
        "change_pct": -0.57,
        "premarket": 0.088,
        "volume": 325211,
        "category": "a",
        "source": "tv",
        "shortable": true,
        "exchange_name": "unknown, couldn't get quotes",
        "market_cap": 0
    },
    {
        "symbol": "MSFT",
        "company": "Microsoft Corporation",
        "change_pct": -1.88,
        "premarket": 349.09,
        "volume": 324962,
        "category": "a",
        "source": "tv",
        "shortable": true,
        "exchange_name": "unknown, couldn't get quotes",
        "market_cap": 0
    },
    {
        "symbol": "TMC",
        "company": "TMC the metals company Inc.",
        "change_pct": -9.89,
        "premarket": 2.0,
        "volume": 300395,
        "category": "a",
        "source": "tv",
        "shortable": true,
        "exchange_name": "unknown, couldn't get quotes",
        "market_cap": 0
    },
    {
        "symbol": "SPCE",
        "company": "Virgin Galactic Holdings, Inc.",
        "change_pct": -1.0,
        "premarket": 4.06,
        "volume": 300191,
        "category": "a",
        "source": "tv",
        "shortable": true,
        "exchange_name": "unknown, couldn't get quotes",
        "market_cap": 0
    },
    {
        "symbol": "TIVC",
        "company": "Tivic Health Systems, Inc.",
        "change_pct": -0.9,
        "premarket": 0.0658,
        "volume": 297099,
        "category": "a",
        "source": "tv",
        "shortable": true,
        "exchange_name": "unknown, couldn't get quotes",
        "market_cap": 0
    },
    {
        "symbol": "MWG",
        "company": "Multi Ways Holdings Limited",
        "change_pct": -5.72,
        "premarket": 0.6501,
        "volume": 282509,
        "category": "a",
        "source": "tv",
        "shortable": true,
        "exchange_name": "unknown, couldn't get quotes",
        "market_cap": 0
    },
    {
        "symbol": "GTBP",
        "company": "GT Biopharma, Inc.",
        "change_pct": -10.32,
        "premarket": 0.31,
        "volume": 273203,
        "category": "a",
        "source": "tv",
        "shortable": true,
        "exchange_name": "unknown, couldn't get quotes",
        "market_cap": 0
    },
    {
        "symbol": "QBTS",
        "company": "D-Wave Quantum Inc.",
        "change_pct": -7.22,
        "premarket": 2.44,
        "volume": 257328,
        "category": "a",
        "source": "tv",
        "shortable": true,
        "exchange_name": "unknown, couldn't get quotes",
        "market_cap": 0
    },
    {
        "symbol": "AAPL",
        "company": "Apple Inc.",
        "change_pct": -0.32,
        "premarket": 189.93,
        "volume": 251921,
        "category": "a",
        "source": "tv",
        "shortable": true,
        "exchange_name": "unknown, couldn't get quotes",
        "market_cap": 0
    },
    {
        "symbol": "AMD",
        "company": "Advanced Micro Devices, Inc.",
        "change_pct": -0.12,
        "premarket": 116.06,
        "volume": 243242,
        "category": "a",
        "source": "tv",
        "shortable": true,
        "exchange_name": "unknown, couldn't get quotes",
        "market_cap": 0
    },
    {
        "symbol": "SXTP",
        "company": "60 Degrees Pharmaceuticals, Inc.",
        "change_pct": -9.27,
        "premarket": 4.11,
        "volume": 240560,
        "category": "a",
        "source": "tv",
        "shortable": true,
        "exchange_name": "unknown, couldn't get quotes",
        "market_cap": 0
    },
    {
        "symbol": "AMZN",
        "company": "Amazon.com, Inc.",
        "change_pct": -0.28,
        "premarket": 133.92,
        "volume": 235644,
        "category": "a",
        "source": "tv",
        "shortable": true,
        "exchange_name": "unknown, couldn't get quotes",
        "market_cap": 0
    },
    {
        "symbol": "PACW",
        "company": "PacWest Bancorp",
        "change_pct": -2.48,
        "premarket": 8.67,
        "volume": 235442,
        "category": "a",
        "source": "tv",
        "shortable": true,
        "exchange_name": "unknown, couldn't get quotes",
        "market_cap": 0
    },
    {
        "symbol": "MNPR",
        "company": "Monopar Therapeutics Inc.",
        "change_pct": -10.42,
        "premarket": 0.943,
        "volume": 225610,
        "category": "a",
        "source": "tv",
        "shortable": true,
        "exchange_name": "unknown, couldn't get quotes",
        "market_cap": 0
    },
    {
        "symbol": "VINE",
        "company": "Fresh Vine Wine, Inc.",
        "change_pct": -11.91,
        "premarket": 0.517,
        "volume": 223528,
        "category": "a",
        "source": "tv",
        "shortable": true,
        "exchange_name": "unknown, couldn't get quotes",
        "market_cap": 0
    },
    {
        "symbol": "WE",
        "company": "WeWork Inc.",
        "change_pct": -4.28,
        "premarket": 0.3094,
        "volume": 210762,
        "category": "a",
        "source": "tv",
        "shortable": true,
        "exchange_name": "unknown, couldn't get quotes",
        "market_cap": 0
    },
    {
        "symbol": "CVNA",
        "company": "Carvana Co.",
        "change_pct": -2.18,
        "premarket": 36.86,
        "volume": 184200,
        "category": "a",
        "source": "tv",
        "shortable": true,
        "exchange_name": "unknown, couldn't get quotes",
        "market_cap": 0
    },
    {
        "symbol": "EJH",
        "company": "E-Home Household Service Holdings Limited",
        "change_pct": -4.23,
        "premarket": 0.1292,
        "volume": 179101,
        "category": "a",
        "source": "tv",
        "shortable": true,
        "exchange_name": "unknown, couldn't get quotes",
        "market_cap": 0
    },
    {
        "symbol": "HYMC",
        "company": "Hycroft Mining Holding Corporation",
        "change_pct": -2.89,
        "premarket": 0.4836,
        "volume": 176401,
        "category": "a",
        "source": "tv",
        "shortable": true,
        "exchange_name": "unknown, couldn't get quotes",
        "market_cap": 0
    },
    {
        "symbol": "TLRY",
        "company": "Tilray Brands, Inc.",
        "change_pct": -1.66,
        "premarket": 1.78,
        "volume": 174432,
        "category": "a",
        "source": "tv",
        "shortable": true,
        "exchange_name": "unknown, couldn't get quotes",
        "market_cap": 0
    },
    {
        "symbol": "SIDU",
        "company": "Sidus Space, Inc.",
        "change_pct": -2.1,
        "premarket": 0.1945,
        "volume": 167460,
        "category": "a",
        "source": "tv",
        "shortable": true,
        "exchange_name": "unknown, couldn't get quotes",
        "market_cap": 0
    },
    {
        "symbol": "ASTI",
        "company": "Ascent Solar Technologies, Inc",
        "change_pct": -1.07,
        "premarket": 0.1017,
        "volume": 167453,
        "category": "a",
        "source": "tv",
        "shortable": true,
        "exchange_name": "unknown, couldn't get quotes",
        "market_cap": 0
    },
    {
        "symbol": "KSCP",
        "company": "Knightscope, Inc.",
        "change_pct": -0.0,
        "premarket": 1.57,
        "volume": 166406,
        "category": "a",
        "source": "tv",
        "shortable": true,
        "exchange_name": "unknown, couldn't get quotes",
        "market_cap": 0
    },
    {
        "symbol": "BNGO",
        "company": "Bionano Genomics, Inc.",
        "change_pct": -3.08,
        "premarket": 0.6729,
        "volume": 165358,
        "category": "a",
        "source": "tv",
        "shortable": true,
        "exchange_name": "unknown, couldn't get quotes",
        "market_cap": 0
    },
    {
        "symbol": "WKHS",
        "company": "Workhorse Group, Inc.",
        "change_pct": -1.76,
        "premarket": 1.12,
        "volume": 159338,
        "category": "a",
        "source": "tv",
        "shortable": true,
        "exchange_name": "unknown, couldn't get quotes",
        "market_cap": 0
    },
    {
        "symbol": "PGY",
        "company": "Pagaya Technologies Ltd.",
        "change_pct": -5.95,
        "premarket": 1.96,
        "volume": 157295,
        "category": "a",
        "source": "tv",
        "shortable": true,
        "exchange_name": "unknown, couldn't get quotes",
        "market_cap": 0
    },
    {
        "symbol": "ROIV",
        "company": "Roivant Sciences Ltd.",
        "change_pct": -6.03,
        "premarket": 12.3,
        "volume": 156004,
        "category": "a",
        "source": "tv",
        "shortable": true,
        "exchange_name": "unknown, couldn't get quotes",
        "market_cap": 0
    },
    {
        "symbol": "HYZN",
        "company": "Hyzon Motors Inc.",
        "change_pct": -11.54,
        "premarket": 1.45,
        "volume": 154909,
        "category": "a",
        "source": "tv",
        "shortable": true,
        "exchange_name": "unknown, couldn't get quotes",
        "market_cap": 0
    },
    {
        "symbol": "KEY",
        "company": "KeyCorp",
        "change_pct": -2.73,
        "premarket": 10.9,
        "volume": 153528,
        "category": "a",
        "source": "tv",
        "shortable": true,
        "exchange_name": "unknown, couldn't get quotes",
        "market_cap": 0
    },
    {
        "symbol": "META",
        "company": "Meta Platforms, Inc.",
        "change_pct": -0.69,
        "premarket": 311.25,
        "volume": 151486,
        "category": "a",
        "source": "tv",
        "shortable": true,
        "exchange_name": "unknown, couldn't get quotes",
        "market_cap": 0
    },
    {
        "symbol": "DFLI",
        "company": "Dragonfly Energy Holdings Corp",
        "change_pct": -1.14,
        "premarket": 1.77,
        "volume": 146424,
        "category": "a",
        "source": "tv",
        "shortable": true,
        "exchange_name": "unknown, couldn't get quotes",
        "market_cap": 0
    },
    {
        "symbol": "DAL",
        "company": "Delta Air Lines, Inc.",
        "change_pct": -0.58,
        "premarket": 47.99,
        "volume": 143194,
        "category": "a",
        "source": "tv",
        "shortable": true,
        "exchange_name": "unknown, couldn't get quotes",
        "market_cap": 0
    },
    {
        "symbol": "U",
        "company": "Unity Software Inc.",
        "change_pct": -1.58,
        "premarket": 47.58,
        "volume": 142484,
        "category": "a",
        "source": "tv",
        "shortable": true,
        "exchange_name": "unknown, couldn't get quotes",
        "market_cap": 0
    },
    {
        "symbol": "RXRX",
        "company": "Recursion Pharmaceuticals, Inc.",
        "change_pct": -0.36,
        "premarket": 12.48,
        "volume": 141848,
        "category": "a",
        "source": "tv",
        "shortable": true,
        "exchange_name": "unknown, couldn't get quotes",
        "market_cap": 0
    },
    {
        "symbol": "HGEN",
        "company": "Humanigen, Inc.",
        "change_pct": -3.08,
        "premarket": 0.189,
        "volume": 133326,
        "category": "a",
        "source": "tv",
        "shortable": true,
        "exchange_name": "unknown, couldn't get quotes",
        "market_cap": 0
    },
    {
        "symbol": "IONQ",
        "company": "IonQ, Inc.",
        "change_pct": -0.9,
        "premarket": 14.59,
        "volume": 128435,
        "category": "a",
        "source": "tv",
        "shortable": true,
        "exchange_name": "unknown, couldn't get quotes",
        "market_cap": 0
    },
    {
        "symbol": "AMC",
        "company": "AMC Entertainment Holdings, Inc.",
        "change_pct": -0.9,
        "premarket": 4.48,
        "volume": 126583,
        "category": "a",
        "source": "tv",
        "shortable": true,
        "exchange_name": "unknown, couldn't get quotes",
        "market_cap": 0
    },
    {
        "symbol": "MMAT",
        "company": "Meta Materials Inc.",
        "change_pct": -1.71,
        "premarket": 0.1901,
        "volume": 125311,
        "category": "a",
        "source": "tv",
        "shortable": true,
        "exchange_name": "unknown, couldn't get quotes",
        "market_cap": 0
    },
    {
        "symbol": "UAVS",
        "company": "AgEagle Aerial Systems, Inc.",
        "change_pct": -3.24,
        "premarket": 0.2645,
        "volume": 124953,
        "category": "a",
        "source": "tv",
        "shortable": true,
        "exchange_name": "unknown, couldn't get quotes",
        "market_cap": 0
    },
    {
        "symbol": "SPRC",
        "company": "SciSparc Ltd.",
        "change_pct": -2.7,
        "premarket": 0.5751,
        "volume": 123910,
        "category": "a",
        "source": "tv",
        "shortable": true,
        "exchange_name": "unknown, couldn't get quotes",
        "market_cap": 0
    },
    {
        "symbol": "GOOG",
        "company": "Alphabet Inc.",
        "change_pct": -0.1,
        "premarket": 124.71,
        "volume": 120915,
        "category": "a",
        "source": "tv",
        "shortable": true,
        "exchange_name": "unknown, couldn't get quotes",
        "market_cap": 0
    },
    {
        "symbol": "GRRR",
        "company": "Gorilla Technology Group Inc.",
        "change_pct": -0.44,
        "premarket": 4.44,
        "volume": 119808,
        "category": "a",
        "source": "tv",
        "shortable": true,
        "exchange_name": "unknown, couldn't get quotes",
        "market_cap": 0
    },
    {
        "symbol": "SNPX",
        "company": "Synaptogenix, Inc.",
        "change_pct": -7.59,
        "premarket": 0.96,
        "volume": 117138,
        "category": "a",
        "source": "tv",
        "shortable": true,
        "exchange_name": "unknown, couldn't get quotes",
        "market_cap": 0
    },
    {
        "symbol": "CRBU",
        "company": "Caribou Biosciences, Inc.",
        "change_pct": -12.65,
        "premarket": 7.11,
        "volume": 115315,
        "category": "a",
        "source": "tv",
        "shortable": true,
        "exchange_name": "unknown, couldn't get quotes",
        "market_cap": 0
    },
    {
        "symbol": "WULF",
        "company": "TeraWulf Inc.",
        "change_pct": -3.1,
        "premarket": 3.99,
        "volume": 115004,
        "category": "a",
        "source": "tv",
        "shortable": true,
        "exchange_name": "unknown, couldn't get quotes",
        "market_cap": 0
    },
    {
        "symbol": "TIO",
        "company": "Tingo Group, Inc.",
        "change_pct": -3.18,
        "premarket": 1.46,
        "volume": 113596,
        "category": "a",
        "source": "tv",
        "shortable": true,
        "exchange_name": "unknown, couldn't get quotes",
        "market_cap": 0
    },
    {
        "symbol": "SOUN",
        "company": "SoundHound AI, Inc.",
        "change_pct": -2.16,
        "premarket": 3.82,
        "volume": 110828,
        "category": "a",
        "source": "tv",
        "shortable": true,
        "exchange_name": "unknown, couldn't get quotes",
        "market_cap": 0
    },
    {
        "symbol": "AVTX",
        "company": "Avalo Therapeutics, Inc.",
        "change_pct": -1.92,
        "premarket": 0.3448,
        "volume": 110502,
        "category": "a",
        "source": "tv",
        "shortable": true,
        "exchange_name": "unknown, couldn't get quotes",
        "market_cap": 0
    },
    {
        "symbol": "STBX",
        "company": "Starbox Group Holdings Ltd.",
        "change_pct": -3.58,
        "premarket": 3.5,
        "volume": 109656,
        "category": "a",
        "source": "tv",
        "shortable": true,
        "exchange_name": "unknown, couldn't get quotes",
        "market_cap": 0
    },
    {
        "symbol": "BIOL",
        "company": "Biolase, Inc.",
        "change_pct": -0.44,
        "premarket": 0.0906,
        "volume": 106562,
        "category": "a",
        "source": "tv",
        "shortable": true,
        "exchange_name": "unknown, couldn't get quotes",
        "market_cap": 0
    },
    {
        "symbol": "AI",
        "company": "C3.ai, Inc.",
        "change_pct": -0.88,
        "premarket": 40.0,
        "volume": 104018,
        "category": "a",
        "source": "tv",
        "shortable": true,
        "exchange_name": "unknown, couldn't get quotes",
        "market_cap": 0
    },
    {
        "symbol": "CSCO",
        "company": "Cisco Systems, Inc.",
        "change_pct": -1.84,
        "premarket": 50.58,
        "volume": 100593,
        "category": "a",
        "source": "tv",
        "shortable": true,
        "exchange_name": "unknown, couldn't get quotes",
        "market_cap": 0
    },
    {
        "symbol": "CLSK",
        "company": "CleanSpark, Inc.",
        "change_pct": -1.85,
        "premarket": 7.61,
        "volume": 97794,
        "category": "a",
        "source": "tv",
        "shortable": true,
        "exchange_name": "unknown, couldn't get quotes",
        "market_cap": 0
    },
    {
        "symbol": "FUBO",
        "company": "fuboTV Inc.",
        "change_pct": -0.0,
        "premarket": 3.02,
        "volume": 90806,
        "category": "a",
        "source": "tv",
        "shortable": true,
        "exchange_name": "unknown, couldn't get quotes",
        "market_cap": 0
    },
    {
        "symbol": "SNAP",
        "company": "Snap Inc.",
        "change_pct": -0.3,
        "premarket": 13.55,
        "volume": 89123,
        "category": "a",
        "source": "tv",
        "shortable": true,
        "exchange_name": "unknown, couldn't get quotes",
        "market_cap": 0
    },
    {
        "symbol": "SNAL",
        "company": "Snail, Inc.",
        "change_pct": -8.87,
        "premarket": 1.85,
        "volume": 85836,
        "category": "a",
        "source": "tv",
        "shortable": true,
        "exchange_name": "unknown, couldn't get quotes",
        "market_cap": 0
    }
]