[
    {
        "symbol": "IXHL",
        "company": "Incannex Healthcare Inc.",
        "change_pct": 78.44,
        "premarket": 7.53,
        "volume": 2949000,
        "category": "g",
        "source": "tv",
        "shortable": true,
        "exchange_name": "NASD",
        "market_cap": 66.98454,
        "existing": false
    },
    {
        "symbol": "BETS",
        "company": "Bit Brother Limited",
        "change_pct": 61.45,
        "premarket": 4.02,
        "volume": 10583000,
        "category": "g",
        "source": "tv",
        "shortable": true,
        "exchange_name": "NASD",
        "market_cap": 1.55193,
        "existing": false
    },
    {
        "symbol": "BYND",
        "company": "Beyond Meat, Inc.",
        "change_pct": 57.31,
        "premarket": 11.83,
        "volume": 2391000,
        "category": "g",
        "source": "tv",
        "shortable": true,
        "exchange_name": "NASD",
        "market_cap": 485.3476,
        "existing": false
    },
    {
        "symbol": "VTVT",
        "company": "vTv Therapeutics Inc.",
        "change_pct": 48.94,
        "premarket": 12.66,
        "volume": 77991,
        "category": "g",
        "source": "tv",
        "shortable": true,
        "exchange_name": "NASD",
        "market_cap": 22.22245,
        "existing": false
    },
    {
        "symbol": "APLT",
        "company": "Applied Therapeutics, Inc.",
        "change_pct": 48.92,
        "premarket": 8.31,
        "volume": 1424000,
        "category": "g",
        "source": "tv",
        "shortable": true,
        "exchange_name": "NASD",
        "market_cap": 430.939,
        "existing": false
    },
    {
        "symbol": "KITT",
        "company": "Nauticus Robotics, Inc.",
        "change_pct": 48.22,
        "premarket": 0.454,
        "volume": 26769000,
        "category": "g",
        "source": "tv",
        "shortable": false,
        "exchange_name": "NASD",
        "market_cap": 15.32597,
        "existing": false
    },
    {
        "symbol": "VANI",
        "company": "Vivani Medical, Inc.",
        "change_pct": 47.52,
        "premarket": 1.49,
        "volume": 3424000,
        "category": "g",
        "source": "tv",
        "shortable": true,
        "exchange_name": "NASD",
        "market_cap": 51.53531,
        "existing": false
    },
    {
        "symbol": "PRST",
        "company": "Presto Automation, Inc.",
        "change_pct": 44.21,
        "premarket": 0.822,
        "volume": 6149000,
        "category": "g",
        "source": "tv",
        "shortable": true,
        "exchange_name": "NASD",
        "market_cap": 46.05142,
        "existing": false
    },
    {
        "symbol": "SCX",
        "company": "L.S. Starrett Company (The)",
        "change_pct": 28.08,
        "premarket": 13.0,
        "volume": 200,
        "category": "g",
        "source": "tv",
        "shortable": true,
        "exchange_name": "NYSE",
        "market_cap": 76.36839,
        "existing": false
    },
    {
        "symbol": "ATEK",
        "company": "Athena Technology Acquisition Corp. II",
        "change_pct": 22.82,
        "premarket": 13.94,
        "volume": 300,
        "category": "g",
        "source": "tv",
        "shortable": false,
        "exchange_name": "AMEX",
        "market_cap": 125.8656,
        "existing": false
    },
    {
        "symbol": "FLYW",
        "company": "Flywire Corporation - Voting",
        "change_pct": 22.8,
        "premarket": 30.11,
        "volume": 45002,
        "category": "g",
        "source": "tv",
        "shortable": true,
        "exchange_name": "NASD",
        "market_cap": 2977.051,
        "existing": false
    },
    {
        "symbol": "LTH",
        "company": "Life Time Group Holdings, Inc.",
        "change_pct": 22.38,
        "premarket": 15.2,
        "volume": 12438,
        "category": "g",
        "source": "tv",
        "shortable": true,
        "exchange_name": "NYSE",
        "market_cap": 2439.398,
        "existing": false
    },
    {
        "symbol": "SHCR",
        "company": "Sharecare, Inc.",
        "change_pct": 22.21,
        "premarket": 1.21,
        "volume": 100,
        "category": "g",
        "source": "tv",
        "shortable": true,
        "exchange_name": "NASD",
        "market_cap": 348.9349,
        "existing": false
    },
    {
        "symbol": "BAND",
        "company": "Bandwidth Inc.",
        "change_pct": 20.08,
        "premarket": 14.59,
        "volume": 43633,
        "category": "g",
        "source": "tv",
        "shortable": true,
        "exchange_name": "NASD",
        "market_cap": 311.5468,
        "existing": false
    },
    {
        "symbol": "SYTA",
        "company": "Siyata Mobile, Inc.",
        "change_pct": 18.98,
        "premarket": 4.2,
        "volume": 1161,
        "category": "g",
        "source": "tv",
        "shortable": false,
        "exchange_name": "NASD",
        "market_cap": 1.96802,
        "existing": false
    },
    {
        "symbol": "ALBT",
        "company": "Avalon GloboCare Corp.",
        "change_pct": 18.34,
        "premarket": 0.4272,
        "volume": 2931000,
        "category": "g",
        "source": "tv",
        "shortable": true,
        "exchange_name": "NASD",
        "market_cap": 3.97083,
        "existing": false
    },
    {
        "symbol": "ITP",
        "company": "IT Tech Packaging, Inc.",
        "change_pct": 17.74,
        "premarket": 0.355,
        "volume": 500,
        "category": "g",
        "source": "tv",
        "shortable": true,
        "exchange_name": "AMEX",
        "market_cap": 40.61046,
        "existing": false
    },
    {
        "symbol": "PERF",
        "company": "Perfect Corp.",
        "change_pct": 15.26,
        "premarket": 2.94,
        "volume": 700,
        "category": "g",
        "source": "tv",
        "shortable": false,
        "exchange_name": "NYSE",
        "market_cap": 301.1748,
        "existing": false
    },
    {
        "symbol": "PRTG",
        "company": "Portage Biotech Inc.",
        "change_pct": 14.29,
        "premarket": 0.8,
        "volume": 100,
        "category": "g",
        "source": "tv",
        "shortable": true,
        "exchange_name": "NASD",
        "market_cap": 13.84476,
        "existing": false
    },
    {
        "symbol": "CNXA",
        "company": "Connexa Sports Technologies Inc.",
        "change_pct": 13.91,
        "premarket": 0.2677,
        "volume": 5440000,
        "category": "g",
        "source": "tv",
        "shortable": true,
        "exchange_name": "NASD",
        "market_cap": 0.8075,
        "existing": false
    },
    {
        "symbol": "AQMS",
        "company": "Aqua Metals, Inc.",
        "change_pct": 13.85,
        "premarket": 0.5465,
        "volume": 25805,
        "category": "g",
        "source": "tv",
        "shortable": true,
        "exchange_name": "NASD",
        "market_cap": 51.7495,
        "existing": false
    },
    {
        "symbol": "CRNX",
        "company": "Crinetics Pharmaceuticals, Inc.",
        "change_pct": 13.66,
        "premarket": 46.0,
        "volume": 15547,
        "category": "g",
        "source": "tv",
        "shortable": true,
        "exchange_name": "NASD",
        "market_cap": 2703.366,
        "existing": false
    },
    {
        "symbol": "SMX",
        "company": "SMX (Security Matters) Public Limited Company",
        "change_pct": 13.38,
        "premarket": 0.3967,
        "volume": 2788000,
        "category": "g",
        "source": "tv",
        "shortable": false,
        "exchange_name": "NASD",
        "market_cap": 8.99048,
        "existing": false
    },
    {
        "symbol": "IMNN",
        "company": "Imunon, Inc.",
        "change_pct": 12.68,
        "premarket": 0.8,
        "volume": 4909,
        "category": "g",
        "source": "tv",
        "shortable": true,
        "exchange_name": "NASD",
        "market_cap": 6.6735,
        "existing": false
    },
    {
        "symbol": "HPCO",
        "company": "Hempacco Co., Inc.",
        "change_pct": 12.5,
        "premarket": 0.27,
        "volume": 5838,
        "category": "g",
        "source": "tv",
        "shortable": false,
        "exchange_name": "NASD",
        "market_cap": 7.04427,
        "existing": false
    },
    {
        "symbol": "BLD",
        "company": "TopBuild Corp.",
        "change_pct": -5.6,
        "premarket": 390.01,
        "volume": 578,
        "category": "l",
        "source": "tv",
        "shortable": true,
        "exchange_name": "NYSE",
        "market_cap": 13127.41,
        "existing": false
    },
    {
        "symbol": "LOT",
        "company": "Lotus Technology Inc.",
        "change_pct": -4.96,
        "premarket": 10.74,
        "volume": 1379,
        "category": "l",
        "source": "tv",
        "shortable": true,
        "exchange_name": "NASD",
        "market_cap": 7856.507,
        "existing": false
    },
    {
        "symbol": "DV",
        "company": "DoubleVerify Holdings, Inc.",
        "change_pct": -12.88,
        "premarket": 36.2,
        "volume": 23715,
        "category": "l",
        "source": "tv",
        "shortable": true,
        "exchange_name": "NYSE",
        "market_cap": 7062.92,
        "existing": false
    },
    {
        "symbol": "MTZ",
        "company": "MasTec, Inc.",
        "change_pct": -12.46,
        "premarket": 65.0,
        "volume": 200,
        "category": "l",
        "source": "tv",
        "shortable": true,
        "exchange_name": "NYSE",
        "market_cap": 5852.617,
        "existing": false
    },
    {
        "symbol": "CNXC",
        "company": "Concentrix Corporation",
        "change_pct": -11.94,
        "premarket": 73.0,
        "volume": 8029,
        "category": "l",
        "source": "tv",
        "shortable": true,
        "exchange_name": "NASD",
        "market_cap": 5489.964,
        "existing": false
    },
    {
        "symbol": "LNTH",
        "company": "Lantheus Holdings, Inc.",
        "change_pct": -4.58,
        "premarket": 65.13,
        "volume": 2590,
        "category": "l",
        "source": "tv",
        "shortable": true,
        "exchange_name": "NASD",
        "market_cap": 4677.555,
        "existing": false
    },
    {
        "symbol": "URBN",
        "company": "Urban Outfitters, Inc.",
        "change_pct": -9.71,
        "premarket": 42.6,
        "volume": 7850,
        "category": "l",
        "source": "tv",
        "shortable": true,
        "exchange_name": "NASD",
        "market_cap": 4377.565,
        "existing": false
    },
    {
        "symbol": "DY",
        "company": "Dycom Industries, Inc.",
        "change_pct": -6.2,
        "premarket": 114.99,
        "volume": 1379,
        "category": "l",
        "source": "tv",
        "shortable": true,
        "exchange_name": "NYSE",
        "market_cap": 3596.587,
        "existing": false
    },
    {
        "symbol": "KTB",
        "company": "Kontoor Brands, Inc.",
        "change_pct": -14.91,
        "premarket": 53.99,
        "volume": 1500,
        "category": "l",
        "source": "tv",
        "shortable": true,
        "exchange_name": "NYSE",
        "market_cap": 3564.631,
        "existing": false
    },
    {
        "symbol": "RXRX",
        "company": "Recursion Pharmaceuticals, Inc.",
        "change_pct": -11.34,
        "premarket": 13.76,
        "volume": 372512,
        "category": "l",
        "source": "tv",
        "shortable": true,
        "exchange_name": "NASD",
        "market_cap": 3350.361,
        "existing": false
    },
    {
        "symbol": "BRP",
        "company": "BRP Group, Inc.",
        "change_pct": -4.98,
        "premarket": 25.75,
        "volume": 1000,
        "category": "l",
        "source": "tv",
        "shortable": true,
        "exchange_name": "NASD",
        "market_cap": 3163.899,
        "existing": false
    },
    {
        "symbol": "IAS",
        "company": "Integral Ad Science Holding Corp.",
        "change_pct": -26.19,
        "premarket": 12.62,
        "volume": 133183,
        "category": "l",
        "source": "tv",
        "shortable": true,
        "exchange_name": "NASD",
        "market_cap": 2706.634,
        "existing": false
    },
    {
        "symbol": "PDCO",
        "company": "Patterson Companies, Inc.",
        "change_pct": -6.48,
        "premarket": 26.97,
        "volume": 1410,
        "category": "l",
        "source": "tv",
        "shortable": true,
        "exchange_name": "NASD",
        "market_cap": 2672.343,
        "existing": false
    },
    {
        "symbol": "AGL",
        "company": "agilon health, inc.",
        "change_pct": -4.32,
        "premarket": 6.2,
        "volume": 4746,
        "category": "l",
        "source": "tv",
        "shortable": true,
        "exchange_name": "NYSE",
        "market_cap": 2631.145,
        "existing": false
    },
    {
        "symbol": "FTDR",
        "company": "Frontdoor, Inc.",
        "change_pct": -6.15,
        "premarket": 31.0,
        "volume": 1910,
        "category": "l",
        "source": "tv",
        "shortable": true,
        "exchange_name": "NASD",
        "market_cap": 2629.906,
        "existing": false
    },
    {
        "symbol": "GSAT",
        "company": "Globalstar, Inc.",
        "change_pct": -5.75,
        "premarket": 1.64,
        "volume": 193234,
        "category": "l",
        "source": "tv",
        "shortable": true,
        "exchange_name": "AMEX",
        "market_cap": 2420.55,
        "existing": false
    },
    {
        "symbol": "RKLB",
        "company": "Rocket Lab USA, Inc.",
        "change_pct": -4.25,
        "premarket": 4.51,
        "volume": 132677,
        "category": "l",
        "source": "tv",
        "shortable": true,
        "exchange_name": "NASD",
        "market_cap": 2288.528,
        "existing": false
    },
    {
        "symbol": "JBI",
        "company": "Janus International Group, Inc.",
        "change_pct": -5.02,
        "premarket": 14.2,
        "volume": 2325,
        "category": "l",
        "source": "tv",
        "shortable": true,
        "exchange_name": "NYSE",
        "market_cap": 2195.085,
        "existing": false
    },
    {
        "symbol": "ARRY",
        "company": "Array Technologies, Inc.",
        "change_pct": -5.94,
        "premarket": 12.83,
        "volume": 303840,
        "category": "l",
        "source": "tv",
        "shortable": true,
        "exchange_name": "NASD",
        "market_cap": 2062.593,
        "existing": false
    },
    {
        "symbol": "PAYO",
        "company": "Payoneer Global Inc.",
        "change_pct": -12.77,
        "premarket": 4.85,
        "volume": 37594,
        "category": "l",
        "source": "tv",
        "shortable": true,
        "exchange_name": "NASD",
        "market_cap": 2011.655,
        "existing": false
    },
    {
        "symbol": "BMBL",
        "company": "Bumble Inc.",
        "change_pct": -11.76,
        "premarket": 11.63,
        "volume": 105343,
        "category": "l",
        "source": "tv",
        "shortable": true,
        "exchange_name": "NASD",
        "market_cap": 1802.383,
        "existing": false
    },
    {
        "symbol": "WRBY",
        "company": "Warby Parker Inc.",
        "change_pct": -9.57,
        "premarket": 13.6,
        "volume": 1900,
        "category": "l",
        "source": "tv",
        "shortable": true,
        "exchange_name": "NYSE",
        "market_cap": 1769.303,
        "existing": false
    },
    {
        "symbol": "XNCR",
        "company": "Xencor, Inc.",
        "change_pct": -7.58,
        "premarket": 24.51,
        "volume": 426,
        "category": "l",
        "source": "tv",
        "shortable": true,
        "exchange_name": "NASD",
        "market_cap": 1614.41,
        "existing": false
    },
    {
        "symbol": "LMND",
        "company": "Lemonade, Inc.",
        "change_pct": -21.96,
        "premarket": 16.95,
        "volume": 136349,
        "category": "l",
        "source": "tv",
        "shortable": true,
        "exchange_name": "NYSE",
        "market_cap": 1518.74,
        "existing": false
    },
    {
        "symbol": "VERV",
        "company": "Verve Therapeutics, Inc.",
        "change_pct": -5.47,
        "premarket": 16.58,
        "volume": 1935,
        "category": "l",
        "source": "tv",
        "shortable": true,
        "exchange_name": "NASD",
        "market_cap": 1410.363,
        "existing": false
    }
]