[
    {
        "symbol": "AXLA",
        "company": "Axcella Health Inc.",
        "change_pct": 223.67,
        "premarket": 0.3651,
        "volume": 39233000,
        "category": "g",
        "source": "tv",
        "shortable": true,
        "exchange_name": "NASD",
        "market_cap": 8.31254,
        "existing": false
    },
    {
        "symbol": "TIVC",
        "company": "Tivic Health Systems, Inc.",
        "change_pct": 103.61,
        "premarket": 3.95,
        "volume": 6291000,
        "category": "g",
        "source": "tv",
        "shortable": false,
        "exchange_name": "NASD",
        "market_cap": 2.84406,
        "existing": false
    },
    {
        "symbol": "SISI",
        "company": "Shineco, Inc.",
        "change_pct": 40.61,
        "premarket": 0.201,
        "volume": 17607000,
        "category": "g",
        "source": "tv",
        "shortable": false,
        "exchange_name": "NASD",
        "market_cap": 3.03855,
        "existing": false
    },
    {
        "symbol": "ICCT",
        "company": "FG Merger Corp.",
        "change_pct": 27.67,
        "premarket": 2.03,
        "volume": 926725,
        "category": "g",
        "source": "tv",
        "shortable": false,
        "exchange_name": "NASD",
        "market_cap": 16.15082,
        "existing": false
    },
    {
        "symbol": "GSAT",
        "company": "Globalstar, Inc.",
        "change_pct": 26.42,
        "premarket": 1.34,
        "volume": 2800000,
        "category": "g",
        "source": "tv",
        "shortable": true,
        "exchange_name": "AMEX",
        "market_cap": 2420.55,
        "existing": false
    },
    {
        "symbol": "CACO",
        "company": "Caravelle International Group",
        "change_pct": 18.48,
        "premarket": 0.6399,
        "volume": 659760,
        "category": "g",
        "source": "tv",
        "shortable": true,
        "exchange_name": "NASD",
        "market_cap": 28.1795,
        "existing": false
    },
    {
        "symbol": "CELU",
        "company": "Celularity Inc.",
        "change_pct": 15.38,
        "premarket": 0.33,
        "volume": 976216,
        "category": "g",
        "source": "tv",
        "shortable": true,
        "exchange_name": "NASD",
        "market_cap": 54.61118,
        "existing": false
    },
    {
        "symbol": "CMRA",
        "company": "Comera Life Sciences Holdings, Inc.",
        "change_pct": 14.16,
        "premarket": 0.6005,
        "volume": 100,
        "category": "g",
        "source": "tv",
        "shortable": false,
        "exchange_name": "NASD",
        "market_cap": 14.29455,
        "existing": false
    },
    {
        "symbol": "CTM",
        "company": "Castellum, Inc.",
        "change_pct": 14.04,
        "premarket": 0.35,
        "volume": 831,
        "category": "g",
        "source": "tv",
        "shortable": false,
        "exchange_name": "AMEX",
        "market_cap": 0.0,
        "existing": false
    },
    {
        "symbol": "MTNB",
        "company": "Matinas Biopharma Holdings, Inc.",
        "change_pct": 13.31,
        "premarket": 0.2,
        "volume": 6900,
        "category": "g",
        "source": "tv",
        "shortable": true,
        "exchange_name": "AMEX",
        "market_cap": 154.1629,
        "existing": false
    },
    {
        "symbol": "TGL",
        "company": "Treasure Global Inc.",
        "change_pct": 13.25,
        "premarket": 0.47,
        "volume": 1115,
        "category": "g",
        "source": "tv",
        "shortable": false,
        "exchange_name": "NASD",
        "market_cap": 7.29314,
        "existing": false
    },
    {
        "symbol": "BIG",
        "company": "Big Lots, Inc.",
        "change_pct": 13.22,
        "premarket": 7.11,
        "volume": 239618,
        "category": "g",
        "source": "tv",
        "shortable": true,
        "exchange_name": "NYSE",
        "market_cap": 183.2346,
        "existing": false
    },
    {
        "symbol": "GSHD",
        "company": "Goosehead Insurance, Inc.",
        "change_pct": 12.72,
        "premarket": 67.16,
        "volume": 3600,
        "category": "g",
        "source": "tv",
        "shortable": true,
        "exchange_name": "NASD",
        "market_cap": 2245.804,
        "existing": false
    },
    {
        "symbol": "GBNH",
        "company": "Greenbrook TMS Inc.",
        "change_pct": 12.33,
        "premarket": 0.2978,
        "volume": 26271,
        "category": "g",
        "source": "tv",
        "shortable": true,
        "exchange_name": "NASD",
        "market_cap": 10.87241,
        "existing": false
    },
    {
        "symbol": "NFTG",
        "company": "The NFT Gaming Company, Inc.",
        "change_pct": 12.27,
        "premarket": 0.494,
        "volume": 4334,
        "category": "g",
        "source": "tv",
        "shortable": false,
        "exchange_name": "NASD",
        "market_cap": 5.32602,
        "existing": false
    },
    {
        "symbol": "GHL",
        "company": "Greenhill & Co., Inc.",
        "change_pct": 11.92,
        "premarket": 16.52,
        "volume": 500,
        "category": "g",
        "source": "tv",
        "shortable": true,
        "exchange_name": "NYSE",
        "market_cap": 277.5263,
        "existing": false
    },
    {
        "symbol": "HYFM",
        "company": "Hydrofarm Holdings Group, Inc.",
        "change_pct": 11.58,
        "premarket": 1.03,
        "volume": 136,
        "category": "g",
        "source": "tv",
        "shortable": true,
        "exchange_name": "NASD",
        "market_cap": 42.04378,
        "existing": false
    },
    {
        "symbol": "LFVN",
        "company": "Lifevantage Corporation",
        "change_pct": 11.26,
        "premarket": 5.73,
        "volume": 18039,
        "category": "g",
        "source": "tv",
        "shortable": true,
        "exchange_name": "NASD",
        "market_cap": 65.8928,
        "existing": false
    },
    {
        "symbol": "WISA",
        "company": "WiSA Technologies, Inc.",
        "change_pct": 11.12,
        "premarket": 0.939,
        "volume": 1525,
        "category": "g",
        "source": "tv",
        "shortable": true,
        "exchange_name": "NASD",
        "market_cap": 5.56006,
        "existing": false
    },
    {
        "symbol": "GROM",
        "company": "Grom Social Enterprises Inc.",
        "change_pct": 10.73,
        "premarket": 0.2549,
        "volume": 2176000,
        "category": "g",
        "source": "tv",
        "shortable": true,
        "exchange_name": "NASD",
        "market_cap": 2.08201,
        "existing": false
    },
    {
        "symbol": "LGMK",
        "company": "LogicMark, Inc.",
        "change_pct": 10.07,
        "premarket": 2.18,
        "volume": 289,
        "category": "g",
        "source": "tv",
        "shortable": true,
        "exchange_name": "NASD",
        "market_cap": 2.62353,
        "existing": false
    },
    {
        "symbol": "DNA",
        "company": "Ginkgo Bioworks Holdings, Inc.",
        "change_pct": 10.06,
        "premarket": 1.97,
        "volume": 1997000,
        "category": "g",
        "source": "tv",
        "shortable": true,
        "exchange_name": "NYSE",
        "market_cap": 3542.147,
        "existing": false
    },
    {
        "symbol": "MWG",
        "company": "Multi Ways Holdings Limited",
        "change_pct": 9.71,
        "premarket": 0.4169,
        "volume": 19210,
        "category": "g",
        "source": "tv",
        "shortable": true,
        "exchange_name": "AMEX",
        "market_cap": 0.0,
        "existing": false
    },
    {
        "symbol": "KERN",
        "company": "Akerna Corp.",
        "change_pct": 9.44,
        "premarket": 0.35,
        "volume": 15491,
        "category": "g",
        "source": "tv",
        "shortable": true,
        "exchange_name": "NASD",
        "market_cap": 2.49508,
        "existing": false
    },
    {
        "symbol": "ATXI",
        "company": "Avenue Therapeutics, Inc.",
        "change_pct": 9.07,
        "premarket": 0.93,
        "volume": 200,
        "category": "g",
        "source": "tv",
        "shortable": true,
        "exchange_name": "NASD",
        "market_cap": 6.97763,
        "existing": false
    },
    {
        "symbol": "AYRO",
        "company": "AYRO, Inc.",
        "change_pct": 8.93,
        "premarket": 0.6536,
        "volume": 3210,
        "category": "g",
        "source": "tv",
        "shortable": true,
        "exchange_name": "NASD",
        "market_cap": 22.63952,
        "existing": false
    },
    {
        "symbol": "ASXC",
        "company": "Asensus Surgical, Inc.",
        "change_pct": 8.93,
        "premarket": 0.305,
        "volume": 5476,
        "category": "g",
        "source": "tv",
        "shortable": true,
        "exchange_name": "AMEX",
        "market_cap": 515.5128,
        "existing": false
    },
    {
        "symbol": "THMO",
        "company": "ThermoGenesis Holdings, Inc.",
        "change_pct": 8.69,
        "premarket": 1.27,
        "volume": 629,
        "category": "g",
        "source": "tv",
        "shortable": true,
        "exchange_name": "NASD",
        "market_cap": 2.89932,
        "existing": false
    },
    {
        "symbol": "OCEA",
        "company": "Ocean Biomedical, Inc.",
        "change_pct": 8.67,
        "premarket": 4.89,
        "volume": 136926,
        "category": "g",
        "source": "tv",
        "shortable": true,
        "exchange_name": "NASD",
        "market_cap": 153.3319,
        "existing": false
    },
    {
        "symbol": "SHPH",
        "company": "Shuttle Pharmaceuticals Holdings, Inc.",
        "change_pct": 8.63,
        "premarket": 0.7599,
        "volume": 360264,
        "category": "g",
        "source": "tv",
        "shortable": false,
        "exchange_name": "NASD",
        "market_cap": 11.00535,
        "existing": false
    },
    {
        "symbol": "PSNL",
        "company": "Personalis, Inc.",
        "change_pct": 8.61,
        "premarket": 1.64,
        "volume": 600,
        "category": "g",
        "source": "tv",
        "shortable": true,
        "exchange_name": "NASD",
        "market_cap": 73.26354,
        "existing": false
    },
    {
        "symbol": "AVTX",
        "company": "Avalo Therapeutics, Inc.",
        "change_pct": 8.22,
        "premarket": 0.108,
        "volume": 1180000,
        "category": "g",
        "source": "tv",
        "shortable": true,
        "exchange_name": "NASD",
        "market_cap": 2.02089,
        "existing": false
    },
    {
        "symbol": "JXN",
        "company": "Jackson Financial Inc.",
        "change_pct": 8.2,
        "premarket": 37.47,
        "volume": 37721,
        "category": "g",
        "source": "tv",
        "shortable": true,
        "exchange_name": "NYSE",
        "market_cap": 2836.572,
        "existing": false
    },
    {
        "symbol": "BTTR",
        "company": "Better Choice Company Inc.",
        "change_pct": 7.97,
        "premarket": 0.21,
        "volume": 200,
        "category": "g",
        "source": "tv",
        "shortable": true,
        "exchange_name": "AMEX",
        "market_cap": 104.4389,
        "existing": false
    },
    {
        "symbol": "YTEN",
        "company": "Yield10 Bioscience, Inc.",
        "change_pct": 7.89,
        "premarket": 0.4305,
        "volume": 190,
        "category": "g",
        "source": "tv",
        "shortable": true,
        "exchange_name": "NASD",
        "market_cap": 2.43949,
        "existing": false
    },
    {
        "symbol": "GWAV",
        "company": "Greenwave Technology Solutions, Inc.",
        "change_pct": 7.78,
        "premarket": 0.9592,
        "volume": 473478,
        "category": "g",
        "source": "tv",
        "shortable": false,
        "exchange_name": "NASD",
        "market_cap": 11.02732,
        "existing": false
    },
    {
        "symbol": "CRGE",
        "company": "Charge Enterprises, Inc.",
        "change_pct": 7.53,
        "premarket": 0.6254,
        "volume": 33121,
        "category": "g",
        "source": "tv",
        "shortable": true,
        "exchange_name": "NASD",
        "market_cap": 125.035,
        "existing": false
    },
    {
        "symbol": "SFR",
        "company": "Appreciate Holdings, Inc.",
        "change_pct": 7.43,
        "premarket": 0.3143,
        "volume": 6165,
        "category": "g",
        "source": "tv",
        "shortable": false,
        "exchange_name": "NASD",
        "market_cap": 16.27927,
        "existing": false
    },
    {
        "symbol": "SCOR",
        "company": "comScore, Inc.",
        "change_pct": 7.16,
        "premarket": 0.75,
        "volume": 2399,
        "category": "g",
        "source": "tv",
        "shortable": true,
        "exchange_name": "NASD",
        "market_cap": 66.55093,
        "existing": false
    },
    {
        "symbol": "SPRO",
        "company": "Spero Therapeutics, Inc.",
        "change_pct": 7.14,
        "premarket": 1.35,
        "volume": 3170,
        "category": "g",
        "source": "tv",
        "shortable": true,
        "exchange_name": "NASD",
        "market_cap": 66.39732,
        "existing": false
    }
]