[
    {
        "symbol": "APM",
        "company": "Aptorum Group Limited Class A",
        "premarket": 7.95,
        "change_pct": 175.12,
        "volume": 4000099,
        "category": "g",
        "source": "cnn",
        "fails": [],
        "shortable": true,
        "exchange_name": "NASD",
        "market_cap": 11.45274,
        "tradeable": true
    },
    {
        "symbol": "IMGN",
        "company": "ImmunoGen, Inc.",
        "premarket": 11.58,
        "change_pct": 122.69,
        "volume": 13000100,
        "category": "g",
        "source": "cnn",
        "fails": [],
        "shortable": true,
        "exchange_name": "NASD",
        "market_cap": 1175.566,
        "tradeable": true
    },
    {
        "symbol": "KRBP",
        "company": "Kiromic Biopharma, Inc.",
        "premarket": 5.5,
        "change_pct": 54.06,
        "volume": 701000,
        "category": "g",
        "source": "cnn",
        "fails": [],
        "shortable": false,
        "exchange_name": "NASD",
        "market_cap": 3.4959,
        "tradeable": true
    },
    {
        "symbol": "ZVZZT",
        "company": "SUPERMONTAGE TEST",
        "premarket": 18.47,
        "change_pct": 42.08,
        "volume": 36000,
        "category": "g",
        "source": "cnn",
        "fails": [
            "symbol_length"
        ],
        "shortable": false,
        "exchange_name": "NASD",
        "market_cap": -1.0,
        "tradeable": false
    },
    {
        "symbol": "SNTG",
        "company": "Sentage Holdings, Inc. Class A",
        "premarket": 3.61,
        "change_pct": 37.26,
        "volume": 110000,
        "category": "g",
        "source": "cnn",
        "fails": [],
        "shortable": false,
        "exchange_name": "NASD",
        "market_cap": 7.364,
        "tradeable": true
    },
    {
        "symbol": "RUTH",
        "company": "Ruth's Hospitality Group, Inc.",
        "premarket": 21.37,
        "change_pct": 33.31,
        "volume": 2000100,
        "category": "g",
        "source": "cnn",
        "fails": [],
        "shortable": true,
        "exchange_name": "NASD",
        "market_cap": 525.7194,
        "tradeable": true
    },
    {
        "symbol": "GDC",
        "company": "GD Culture Group Limited",
        "premarket": 4.52,
        "change_pct": 32.94,
        "volume": 1000100,
        "category": "g",
        "source": "cnn",
        "fails": [],
        "shortable": true,
        "exchange_name": "NASD",
        "market_cap": 5.81925,
        "tradeable": true
    },
    {
        "symbol": "MOGU",
        "company": "Mogu, Inc. Sponsored ADR Class A",
        "premarket": 3.39,
        "change_pct": 26.02,
        "volume": 194000,
        "category": "g",
        "source": "cnn",
        "fails": [],
        "shortable": true,
        "exchange_name": "NYSE",
        "market_cap": 22.36386,
        "tradeable": true
    },
    {
        "symbol": "MDXG",
        "company": "MiMedx Group, Inc.",
        "premarket": 4.59,
        "change_pct": 20.47,
        "volume": 4000,
        "category": "g",
        "source": "cnn",
        "fails": [],
        "shortable": true,
        "exchange_name": "NASD",
        "market_cap": 434.6566,
        "tradeable": true
    },
    {
        "symbol": "RELI",
        "company": "Reliance Global Group, Inc.",
        "premarket": 4.17,
        "change_pct": 17.13,
        "volume": 9000,
        "category": "g",
        "source": "cnn",
        "fails": [],
        "shortable": true,
        "exchange_name": "NASD",
        "market_cap": 5.57513,
        "tradeable": true
    },
    {
        "symbol": "MDGS",
        "company": "Medigus Ltd Sponsored ADR",
        "premarket": 5.34,
        "change_pct": 14.59,
        "volume": 11,
        "category": "g",
        "source": "cnn",
        "fails": [
            "shares_value"
        ],
        "shortable": true,
        "exchange_name": "NASD",
        "market_cap": 55.72966,
        "tradeable": false
    },
    {
        "symbol": "APM",
        "company": "Aptorum Group Limited Class A",
        "premarket": 7.95,
        "change_pct": -175.12,
        "volume": 4000099,
        "category": "l",
        "source": "cnn",
        "fails": [],
        "shortable": true,
        "exchange_name": "NASD",
        "market_cap": 11.45274,
        "tradeable": true
    },
    {
        "symbol": "IMGN",
        "company": "ImmunoGen, Inc.",
        "premarket": 11.58,
        "change_pct": -122.69,
        "volume": 13000100,
        "category": "l",
        "source": "cnn",
        "fails": [],
        "shortable": true,
        "exchange_name": "NASD",
        "market_cap": 1175.566,
        "tradeable": true
    },
    {
        "symbol": "KRBP",
        "company": "Kiromic Biopharma, Inc.",
        "premarket": 5.5,
        "change_pct": -54.06,
        "volume": 701000,
        "category": "l",
        "source": "cnn",
        "fails": [
            "is_shortable"
        ],
        "shortable": false,
        "exchange_name": "NASD",
        "market_cap": 3.4959,
        "tradeable": false
    },
    {
        "symbol": "ZVZZT",
        "company": "SUPERMONTAGE TEST",
        "premarket": 18.47,
        "change_pct": -42.08,
        "volume": 36000,
        "category": "l",
        "source": "cnn",
        "fails": [
            "symbol_length",
            "is_shortable"
        ],
        "shortable": false,
        "exchange_name": "NASD",
        "market_cap": -1.0,
        "tradeable": false
    },
    {
        "symbol": "SNTG",
        "company": "Sentage Holdings, Inc. Class A",
        "premarket": 3.61,
        "change_pct": -37.26,
        "volume": 110000,
        "category": "l",
        "source": "cnn",
        "fails": [
            "is_shortable"
        ],
        "shortable": false,
        "exchange_name": "NASD",
        "market_cap": 7.364,
        "tradeable": false
    },
    {
        "symbol": "RUTH",
        "company": "Ruth's Hospitality Group, Inc.",
        "premarket": 21.37,
        "change_pct": -33.31,
        "volume": 2000100,
        "category": "l",
        "source": "cnn",
        "fails": [],
        "shortable": true,
        "exchange_name": "NASD",
        "market_cap": 525.7194,
        "tradeable": true
    },
    {
        "symbol": "GDC",
        "company": "GD Culture Group Limited",
        "premarket": 4.52,
        "change_pct": -32.94,
        "volume": 1000100,
        "category": "l",
        "source": "cnn",
        "fails": [],
        "shortable": true,
        "exchange_name": "NASD",
        "market_cap": 5.81925,
        "tradeable": true
    },
    {
        "symbol": "MOGU",
        "company": "Mogu, Inc. Sponsored ADR Class A",
        "premarket": 3.39,
        "change_pct": -26.02,
        "volume": 194000,
        "category": "l",
        "source": "cnn",
        "fails": [],
        "shortable": true,
        "exchange_name": "NYSE",
        "market_cap": 22.36386,
        "tradeable": true
    },
    {
        "symbol": "MDXG",
        "company": "MiMedx Group, Inc.",
        "premarket": 4.59,
        "change_pct": -20.47,
        "volume": 4000,
        "category": "l",
        "source": "cnn",
        "fails": [],
        "shortable": true,
        "exchange_name": "NASD",
        "market_cap": 434.6566,
        "tradeable": true
    },
    {
        "symbol": "RELI",
        "company": "Reliance Global Group, Inc.",
        "premarket": 4.17,
        "change_pct": -17.13,
        "volume": 9000,
        "category": "l",
        "source": "cnn",
        "fails": [],
        "shortable": true,
        "exchange_name": "NASD",
        "market_cap": 5.57513,
        "tradeable": true
    },
    {
        "symbol": "MDGS",
        "company": "Medigus Ltd Sponsored ADR",
        "premarket": 5.34,
        "change_pct": -14.59,
        "volume": 11,
        "category": "l",
        "source": "cnn",
        "fails": [
            "shares_value"
        ],
        "shortable": true,
        "exchange_name": "NASD",
        "market_cap": 55.72966,
        "tradeable": false
    }
]