[
    {
        "symbol": "AGIL",
        "company": "AgileThought, Inc.",
        "change_pct": 84.39,
        "premarket": 0.2858,
        "volume": 31882000,
        "category": "g",
        "source": "tv",
        "shortable": false,
        "exchange_name": "NASD",
        "market_cap": 8.12268,
        "existing": false
    },
    {
        "symbol": "DBGI",
        "company": "Digital Brands Group, Inc.",
        "change_pct": 59.62,
        "premarket": 13.6,
        "volume": 776198,
        "category": "g",
        "source": "tv",
        "shortable": true,
        "exchange_name": "NASD",
        "market_cap": 2.70171,
        "existing": false
    },
    {
        "symbol": "NAOV",
        "company": "NanoVibronix, Inc.",
        "change_pct": 52.41,
        "premarket": 2.21,
        "volume": 3027000,
        "category": "g",
        "source": "tv",
        "shortable": true,
        "exchange_name": "NASD",
        "market_cap": 2.41038,
        "existing": false
    },
    {
        "symbol": "TIO",
        "company": "Tingo Group, Inc.",
        "change_pct": 35.34,
        "premarket": 1.15,
        "volume": 12850000,
        "category": "g",
        "source": "tv",
        "shortable": true,
        "exchange_name": "NASD",
        "market_cap": 139.1192,
        "existing": false
    },
    {
        "symbol": "TCJH",
        "company": "Top KingWin Ltd",
        "change_pct": 31.46,
        "premarket": 1.76,
        "volume": 4861000,
        "category": "g",
        "source": "tv",
        "shortable": true,
        "exchange_name": "NASD",
        "market_cap": 19.765,
        "existing": false
    },
    {
        "symbol": "ARAV",
        "company": "Aravive, Inc.",
        "change_pct": 19.38,
        "premarket": 0.1429,
        "volume": 33126000,
        "category": "g",
        "source": "tv",
        "shortable": true,
        "exchange_name": "NASD",
        "market_cap": 8.80545,
        "existing": false
    },
    {
        "symbol": "ALBT",
        "company": "Avalon GloboCare Corp.",
        "change_pct": 17.02,
        "premarket": 1.1,
        "volume": 17712,
        "category": "g",
        "source": "tv",
        "shortable": true,
        "exchange_name": "NASD",
        "market_cap": 10.16731,
        "existing": false
    },
    {
        "symbol": "DTSS",
        "company": "Datasea Inc.",
        "change_pct": 16.78,
        "premarket": 0.6599,
        "volume": 31114,
        "category": "g",
        "source": "tv",
        "shortable": true,
        "exchange_name": "NASD",
        "market_cap": 15.70081,
        "existing": false
    },
    {
        "symbol": "EFSH",
        "company": "1847 Holdings LLC",
        "change_pct": 16.67,
        "premarket": 0.1134,
        "volume": 6379000,
        "category": "g",
        "source": "tv",
        "shortable": false,
        "exchange_name": "AMEX",
        "market_cap": 5.99428,
        "existing": false
    },
    {
        "symbol": "AEON",
        "company": "AEON Biopharma, Inc.",
        "change_pct": 15.92,
        "premarket": 4.66,
        "volume": 7482,
        "category": "g",
        "source": "tv",
        "shortable": true,
        "exchange_name": "AMEX",
        "market_cap": 0.0,
        "existing": false
    },
    {
        "symbol": "DRMA",
        "company": "Dermata Therapeutics, Inc.",
        "change_pct": 15.84,
        "premarket": 1.17,
        "volume": 1099000,
        "category": "g",
        "source": "tv",
        "shortable": true,
        "exchange_name": "NASD",
        "market_cap": 3.22092,
        "existing": false
    },
    {
        "symbol": "WTMA",
        "company": "Welsbach Technology Metals Acquisition Corp.",
        "change_pct": 15.16,
        "premarket": 12.38,
        "volume": 100,
        "category": "g",
        "source": "tv",
        "shortable": false,
        "exchange_name": "NASD",
        "market_cap": 63.57225,
        "existing": false
    },
    {
        "symbol": "GSAT",
        "company": "Globalstar, Inc.",
        "change_pct": 14.5,
        "premarket": 1.5,
        "volume": 1425000,
        "category": "g",
        "source": "tv",
        "shortable": true,
        "exchange_name": "AMEX",
        "market_cap": 2420.55,
        "existing": false
    },
    {
        "symbol": "RKDA",
        "company": "Arcadia Biosciences, Inc.",
        "change_pct": 14.5,
        "premarket": 4.01,
        "volume": 100,
        "category": "g",
        "source": "tv",
        "shortable": true,
        "exchange_name": "NASD",
        "market_cap": 3.87951,
        "existing": false
    },
    {
        "symbol": "JYD",
        "company": "Jayud Global Logistics Limited",
        "change_pct": 14.36,
        "premarket": 2.31,
        "volume": 2963,
        "category": "g",
        "source": "tv",
        "shortable": true,
        "exchange_name": "NASD",
        "market_cap": 43.13149,
        "existing": false
    },
    {
        "symbol": "ADTX",
        "company": "Aditxt, Inc.",
        "change_pct": 13.56,
        "premarket": 9.88,
        "volume": 9350,
        "category": "g",
        "source": "tv",
        "shortable": false,
        "exchange_name": "NASD",
        "market_cap": 1.65578,
        "existing": false
    },
    {
        "symbol": "MPU",
        "company": "Mega Matrix Corp.",
        "change_pct": 12.75,
        "premarket": 1.15,
        "volume": 1300,
        "category": "g",
        "source": "tv",
        "shortable": true,
        "exchange_name": "AMEX",
        "market_cap": 52.90015,
        "existing": false
    },
    {
        "symbol": "HBIO",
        "company": "Harvard Bioscience, Inc.",
        "change_pct": 11.96,
        "premarket": 4.96,
        "volume": 3350,
        "category": "g",
        "source": "tv",
        "shortable": true,
        "exchange_name": "NASD",
        "market_cap": 189.1089,
        "existing": false
    },
    {
        "symbol": "VFS",
        "company": "VinFast Auto Ltd.",
        "change_pct": 11.43,
        "premarket": 51.53,
        "volume": 458693,
        "category": "g",
        "source": "tv",
        "shortable": true,
        "exchange_name": "NASD",
        "market_cap": 106706.6,
        "existing": false
    },
    {
        "symbol": "MVLA",
        "company": "Movella Holdings Inc.",
        "change_pct": 10.36,
        "premarket": 0.9077,
        "volume": 599,
        "category": "g",
        "source": "tv",
        "shortable": true,
        "exchange_name": "NASD",
        "market_cap": 41.87136,
        "existing": false
    },
    {
        "symbol": "ELOX",
        "company": "Eloxx Pharmaceuticals, Inc.",
        "change_pct": 10.34,
        "premarket": 5.55,
        "volume": 1473,
        "category": "g",
        "source": "tv",
        "shortable": true,
        "exchange_name": "NASD",
        "market_cap": 13.84645,
        "existing": false
    },
    {
        "symbol": "CPOP",
        "company": "Pop Culture Group Co., Ltd",
        "change_pct": 9.96,
        "premarket": 0.2969,
        "volume": 800,
        "category": "g",
        "source": "tv",
        "shortable": false,
        "exchange_name": "NASD",
        "market_cap": 6.4935,
        "existing": false
    },
    {
        "symbol": "NEOV",
        "company": "NeoVolta Inc.",
        "change_pct": 9.71,
        "premarket": 3.05,
        "volume": 6333,
        "category": "g",
        "source": "tv",
        "shortable": false,
        "exchange_name": "NASD",
        "market_cap": 92.17125,
        "existing": false
    },
    {
        "symbol": "SLNA",
        "company": "Selina Hospitality PLC",
        "change_pct": 9.63,
        "premarket": 0.6274,
        "volume": 3931,
        "category": "g",
        "source": "tv",
        "shortable": false,
        "exchange_name": "NASD",
        "market_cap": 61.38131,
        "existing": false
    },
    {
        "symbol": "AGBA",
        "company": "AGBA Group Holding Limited",
        "change_pct": 9.58,
        "premarket": 0.6876,
        "volume": 52586,
        "category": "g",
        "source": "tv",
        "shortable": true,
        "exchange_name": "NASD",
        "market_cap": 42.3324,
        "existing": false
    },
    {
        "symbol": "CNEY",
        "company": "CN Energy Group Inc.",
        "change_pct": 9.53,
        "premarket": 0.177,
        "volume": 1921,
        "category": "g",
        "source": "tv",
        "shortable": true,
        "exchange_name": "NASD",
        "market_cap": 9.61307,
        "existing": false
    },
    {
        "symbol": "CONN",
        "company": "Conn's, Inc.",
        "change_pct": 9.51,
        "premarket": 3.8,
        "volume": 29829,
        "category": "g",
        "source": "tv",
        "shortable": true,
        "exchange_name": "NASD",
        "market_cap": 84.09057,
        "existing": false
    },
    {
        "symbol": "MMV",
        "company": "MultiMetaVerse Holdings Limited",
        "change_pct": 9.3,
        "premarket": 1.04,
        "volume": 400,
        "category": "g",
        "source": "tv",
        "shortable": true,
        "exchange_name": "NASD",
        "market_cap": 34.32073,
        "existing": false
    },
    {
        "symbol": "BTCY",
        "company": "Biotricity, Inc.",
        "change_pct": 8.95,
        "premarket": 2.07,
        "volume": 10895,
        "category": "g",
        "source": "tv",
        "shortable": false,
        "exchange_name": "NASD",
        "market_cap": 15.81055,
        "existing": false
    },
    {
        "symbol": "NTRB",
        "company": "Nutriband Inc.",
        "change_pct": 8.67,
        "premarket": 3.51,
        "volume": 1616,
        "category": "g",
        "source": "tv",
        "shortable": false,
        "exchange_name": "NASD",
        "market_cap": 25.30107,
        "existing": false
    },
    {
        "symbol": "EBS",
        "company": "Emergent Biosolutions, Inc.",
        "change_pct": 8.6,
        "premarket": 4.42,
        "volume": 95810,
        "category": "g",
        "source": "tv",
        "shortable": true,
        "exchange_name": "NYSE",
        "market_cap": 210.8546,
        "existing": false
    },
    {
        "symbol": "CFRX",
        "company": "ContraFect Corporation",
        "change_pct": 8.17,
        "premarket": 0.768,
        "volume": 300,
        "category": "g",
        "source": "tv",
        "shortable": true,
        "exchange_name": "NASD",
        "market_cap": 7.60041,
        "existing": false
    },
    {
        "symbol": "VINC",
        "company": "Vincerx Pharma, Inc.",
        "change_pct": 8.1,
        "premarket": 0.7675,
        "volume": 9251,
        "category": "g",
        "source": "tv",
        "shortable": false,
        "exchange_name": "NASD",
        "market_cap": 15.1802,
        "existing": false
    },
    {
        "symbol": "CMRA",
        "company": "Comera Life Sciences Holdings, Inc.",
        "change_pct": 8.04,
        "premarket": 0.551,
        "volume": 13611,
        "category": "g",
        "source": "tv",
        "shortable": false,
        "exchange_name": "NASD",
        "market_cap": 13.85973,
        "existing": false
    },
    {
        "symbol": "NKTX",
        "company": "Nkarta, Inc.",
        "change_pct": 7.9,
        "premarket": 1.91,
        "volume": 2990,
        "category": "g",
        "source": "tv",
        "shortable": false,
        "exchange_name": "NASD",
        "market_cap": 86.83307,
        "existing": false
    },
    {
        "symbol": "VTVT",
        "company": "vTv Therapeutics Inc.",
        "change_pct": 7.86,
        "premarket": 0.55,
        "volume": 1173,
        "category": "g",
        "source": "tv",
        "shortable": true,
        "exchange_name": "NASD",
        "market_cap": 53.32405,
        "existing": false
    },
    {
        "symbol": "LMDX",
        "company": "LumiraDx Limited",
        "change_pct": 7.83,
        "premarket": 0.38,
        "volume": 1500,
        "category": "g",
        "source": "tv",
        "shortable": true,
        "exchange_name": "NASD",
        "market_cap": 57.90699,
        "existing": false
    },
    {
        "symbol": "EDBL",
        "company": "Edible Garden AG Incorporated",
        "change_pct": 7.63,
        "premarket": 1.41,
        "volume": 42061,
        "category": "g",
        "source": "tv",
        "shortable": true,
        "exchange_name": "NASD",
        "market_cap": 3.70348,
        "existing": false
    },
    {
        "symbol": "IRIX",
        "company": "IRIDEX Corporation",
        "change_pct": 7.54,
        "premarket": 1.57,
        "volume": 3109,
        "category": "g",
        "source": "tv",
        "shortable": false,
        "exchange_name": "NASD",
        "market_cap": 23.69449,
        "existing": false
    },
    {
        "symbol": "EVTL",
        "company": "Vertical Aerospace Ltd.",
        "change_pct": 7.5,
        "premarket": 1.29,
        "volume": 16777,
        "category": "g",
        "source": "tv",
        "shortable": true,
        "exchange_name": "NYSE",
        "market_cap": 257.0532,
        "existing": false
    }
]