[
    {
        "symbol": "BJDX",
        "company": "Bluejay Diagnostics, Inc.",
        "change_pct": 116.67,
        "premarket": 11.83,
        "volume": 1129000,
        "category": "g",
        "source": "tv",
        "shortable": false,
        "exchange_name": "NASD",
        "market_cap": 5.58746,
        "existing": false
    },
    {
        "symbol": "TTOO",
        "company": "T2 Biosystems, Inc.",
        "change_pct": 52.51,
        "premarket": 0.3706,
        "volume": 61239000,
        "category": "g",
        "source": "tv",
        "shortable": true,
        "exchange_name": "NASD",
        "market_cap": 70.51756,
        "existing": false
    },
    {
        "symbol": "COOK",
        "company": "Traeger, Inc.",
        "change_pct": 32.54,
        "premarket": 5.46,
        "volume": 212152,
        "category": "g",
        "source": "tv",
        "shortable": true,
        "exchange_name": "NYSE",
        "market_cap": 510.5114,
        "existing": false
    },
    {
        "symbol": "PWM",
        "company": "Prestige Wealth Inc.",
        "change_pct": 27.58,
        "premarket": 13.6,
        "volume": 58381,
        "category": "g",
        "source": "tv",
        "shortable": true,
        "exchange_name": "NASD",
        "market_cap": 97.539,
        "existing": false
    },
    {
        "symbol": "BMRA",
        "company": "Biomerica, Inc.",
        "change_pct": 23.31,
        "premarket": 1.8,
        "volume": 4062000,
        "category": "g",
        "source": "tv",
        "shortable": true,
        "exchange_name": "NASD",
        "market_cap": 24.5596,
        "existing": false
    },
    {
        "symbol": "UPWK",
        "company": "Upwork Inc.",
        "change_pct": 21.77,
        "premarket": 12.14,
        "volume": 64872,
        "category": "g",
        "source": "tv",
        "shortable": true,
        "exchange_name": "NASD",
        "market_cap": 1330.663,
        "existing": false
    },
    {
        "symbol": "TRNR",
        "company": "Interactive Strength Inc.",
        "change_pct": 18.94,
        "premarket": 2.7,
        "volume": 279105,
        "category": "g",
        "source": "tv",
        "shortable": true,
        "exchange_name": "NASD",
        "market_cap": 32.49093,
        "existing": false
    },
    {
        "symbol": "SYTA",
        "company": "Siyata Mobile, Inc.",
        "change_pct": 18.48,
        "premarket": 0.0545,
        "volume": 31737000,
        "category": "g",
        "source": "tv",
        "shortable": false,
        "exchange_name": "NASD",
        "market_cap": 8.5281,
        "existing": false
    },
    {
        "symbol": "IONM",
        "company": "Assure Holdings Corp.",
        "change_pct": 17.81,
        "premarket": 0.86,
        "volume": 272004,
        "category": "g",
        "source": "tv",
        "shortable": true,
        "exchange_name": "NASD",
        "market_cap": 0.80417,
        "existing": false
    },
    {
        "symbol": "ADMP",
        "company": "Adamis Pharmaceuticals Corporation",
        "change_pct": 16.54,
        "premarket": 1.55,
        "volume": 7674000,
        "category": "g",
        "source": "tv",
        "shortable": false,
        "exchange_name": "NASD",
        "market_cap": 3.70843,
        "existing": false
    },
    {
        "symbol": "FARO",
        "company": "FARO Technologies, Inc.",
        "change_pct": 15.29,
        "premarket": 18.4,
        "volume": 3086,
        "category": "g",
        "source": "tv",
        "shortable": true,
        "exchange_name": "NASD",
        "market_cap": 301.6779,
        "existing": false
    },
    {
        "symbol": "ELIQ",
        "company": "Electriq Power Holdings, Inc.",
        "change_pct": 14.93,
        "premarket": 4.08,
        "volume": 6513,
        "category": "g",
        "source": "tv",
        "shortable": true,
        "exchange_name": "NYSE",
        "market_cap": 45.96813,
        "existing": false
    },
    {
        "symbol": "RELY",
        "company": "Remitly Global, Inc.",
        "change_pct": 13.41,
        "premarket": 20.72,
        "volume": 19935,
        "category": "g",
        "source": "tv",
        "shortable": true,
        "exchange_name": "NASD",
        "market_cap": 3251.119,
        "existing": false
    },
    {
        "symbol": "NERV",
        "company": "Minerva Neurosciences, Inc",
        "change_pct": 13.12,
        "premarket": 11.9,
        "volume": 1234,
        "category": "g",
        "source": "tv",
        "shortable": true,
        "exchange_name": "NASD",
        "market_cap": 58.57963,
        "existing": false
    },
    {
        "symbol": "EBET",
        "company": "EBET, INC.",
        "change_pct": 12.44,
        "premarket": 0.066,
        "volume": 12952000,
        "category": "g",
        "source": "tv",
        "shortable": true,
        "exchange_name": "NASD",
        "market_cap": 2.40806,
        "existing": false
    },
    {
        "symbol": "EVGO",
        "company": "EVgo Inc.",
        "change_pct": 12.02,
        "premarket": 4.75,
        "volume": 584119,
        "category": "g",
        "source": "tv",
        "shortable": true,
        "exchange_name": "NASD",
        "market_cap": 1262.88,
        "existing": false
    },
    {
        "symbol": "RUN",
        "company": "Sunrun Inc.",
        "change_pct": 11.72,
        "premarket": 19.93,
        "volume": 249427,
        "category": "g",
        "source": "tv",
        "shortable": true,
        "exchange_name": "NASD",
        "market_cap": 3846.515,
        "existing": false
    },
    {
        "symbol": "SRI",
        "company": "Stoneridge, Inc.",
        "change_pct": 11.7,
        "premarket": 23.0,
        "volume": 190,
        "category": "g",
        "source": "tv",
        "shortable": true,
        "exchange_name": "NYSE",
        "market_cap": 566.4995,
        "existing": false
    },
    {
        "symbol": "LUNG",
        "company": "Pulmonx Corporation",
        "change_pct": 11.49,
        "premarket": 14.75,
        "volume": 344,
        "category": "g",
        "source": "tv",
        "shortable": true,
        "exchange_name": "NASD",
        "market_cap": 499.4071,
        "existing": false
    },
    {
        "symbol": "GMBL",
        "company": "Esports Entertainment Group Inc.",
        "change_pct": 11.43,
        "premarket": 0.3899,
        "volume": 312667,
        "category": "g",
        "source": "tv",
        "shortable": true,
        "exchange_name": "NASD",
        "market_cap": 1.16852,
        "existing": false
    },
    {
        "symbol": "MSGM",
        "company": "Motorsport Games Inc.",
        "change_pct": 11.36,
        "premarket": 4.9,
        "volume": 18542,
        "category": "g",
        "source": "tv",
        "shortable": true,
        "exchange_name": "NASD",
        "market_cap": 42.67531,
        "existing": false
    },
    {
        "symbol": "ZETA",
        "company": "Zeta Global Holdings Corp.",
        "change_pct": 11.24,
        "premarket": 9.3,
        "volume": 5630,
        "category": "g",
        "source": "tv",
        "shortable": true,
        "exchange_name": "NYSE",
        "market_cap": 1774.948,
        "existing": false
    },
    {
        "symbol": "NUWE",
        "company": "Nuwellis, Inc.",
        "change_pct": 11.11,
        "premarket": 2.6,
        "volume": 3157,
        "category": "g",
        "source": "tv",
        "shortable": true,
        "exchange_name": "NASD",
        "market_cap": 2.82422,
        "existing": false
    },
    {
        "symbol": "VS",
        "company": "Versus Systems Inc.",
        "change_pct": 11.01,
        "premarket": 0.4498,
        "volume": 38646,
        "category": "g",
        "source": "tv",
        "shortable": false,
        "exchange_name": "NASD",
        "market_cap": 4.34138,
        "existing": false
    },
    {
        "symbol": "ZIMV",
        "company": "ZimVie Inc.",
        "change_pct": 10.98,
        "premarket": 15.67,
        "volume": 2196,
        "category": "g",
        "source": "tv",
        "shortable": true,
        "exchange_name": "NASD",
        "market_cap": 372.496,
        "existing": false
    },
    {
        "symbol": "QCOM",
        "company": "QUALCOMM Incorporated",
        "change_pct": -9.65,
        "premarket": 116.8,
        "volume": 412172,
        "category": "l",
        "source": "tv",
        "shortable": true,
        "exchange_name": "NASD",
        "market_cap": 144006.8,
        "existing": false
    },
    {
        "symbol": "PYPL",
        "company": "PayPal Holdings, Inc.",
        "change_pct": -8.96,
        "premarket": 66.64,
        "volume": 962108,
        "category": "l",
        "source": "tv",
        "shortable": true,
        "exchange_name": "NASD",
        "market_cap": 81670.27,
        "existing": false
    },
    {
        "symbol": "CMI",
        "company": "Cummins Inc.",
        "change_pct": -5.09,
        "premarket": 248.88,
        "volume": 1680,
        "category": "l",
        "source": "tv",
        "shortable": true,
        "exchange_name": "NYSE",
        "market_cap": 37120.33,
        "existing": false
    },
    {
        "symbol": "HUBS",
        "company": "HubSpot, Inc.",
        "change_pct": -8.15,
        "premarket": 508.13,
        "volume": 1601,
        "category": "l",
        "source": "tv",
        "shortable": true,
        "exchange_name": "NYSE",
        "market_cap": 27461.61,
        "existing": false
    },
    {
        "symbol": "MGM",
        "company": "MGM Resorts International",
        "change_pct": -5.72,
        "premarket": 46.44,
        "volume": 43019,
        "category": "l",
        "source": "tv",
        "shortable": true,
        "exchange_name": "NYSE",
        "market_cap": 17920.74,
        "existing": false
    },
    {
        "symbol": "EXPE",
        "company": "Expedia Group, Inc.",
        "change_pct": -10.51,
        "premarket": 105.6,
        "volume": 133183,
        "category": "l",
        "source": "tv",
        "shortable": true,
        "exchange_name": "NASD",
        "market_cap": 17478.7,
        "existing": false
    },
    {
        "symbol": "ETSY",
        "company": "Etsy, Inc.",
        "change_pct": -9.13,
        "premarket": 87.3,
        "volume": 72898,
        "category": "l",
        "source": "tv",
        "shortable": true,
        "exchange_name": "NASD",
        "market_cap": 11850.42,
        "existing": false
    },
    {
        "symbol": "HOOD",
        "company": "Robinhood Markets, Inc.",
        "change_pct": -5.94,
        "premarket": 11.7,
        "volume": 237481,
        "category": "l",
        "source": "tv",
        "shortable": true,
        "exchange_name": "NASD",
        "market_cap": 11232.77,
        "existing": false
    },
    {
        "symbol": "AFG",
        "company": "American Financial Group, Inc.",
        "change_pct": -5.5,
        "premarket": 116.0,
        "volume": 2735,
        "category": "l",
        "source": "tv",
        "shortable": true,
        "exchange_name": "NYSE",
        "market_cap": 10455.8,
        "existing": false
    },
    {
        "symbol": "WCC",
        "company": "WESCO International, Inc.",
        "change_pct": -18.09,
        "premarket": 147.0,
        "volume": 38384,
        "category": "l",
        "source": "tv",
        "shortable": true,
        "exchange_name": "NYSE",
        "market_cap": 9201.317,
        "existing": false
    },
    {
        "symbol": "CGNX",
        "company": "Cognex Corporation",
        "change_pct": -7.08,
        "premarket": 47.41,
        "volume": 1446,
        "category": "l",
        "source": "tv",
        "shortable": true,
        "exchange_name": "NASD",
        "market_cap": 8806.121,
        "existing": false
    },
    {
        "symbol": "TKR",
        "company": "Timken Company (The)",
        "change_pct": -6.95,
        "premarket": 85.0,
        "volume": 1100,
        "category": "l",
        "source": "tv",
        "shortable": true,
        "exchange_name": "NYSE",
        "market_cap": 6613.303,
        "existing": false
    },
    {
        "symbol": "CLVT",
        "company": "Clarivate Plc",
        "change_pct": -8.69,
        "premarket": 8.2,
        "volume": 877,
        "category": "l",
        "source": "tv",
        "shortable": true,
        "exchange_name": "NYSE",
        "market_cap": 6071.133,
        "existing": false
    },
    {
        "symbol": "DXC",
        "company": "DXC Technology Company",
        "change_pct": -25.12,
        "premarket": 20.27,
        "volume": 221206,
        "category": "l",
        "source": "tv",
        "shortable": true,
        "exchange_name": "NYSE",
        "market_cap": 5704.167,
        "existing": false
    },
    {
        "symbol": "JOBY",
        "company": "Joby Aviation, Inc.",
        "change_pct": -4.83,
        "premarket": 7.89,
        "volume": 161600,
        "category": "l",
        "source": "tv",
        "shortable": true,
        "exchange_name": "NYSE",
        "market_cap": 5615.916,
        "existing": false
    },
    {
        "symbol": "LNTH",
        "company": "Lantheus Holdings, Inc.",
        "change_pct": -7.72,
        "premarket": 75.5,
        "volume": 45677,
        "category": "l",
        "source": "tv",
        "shortable": true,
        "exchange_name": "NASD",
        "market_cap": 5590.997,
        "existing": false
    },
    {
        "symbol": "SHC",
        "company": "Sotera Health Company",
        "change_pct": -8.01,
        "premarket": 17.0,
        "volume": 2350,
        "category": "l",
        "source": "tv",
        "shortable": true,
        "exchange_name": "NASD",
        "market_cap": 5220.905,
        "existing": false
    },
    {
        "symbol": "QS",
        "company": "QuantumScape Corporation",
        "change_pct": -12.69,
        "premarket": 9.7,
        "volume": 506991,
        "category": "l",
        "source": "tv",
        "shortable": true,
        "exchange_name": "NYSE",
        "market_cap": 4973.49,
        "existing": false
    },
    {
        "symbol": "NFG",
        "company": "National Fuel Gas Company",
        "change_pct": -4.65,
        "premarket": 50.0,
        "volume": 247,
        "category": "l",
        "source": "tv",
        "shortable": true,
        "exchange_name": "NYSE",
        "market_cap": 4814.202,
        "existing": false
    },
    {
        "symbol": "ACAD",
        "company": "ACADIA Pharmaceuticals Inc.",
        "change_pct": -5.14,
        "premarket": 27.7,
        "volume": 1400,
        "category": "l",
        "source": "tv",
        "shortable": true,
        "exchange_name": "NASD",
        "market_cap": 4748.661,
        "existing": false
    },
    {
        "symbol": "VAC",
        "company": "Marriott Vacations Worldwide Corporation",
        "change_pct": -8.69,
        "premarket": 114.0,
        "volume": 10114,
        "category": "l",
        "source": "tv",
        "shortable": true,
        "exchange_name": "NYSE",
        "market_cap": 4595.595,
        "existing": false
    },
    {
        "symbol": "GT",
        "company": "The Goodyear Tire & Rubber Company",
        "change_pct": -11.42,
        "premarket": 13.96,
        "volume": 51215,
        "category": "l",
        "source": "tv",
        "shortable": true,
        "exchange_name": "NASD",
        "market_cap": 4466.829,
        "existing": false
    },
    {
        "symbol": "SDGR",
        "company": "Schrodinger, Inc.",
        "change_pct": -19.79,
        "premarket": 40.3,
        "volume": 61173,
        "category": "l",
        "source": "tv",
        "shortable": true,
        "exchange_name": "NASD",
        "market_cap": 3593.689,
        "existing": false
    },
    {
        "symbol": "ESMT",
        "company": "EngageSmart, Inc.",
        "change_pct": -8.39,
        "premarket": 16.81,
        "volume": 7659,
        "category": "l",
        "source": "tv",
        "shortable": true,
        "exchange_name": "NYSE",
        "market_cap": 3059.748,
        "existing": false
    },
    {
        "symbol": "STAA",
        "company": "STAAR Surgical Company",
        "change_pct": -13.02,
        "premarket": 45.49,
        "volume": 17960,
        "category": "l",
        "source": "tv",
        "shortable": true,
        "exchange_name": "NASD",
        "market_cap": 2527.829,
        "existing": false
    }
]