[
    {
        "symbol": "NKLA",
        "company": "Nikola Corporation",
        "premarket": 2.73,
        "change_pct": 22.97,
        "volume": 46000000,
        "category": "g",
        "source": "cnn",
        "shortable": true,
        "exchange_name": "unknown, couldn't get quotes",
        "market_cap": 0,
        "existing": false
    },
    {
        "symbol": "ARBB",
        "company": "ARB IOT Group Limited",
        "premarket": 4.7,
        "change_pct": 44.17,
        "volume": 3000000,
        "category": "g",
        "source": "cnn",
        "shortable": true,
        "exchange_name": "unknown, couldn't get quotes",
        "market_cap": 0,
        "existing": false
    },
    {
        "symbol": "PLUG",
        "company": "Plug Power Inc.",
        "premarket": 13.24,
        "change_pct": 7.12,
        "volume": 3000000,
        "category": "g",
        "source": "cnn",
        "shortable": true,
        "exchange_name": "unknown, couldn't get quotes",
        "market_cap": 0,
        "existing": false
    },
    {
        "symbol": "LESL",
        "company": "Leslie's, Inc.",
        "premarket": 5.73,
        "change_pct": 39.81,
        "volume": 2000000,
        "category": "g",
        "source": "cnn",
        "shortable": true,
        "exchange_name": "unknown, couldn't get quotes",
        "market_cap": 0,
        "existing": false
    },
    {
        "symbol": "NOK",
        "company": "Nokia Oyj Sponsored ADR",
        "premarket": 3.97,
        "change_pct": 8.74,
        "volume": 2000000,
        "category": "g",
        "source": "cnn",
        "shortable": true,
        "exchange_name": "unknown, couldn't get quotes",
        "market_cap": 0,
        "existing": false
    },
    {
        "symbol": "PRFX",
        "company": "PainReform Ltd.",
        "premarket": 8.08,
        "change_pct": 40.52,
        "volume": 2000000,
        "category": "g",
        "source": "cnn",
        "shortable": true,
        "exchange_name": "unknown, couldn't get quotes",
        "market_cap": 0,
        "existing": false
    },
    {
        "symbol": "T",
        "company": "AT&T Inc.",
        "premarket": 14.81,
        "change_pct": 2.05,
        "volume": 2000000,
        "category": "g",
        "source": "cnn",
        "shortable": true,
        "exchange_name": "unknown, couldn't get quotes",
        "market_cap": 0,
        "existing": false
    },
    {
        "symbol": "ERIC",
        "company": "Telefonaktiebolaget LM Ericsson Sponsored ADR Class B",
        "premarket": 5.15,
        "change_pct": 10.28,
        "volume": 2000000,
        "category": "g",
        "source": "cnn",
        "shortable": true,
        "exchange_name": "unknown, couldn't get quotes",
        "market_cap": 0,
        "existing": false
    },
    {
        "symbol": "O",
        "company": "Realty Income Corporation",
        "premarket": 60.83,
        "change_pct": 0.21,
        "volume": 2000000,
        "category": "g",
        "source": "cnn",
        "shortable": true,
        "exchange_name": "unknown, couldn't get quotes",
        "market_cap": 0,
        "existing": false
    },
    {
        "symbol": "BAC",
        "company": "Bank of America Corp",
        "premarket": 30.01,
        "change_pct": 1.15,
        "volume": 2000000,
        "category": "g",
        "source": "cnn",
        "shortable": true,
        "exchange_name": "unknown, couldn't get quotes",
        "market_cap": 0,
        "existing": false
    },
    {
        "symbol": "TSLA",
        "company": "Tesla, Inc.",
        "premarket": 277.0,
        "change_pct": 0.32,
        "volume": 2000000,
        "category": "g",
        "source": "cnn",
        "shortable": true,
        "exchange_name": "unknown, couldn't get quotes",
        "market_cap": 0,
        "existing": false
    }
]