[
    {
        "symbol": "FOXO",
        "company": "FOXO Technologies Inc.",
        "change_pct": 82.8,
        "premarket": 0.2614,
        "volume": 16889000,
        "category": "g",
        "source": "tv",
        "shortable": false,
        "exchange_name": "AMEX",
        "market_cap": 130.5116,
        "existing": false
    },
    {
        "symbol": "PALI",
        "company": "Palisade Bio, Inc.",
        "change_pct": 62.52,
        "premarket": 1.1209,
        "volume": 5359000,
        "category": "g",
        "source": "tv",
        "shortable": true,
        "exchange_name": "NASD",
        "market_cap": 4.72841,
        "existing": false
    },
    {
        "symbol": "MRIN",
        "company": "Marin Software Incorporated",
        "change_pct": 30.31,
        "premarket": 0.5546,
        "volume": 6828000,
        "category": "g",
        "source": "tv",
        "shortable": false,
        "exchange_name": "NASD",
        "market_cap": 7.5727,
        "existing": false
    },
    {
        "symbol": "SST",
        "company": "System1, Inc.",
        "change_pct": 23.37,
        "premarket": 2.27,
        "volume": 1772000,
        "category": "g",
        "source": "tv",
        "shortable": true,
        "exchange_name": "NYSE",
        "market_cap": 211.8201,
        "existing": false
    },
    {
        "symbol": "TRVN",
        "company": "Trevena, Inc.",
        "change_pct": 22.27,
        "premarket": 1.07,
        "volume": 11320000,
        "category": "g",
        "source": "tv",
        "shortable": true,
        "exchange_name": "NASD",
        "market_cap": 11.99949,
        "existing": false
    },
    {
        "symbol": "NBSE",
        "company": "NeuBase Therapeutics, Inc.",
        "change_pct": 18.26,
        "premarket": 1.36,
        "volume": 5029000,
        "category": "g",
        "source": "tv",
        "shortable": true,
        "exchange_name": "NASD",
        "market_cap": 2.71673,
        "existing": false
    },
    {
        "symbol": "DERM",
        "company": "Journey Medical Corporation",
        "change_pct": 18.19,
        "premarket": 2.5,
        "volume": 567289,
        "category": "g",
        "source": "tv",
        "shortable": false,
        "exchange_name": "NASD",
        "market_cap": 26.38736,
        "existing": false
    },
    {
        "symbol": "AVAV",
        "company": "AeroVironment, Inc.",
        "change_pct": 17.46,
        "premarket": 111.93,
        "volume": 23926,
        "category": "g",
        "source": "tv",
        "shortable": true,
        "exchange_name": "NASD",
        "market_cap": 2505.377,
        "existing": false
    },
    {
        "symbol": "RSLS",
        "company": "ReShape Lifesciences, Inc.",
        "change_pct": 15.56,
        "premarket": 1.04,
        "volume": 5478,
        "category": "g",
        "source": "tv",
        "shortable": true,
        "exchange_name": "NASD",
        "market_cap": 3.1072,
        "existing": false
    },
    {
        "symbol": "ZFOX",
        "company": "ZeroFox Holdings, Inc.",
        "change_pct": 15.38,
        "premarket": 1.2,
        "volume": 609342,
        "category": "g",
        "source": "tv",
        "shortable": true,
        "exchange_name": "NASD",
        "market_cap": 123.41,
        "existing": false
    },
    {
        "symbol": "DAKT",
        "company": "Daktronics, Inc.",
        "change_pct": 14.56,
        "premarket": 9.6,
        "volume": 45754,
        "category": "g",
        "source": "tv",
        "shortable": true,
        "exchange_name": "NASD",
        "market_cap": 382.9935,
        "existing": false
    },
    {
        "symbol": "NXGN",
        "company": "NextGen Healthcare, Inc.",
        "change_pct": 14.55,
        "premarket": 23.54,
        "volume": 1792000,
        "category": "g",
        "source": "tv",
        "shortable": true,
        "exchange_name": "NASD",
        "market_cap": 1377.228,
        "existing": false
    },
    {
        "symbol": "ICCT",
        "company": "iCoreConnect Inc.",
        "change_pct": 14.26,
        "premarket": 7.69,
        "volume": 702106,
        "category": "g",
        "source": "tv",
        "shortable": false,
        "exchange_name": "NASD",
        "market_cap": 1625.874,
        "existing": false
    },
    {
        "symbol": "IMPL",
        "company": "Impel Pharmaceuticals Inc.",
        "change_pct": 13.92,
        "premarket": 0.45,
        "volume": 350,
        "category": "g",
        "source": "tv",
        "shortable": true,
        "exchange_name": "NASD",
        "market_cap": 9.38086,
        "existing": false
    },
    {
        "symbol": "LQR",
        "company": "LQR House Inc.",
        "change_pct": 12.93,
        "premarket": 1.31,
        "volume": 934014,
        "category": "g",
        "source": "tv",
        "shortable": true,
        "exchange_name": "NASD",
        "market_cap": 13.1143,
        "existing": false
    },
    {
        "symbol": "APLT",
        "company": "Applied Therapeutics, Inc.",
        "change_pct": 12.7,
        "premarket": 1.42,
        "volume": 214230,
        "category": "g",
        "source": "tv",
        "shortable": true,
        "exchange_name": "NASD",
        "market_cap": 79.53653,
        "existing": false
    },
    {
        "symbol": "ERNA",
        "company": "Eterna Therapeutics Inc.",
        "change_pct": 12.55,
        "premarket": 2.6,
        "volume": 3600,
        "category": "g",
        "source": "tv",
        "shortable": true,
        "exchange_name": "NASD",
        "market_cap": 12.49786,
        "existing": false
    },
    {
        "symbol": "MITK",
        "company": "Mitek Systems, Inc.",
        "change_pct": 12.39,
        "premarket": 12.7,
        "volume": 50842,
        "category": "g",
        "source": "tv",
        "shortable": true,
        "exchange_name": "NASD",
        "market_cap": 514.5321,
        "existing": false
    },
    {
        "symbol": "IDAI",
        "company": "T Stamp Inc.",
        "change_pct": 12.06,
        "premarket": 1.58,
        "volume": 84609,
        "category": "g",
        "source": "tv",
        "shortable": true,
        "exchange_name": "NASD",
        "market_cap": 11.62156,
        "existing": false
    },
    {
        "symbol": "DRIO",
        "company": "DarioHealth Corp.",
        "change_pct": 11.86,
        "premarket": 3.49,
        "volume": 600,
        "category": "g",
        "source": "tv",
        "shortable": true,
        "exchange_name": "NASD",
        "market_cap": 84.95618,
        "existing": false
    },
    {
        "symbol": "MTNB",
        "company": "Matinas Biopharma Holdings, Inc.",
        "change_pct": 11.6,
        "premarket": 0.1886,
        "volume": 7316,
        "category": "g",
        "source": "tv",
        "shortable": true,
        "exchange_name": "AMEX",
        "market_cap": 154.1629,
        "existing": false
    },
    {
        "symbol": "ROKU",
        "company": "Roku, Inc.",
        "change_pct": 11.23,
        "premarket": 93.13,
        "volume": 823629,
        "category": "g",
        "source": "tv",
        "shortable": true,
        "exchange_name": "NASD",
        "market_cap": 11848.45,
        "existing": false
    },
    {
        "symbol": "ELDN",
        "company": "Eledon Pharmaceuticals, Inc.",
        "change_pct": 11.19,
        "premarket": 1.59,
        "volume": 1000,
        "category": "g",
        "source": "tv",
        "shortable": true,
        "exchange_name": "NASD",
        "market_cap": 33.66954,
        "existing": false
    },
    {
        "symbol": "USAU",
        "company": "U.S. Gold Corp.",
        "change_pct": 10.97,
        "premarket": 4.25,
        "volume": 250,
        "category": "g",
        "source": "tv",
        "shortable": true,
        "exchange_name": "NASD",
        "market_cap": 35.59652,
        "existing": false
    },
    {
        "symbol": "CDTX",
        "company": "Cidara Therapeutics, Inc.",
        "change_pct": 10.94,
        "premarket": 0.88,
        "volume": 1310000,
        "category": "g",
        "source": "tv",
        "shortable": true,
        "exchange_name": "NASD",
        "market_cap": 71.58768,
        "existing": false
    },
    {
        "symbol": "CDW",
        "company": "CDW Corporation",
        "change_pct": -3.99,
        "premarket": 204.16,
        "volume": 500,
        "category": "l",
        "source": "tv",
        "shortable": true,
        "exchange_name": "NASD",
        "market_cap": 28503.94,
        "existing": false
    },
    {
        "symbol": "LUV",
        "company": "Southwest Airlines Company",
        "change_pct": -3.8,
        "premarket": 29.6,
        "volume": 144799,
        "category": "l",
        "source": "tv",
        "shortable": true,
        "exchange_name": "NYSE",
        "market_cap": 18327.65,
        "existing": false
    },
    {
        "symbol": "ASAN",
        "company": "Asana, Inc.",
        "change_pct": -4.81,
        "premarket": 20.6,
        "volume": 56824,
        "category": "l",
        "source": "tv",
        "shortable": true,
        "exchange_name": "NYSE",
        "market_cap": 4692.428,
        "existing": false
    },
    {
        "symbol": "ESTE",
        "company": "Earthstone Energy, Inc.",
        "change_pct": -3.39,
        "premarket": 20.35,
        "volume": 100,
        "category": "l",
        "source": "tv",
        "shortable": true,
        "exchange_name": "NYSE",
        "market_cap": 2960.798,
        "existing": false
    },
    {
        "symbol": "AMC",
        "company": "AMC Entertainment Holdings, Inc.",
        "change_pct": -14.96,
        "premarket": 11.6,
        "volume": 2724000,
        "category": "l",
        "source": "tv",
        "shortable": true,
        "exchange_name": "NYSE",
        "market_cap": 2160.276,
        "existing": false
    },
    {
        "symbol": "CSGS",
        "company": "CSG Systems International, Inc.",
        "change_pct": -3.75,
        "premarket": 50.5,
        "volume": 4787,
        "category": "l",
        "source": "tv",
        "shortable": true,
        "exchange_name": "NASD",
        "market_cap": 1665.859,
        "existing": false
    },
    {
        "symbol": "PLAB",
        "company": "Photronics, Inc.",
        "change_pct": -10.89,
        "premarket": 20.94,
        "volume": 30101,
        "category": "l",
        "source": "tv",
        "shortable": true,
        "exchange_name": "NASD",
        "market_cap": 1469.177,
        "existing": false
    },
    {
        "symbol": "ECX",
        "company": "ECARX Holdings Inc.",
        "change_pct": -4.41,
        "premarket": 3.9,
        "volume": 1700,
        "category": "l",
        "source": "tv",
        "shortable": true,
        "exchange_name": "NASD",
        "market_cap": 1376.573,
        "existing": false
    },
    {
        "symbol": "GERN",
        "company": "Geron Corporation",
        "change_pct": -4.1,
        "premarket": 2.34,
        "volume": 250,
        "category": "l",
        "source": "tv",
        "shortable": true,
        "exchange_name": "NASD",
        "market_cap": 1277.024,
        "existing": false
    },
    {
        "symbol": "OSTK",
        "company": "Overstock.com, Inc.",
        "change_pct": -6.96,
        "premarket": 25.52,
        "volume": 50765,
        "category": "l",
        "source": "tv",
        "shortable": true,
        "exchange_name": "NASD",
        "market_cap": 1239.922,
        "existing": false
    },
    {
        "symbol": "DCGO",
        "company": "DocGo Inc.",
        "change_pct": -15.74,
        "premarket": 6.88,
        "volume": 28297,
        "category": "l",
        "source": "tv",
        "shortable": true,
        "exchange_name": "NASD",
        "market_cap": 847.4111,
        "existing": false
    },
    {
        "symbol": "STEM",
        "company": "Stem, Inc.",
        "change_pct": -3.79,
        "premarket": 4.82,
        "volume": 57980,
        "category": "l",
        "source": "tv",
        "shortable": true,
        "exchange_name": "NYSE",
        "market_cap": 780.5701,
        "existing": false
    },
    {
        "symbol": "LEV",
        "company": "The Lion Electric Company",
        "change_pct": -5.14,
        "premarket": 2.03,
        "volume": 200,
        "category": "l",
        "source": "tv",
        "shortable": true,
        "exchange_name": "NYSE",
        "market_cap": 484.0357,
        "existing": false
    },
    {
        "symbol": "FLAG",
        "company": "First Light Acquisition Group, Inc.",
        "change_pct": -5.57,
        "premarket": 9.49,
        "volume": 100,
        "category": "l",
        "source": "tv",
        "shortable": false,
        "exchange_name": "AMEX",
        "market_cap": 288.3625,
        "existing": false
    },
    {
        "symbol": "BLND",
        "company": "Blend Labs, Inc.",
        "change_pct": -4.35,
        "premarket": 1.1,
        "volume": 600,
        "category": "l",
        "source": "tv",
        "shortable": false,
        "exchange_name": "NYSE",
        "market_cap": 282.7685,
        "existing": false
    },
    {
        "symbol": "NCNC",
        "company": "noco-noco Inc.",
        "change_pct": -7.95,
        "premarket": 1.39,
        "volume": 215534,
        "category": "l",
        "source": "tv",
        "shortable": true,
        "exchange_name": "NASD",
        "market_cap": 199.979,
        "existing": false
    },
    {
        "symbol": "VHNA",
        "company": "Vahanna Tech Edge Acquisition I Corp.",
        "change_pct": -5.0,
        "premarket": 10.26,
        "volume": 100,
        "category": "l",
        "source": "tv",
        "shortable": true,
        "exchange_name": "NASD",
        "market_cap": 182.1615,
        "existing": false
    },
    {
        "symbol": "BDTX",
        "company": "Black Diamond Therapeutics, Inc.",
        "change_pct": -3.69,
        "premarket": 3.39,
        "volume": 1375,
        "category": "l",
        "source": "tv",
        "shortable": true,
        "exchange_name": "NASD",
        "market_cap": 181.5451,
        "existing": false
    },
    {
        "symbol": "AULT",
        "company": "Ault Alliance, Inc.",
        "change_pct": -10.34,
        "premarket": 1.04,
        "volume": 352264,
        "category": "l",
        "source": "tv",
        "shortable": true,
        "exchange_name": "AMEX",
        "market_cap": 155.8324,
        "existing": false
    },
    {
        "symbol": "LOOP",
        "company": "Loop Industries, Inc.",
        "change_pct": -6.12,
        "premarket": 2.76,
        "volume": 2077,
        "category": "l",
        "source": "tv",
        "shortable": true,
        "exchange_name": "NASD",
        "market_cap": 139.7123,
        "existing": false
    },
    {
        "symbol": "BSET",
        "company": "Bassett Furniture Industries, Incorporated",
        "change_pct": -8.09,
        "premarket": 13.64,
        "volume": 1145,
        "category": "l",
        "source": "tv",
        "shortable": true,
        "exchange_name": "NASD",
        "market_cap": 131.1544,
        "existing": false
    },
    {
        "symbol": "AKTS",
        "company": "Akoustis Technologies, Inc.",
        "change_pct": -15.16,
        "premarket": 1.4,
        "volume": 14011,
        "category": "l",
        "source": "tv",
        "shortable": true,
        "exchange_name": "NASD",
        "market_cap": 118.2063,
        "existing": false
    },
    {
        "symbol": "TTOO",
        "company": "T2 Biosystems, Inc.",
        "change_pct": -4.74,
        "premarket": 0.3296,
        "volume": 3382000,
        "category": "l",
        "source": "tv",
        "shortable": true,
        "exchange_name": "NASD",
        "market_cap": 115.4187,
        "existing": false
    },
    {
        "symbol": "PTN",
        "company": "Palatin Technologies, Inc.",
        "change_pct": -3.85,
        "premarket": 2.25,
        "volume": 634,
        "category": "l",
        "source": "tv",
        "shortable": true,
        "exchange_name": "AMEX",
        "market_cap": 113.309,
        "existing": false
    },
    {
        "symbol": "CSLR",
        "company": "Complete Solaria, Inc.",
        "change_pct": -3.6,
        "premarket": 2.41,
        "volume": 480,
        "category": "l",
        "source": "tv",
        "shortable": true,
        "exchange_name": "NASD",
        "market_cap": 113.2264,
        "existing": false
    }
]