[
    {
        "symbol": "FRTX",
        "company": "Fresh Tracks Therapeutics, Inc.",
        "change_pct": 39.57,
        "premarket": 0.9499,
        "volume": 8583000,
        "category": "g",
        "source": "tv",
        "shortable": true,
        "exchange_name": "NASD",
        "market_cap": 5.61115,
        "existing": false
    },
    {
        "symbol": "BGLC",
        "company": "BioNexus Gene Lab Corp",
        "change_pct": 39.22,
        "premarket": 6.78,
        "volume": 2192000,
        "category": "g",
        "source": "tv",
        "shortable": false,
        "exchange_name": "NASD",
        "market_cap": 86.13525,
        "existing": false
    },
    {
        "symbol": "GBNH",
        "company": "Greenbrook TMS Inc.",
        "change_pct": 25.67,
        "premarket": 0.4147,
        "volume": 263323,
        "category": "g",
        "source": "tv",
        "shortable": true,
        "exchange_name": "NASD",
        "market_cap": 14.76449,
        "existing": false
    },
    {
        "symbol": "DWAC",
        "company": "Digital World Acquisition Corp.",
        "change_pct": 25.0,
        "premarket": 16.7,
        "volume": 931537,
        "category": "g",
        "source": "tv",
        "shortable": true,
        "exchange_name": "NASD",
        "market_cap": 747.1906,
        "existing": false
    },
    {
        "symbol": "LVWR",
        "company": "LiveWire Group, Inc.",
        "change_pct": 21.36,
        "premarket": 12.5,
        "volume": 100,
        "category": "g",
        "source": "tv",
        "shortable": true,
        "exchange_name": "NYSE",
        "market_cap": 2034.212,
        "existing": false
    },
    {
        "symbol": "MBRX",
        "company": "Moleculin Biotech, Inc.",
        "change_pct": 17.28,
        "premarket": 0.76,
        "volume": 127020,
        "category": "g",
        "source": "tv",
        "shortable": true,
        "exchange_name": "NASD",
        "market_cap": 19.83214,
        "existing": false
    },
    {
        "symbol": "GFAI",
        "company": "Guardforce AI Co., Limited",
        "change_pct": 15.53,
        "premarket": 7.44,
        "volume": 3990000,
        "category": "g",
        "source": "tv",
        "shortable": true,
        "exchange_name": "NASD",
        "market_cap": 57.81907,
        "existing": false
    },
    {
        "symbol": "KA",
        "company": "Kineta, Inc.",
        "change_pct": 15.38,
        "premarket": 2.7,
        "volume": 11805,
        "category": "g",
        "source": "tv",
        "shortable": true,
        "exchange_name": "NASD",
        "market_cap": 22.58914,
        "existing": false
    },
    {
        "symbol": "LNSR",
        "company": "LENSAR, Inc.",
        "change_pct": 14.62,
        "premarket": 3.92,
        "volume": 200,
        "category": "g",
        "source": "tv",
        "shortable": false,
        "exchange_name": "NASD",
        "market_cap": 38.30244,
        "existing": false
    },
    {
        "symbol": "XGN",
        "company": "Exagen Inc.",
        "change_pct": 13.94,
        "premarket": 2.86,
        "volume": 100,
        "category": "g",
        "source": "tv",
        "shortable": false,
        "exchange_name": "NASD",
        "market_cap": 42.2325,
        "existing": false
    },
    {
        "symbol": "WYY",
        "company": "WidePoint Corporation",
        "change_pct": 13.57,
        "premarket": 2.26,
        "volume": 700,
        "category": "g",
        "source": "tv",
        "shortable": false,
        "exchange_name": "AMEX",
        "market_cap": 46.13232,
        "existing": false
    },
    {
        "symbol": "BTM",
        "company": "Bitcoin Depot Inc.",
        "change_pct": 12.09,
        "premarket": 3.43,
        "volume": 605906,
        "category": "g",
        "source": "tv",
        "shortable": false,
        "exchange_name": "NASD",
        "market_cap": 48.63272,
        "existing": false
    },
    {
        "symbol": "TTOO",
        "company": "T2 Biosystems, Inc.",
        "change_pct": 11.09,
        "premarket": 0.1112,
        "volume": 24001000,
        "category": "g",
        "source": "tv",
        "shortable": true,
        "exchange_name": "NASD",
        "market_cap": 29.22271,
        "existing": false
    },
    {
        "symbol": "CEI",
        "company": "Camber Energy, Inc.",
        "change_pct": 10.72,
        "premarket": 0.88,
        "volume": 7118000,
        "category": "g",
        "source": "tv",
        "shortable": true,
        "exchange_name": "AMEX",
        "market_cap": 52.30604,
        "existing": false
    },
    {
        "symbol": "TCON",
        "company": "TRACON Pharmaceuticals, Inc.",
        "change_pct": 9.52,
        "premarket": 0.3176,
        "volume": 23390,
        "category": "g",
        "source": "tv",
        "shortable": true,
        "exchange_name": "NASD",
        "market_cap": 6.89785,
        "existing": false
    },
    {
        "symbol": "ELOX",
        "company": "Eloxx Pharmaceuticals, Inc.",
        "change_pct": 9.01,
        "premarket": 7.26,
        "volume": 4240,
        "category": "g",
        "source": "tv",
        "shortable": true,
        "exchange_name": "NASD",
        "market_cap": 14.23296,
        "existing": false
    },
    {
        "symbol": "VIEW",
        "company": "View, Inc.",
        "change_pct": 8.89,
        "premarket": 0.1568,
        "volume": 19621,
        "category": "g",
        "source": "tv",
        "shortable": true,
        "exchange_name": "NASD",
        "market_cap": 34.59993,
        "existing": false
    },
    {
        "symbol": "BIAF",
        "company": "bioAffinity Technologies, Inc.",
        "change_pct": 8.89,
        "premarket": 1.96,
        "volume": 1700,
        "category": "g",
        "source": "tv",
        "shortable": false,
        "exchange_name": "NASD",
        "market_cap": 14.99341,
        "existing": false
    },
    {
        "symbol": "RIBT",
        "company": "RiceBran Technologies",
        "change_pct": 8.29,
        "premarket": 0.9237,
        "volume": 200,
        "category": "g",
        "source": "tv",
        "shortable": false,
        "exchange_name": "NASD",
        "market_cap": 5.30636,
        "existing": false
    },
    {
        "symbol": "PHUN",
        "company": "Phunware, Inc.",
        "change_pct": 8.23,
        "premarket": 0.4196,
        "volume": 922713,
        "category": "g",
        "source": "tv",
        "shortable": true,
        "exchange_name": "NASD",
        "market_cap": 39.7701,
        "existing": false
    },
    {
        "symbol": "JWEL",
        "company": "Jowell Global Ltd.",
        "change_pct": 8.06,
        "premarket": 0.224,
        "volume": 6450,
        "category": "g",
        "source": "tv",
        "shortable": false,
        "exchange_name": "NASD",
        "market_cap": 7.17314,
        "existing": false
    },
    {
        "symbol": "EFSH",
        "company": "1847 Holdings LLC",
        "change_pct": 8.05,
        "premarket": 0.1999,
        "volume": 573525,
        "category": "g",
        "source": "tv",
        "shortable": false,
        "exchange_name": "AMEX",
        "market_cap": 5.99428,
        "existing": false
    },
    {
        "symbol": "TKAT",
        "company": "Takung Art Co., Ltd.",
        "change_pct": 8.02,
        "premarket": 0.295,
        "volume": 3727,
        "category": "g",
        "source": "tv",
        "shortable": false,
        "exchange_name": "AMEX",
        "market_cap": 101.6234,
        "existing": false
    },
    {
        "symbol": "GMBL",
        "company": "Esports Entertainment Group Inc.",
        "change_pct": 7.86,
        "premarket": 0.6258,
        "volume": 34557,
        "category": "g",
        "source": "tv",
        "shortable": true,
        "exchange_name": "NASD",
        "market_cap": 1.98037,
        "existing": false
    },
    {
        "symbol": "MRIN",
        "company": "Marin Software Incorporated",
        "change_pct": 7.77,
        "premarket": 0.7102,
        "volume": 253526,
        "category": "g",
        "source": "tv",
        "shortable": false,
        "exchange_name": "NASD",
        "market_cap": 11.90118,
        "existing": false
    },
    {
        "symbol": "AXP",
        "company": "American Express Company",
        "change_pct": -2.83,
        "premarket": 172.1,
        "volume": 312396,
        "category": "l",
        "source": "tv",
        "shortable": true,
        "exchange_name": "NYSE",
        "market_cap": 126514.4,
        "existing": false
    },
    {
        "symbol": "ISRG",
        "company": "Intuitive Surgical, Inc.",
        "change_pct": -3.27,
        "premarket": 336.29,
        "volume": 61566,
        "category": "l",
        "source": "tv",
        "shortable": true,
        "exchange_name": "NASD",
        "market_cap": 117965.0,
        "existing": false
    },
    {
        "symbol": "SLB",
        "company": "Schlumberger N.V.",
        "change_pct": -3.07,
        "premarket": 55.5,
        "volume": 173084,
        "category": "l",
        "source": "tv",
        "shortable": true,
        "exchange_name": "NYSE",
        "market_cap": 79832.78,
        "existing": false
    },
    {
        "symbol": "CSX",
        "company": "CSX Corporation",
        "change_pct": -5.25,
        "premarket": 31.94,
        "volume": 226302,
        "category": "l",
        "source": "tv",
        "shortable": true,
        "exchange_name": "NASD",
        "market_cap": 65125.47,
        "existing": false
    },
    {
        "symbol": "SIRI",
        "company": "Sirius XM Holdings Inc.",
        "change_pct": -10.63,
        "premarket": 6.98,
        "volume": 2806000,
        "category": "l",
        "source": "tv",
        "shortable": true,
        "exchange_name": "NASD",
        "market_cap": 27388.27,
        "existing": false
    },
    {
        "symbol": "IPG",
        "company": "Interpublic Group of Companies, Inc. (The)",
        "change_pct": -8.49,
        "premarket": 34.7,
        "volume": 44423,
        "category": "l",
        "source": "tv",
        "shortable": true,
        "exchange_name": "NYSE",
        "market_cap": 12688.9,
        "existing": false
    },
    {
        "symbol": "LTHM",
        "company": "Livent Corporation",
        "change_pct": -2.85,
        "premarket": 26.9,
        "volume": 17536,
        "category": "l",
        "source": "tv",
        "shortable": true,
        "exchange_name": "NYSE",
        "market_cap": 4767.12,
        "existing": false
    },
    {
        "symbol": "HRI",
        "company": "Herc Holdings Inc.",
        "change_pct": -2.81,
        "premarket": 138.32,
        "volume": 1402,
        "category": "l",
        "source": "tv",
        "shortable": true,
        "exchange_name": "NYSE",
        "market_cap": 3791.5,
        "existing": false
    },
    {
        "symbol": "ENVX",
        "company": "Enovix Corporation",
        "change_pct": -3.7,
        "premarket": 20.29,
        "volume": 205367,
        "category": "l",
        "source": "tv",
        "shortable": true,
        "exchange_name": "NASD",
        "market_cap": 3080.959,
        "existing": false
    },
    {
        "symbol": "MRTX",
        "company": "Mirati Therapeutics, Inc.",
        "change_pct": -15.11,
        "premarket": 28.7,
        "volume": 20694,
        "category": "l",
        "source": "tv",
        "shortable": true,
        "exchange_name": "NASD",
        "market_cap": 1821.831,
        "existing": false
    },
    {
        "symbol": "SGHC",
        "company": "Super Group (SGHC) Limited",
        "change_pct": -5.42,
        "premarket": 3.14,
        "volume": 100,
        "category": "l",
        "source": "tv",
        "shortable": true,
        "exchange_name": "NYSE",
        "market_cap": 1684.969,
        "existing": false
    },
    {
        "symbol": "SCS",
        "company": "Steelcase Inc.",
        "change_pct": -2.92,
        "premarket": 7.67,
        "volume": 100,
        "category": "l",
        "source": "tv",
        "shortable": true,
        "exchange_name": "NYSE",
        "market_cap": 913.1645,
        "existing": false
    },
    {
        "symbol": "LIFW",
        "company": "MSP Recovery, Inc.",
        "change_pct": -9.38,
        "premarket": 0.2356,
        "volume": 719,
        "category": "l",
        "source": "tv",
        "shortable": true,
        "exchange_name": "NASD",
        "market_cap": 818.2715,
        "existing": false
    },
    {
        "symbol": "ALPN",
        "company": "Alpine Immune Sciences, Inc.",
        "change_pct": -3.04,
        "premarket": 11.48,
        "volume": 179,
        "category": "l",
        "source": "tv",
        "shortable": true,
        "exchange_name": "NASD",
        "market_cap": 601.9713,
        "existing": false
    },
    {
        "symbol": "DTC",
        "company": "Solo Brands, Inc.",
        "change_pct": -6.39,
        "premarket": 5.13,
        "volume": 1250,
        "category": "l",
        "source": "tv",
        "shortable": true,
        "exchange_name": "NYSE",
        "market_cap": 524.582,
        "existing": false
    },
    {
        "symbol": "ALTG",
        "company": "Alta Equipment Group Inc.",
        "change_pct": -6.33,
        "premarket": 16.29,
        "volume": 61575,
        "category": "l",
        "source": "tv",
        "shortable": true,
        "exchange_name": "NYSE",
        "market_cap": 522.4213,
        "existing": false
    },
    {
        "symbol": "PLX",
        "company": "Protalix BioTherapeutics, Inc. (DE)",
        "change_pct": -2.91,
        "premarket": 1.67,
        "volume": 39412,
        "category": "l",
        "source": "tv",
        "shortable": true,
        "exchange_name": "AMEX",
        "market_cap": 420.41199,
        "existing": false
    },
    {
        "symbol": "BRLT",
        "company": "Brilliant Earth Group, Inc.",
        "change_pct": -4.31,
        "premarket": 4.0,
        "volume": 165,
        "category": "l",
        "source": "tv",
        "shortable": true,
        "exchange_name": "NASD",
        "market_cap": 399.4626,
        "existing": false
    },
    {
        "symbol": "EYPT",
        "company": "EyePoint Pharmaceuticals, Inc.",
        "change_pct": -3.31,
        "premarket": 11.41,
        "volume": 100,
        "category": "l",
        "source": "tv",
        "shortable": true,
        "exchange_name": "NASD",
        "market_cap": 391.385,
        "existing": false
    },
    {
        "symbol": "LTCH",
        "company": "Latch, Inc.",
        "change_pct": -3.74,
        "premarket": 1.8,
        "volume": 5800,
        "category": "l",
        "source": "tv",
        "shortable": false,
        "exchange_name": "NASD",
        "market_cap": 324.2864,
        "existing": false
    },
    {
        "symbol": "CMAX",
        "company": "CareMax, Inc.",
        "change_pct": -3.16,
        "premarket": 2.45,
        "volume": 637,
        "category": "l",
        "source": "tv",
        "shortable": true,
        "exchange_name": "NASD",
        "market_cap": 276.209,
        "existing": false
    },
    {
        "symbol": "RDW",
        "company": "Redwire Corporation",
        "change_pct": -4.88,
        "premarket": 3.47,
        "volume": 1120,
        "category": "l",
        "source": "tv",
        "shortable": true,
        "exchange_name": "NYSE",
        "market_cap": 225.5579,
        "existing": false
    },
    {
        "symbol": "FOA",
        "company": "Finance of America Companies Inc.",
        "change_pct": -3.47,
        "premarket": 1.95,
        "volume": 100,
        "category": "l",
        "source": "tv",
        "shortable": true,
        "exchange_name": "NYSE",
        "market_cap": 169.5362,
        "existing": false
    },
    {
        "symbol": "ITI",
        "company": "Iteris, Inc.",
        "change_pct": -3.22,
        "premarket": 3.91,
        "volume": 278,
        "category": "l",
        "source": "tv",
        "shortable": true,
        "exchange_name": "NASD",
        "market_cap": 167.7233,
        "existing": false
    },
    {
        "symbol": "SPRU",
        "company": "Spruce Power Holding Corporation",
        "change_pct": -4.59,
        "premarket": 0.85,
        "volume": 302,
        "category": "l",
        "source": "tv",
        "shortable": true,
        "exchange_name": "NYSE",
        "market_cap": 139.515,
        "existing": false
    }
]