[
    {
        "symbol": "ENSC",
        "company": "Ensysce Biosciences, Inc.",
        "change_pct": 91.28,
        "premarket": 6.58,
        "volume": 4878100,
        "category": "g",
        "source": "tv",
        "shortable": false,
        "exchange_name": "NASD",
        "market_cap": 4.422,
        "existing": false
    },
    {
        "symbol": "CLRO",
        "company": "ClearOne, Inc.",
        "change_pct": 75.14,
        "premarket": 2.18,
        "volume": 17093100,
        "category": "g",
        "source": "tv",
        "shortable": false,
        "exchange_name": "NASD",
        "market_cap": 29.81774,
        "existing": false
    },
    {
        "symbol": "MOBQ",
        "company": "Mobiquity Technologies, Inc.",
        "change_pct": 44.52,
        "premarket": 0.224,
        "volume": 18897100,
        "category": "g",
        "source": "tv",
        "shortable": false,
        "exchange_name": "NASD",
        "market_cap": 2.64304,
        "existing": false
    },
    {
        "symbol": "TCRX",
        "company": "TScan Therapeutics, Inc.",
        "change_pct": 27.58,
        "premarket": 2.87,
        "volume": 779666,
        "category": "g",
        "source": "tv",
        "shortable": false,
        "exchange_name": "NASD",
        "market_cap": 54.49628,
        "existing": false
    },
    {
        "symbol": "MTEK",
        "company": "Maris-Tech Ltd.",
        "change_pct": 26.24,
        "premarket": 1.07,
        "volume": 4538100,
        "category": "g",
        "source": "tv",
        "shortable": false,
        "exchange_name": "NASD",
        "market_cap": 6.78014,
        "existing": false
    },
    {
        "symbol": "EVER",
        "company": "EverQuote, Inc.",
        "change_pct": 25.86,
        "premarket": 8.37,
        "volume": 22224,
        "category": "g",
        "source": "tv",
        "shortable": true,
        "exchange_name": "NASD",
        "market_cap": 219.3737,
        "existing": false
    },
    {
        "symbol": "SYBX",
        "company": "Synlogic, Inc.",
        "change_pct": 21.71,
        "premarket": 0.6816,
        "volume": 4497100,
        "category": "g",
        "source": "tv",
        "shortable": false,
        "exchange_name": "NASD",
        "market_cap": 38.16538,
        "existing": false
    },
    {
        "symbol": "SHLS",
        "company": "Shoals Technologies Group, Inc.",
        "change_pct": 21.1,
        "premarket": 23.88,
        "volume": 185847,
        "category": "g",
        "source": "tv",
        "shortable": true,
        "exchange_name": "NASD",
        "market_cap": 3346.375,
        "existing": false
    },
    {
        "symbol": "NVAX",
        "company": "Novavax, Inc.",
        "change_pct": 20.81,
        "premarket": 9.0,
        "volume": 1435100,
        "category": "g",
        "source": "tv",
        "shortable": true,
        "exchange_name": "NASD",
        "market_cap": 642.9677,
        "existing": false
    },
    {
        "symbol": "VHC",
        "company": "VirnetX Holding Corp",
        "change_pct": 19.97,
        "premarket": 0.4205,
        "volume": 493821,
        "category": "g",
        "source": "tv",
        "shortable": true,
        "exchange_name": "NYSE",
        "market_cap": 25.0356,
        "existing": false
    },
    {
        "symbol": "PLTR",
        "company": "Palantir Technologies Inc.",
        "change_pct": 18.99,
        "premarket": 9.21,
        "volume": 10904100,
        "category": "g",
        "source": "tv",
        "shortable": true,
        "exchange_name": "NYSE",
        "market_cap": 16393.12,
        "existing": false
    },
    {
        "symbol": "SEAT",
        "company": "Vivid Seats Inc.",
        "change_pct": 18.5,
        "premarket": 9.35,
        "volume": 27482,
        "category": "g",
        "source": "tv",
        "shortable": true,
        "exchange_name": "NASD",
        "market_cap": 1544.907,
        "existing": false
    },
    {
        "symbol": "GSMG",
        "company": "Glory Star New Media Group Holdings Limited",
        "change_pct": 17.11,
        "premarket": 0.7822,
        "volume": 6624099,
        "category": "g",
        "source": "tv",
        "shortable": true,
        "exchange_name": "NASD",
        "market_cap": 45.50029,
        "existing": false
    },
    {
        "symbol": "STIM",
        "company": "Neuronetics, Inc.",
        "change_pct": 16.36,
        "premarket": 2.56,
        "volume": 42115,
        "category": "g",
        "source": "tv",
        "shortable": false,
        "exchange_name": "NASD",
        "market_cap": 62.59597,
        "existing": false
    },
    {
        "symbol": "OPRT",
        "company": "Oportun Financial Corporation",
        "change_pct": 16.2,
        "premarket": 5.02,
        "volume": 12273,
        "category": "g",
        "source": "tv",
        "shortable": true,
        "exchange_name": "NASD",
        "market_cap": 146.3804,
        "existing": false
    },
    {
        "symbol": "INTA",
        "company": "Intapp, Inc.",
        "change_pct": 15.97,
        "premarket": 44.0,
        "volume": 1551,
        "category": "g",
        "source": "tv",
        "shortable": true,
        "exchange_name": "NASD",
        "market_cap": 2418.743,
        "existing": false
    },
    {
        "symbol": "TIVC",
        "company": "Tivic Health Systems, Inc.",
        "change_pct": 15.08,
        "premarket": 0.1496,
        "volume": 2490100,
        "category": "g",
        "source": "tv",
        "shortable": false,
        "exchange_name": "NASD",
        "market_cap": 3.85811,
        "existing": false
    },
    {
        "symbol": "ALTO",
        "company": "Alto Ingredients, Inc.",
        "change_pct": 14.71,
        "premarket": 1.56,
        "volume": 282945,
        "category": "g",
        "source": "tv",
        "shortable": true,
        "exchange_name": "NASD",
        "market_cap": 103.5037,
        "existing": false
    },
    {
        "symbol": "HUBC",
        "company": "Hub Cyber Security Ltd.",
        "change_pct": 14.34,
        "premarket": 0.7318,
        "volume": 4011100,
        "category": "g",
        "source": "tv",
        "shortable": true,
        "exchange_name": "NASD",
        "market_cap": 65.44927,
        "existing": false
    },
    {
        "symbol": "NEO",
        "company": "NeoGenomics, Inc.",
        "change_pct": 14.29,
        "premarket": 17.6,
        "volume": 22381,
        "category": "g",
        "source": "tv",
        "shortable": true,
        "exchange_name": "NASD",
        "market_cap": 1964.342,
        "existing": false
    },
    {
        "symbol": "USGO",
        "company": "U.S. GoldMining Inc.",
        "change_pct": 13.82,
        "premarket": 15.4,
        "volume": 30106,
        "category": "g",
        "source": "tv",
        "shortable": true,
        "exchange_name": "NASD",
        "market_cap": 164.1866,
        "existing": false
    },
    {
        "symbol": "FTK",
        "company": "Flotek Industries, Inc.",
        "change_pct": 13.82,
        "premarket": 0.7,
        "volume": 11833,
        "category": "g",
        "source": "tv",
        "shortable": true,
        "exchange_name": "NYSE",
        "market_cap": 54.124,
        "existing": false
    },
    {
        "symbol": "ADN",
        "company": "Advent Technologies Holdings, Inc.",
        "change_pct": 13.8,
        "premarket": 0.865,
        "volume": 99433,
        "category": "g",
        "source": "tv",
        "shortable": true,
        "exchange_name": "NASD",
        "market_cap": 40.20719,
        "existing": false
    },
    {
        "symbol": "ARIS",
        "company": "Aris Water Solutions, Inc.",
        "change_pct": 13.73,
        "premarket": 8.2,
        "volume": 2919,
        "category": "g",
        "source": "tv",
        "shortable": true,
        "exchange_name": "NYSE",
        "market_cap": 415.499,
        "existing": false
    },
    {
        "symbol": "AMCX",
        "company": "AMC Networks Inc.",
        "change_pct": 13.68,
        "premarket": 17.37,
        "volume": 4647,
        "category": "g",
        "source": "tv",
        "shortable": true,
        "exchange_name": "NASD",
        "market_cap": 664.7421,
        "existing": false
    },
    {
        "symbol": "CREG",
        "company": "Smart Powerr Corp.",
        "change_pct": 13.29,
        "premarket": 1.79,
        "volume": 304,
        "category": "g",
        "source": "tv",
        "shortable": true,
        "exchange_name": "NASD",
        "market_cap": 11.62572,
        "existing": false
    },
    {
        "symbol": "BRQS",
        "company": "Borqs Technologies, Inc.",
        "change_pct": 12.8,
        "premarket": 0.2485,
        "volume": 27864,
        "category": "g",
        "source": "tv",
        "shortable": true,
        "exchange_name": "NASD",
        "market_cap": 7.71145,
        "existing": false
    },
    {
        "symbol": "ANGH",
        "company": "Anghami Inc.",
        "change_pct": 12.38,
        "premarket": 1.27,
        "volume": 270,
        "category": "g",
        "source": "tv",
        "shortable": true,
        "exchange_name": "NASD",
        "market_cap": 29.38899,
        "existing": false
    },
    {
        "symbol": "SGTX",
        "company": "Sigilon Therapeutics, Inc.",
        "change_pct": 12.03,
        "premarket": 0.61,
        "volume": 550,
        "category": "g",
        "source": "tv",
        "shortable": true,
        "exchange_name": "NASD",
        "market_cap": 17.67814,
        "existing": false
    },
    {
        "symbol": "LGVN",
        "company": "Longeveron Inc.",
        "change_pct": 11.39,
        "premarket": 3.52,
        "volume": 604277,
        "category": "g",
        "source": "tv",
        "shortable": true,
        "exchange_name": "NASD",
        "market_cap": 66.521,
        "existing": false
    },
    {
        "symbol": "CTIB",
        "company": "Yunhong CTI Ltd.",
        "change_pct": 10.59,
        "premarket": 1.88,
        "volume": 800,
        "category": "g",
        "source": "tv",
        "shortable": true,
        "exchange_name": "NASD",
        "market_cap": 33.95198,
        "existing": false
    },
    {
        "symbol": "ZYME",
        "company": "Zymeworks Inc.",
        "change_pct": 10.39,
        "premarket": 9.67,
        "volume": 1355,
        "category": "g",
        "source": "tv",
        "shortable": true,
        "exchange_name": "NASD",
        "market_cap": 561.8395,
        "existing": false
    },
    {
        "symbol": "SMMT",
        "company": "Summit Therapeutics Inc.",
        "change_pct": 10.3,
        "premarket": 2.14,
        "volume": 53559,
        "category": "g",
        "source": "tv",
        "shortable": true,
        "exchange_name": "NASD",
        "market_cap": 1353.51,
        "existing": false
    },
    {
        "symbol": "DVA",
        "company": "DaVita Inc.",
        "change_pct": 10.13,
        "premarket": 98.25,
        "volume": 23348,
        "category": "g",
        "source": "tv",
        "shortable": true,
        "exchange_name": "NYSE",
        "market_cap": 8087.215,
        "existing": false
    },
    {
        "symbol": "LMB",
        "company": "Limbach Holdings, Inc.",
        "change_pct": 9.85,
        "premarket": 18.85,
        "volume": 685,
        "category": "g",
        "source": "tv",
        "shortable": true,
        "exchange_name": "NASD",
        "market_cap": 181.4398,
        "existing": false
    },
    {
        "symbol": "SEMR",
        "company": "SEMrush Holdings, Inc.",
        "change_pct": 9.76,
        "premarket": 10.8,
        "volume": 100,
        "category": "g",
        "source": "tv",
        "shortable": true,
        "exchange_name": "NYSE",
        "market_cap": 1397.377,
        "existing": false
    },
    {
        "symbol": "CARM",
        "company": "Carisma Therapeutics, Inc.",
        "change_pct": 9.72,
        "premarket": 6.66,
        "volume": 6035,
        "category": "g",
        "source": "tv",
        "shortable": true,
        "exchange_name": "NASD",
        "market_cap": 244.3458,
        "existing": false
    },
    {
        "symbol": "HNRG",
        "company": "Hallador Energy Company",
        "change_pct": 9.72,
        "premarket": 8.58,
        "volume": 800,
        "category": "g",
        "source": "tv",
        "shortable": true,
        "exchange_name": "NASD",
        "market_cap": 259.1314,
        "existing": false
    },
    {
        "symbol": "TREX",
        "company": "Trex Company, Inc.",
        "change_pct": 9.33,
        "premarket": 61.55,
        "volume": 34442,
        "category": "g",
        "source": "tv",
        "shortable": true,
        "exchange_name": "NYSE",
        "market_cap": 6125.159,
        "existing": false
    },
    {
        "symbol": "LFLY",
        "company": "Leafly Holdings, Inc.",
        "change_pct": 9.27,
        "premarket": 0.4501,
        "volume": 7294,
        "category": "g",
        "source": "tv",
        "shortable": true,
        "exchange_name": "NASD",
        "market_cap": 16.79622,
        "existing": false
    }
]