[
    {
        "symbol": "LRHC",
        "company": "La Rosa Holdings Corp.",
        "change_pct": 178.78,
        "premarket": 0.2233,
        "volume": 363710000,
        "category": "g",
        "source": "tv",
        "shortable": false,
        "exchange_name": "NASDAQ",
        "market_cap": 4663599,
        "existing": false
    },
    {
        "symbol": "GITS",
        "company": "Global Interactive Technologies, Inc.",
        "change_pct": 152.15,
        "premarket": 4.11,
        "volume": 12010000,
        "category": "g",
        "source": "tv",
        "shortable": false,
        "exchange_name": "NASDAQ",
        "market_cap": 4303899,
        "existing": false
    },
    {
        "symbol": "LIXT",
        "company": "Lixte Biotechnology Holdings, Inc.",
        "change_pct": 49.95,
        "premarket": 3.03,
        "volume": 7410000,
        "category": "g",
        "source": "tv",
        "shortable": false,
        "exchange_name": "NASDAQ",
        "market_cap": 5569121,
        "existing": false
    },
    {
        "symbol": "EMPG",
        "company": "Empro Group Inc.",
        "change_pct": 45.52,
        "premarket": 6.33,
        "volume": 3180000,
        "category": "g",
        "source": "tv",
        "shortable": true,
        "exchange_name": "NASDAQ",
        "market_cap": 34800000,
        "existing": false
    },
    {
        "symbol": "CV",
        "company": "CapsoVision, Inc.",
        "change_pct": 40.0,
        "premarket": 4.9,
        "volume": 2160000,
        "category": "g",
        "source": "tv",
        "shortable": true,
        "exchange_name": "NASDAQ",
        "market_cap": 161329280,
        "existing": false
    },
    {
        "symbol": "MDBH",
        "company": "MDB Capital Holdings, LLC",
        "change_pct": 39.53,
        "premarket": 6.0,
        "volume": 200,
        "category": "g",
        "source": "tv",
        "shortable": true,
        "exchange_name": "NASDAQ",
        "market_cap": 42787717,
        "existing": false
    },
    {
        "symbol": "MINM",
        "company": "Minim, Inc.",
        "change_pct": 37.45,
        "premarket": 3.67,
        "volume": 12940000,
        "category": "g",
        "source": "tv",
        "shortable": true,
        "exchange_name": "NASDAQ",
        "market_cap": 13119824,
        "existing": false
    },
    {
        "symbol": "CMND",
        "company": "Clearmind Medicine Inc.",
        "change_pct": 31.81,
        "premarket": 1.19,
        "volume": 25110000,
        "category": "g",
        "source": "tv",
        "shortable": true,
        "exchange_name": "NASDAQ",
        "market_cap": 4636711,
        "existing": false
    },
    {
        "symbol": "WINT",
        "company": "Windtree Therapeutics, Inc.",
        "change_pct": 28.99,
        "premarket": 0.9932,
        "volume": 45970000,
        "category": "g",
        "source": "tv",
        "shortable": true,
        "exchange_name": "NASDAQ",
        "market_cap": 2819192,
        "existing": false
    },
    {
        "symbol": "AEBI",
        "company": "Aebi Schmidt Holding AG",
        "change_pct": 26.83,
        "premarket": 14.18,
        "volume": 648020,
        "category": "g",
        "source": "tv",
        "shortable": true,
        "exchange_name": "NASDAQ",
        "market_cap": 867561113,
        "existing": false
    },
    {
        "symbol": "XPOF",
        "company": "Xponential Fitness, Inc.",
        "change_pct": 20.64,
        "premarket": 9.0,
        "volume": 155120,
        "category": "g",
        "source": "tv",
        "shortable": true,
        "exchange_name": "NYSE",
        "market_cap": 260547960,
        "existing": false
    },
    {
        "symbol": "SBET",
        "company": "SharpLink Gaming, Inc.",
        "change_pct": 16.65,
        "premarket": 13.97,
        "volume": 5830000,
        "category": "g",
        "source": "tv",
        "shortable": true,
        "exchange_name": "NASDAQ",
        "market_cap": 774195401,
        "existing": false
    },
    {
        "symbol": "BTOG",
        "company": "Bit Origin Limited",
        "change_pct": 15.69,
        "premarket": 0.1954,
        "volume": 39000000,
        "category": "g",
        "source": "tv",
        "shortable": true,
        "exchange_name": "NASDAQ",
        "market_cap": 9961571,
        "existing": false
    },
    {
        "symbol": "MLGO",
        "company": "MicroAlgo, Inc.",
        "change_pct": 13.73,
        "premarket": 0.7051,
        "volume": 9260000,
        "category": "g",
        "source": "tv",
        "shortable": true,
        "exchange_name": "NASDAQ",
        "market_cap": 15002774,
        "existing": false
    },
    {
        "symbol": "OLO",
        "company": "Olo Inc.",
        "change_pct": 13.36,
        "premarket": 10.1,
        "volume": 1100000,
        "category": "g",
        "source": "tv",
        "shortable": true,
        "exchange_name": "NYSE",
        "market_cap": 1489733841,
        "existing": false
    },
    {
        "symbol": "JEM",
        "company": "707 Cayman Holdings Limited",
        "change_pct": 13.22,
        "premarket": 4.41,
        "volume": 100,
        "category": "g",
        "source": "tv",
        "shortable": true,
        "exchange_name": "NASDAQ",
        "market_cap": 85495250,
        "existing": false
    },
    {
        "symbol": "LIMN",
        "company": "Liminatus Pharma, Inc.",
        "change_pct": 13.17,
        "premarket": 9.97,
        "volume": 10710,
        "category": "g",
        "source": "tv",
        "shortable": true,
        "exchange_name": "NASDAQ",
        "market_cap": 229188916,
        "existing": false
    },
    {
        "symbol": "APUS",
        "company": "Apimeds Pharmaceuticals US, Inc.",
        "change_pct": 12.07,
        "premarket": 1.95,
        "volume": 100,
        "category": "g",
        "source": "tv",
        "shortable": true,
        "exchange_name": "NYSE American",
        "market_cap": 20142210,
        "existing": false
    },
    {
        "symbol": "OST",
        "company": "Ostin Technology Group Co., Ltd.",
        "change_pct": 11.46,
        "premarket": 0.1449,
        "volume": 6760000,
        "category": "g",
        "source": "tv",
        "shortable": true,
        "exchange_name": "NASDAQ",
        "market_cap": 2787590,
        "existing": false
    },
    {
        "symbol": "LINK",
        "company": "Interlink Electronics, Inc.",
        "change_pct": 11.26,
        "premarket": 8.5,
        "volume": 1100,
        "category": "g",
        "source": "tv",
        "shortable": true,
        "exchange_name": "NASDAQ",
        "market_cap": 75362594,
        "existing": false
    },
    {
        "symbol": "CG",
        "company": "The Carlyle Group Inc.",
        "change_pct": -4.79,
        "premarket": 51.84,
        "volume": 1050,
        "category": "l",
        "source": "tv",
        "shortable": true,
        "exchange_name": "NASDAQ",
        "market_cap": 19663848720,
        "existing": false
    },
    {
        "symbol": "BWA",
        "company": "BorgWarner Inc.",
        "change_pct": -4.33,
        "premarket": 34.0,
        "volume": 1410,
        "category": "l",
        "source": "tv",
        "shortable": true,
        "exchange_name": "NYSE",
        "market_cap": 7808850505,
        "existing": false
    },
    {
        "symbol": "BGL",
        "company": "Blue Gold Limited",
        "change_pct": -6.77,
        "premarket": 124.0,
        "volume": 2840,
        "category": "l",
        "source": "tv",
        "shortable": true,
        "exchange_name": "NASDAQ",
        "market_cap": 4106974298,
        "existing": false
    },
    {
        "symbol": "NNNN",
        "company": "Anbio Biotechnology",
        "change_pct": -4.06,
        "premarket": 34.73,
        "volume": 446,
        "category": "l",
        "source": "tv",
        "shortable": true,
        "exchange_name": "NASDAQ",
        "market_cap": 1588861440,
        "existing": false
    },
    {
        "symbol": "JANX",
        "company": "Janux Therapeutics, Inc.",
        "change_pct": -4.01,
        "premarket": 23.09,
        "volume": 100,
        "category": "l",
        "source": "tv",
        "shortable": true,
        "exchange_name": "NASDAQ",
        "market_cap": 1423754277,
        "existing": false
    },
    {
        "symbol": "SONO",
        "company": "Sonos, Inc.",
        "change_pct": -4.19,
        "premarket": 10.75,
        "volume": 200,
        "category": "l",
        "source": "tv",
        "shortable": true,
        "exchange_name": "NASDAQ",
        "market_cap": 1347381671,
        "existing": false
    },
    {
        "symbol": "CYD",
        "company": "China Yuchai International Limited",
        "change_pct": -7.03,
        "premarket": 22.07,
        "volume": 555,
        "category": "l",
        "source": "tv",
        "shortable": true,
        "exchange_name": "NYSE",
        "market_cap": 890684964,
        "existing": false
    },
    {
        "symbol": "GSM",
        "company": "Ferroglobe PLC",
        "change_pct": -4.72,
        "premarket": 4.04,
        "volume": 150,
        "category": "l",
        "source": "tv",
        "shortable": true,
        "exchange_name": "NASDAQ",
        "market_cap": 791293693,
        "existing": false
    },
    {
        "symbol": "HNRG",
        "company": "Hallador Energy Company",
        "change_pct": -5.35,
        "premarket": 15.0,
        "volume": 530,
        "category": "l",
        "source": "tv",
        "shortable": true,
        "exchange_name": "NASDAQ",
        "market_cap": 681172453,
        "existing": false
    },
    {
        "symbol": "CPS",
        "company": "Cooper-Standard Holdings Inc.",
        "change_pct": -4.18,
        "premarket": 23.16,
        "volume": 4100,
        "category": "l",
        "source": "tv",
        "shortable": true,
        "exchange_name": "NYSE",
        "market_cap": 424138712,
        "existing": false
    },
    {
        "symbol": "CTOR",
        "company": "Citius Oncology, Inc.",
        "change_pct": -6.13,
        "premarket": 4.9,
        "volume": 27060,
        "category": "l",
        "source": "tv",
        "shortable": true,
        "exchange_name": "NASDAQ",
        "market_cap": 373503538,
        "existing": false
    },
    {
        "symbol": "JBIO",
        "company": "Jade Biosciences, Inc.",
        "change_pct": -6.39,
        "premarket": 10.11,
        "volume": 107,
        "category": "l",
        "source": "tv",
        "shortable": true,
        "exchange_name": "NASDAQ",
        "market_cap": 348148000,
        "existing": false
    },
    {
        "symbol": "FC",
        "company": "Franklin Covey Company",
        "change_pct": -9.06,
        "premarket": 21.98,
        "volume": 9950,
        "category": "l",
        "source": "tv",
        "shortable": true,
        "exchange_name": "NYSE",
        "market_cap": 313913313,
        "existing": false
    },
    {
        "symbol": "PKE",
        "company": "Park Aerospace Corp.",
        "change_pct": -8.69,
        "premarket": 13.62,
        "volume": 100,
        "category": "l",
        "source": "tv",
        "shortable": true,
        "exchange_name": "NYSE",
        "market_cap": 295974130,
        "existing": false
    },
    {
        "symbol": "VLN",
        "company": "Valens Semiconductor Ltd.",
        "change_pct": -3.73,
        "premarket": 2.58,
        "volume": 680,
        "category": "l",
        "source": "tv",
        "shortable": true,
        "exchange_name": "NYSE",
        "market_cap": 281112025,
        "existing": false
    },
    {
        "symbol": "SKIN",
        "company": "The Beauty Health Company",
        "change_pct": -6.16,
        "premarket": 1.98,
        "volume": 640,
        "category": "l",
        "source": "tv",
        "shortable": true,
        "exchange_name": "NASDAQ",
        "market_cap": 265886271,
        "existing": false
    },
    {
        "symbol": "SEAT",
        "company": "Vivid Seats Inc.",
        "change_pct": -4.62,
        "premarket": 1.79,
        "volume": 400,
        "category": "l",
        "source": "tv",
        "shortable": true,
        "exchange_name": "NASDAQ",
        "market_cap": 244113429,
        "existing": false
    },
    {
        "symbol": "LPA",
        "company": "Logistic Properties of the Americas",
        "change_pct": -5.15,
        "premarket": 7.0,
        "volume": 531,
        "category": "l",
        "source": "tv",
        "shortable": true,
        "exchange_name": "NYSE American",
        "market_cap": 233372655,
        "existing": false
    },
    {
        "symbol": "TGEN",
        "company": "Tecogen Inc.",
        "change_pct": -5.81,
        "premarket": 8.6,
        "volume": 23280,
        "category": "l",
        "source": "tv",
        "shortable": true,
        "exchange_name": "NYSE American",
        "market_cap": 230709275,
        "existing": false
    },
    {
        "symbol": "DAIC",
        "company": "CID HoldCo, Inc.",
        "change_pct": -5.25,
        "premarket": 7.76,
        "volume": 88120,
        "category": "l",
        "source": "tv",
        "shortable": false,
        "exchange_name": "NASDAQ",
        "market_cap": 226346530,
        "existing": false
    }
]