[
    {
        "symbol": "TIRX",
        "company": "TIAN RUIXIANG Holdings Ltd. Class A",
        "premarket": 3.82,
        "change_pct": 75.23,
        "volume": 4000099,
        "category": "g",
        "source": "cnn",
        "fails": [],
        "shortable": false,
        "exchange_name": "NASD",
        "market_cap": 6.59394,
        "tradeable": true
    },
    {
        "symbol": "LEJU",
        "company": "Leju Holdings Ltd. Sponsored ADR",
        "premarket": 6.0,
        "change_pct": 68.54,
        "volume": 1000100,
        "category": "g",
        "source": "cnn",
        "fails": [],
        "shortable": true,
        "exchange_name": "NYSE",
        "market_cap": 48.83345,
        "tradeable": true
    },
    {
        "symbol": "WAFU",
        "company": "Wah Fu Education Group Ltd.",
        "premarket": 4.42,
        "change_pct": 63.1,
        "volume": 2000100,
        "category": "g",
        "source": "cnn",
        "fails": [],
        "shortable": true,
        "exchange_name": "NASD",
        "market_cap": 12.03263,
        "tradeable": true
    },
    {
        "symbol": "IMTX",
        "company": "Immatics N.V.",
        "premarket": 9.85,
        "change_pct": 34.56,
        "volume": 502000,
        "category": "g",
        "source": "cnn",
        "fails": [],
        "shortable": false,
        "exchange_name": "NASD",
        "market_cap": 561.2313,
        "tradeable": true
    },
    {
        "symbol": "MSGM",
        "company": "Motorsport Games, Inc. Class A",
        "premarket": 6.21,
        "change_pct": 33.26,
        "volume": 155000,
        "category": "g",
        "source": "cnn",
        "fails": [],
        "shortable": true,
        "exchange_name": "NASD",
        "market_cap": 45.19703,
        "tradeable": true
    },
    {
        "symbol": "LVWR",
        "company": "LiveWire Group, Inc.",
        "premarket": 9.7,
        "change_pct": 25.81,
        "volume": 5,
        "category": "g",
        "source": "cnn",
        "fails": [
            "shares_value"
        ],
        "shortable": true,
        "exchange_name": "NYSE",
        "market_cap": 1560.575,
        "tradeable": false
    },
    {
        "symbol": "AGBA",
        "company": "AGBA Group Holding Limited",
        "premarket": 2.54,
        "change_pct": 25.78,
        "volume": 2000100,
        "category": "g",
        "source": "cnn",
        "fails": [],
        "shortable": true,
        "exchange_name": "NASD",
        "market_cap": 120.3455,
        "tradeable": true
    },
    {
        "symbol": "KWE",
        "company": "KWESST Micro Systems Inc",
        "premarket": 2.93,
        "change_pct": 20.58,
        "volume": 373000,
        "category": "g",
        "source": "cnn",
        "fails": [],
        "shortable": false,
        "exchange_name": "NASD",
        "market_cap": 0.0,
        "tradeable": true
    },
    {
        "symbol": "QH",
        "company": "Quhuo Ltd. Sponsored ADR Class A",
        "premarket": 2.85,
        "change_pct": 17.77,
        "volume": 920000,
        "category": "g",
        "source": "cnn",
        "fails": [],
        "shortable": false,
        "exchange_name": "NASD",
        "market_cap": 14.92564,
        "tradeable": true
    },
    {
        "symbol": "WWD",
        "company": "Woodward, Inc.",
        "premarket": 114.0,
        "change_pct": 15.57,
        "volume": 2000,
        "category": "g",
        "source": "cnn",
        "fails": [],
        "shortable": true,
        "exchange_name": "NASD",
        "market_cap": 5891.618,
        "tradeable": true
    },
    {
        "symbol": "CVU",
        "company": "CPI Aerostructures, Inc.",
        "premarket": 3.73,
        "change_pct": 14.77,
        "volume": 59,
        "category": "g",
        "source": "cnn",
        "fails": [
            "shares_value"
        ],
        "shortable": true,
        "exchange_name": "AMEX",
        "market_cap": 38.03619,
        "tradeable": false
    },
    {
        "symbol": "TIRX",
        "company": "TIAN RUIXIANG Holdings Ltd. Class A",
        "premarket": 3.82,
        "change_pct": -75.23,
        "volume": 4000099,
        "category": "l",
        "source": "cnn",
        "fails": [
            "is_shortable"
        ],
        "shortable": false,
        "exchange_name": "NASD",
        "market_cap": 6.59394,
        "tradeable": false
    },
    {
        "symbol": "LEJU",
        "company": "Leju Holdings Ltd. Sponsored ADR",
        "premarket": 6.0,
        "change_pct": -68.54,
        "volume": 1000100,
        "category": "l",
        "source": "cnn",
        "fails": [],
        "shortable": true,
        "exchange_name": "NYSE",
        "market_cap": 48.83345,
        "tradeable": true
    },
    {
        "symbol": "WAFU",
        "company": "Wah Fu Education Group Ltd.",
        "premarket": 4.42,
        "change_pct": -63.1,
        "volume": 2000100,
        "category": "l",
        "source": "cnn",
        "fails": [],
        "shortable": true,
        "exchange_name": "NASD",
        "market_cap": 12.03263,
        "tradeable": true
    },
    {
        "symbol": "IMTX",
        "company": "Immatics N.V.",
        "premarket": 9.85,
        "change_pct": -34.56,
        "volume": 502000,
        "category": "l",
        "source": "cnn",
        "fails": [
            "is_shortable"
        ],
        "shortable": false,
        "exchange_name": "NASD",
        "market_cap": 561.2313,
        "tradeable": false
    },
    {
        "symbol": "MSGM",
        "company": "Motorsport Games, Inc. Class A",
        "premarket": 6.21,
        "change_pct": -33.26,
        "volume": 155000,
        "category": "l",
        "source": "cnn",
        "fails": [],
        "shortable": true,
        "exchange_name": "NASD",
        "market_cap": 45.19703,
        "tradeable": true
    },
    {
        "symbol": "LVWR",
        "company": "LiveWire Group, Inc.",
        "premarket": 9.7,
        "change_pct": -25.81,
        "volume": 5,
        "category": "l",
        "source": "cnn",
        "fails": [
            "shares_value"
        ],
        "shortable": true,
        "exchange_name": "NYSE",
        "market_cap": 1560.575,
        "tradeable": false
    },
    {
        "symbol": "AGBA",
        "company": "AGBA Group Holding Limited",
        "premarket": 2.54,
        "change_pct": -25.78,
        "volume": 2000100,
        "category": "l",
        "source": "cnn",
        "fails": [],
        "shortable": true,
        "exchange_name": "NASD",
        "market_cap": 120.3455,
        "tradeable": true
    },
    {
        "symbol": "KWE",
        "company": "KWESST Micro Systems Inc",
        "premarket": 2.93,
        "change_pct": -20.58,
        "volume": 373000,
        "category": "l",
        "source": "cnn",
        "fails": [
            "is_shortable"
        ],
        "shortable": false,
        "exchange_name": "NASD",
        "market_cap": 0.0,
        "tradeable": false
    },
    {
        "symbol": "QH",
        "company": "Quhuo Ltd. Sponsored ADR Class A",
        "premarket": 2.85,
        "change_pct": -17.77,
        "volume": 920000,
        "category": "l",
        "source": "cnn",
        "fails": [
            "is_shortable"
        ],
        "shortable": false,
        "exchange_name": "NASD",
        "market_cap": 14.92564,
        "tradeable": false
    },
    {
        "symbol": "WWD",
        "company": "Woodward, Inc.",
        "premarket": 114.0,
        "change_pct": -15.57,
        "volume": 2000,
        "category": "l",
        "source": "cnn",
        "fails": [],
        "shortable": true,
        "exchange_name": "NASD",
        "market_cap": 5891.618,
        "tradeable": true
    },
    {
        "symbol": "CVU",
        "company": "CPI Aerostructures, Inc.",
        "premarket": 3.73,
        "change_pct": -14.77,
        "volume": 59,
        "category": "l",
        "source": "cnn",
        "fails": [
            "shares_value"
        ],
        "shortable": true,
        "exchange_name": "AMEX",
        "market_cap": 38.03619,
        "tradeable": false
    }
]