[
    {
        "symbol": "SGMA",
        "company": "SigmaTron International, Inc.",
        "change_pct": 127.13,
        "premarket": 2.93,
        "volume": 10320000,
        "category": "g",
        "source": "tv",
        "shortable": true,
        "exchange_name": "NASDAQ",
        "market_cap": 7343145,
        "existing": false
    },
    {
        "symbol": "EDBL",
        "company": "Edible Garden AG Incorporated",
        "change_pct": 69.99,
        "premarket": 6.12,
        "volume": 19750000,
        "category": "g",
        "source": "tv",
        "shortable": true,
        "exchange_name": "NASDAQ",
        "market_cap": 2873468,
        "existing": false
    },
    {
        "symbol": "CFSB",
        "company": "CFSB Bancorp, Inc.",
        "change_pct": 68.69,
        "premarket": 13.82,
        "volume": 20720,
        "category": "g",
        "source": "tv",
        "shortable": true,
        "exchange_name": "NASDAQ",
        "market_cap": 50244934,
        "existing": false
    },
    {
        "symbol": "BDSX",
        "company": "Biodesix, Inc.",
        "change_pct": 58.57,
        "premarket": 0.4294,
        "volume": 65710000,
        "category": "g",
        "source": "tv",
        "shortable": true,
        "exchange_name": "NASDAQ",
        "market_cap": 43939501,
        "existing": false
    },
    {
        "symbol": "GNLN",
        "company": "Greenlane Holdings, Inc.",
        "change_pct": 54.39,
        "premarket": 0.0088,
        "volume": 356800000,
        "category": "g",
        "source": "tv",
        "shortable": true,
        "exchange_name": "NASDAQ",
        "market_cap": 51689,
        "existing": false
    },
    {
        "symbol": "ASST",
        "company": "Asset Entities Inc.",
        "change_pct": 30.49,
        "premarket": 10.1,
        "volume": 6540000,
        "category": "g",
        "source": "tv",
        "shortable": true,
        "exchange_name": "NASDAQ",
        "market_cap": 94242461,
        "existing": false
    },
    {
        "symbol": "GCL",
        "company": "GCL Global Holdings Ltd",
        "change_pct": 27.31,
        "premarket": 2.75,
        "volume": 11390000,
        "category": "g",
        "source": "tv",
        "shortable": true,
        "exchange_name": "NASDAQ",
        "market_cap": 239308674,
        "existing": false
    },
    {
        "symbol": "KDLY",
        "company": "Kindly MD, Inc.",
        "change_pct": 25.56,
        "premarket": 19.11,
        "volume": 673600,
        "category": "g",
        "source": "tv",
        "shortable": true,
        "exchange_name": "NASDAQ",
        "market_cap": 84069186,
        "existing": false
    },
    {
        "symbol": "PTPI",
        "company": "Petros Pharmaceuticals, Inc.",
        "change_pct": 20.97,
        "premarket": 0.15,
        "volume": 125260000,
        "category": "g",
        "source": "tv",
        "shortable": true,
        "exchange_name": "NASDAQ",
        "market_cap": 282794,
        "existing": false
    },
    {
        "symbol": "AKYA",
        "company": "Akoya BioSciences, Inc.",
        "change_pct": 20.75,
        "premarket": 1.28,
        "volume": 6620000,
        "category": "g",
        "source": "tv",
        "shortable": true,
        "exchange_name": "NASDAQ",
        "market_cap": 52369168,
        "existing": false
    },
    {
        "symbol": "DFDV",
        "company": "DeFi Development Corp.",
        "change_pct": 17.24,
        "premarket": 29.88,
        "volume": 107720,
        "category": "g",
        "source": "tv",
        "shortable": true,
        "exchange_name": "NASDAQ",
        "market_cap": 262058954,
        "existing": false
    },
    {
        "symbol": "SDOT",
        "company": "Sadot Group Inc.",
        "change_pct": 16.13,
        "premarket": 1.44,
        "volume": 491,
        "category": "g",
        "source": "tv",
        "shortable": true,
        "exchange_name": "NASDAQ",
        "market_cap": 7331845,
        "existing": false
    },
    {
        "symbol": "SLXN",
        "company": "Silexion Therapeutics Corp",
        "change_pct": 16.12,
        "premarket": 1.05,
        "volume": 1840000,
        "category": "g",
        "source": "tv",
        "shortable": true,
        "exchange_name": "NASDAQ",
        "market_cap": 7853360,
        "existing": false
    },
    {
        "symbol": "NXTT",
        "company": "Next Technology Holding Inc.",
        "change_pct": 15.53,
        "premarket": 2.38,
        "volume": 759120,
        "category": "g",
        "source": "tv",
        "shortable": true,
        "exchange_name": "NASDAQ",
        "market_cap": 872530270,
        "existing": false
    },
    {
        "symbol": "RILY",
        "company": "B. Riley Financial, Inc.",
        "change_pct": 13.76,
        "premarket": 3.72,
        "volume": 4240000,
        "category": "g",
        "source": "tv",
        "shortable": true,
        "exchange_name": "NASDAQ",
        "market_cap": 98200552,
        "existing": false
    },
    {
        "symbol": "IMG",
        "company": "CIMG Inc.",
        "change_pct": 13.12,
        "premarket": 0.5999,
        "volume": 809,
        "category": "g",
        "source": "tv",
        "shortable": true,
        "exchange_name": "NASDAQ",
        "market_cap": 16306605,
        "existing": false
    },
    {
        "symbol": "WOK",
        "company": "WORK Medical Technology Group LTD",
        "change_pct": 12.66,
        "premarket": 0.5696,
        "volume": 51460,
        "category": "g",
        "source": "tv",
        "shortable": true,
        "exchange_name": "NASDAQ",
        "market_cap": 7313452,
        "existing": false
    },
    {
        "symbol": "BTCS",
        "company": "BTCS Inc.",
        "change_pct": 11.94,
        "premarket": 3.0,
        "volume": 101280,
        "category": "g",
        "source": "tv",
        "shortable": true,
        "exchange_name": "NASDAQ",
        "market_cap": 47407635,
        "existing": false
    },
    {
        "symbol": "XAGE",
        "company": "Longevity Health Holdings, Inc.",
        "change_pct": 11.93,
        "premarket": 3.65,
        "volume": 100,
        "category": "g",
        "source": "tv",
        "shortable": true,
        "exchange_name": "NASDAQ",
        "market_cap": 3564175,
        "existing": false
    },
    {
        "symbol": "PLRZ",
        "company": "Polyrizon Ltd.",
        "change_pct": 11.54,
        "premarket": 0.0058,
        "volume": 343640000,
        "category": "g",
        "source": "tv",
        "shortable": true,
        "exchange_name": "NASDAQ",
        "market_cap": 44914,
        "existing": false
    },
    {
        "symbol": "UNH",
        "company": "UnitedHealth Group Incorporated",
        "change_pct": -4.53,
        "premarket": 307.0,
        "volume": 2090000,
        "category": "l",
        "source": "tv",
        "shortable": true,
        "exchange_name": "NYSE",
        "market_cap": 286556593907,
        "existing": false
    },
    {
        "symbol": "PANW",
        "company": "Palo Alto Networks, Inc.",
        "change_pct": -5.39,
        "premarket": 184.0,
        "volume": 243340,
        "category": "l",
        "source": "tv",
        "shortable": true,
        "exchange_name": "NASDAQ",
        "market_cap": 128646030000,
        "existing": false
    },
    {
        "symbol": "TGT",
        "company": "Target Corporation",
        "change_pct": -6.31,
        "premarket": 91.93,
        "volume": 1030000,
        "category": "l",
        "source": "tv",
        "shortable": true,
        "exchange_name": "NYSE",
        "market_cap": 44522704945,
        "existing": false
    },
    {
        "symbol": "WIX",
        "company": "Wix.com Ltd.",
        "change_pct": -6.53,
        "premarket": 169.87,
        "volume": 12100,
        "category": "l",
        "source": "tv",
        "shortable": true,
        "exchange_name": "NASDAQ",
        "market_cap": 10074735934,
        "existing": false
    },
    {
        "symbol": "QXO",
        "company": "QXO, Inc.",
        "change_pct": -7.9,
        "premarket": 16.9,
        "volume": 68780,
        "category": "l",
        "source": "tv",
        "shortable": true,
        "exchange_name": "NYSE",
        "market_cap": 9082074963,
        "existing": false
    },
    {
        "symbol": "LSCC",
        "company": "Lattice Semiconductor Corporation",
        "change_pct": -4.36,
        "premarket": 48.16,
        "volume": 250,
        "category": "l",
        "source": "tv",
        "shortable": true,
        "exchange_name": "NASDAQ",
        "market_cap": 6938630014,
        "existing": false
    },
    {
        "symbol": "CCCS",
        "company": "CCC Intelligent Solutions Holdings Inc.",
        "change_pct": -5.74,
        "premarket": 8.7,
        "volume": 738820,
        "category": "l",
        "source": "tv",
        "shortable": true,
        "exchange_name": "NASDAQ",
        "market_cap": 6030400793,
        "existing": false
    },
    {
        "symbol": "VFC",
        "company": "V.F. Corporation",
        "change_pct": -13.79,
        "premarket": 12.44,
        "volume": 396490,
        "category": "l",
        "source": "tv",
        "shortable": true,
        "exchange_name": "NYSE",
        "market_cap": 5578690601,
        "existing": false
    },
    {
        "symbol": "GTX",
        "company": "Garrett Motion Inc.",
        "change_pct": -5.88,
        "premarket": 11.2,
        "volume": 42050,
        "category": "l",
        "source": "tv",
        "shortable": true,
        "exchange_name": "NASDAQ",
        "market_cap": 2421308366,
        "existing": false
    },
    {
        "symbol": "DGNX",
        "company": "Diginex Limited",
        "change_pct": -8.4,
        "premarket": 80.61,
        "volume": 154,
        "category": "l",
        "source": "tv",
        "shortable": true,
        "exchange_name": "NASDAQ",
        "market_cap": 2140949272,
        "existing": false
    },
    {
        "symbol": "XMTR",
        "company": "Xometry, Inc.",
        "change_pct": -4.41,
        "premarket": 33.39,
        "volume": 300,
        "category": "l",
        "source": "tv",
        "shortable": true,
        "exchange_name": "NASDAQ",
        "market_cap": 1728056408,
        "existing": false
    },
    {
        "symbol": "CTRI",
        "company": "Centuri Holdings, Inc.",
        "change_pct": -5.61,
        "premarket": 18.5,
        "volume": 83610,
        "category": "l",
        "source": "tv",
        "shortable": true,
        "exchange_name": "NYSE",
        "market_cap": 1679077597,
        "existing": false
    },
    {
        "symbol": "CIFR",
        "company": "Cipher Mining Inc.",
        "change_pct": -8.99,
        "premarket": 3.44,
        "volume": 502740,
        "category": "l",
        "source": "tv",
        "shortable": true,
        "exchange_name": "NASDAQ",
        "market_cap": 1414323004,
        "existing": false
    },
    {
        "symbol": "CRI",
        "company": "Carter's, Inc.",
        "change_pct": -8.89,
        "premarket": 33.5,
        "volume": 1300,
        "category": "l",
        "source": "tv",
        "shortable": true,
        "exchange_name": "NYSE",
        "market_cap": 1326096068,
        "existing": false
    },
    {
        "symbol": "LPG",
        "company": "Dorian LPG Ltd.",
        "change_pct": -4.4,
        "premarket": 22.38,
        "volume": 200,
        "category": "l",
        "source": "tv",
        "shortable": true,
        "exchange_name": "NYSE",
        "market_cap": 1000768719,
        "existing": false
    },
    {
        "symbol": "NFE",
        "company": "New Fortress Energy Inc.",
        "change_pct": -8.82,
        "premarket": 2.79,
        "volume": 384130,
        "category": "l",
        "source": "tv",
        "shortable": true,
        "exchange_name": "NASDAQ",
        "market_cap": 902053723,
        "existing": false
    },
    {
        "symbol": "CINT",
        "company": "CI&T Inc",
        "change_pct": -9.03,
        "premarket": 5.84,
        "volume": 100,
        "category": "l",
        "source": "tv",
        "shortable": true,
        "exchange_name": "NYSE",
        "market_cap": 859718348,
        "existing": false
    },
    {
        "symbol": "NWTN",
        "company": "NWTN Inc.",
        "change_pct": -5.13,
        "premarket": 2.22,
        "volume": 81890,
        "category": "l",
        "source": "tv",
        "shortable": true,
        "exchange_name": "NASDAQ",
        "market_cap": 794783164,
        "existing": false
    },
    {
        "symbol": "PRTH",
        "company": "Priority Technology Holdings, Inc.",
        "change_pct": -6.64,
        "premarket": 7.03,
        "volume": 322,
        "category": "l",
        "source": "tv",
        "shortable": true,
        "exchange_name": "NASDAQ",
        "market_cap": 607721487,
        "existing": false
    },
    {
        "symbol": "WOLF",
        "company": "Wolfspeed, Inc.",
        "change_pct": -62.63,
        "premarket": 1.17,
        "volume": 6480000,
        "category": "l",
        "source": "tv",
        "shortable": true,
        "exchange_name": "NYSE",
        "market_cap": 543137252,
        "existing": false
    }
]