[
    {
        "symbol": "SMFL",
        "company": "Smart for Life, Inc.",
        "change_pct": 4539.18,
        "premarket": 4.5,
        "volume": 2808,
        "category": "g",
        "source": "tv",
        "fails": [],
        "shortable": false,
        "exchange_name": "NASD",
        "market_cap": 3.80024,
        "tradeable": true
    },
    {
        "symbol": "LGMK",
        "company": "LogicMark, Inc.",
        "change_pct": 2017.86,
        "premarket": 2.67,
        "volume": 54717,
        "category": "g",
        "source": "tv",
        "fails": [],
        "shortable": false,
        "exchange_name": "NASD",
        "market_cap": 3.07517,
        "tradeable": true
    },
    {
        "symbol": "POAI",
        "company": "Predictive Oncology Inc.",
        "change_pct": 1850.83,
        "premarket": 3.65,
        "volume": 5816,
        "category": "g",
        "source": "tv",
        "fails": [],
        "shortable": true,
        "exchange_name": "NASD",
        "market_cap": 14.85647,
        "tradeable": true
    },
    {
        "symbol": "TMPO",
        "company": "Tempo Automation Holdings, Inc.",
        "change_pct": 92.86,
        "premarket": 1.35,
        "volume": 10438100,
        "category": "g",
        "source": "tv",
        "fails": [],
        "shortable": true,
        "exchange_name": "NASD",
        "market_cap": 18.4753,
        "tradeable": true
    },
    {
        "symbol": "INAB",
        "company": "IN8bio, Inc.",
        "change_pct": 83.81,
        "premarket": 1.93,
        "volume": 5559100,
        "category": "g",
        "source": "tv",
        "fails": [],
        "shortable": false,
        "exchange_name": "NASD",
        "market_cap": 26.18496,
        "tradeable": true
    },
    {
        "symbol": "ACON",
        "company": "Aclarion, Inc.",
        "change_pct": 63.54,
        "premarket": 1.21,
        "volume": 5220099,
        "category": "g",
        "source": "tv",
        "fails": [],
        "shortable": false,
        "exchange_name": "NASD",
        "market_cap": 5.81673,
        "tradeable": true
    },
    {
        "symbol": "GETY",
        "company": "Getty Images Holdings, Inc.",
        "change_pct": 57.31,
        "premarket": 7.96,
        "volume": 2800100,
        "category": "g",
        "source": "tv",
        "fails": [
            "existing"
        ],
        "shortable": true,
        "exchange_name": "NYSE",
        "market_cap": 2000.054,
        "tradeable": false
    },
    {
        "symbol": "ZVSA",
        "company": "ZyVersa Therapeutics, Inc.",
        "change_pct": 29.7,
        "premarket": 2.17,
        "volume": 571269,
        "category": "g",
        "source": "tv",
        "fails": [],
        "shortable": true,
        "exchange_name": "NASD",
        "market_cap": 15.38391,
        "tradeable": true
    },
    {
        "symbol": "NXPL",
        "company": "NextPlat Corp",
        "change_pct": 23.08,
        "premarket": 3.2,
        "volume": 436299,
        "category": "g",
        "source": "tv",
        "fails": [
            "existing"
        ],
        "shortable": false,
        "exchange_name": "NASD",
        "market_cap": 37.54666,
        "tradeable": false
    },
    {
        "symbol": "HOLO",
        "company": "MicroCloud Hologram Inc.",
        "change_pct": 21.76,
        "premarket": 3.19,
        "volume": 2473100,
        "category": "g",
        "source": "tv",
        "fails": [
            "existing"
        ],
        "shortable": true,
        "exchange_name": "NASD",
        "market_cap": 133.1275,
        "tradeable": false
    },
    {
        "symbol": "APLT",
        "company": "Applied Therapeutics, Inc.",
        "change_pct": 18.39,
        "premarket": 1.12,
        "volume": 933121,
        "category": "g",
        "source": "tv",
        "fails": [],
        "shortable": true,
        "exchange_name": "NASD",
        "market_cap": 45.51543,
        "tradeable": true
    },
    {
        "symbol": "BBBY",
        "company": "Bed Bath & Beyond Inc.",
        "change_pct": -25.72,
        "premarket": 0.218,
        "volume": 84106100,
        "category": "l",
        "source": "tv",
        "fails": [
            "premarket"
        ],
        "shortable": true,
        "exchange_name": "NASD",
        "market_cap": 136.9345,
        "tradeable": false
    },
    {
        "symbol": "PRST",
        "company": "Presto Automation, Inc.",
        "change_pct": -18.53,
        "premarket": 2.94,
        "volume": 336276,
        "category": "l",
        "source": "tv",
        "fails": [
            "existing"
        ],
        "shortable": true,
        "exchange_name": "NASD",
        "market_cap": 185.4268,
        "tradeable": false
    },
    {
        "symbol": "FHTX",
        "company": "Foghorn Therapeutics Inc.",
        "change_pct": -18.3,
        "premarket": 5.49,
        "volume": 4942,
        "category": "l",
        "source": "tv",
        "fails": [
            "existing"
        ],
        "shortable": true,
        "exchange_name": "NASD",
        "market_cap": 280.909,
        "tradeable": false
    },
    {
        "symbol": "FEMY",
        "company": "Femasys Inc.",
        "change_pct": -17.48,
        "premarket": 0.74,
        "volume": 2020,
        "category": "l",
        "source": "tv",
        "fails": [
            "premarket",
            "shares_value",
            "is_shortable"
        ],
        "shortable": false,
        "exchange_name": "NASD",
        "market_cap": 10.64614,
        "tradeable": false
    },
    {
        "symbol": "ML",
        "company": "MoneyLion Inc.",
        "change_pct": -14.42,
        "premarket": 0.359,
        "volume": 107650,
        "category": "l",
        "source": "tv",
        "fails": [
            "premarket"
        ],
        "shortable": true,
        "exchange_name": "NYSE",
        "market_cap": 110.464,
        "tradeable": false
    },
    {
        "symbol": "WLGS",
        "company": "Wang & Lee Group, Inc.",
        "change_pct": -14.07,
        "premarket": 2.7,
        "volume": 237576,
        "category": "l",
        "source": "tv",
        "fails": [
            "is_shortable"
        ],
        "shortable": false,
        "exchange_name": "NASD",
        "market_cap": 0.0,
        "tradeable": false
    },
    {
        "symbol": "TPET",
        "company": "Trio Petroleum Corp.",
        "change_pct": -12.08,
        "premarket": 2.11,
        "volume": 611,
        "category": "l",
        "source": "tv",
        "fails": [
            "shares_value",
            "is_shortable"
        ],
        "shortable": false,
        "exchange_name": "AMEX",
        "market_cap": 0.0,
        "tradeable": false
    },
    {
        "symbol": "CNXA",
        "company": "Connexa Sports Technologies Inc.",
        "change_pct": -11.91,
        "premarket": 0.1672,
        "volume": 1080,
        "category": "l",
        "source": "tv",
        "fails": [
            "premarket",
            "shares_value",
            "is_shortable"
        ],
        "shortable": false,
        "exchange_name": "NASD",
        "market_cap": 2.40348,
        "tradeable": false
    },
    {
        "symbol": "AZYO",
        "company": "Aziyo Biologics, Inc.",
        "change_pct": -11.86,
        "premarket": 1.71,
        "volume": 12162,
        "category": "l",
        "source": "tv",
        "fails": [
            "is_shortable"
        ],
        "shortable": false,
        "exchange_name": "NASD",
        "market_cap": 31.40898,
        "tradeable": false
    },
    {
        "symbol": "MMV",
        "company": "MultiMetaVerse Holdings Limited",
        "change_pct": -11.6,
        "premarket": 0.96,
        "volume": 5746,
        "category": "l",
        "source": "tv",
        "fails": [
            "premarket",
            "shares_value"
        ],
        "shortable": true,
        "exchange_name": "NASD",
        "market_cap": 35.75079,
        "tradeable": false
    },
    {
        "symbol": "NCMI",
        "company": "National CineMedia, Inc.",
        "change_pct": -11.47,
        "premarket": 0.3134,
        "volume": 810791,
        "category": "l",
        "source": "tv",
        "fails": [
            "premarket"
        ],
        "shortable": true,
        "exchange_name": "NASD",
        "market_cap": 61.61592,
        "tradeable": false
    }
]