[
    {
        "symbol": "BAOS",
        "company": "Baosheng Media Group Holdings Limited",
        "change_pct": 57.63,
        "premarket": 9.71,
        "volume": 133963,
        "category": "g",
        "source": "tv",
        "shortable": false,
        "exchange_name": "NASD",
        "market_cap": 15.2142,
        "existing": false
    },
    {
        "symbol": "SVFD",
        "company": "Save Foods, Inc.",
        "change_pct": 45.54,
        "premarket": 1.14,
        "volume": 5968100,
        "category": "g",
        "source": "tv",
        "shortable": false,
        "exchange_name": "NASD",
        "market_cap": 6.96746,
        "existing": false
    },
    {
        "symbol": "PACW",
        "company": "PacWest Bancorp",
        "change_pct": 39.43,
        "premarket": 4.42,
        "volume": 6740100,
        "category": "g",
        "source": "tv",
        "shortable": true,
        "exchange_name": "NASD",
        "market_cap": 692.6067,
        "existing": false
    },
    {
        "symbol": "CVNA",
        "company": "Carvana Co.",
        "change_pct": 39.31,
        "premarket": 10.03,
        "volume": 7903099,
        "category": "g",
        "source": "tv",
        "shortable": true,
        "exchange_name": "NYSE",
        "market_cap": 1693.065,
        "existing": false
    },
    {
        "symbol": "OMI",
        "company": "Owens & Minor, Inc.",
        "change_pct": 36.16,
        "premarket": 18.45,
        "volume": 2768,
        "category": "g",
        "source": "tv",
        "shortable": true,
        "exchange_name": "NYSE",
        "market_cap": 1419.461,
        "existing": false
    },
    {
        "symbol": "AGBA",
        "company": "AGBA Group Holding Limited",
        "change_pct": 31.18,
        "premarket": 2.44,
        "volume": 3207100,
        "category": "g",
        "source": "tv",
        "shortable": true,
        "exchange_name": "NASD",
        "market_cap": 125.7074,
        "existing": false
    },
    {
        "symbol": "GLMD",
        "company": "Galmed Pharmaceuticals Ltd.",
        "change_pct": 30.05,
        "premarket": 0.3899,
        "volume": 2568100,
        "category": "g",
        "source": "tv",
        "shortable": true,
        "exchange_name": "NASD",
        "market_cap": 10.28803,
        "existing": false
    },
    {
        "symbol": "WAL",
        "company": "Western Alliance Bancorporation",
        "change_pct": 29.12,
        "premarket": 23.5,
        "volume": 1754100,
        "category": "g",
        "source": "tv",
        "shortable": true,
        "exchange_name": "NYSE",
        "market_cap": 2974.125,
        "existing": false
    },
    {
        "symbol": "ADTX",
        "company": "Aditxt, Inc.",
        "change_pct": 24.58,
        "premarket": 0.8226,
        "volume": 4636100,
        "category": "g",
        "source": "tv",
        "shortable": false,
        "exchange_name": "NASD",
        "market_cap": 3.93161,
        "existing": false
    },
    {
        "symbol": "FUBO",
        "company": "fuboTV Inc.",
        "change_pct": 21.43,
        "premarket": 1.36,
        "volume": 4409100,
        "category": "g",
        "source": "tv",
        "shortable": true,
        "exchange_name": "NYSE",
        "market_cap": 429.0192,
        "existing": false
    },
    {
        "symbol": "MCB",
        "company": "Metropolitan Bank Holding Corp.",
        "change_pct": 20.8,
        "premarket": 23.99,
        "volume": 21596,
        "category": "g",
        "source": "tv",
        "shortable": true,
        "exchange_name": "NYSE",
        "market_cap": 258.7562,
        "existing": false
    },
    {
        "symbol": "STRR",
        "company": "Star Equity Holdings, Inc.",
        "change_pct": 20.12,
        "premarket": 0.8288,
        "volume": 1637100,
        "category": "g",
        "source": "tv",
        "shortable": true,
        "exchange_name": "NASD",
        "market_cap": 13.1659,
        "existing": false
    },
    {
        "symbol": "SMX",
        "company": "SMX (Security Matters) Public Limited Company",
        "change_pct": 19.32,
        "premarket": 1.05,
        "volume": 1093100,
        "category": "g",
        "source": "tv",
        "shortable": false,
        "exchange_name": "NASD",
        "market_cap": 29.14577,
        "existing": false
    },
    {
        "symbol": "DOGZ",
        "company": "Dogness (International) Corporation",
        "change_pct": 19.05,
        "premarket": 1.0,
        "volume": 324639,
        "category": "g",
        "source": "tv",
        "shortable": true,
        "exchange_name": "NASD",
        "market_cap": 39.27426,
        "existing": false
    },
    {
        "symbol": "LASR",
        "company": "nLIGHT, Inc.",
        "change_pct": 18.85,
        "premarket": 10.97,
        "volume": 2829,
        "category": "g",
        "source": "tv",
        "shortable": true,
        "exchange_name": "NASD",
        "market_cap": 583.8774,
        "existing": false
    },
    {
        "symbol": "BILL",
        "company": "BILL Holdings, Inc.",
        "change_pct": 18.73,
        "premarket": 94.88,
        "volume": 100270,
        "category": "g",
        "source": "tv",
        "shortable": true,
        "exchange_name": "NYSE",
        "market_cap": 10004.5,
        "existing": false
    },
    {
        "symbol": "TBIO",
        "company": "Telesis Bio, Inc.",
        "change_pct": 17.82,
        "premarket": 3.24,
        "volume": 300,
        "category": "g",
        "source": "tv",
        "shortable": true,
        "exchange_name": "NASD",
        "market_cap": 84.9377,
        "existing": false
    },
    {
        "symbol": "ZION",
        "company": "Zions Bancorporation N.A.",
        "change_pct": 16.86,
        "premarket": 23.29,
        "volume": 340650,
        "category": "g",
        "source": "tv",
        "shortable": true,
        "exchange_name": "NASD",
        "market_cap": 3518.856,
        "existing": false
    },
    {
        "symbol": "SHPW",
        "company": "Shapeways Holdings, Inc.",
        "change_pct": 15.76,
        "premarket": 0.329,
        "volume": 105301,
        "category": "g",
        "source": "tv",
        "shortable": false,
        "exchange_name": "NYSE",
        "market_cap": 18.50371,
        "existing": false
    },
    {
        "symbol": "CMA",
        "company": "Comerica Incorporated",
        "change_pct": 15.35,
        "premarket": 36.0,
        "volume": 77062,
        "category": "g",
        "source": "tv",
        "shortable": true,
        "exchange_name": "NYSE",
        "market_cap": 4798.05,
        "existing": false
    },
    {
        "symbol": "IMTE",
        "company": "Integrated Media Technology Limited",
        "change_pct": 14.75,
        "premarket": 0.459,
        "volume": 205334,
        "category": "g",
        "source": "tv",
        "shortable": true,
        "exchange_name": "NASD",
        "market_cap": 9.10264,
        "existing": false
    },
    {
        "symbol": "ZAPP",
        "company": "Zapp Electric Vehicles Group Limited",
        "change_pct": 14.68,
        "premarket": 4.61,
        "volume": 6423,
        "category": "g",
        "source": "tv",
        "shortable": false,
        "exchange_name": "NASD",
        "market_cap": 252.9217,
        "existing": false
    },
    {
        "symbol": "HRTG",
        "company": "Heritage Insurance Holdings, Inc.",
        "change_pct": 14.33,
        "premarket": 3.75,
        "volume": 200,
        "category": "g",
        "source": "tv",
        "shortable": true,
        "exchange_name": "NYSE",
        "market_cap": 96.1009,
        "existing": false
    },
    {
        "symbol": "DKNG",
        "company": "DraftKings Inc.",
        "change_pct": 14.22,
        "premarket": 24.34,
        "volume": 918155,
        "category": "g",
        "source": "tv",
        "shortable": true,
        "exchange_name": "NASD",
        "market_cap": 11348.57,
        "existing": false
    },
    {
        "symbol": "FLGT",
        "company": "Fulgent Genetics, Inc.",
        "change_pct": 13.22,
        "premarket": 32.29,
        "volume": 3325,
        "category": "g",
        "source": "tv",
        "shortable": true,
        "exchange_name": "NASD",
        "market_cap": 1007.456,
        "existing": false
    },
    {
        "symbol": "SNPX",
        "company": "Synaptogenix, Inc.",
        "change_pct": 13.02,
        "premarket": 0.9618,
        "volume": 300,
        "category": "g",
        "source": "tv",
        "shortable": true,
        "exchange_name": "NASD",
        "market_cap": 6.32562,
        "existing": false
    },
    {
        "symbol": "NCR",
        "company": "NCR Corporation",
        "change_pct": 13.01,
        "premarket": 22.15,
        "volume": 11048,
        "category": "g",
        "source": "tv",
        "shortable": true,
        "exchange_name": "NYSE",
        "market_cap": 3190.325,
        "existing": false
    },
    {
        "symbol": "VCIG",
        "company": "VCI Global Limited",
        "change_pct": 12.9,
        "premarket": 4.2,
        "volume": 34083,
        "category": "g",
        "source": "tv",
        "shortable": true,
        "exchange_name": "NASD",
        "market_cap": 145.057,
        "existing": false
    },
    {
        "symbol": "MLEC",
        "company": "Moolec Science SA",
        "change_pct": 12.67,
        "premarket": 3.29,
        "volume": 8302,
        "category": "g",
        "source": "tv",
        "shortable": true,
        "exchange_name": "NASD",
        "market_cap": 116.4368,
        "existing": false
    },
    {
        "symbol": "STEM",
        "company": "Stem, Inc.",
        "change_pct": 12.66,
        "premarket": 4.45,
        "volume": 55113,
        "category": "g",
        "source": "tv",
        "shortable": true,
        "exchange_name": "NYSE",
        "market_cap": 692.0587,
        "existing": false
    },
    {
        "symbol": "NVEE",
        "company": "NV5 Global, Inc.",
        "change_pct": 12.64,
        "premarket": 105.62,
        "volume": 2914,
        "category": "g",
        "source": "tv",
        "shortable": true,
        "exchange_name": "NASD",
        "market_cap": 1553.226,
        "existing": false
    },
    {
        "symbol": "IEP",
        "company": "Icahn Enterprises L.P. - Depositary",
        "change_pct": 11.86,
        "premarket": 33.66,
        "volume": 239838,
        "category": "g",
        "source": "tv",
        "shortable": true,
        "exchange_name": "NASD",
        "market_cap": 13479.94,
        "existing": false
    },
    {
        "symbol": "KEY",
        "company": "KeyCorp",
        "change_pct": 11.76,
        "premarket": 9.98,
        "volume": 799186,
        "category": "g",
        "source": "tv",
        "shortable": true,
        "exchange_name": "NYSE",
        "market_cap": 9193.301,
        "existing": false
    },
    {
        "symbol": "ACMR",
        "company": "ACM Research, Inc.",
        "change_pct": 11.49,
        "premarket": 9.9,
        "volume": 3214,
        "category": "g",
        "source": "tv",
        "shortable": true,
        "exchange_name": "NASD",
        "market_cap": 626.5266,
        "existing": false
    },
    {
        "symbol": "SMFL",
        "company": "Smart for Life, Inc.",
        "change_pct": 11.43,
        "premarket": 1.95,
        "volume": 17984,
        "category": "g",
        "source": "tv",
        "shortable": true,
        "exchange_name": "NASD",
        "market_cap": 1.84919,
        "existing": false
    },
    {
        "symbol": "FIVN",
        "company": "Five9, Inc.",
        "change_pct": 11.24,
        "premarket": 62.85,
        "volume": 71978,
        "category": "g",
        "source": "tv",
        "shortable": true,
        "exchange_name": "NASD",
        "market_cap": 3976.905,
        "existing": false
    },
    {
        "symbol": "PBYI",
        "company": "Puma Biotechnology Inc",
        "change_pct": 11.11,
        "premarket": 2.9,
        "volume": 6701,
        "category": "g",
        "source": "tv",
        "shortable": true,
        "exchange_name": "NASD",
        "market_cap": 147.0779,
        "existing": false
    },
    {
        "symbol": "LYV",
        "company": "Live Nation Entertainment, Inc.",
        "change_pct": 11.11,
        "premarket": 74.52,
        "volume": 61526,
        "category": "g",
        "source": "tv",
        "shortable": true,
        "exchange_name": "NYSE",
        "market_cap": 17738.41,
        "existing": false
    },
    {
        "symbol": "DBD",
        "company": "Diebold Nixdorf Incorporated",
        "change_pct": 11.06,
        "premarket": 0.3998,
        "volume": 236097,
        "category": "g",
        "source": "tv",
        "shortable": true,
        "exchange_name": "NYSE",
        "market_cap": 33.36475,
        "existing": false
    },
    {
        "symbol": "HSDT",
        "company": "Helius Medical Technologies, Inc.",
        "change_pct": 10.73,
        "premarket": 0.16,
        "volume": 8661,
        "category": "g",
        "source": "tv",
        "shortable": true,
        "exchange_name": "NASD",
        "market_cap": 4.44079,
        "existing": false
    }
]