[
    {
        "symbol": "OGEN",
        "company": "Oragenics Inc.",
        "change_pct": 44.9,
        "premarket": 1.35,
        "volume": 331492,
        "category": "g",
        "source": "tv",
        "shortable": true,
        "exchange_name": "",
        "market_cap": 3433330,
        "existing": false
    },
    {
        "symbol": "PTN",
        "company": "Palatin Technologies, Inc.",
        "change_pct": 37.03,
        "premarket": 2.5,
        "volume": 568799,
        "category": "g",
        "source": "tv",
        "shortable": true,
        "exchange_name": "",
        "market_cap": 17788831,
        "existing": false
    },
    {
        "symbol": "IAS",
        "company": "Integral Ad Science Holding Corp.",
        "change_pct": 26.19,
        "premarket": 12.62,
        "volume": 133183,
        "category": "g",
        "source": "tv",
        "shortable": true,
        "exchange_name": "",
        "market_cap": 1631399432,
        "existing": false
    },
    {
        "symbol": "LMND",
        "company": "Lemonade, Inc.",
        "change_pct": 21.96,
        "premarket": 16.95,
        "volume": 136349,
        "category": "g",
        "source": "tv",
        "shortable": true,
        "exchange_name": "",
        "market_cap": 1111587370,
        "existing": false
    },
    {
        "symbol": "RBOT",
        "company": "Vicarious Surgical Inc.",
        "change_pct": 21.3,
        "premarket": 0.425,
        "volume": 122512,
        "category": "g",
        "source": "tv",
        "shortable": true,
        "exchange_name": "",
        "market_cap": 35383818,
        "existing": false
    },
    {
        "symbol": "NVAX",
        "company": "Novavax, Inc.",
        "change_pct": 20.1,
        "premarket": 4.81,
        "volume": 1565000,
        "category": "g",
        "source": "tv",
        "shortable": true,
        "exchange_name": "",
        "market_cap": 2084419179,
        "existing": false
    },
    {
        "symbol": "VTNR",
        "company": "Vertex Energy, Inc",
        "change_pct": 19.05,
        "premarket": 1.36,
        "volume": 367834,
        "category": "g",
        "source": "tv",
        "shortable": true,
        "exchange_name": "",
        "market_cap": 0,
        "existing": false
    },
    {
        "symbol": "RYAM",
        "company": "Rayonier Advanced Materials Inc.",
        "change_pct": 16.82,
        "premarket": 3.61,
        "volume": 17550,
        "category": "g",
        "source": "tv",
        "shortable": true,
        "exchange_name": "",
        "market_cap": 577220034,
        "existing": false
    },
    {
        "symbol": "DDD",
        "company": "3D Systems Corporation",
        "change_pct": 16.63,
        "premarket": 4.36,
        "volume": 142333,
        "category": "g",
        "source": "tv",
        "shortable": true,
        "exchange_name": "",
        "market_cap": 408735754,
        "existing": false
    },
    {
        "symbol": "PROK",
        "company": "ProKidney Corp.",
        "change_pct": 15.72,
        "premarket": 1.34,
        "volume": 230,
        "category": "g",
        "source": "tv",
        "shortable": true,
        "exchange_name": "",
        "market_cap": 196009900,
        "existing": false
    },
    {
        "symbol": "INGN",
        "company": "Inogen, Inc",
        "change_pct": 14.91,
        "premarket": 7.95,
        "volume": 11372,
        "category": "g",
        "source": "tv",
        "shortable": true,
        "exchange_name": "",
        "market_cap": 217266149,
        "existing": false
    },
    {
        "symbol": "KTB",
        "company": "Kontoor Brands, Inc.",
        "change_pct": 14.91,
        "premarket": 53.99,
        "volume": 1500,
        "category": "g",
        "source": "tv",
        "shortable": true,
        "exchange_name": "",
        "market_cap": 4429763148,
        "existing": false
    },
    {
        "symbol": "ANVS",
        "company": "Annovis Bio, Inc.",
        "change_pct": 14.2,
        "premarket": 8.4,
        "volume": 28502,
        "category": "g",
        "source": "tv",
        "shortable": true,
        "exchange_name": "",
        "market_cap": 107042947,
        "existing": false
    },
    {
        "symbol": "EB",
        "company": "Eventbrite, Inc.",
        "change_pct": 14.06,
        "premarket": 7.15,
        "volume": 9028,
        "category": "g",
        "source": "tv",
        "shortable": true,
        "exchange_name": "",
        "market_cap": 259473078,
        "existing": false
    },
    {
        "symbol": "AAGR",
        "company": "African Agriculture Holdings Inc.",
        "change_pct": 13.71,
        "premarket": 0.6437,
        "volume": 700,
        "category": "g",
        "source": "tv",
        "shortable": true,
        "exchange_name": "",
        "market_cap": 1458244,
        "existing": false
    },
    {
        "symbol": "TZOO",
        "company": "Travelzoo",
        "change_pct": 13.65,
        "premarket": 8.29,
        "volume": 2343,
        "category": "g",
        "source": "tv",
        "shortable": true,
        "exchange_name": "",
        "market_cap": 146007469,
        "existing": false
    },
    {
        "symbol": "STRC",
        "company": "Sarcos Technology and Robotics Corporation",
        "change_pct": 13.45,
        "premarket": 1.48,
        "volume": 116910,
        "category": "g",
        "source": "tv",
        "shortable": true,
        "exchange_name": "",
        "market_cap": 0,
        "existing": false
    },
    {
        "symbol": "DAKT",
        "company": "Daktronics, Inc.",
        "change_pct": 12.92,
        "premarket": 7.08,
        "volume": 1019,
        "category": "g",
        "source": "tv",
        "shortable": true,
        "exchange_name": "",
        "market_cap": 607834684,
        "existing": false
    },
    {
        "symbol": "DV",
        "company": "DoubleVerify Holdings, Inc.",
        "change_pct": 12.88,
        "premarket": 36.2,
        "volume": 23715,
        "category": "g",
        "source": "tv",
        "shortable": true,
        "exchange_name": "",
        "market_cap": 2860153721,
        "existing": false
    },
    {
        "symbol": "PAYO",
        "company": "Payoneer Global Inc.",
        "change_pct": 12.77,
        "premarket": 4.85,
        "volume": 37594,
        "category": "g",
        "source": "tv",
        "shortable": true,
        "exchange_name": "",
        "market_cap": 2932359813,
        "existing": false
    },
    {
        "symbol": "MTZ",
        "company": "MasTec, Inc.",
        "change_pct": 12.46,
        "premarket": 65.0,
        "volume": 200,
        "category": "g",
        "source": "tv",
        "shortable": true,
        "exchange_name": "",
        "market_cap": 10091874913,
        "existing": false
    },
    {
        "symbol": "CNXC",
        "company": "Concentrix Corporation",
        "change_pct": 11.94,
        "premarket": 73.0,
        "volume": 8029,
        "category": "g",
        "source": "tv",
        "shortable": true,
        "exchange_name": "",
        "market_cap": 3345943823,
        "existing": false
    },
    {
        "symbol": "BMBL",
        "company": "Bumble Inc.",
        "change_pct": 11.76,
        "premarket": 11.63,
        "volume": 105343,
        "category": "g",
        "source": "tv",
        "shortable": true,
        "exchange_name": "",
        "market_cap": 821242464,
        "existing": false
    },
    {
        "symbol": "RXRX",
        "company": "Recursion Pharmaceuticals, Inc.",
        "change_pct": 11.34,
        "premarket": 13.76,
        "volume": 372512,
        "category": "g",
        "source": "tv",
        "shortable": true,
        "exchange_name": "",
        "market_cap": 1736383945,
        "existing": false
    },
    {
        "symbol": "LAZR",
        "company": "Luminar Technologies, Inc.",
        "change_pct": 10.4,
        "premarket": 2.24,
        "volume": 236581,
        "category": "g",
        "source": "tv",
        "shortable": true,
        "exchange_name": "",
        "market_cap": 452998259,
        "existing": false
    },
    {
        "symbol": "BLD",
        "company": "TopBuild Corp.",
        "change_pct": -5.6,
        "premarket": 390.01,
        "volume": 578,
        "category": "l",
        "source": "tv",
        "shortable": true,
        "exchange_name": "",
        "market_cap": 11515706709,
        "existing": false
    },
    {
        "symbol": "MTZ",
        "company": "MasTec, Inc.",
        "change_pct": -12.46,
        "premarket": 65.0,
        "volume": 200,
        "category": "l",
        "source": "tv",
        "shortable": true,
        "exchange_name": "",
        "market_cap": 10091874913,
        "existing": false
    },
    {
        "symbol": "LNTH",
        "company": "Lantheus Holdings, Inc.",
        "change_pct": -4.58,
        "premarket": 65.13,
        "volume": 2590,
        "category": "l",
        "source": "tv",
        "shortable": true,
        "exchange_name": "",
        "market_cap": 7401306437,
        "existing": false
    },
    {
        "symbol": "DY",
        "company": "Dycom Industries, Inc.",
        "change_pct": -6.2,
        "premarket": 114.99,
        "volume": 1379,
        "category": "l",
        "source": "tv",
        "shortable": true,
        "exchange_name": "",
        "market_cap": 5553361525,
        "existing": false
    },
    {
        "symbol": "RKLB",
        "company": "Rocket Lab USA, Inc.",
        "change_pct": -4.25,
        "premarket": 4.51,
        "volume": 132677,
        "category": "l",
        "source": "tv",
        "shortable": true,
        "exchange_name": "",
        "market_cap": 4807476603,
        "existing": false
    },
    {
        "symbol": "KTB",
        "company": "Kontoor Brands, Inc.",
        "change_pct": -14.91,
        "premarket": 53.99,
        "volume": 1500,
        "category": "l",
        "source": "tv",
        "shortable": true,
        "exchange_name": "",
        "market_cap": 4429763148,
        "existing": false
    },
    {
        "symbol": "FTDR",
        "company": "Frontdoor, Inc.",
        "change_pct": -6.15,
        "premarket": 31.0,
        "volume": 1910,
        "category": "l",
        "source": "tv",
        "shortable": true,
        "exchange_name": "",
        "market_cap": 3646394092,
        "existing": false
    },
    {
        "symbol": "URBN",
        "company": "Urban Outfitters, Inc.",
        "change_pct": -9.71,
        "premarket": 42.6,
        "volume": 7850,
        "category": "l",
        "source": "tv",
        "shortable": true,
        "exchange_name": "",
        "market_cap": 3363809918,
        "existing": false
    },
    {
        "symbol": "CNXC",
        "company": "Concentrix Corporation",
        "change_pct": -11.94,
        "premarket": 73.0,
        "volume": 8029,
        "category": "l",
        "source": "tv",
        "shortable": true,
        "exchange_name": "",
        "market_cap": 3345943823,
        "existing": false
    },
    {
        "symbol": "LOT",
        "company": "Lotus Technology Inc.",
        "change_pct": -4.96,
        "premarket": 10.74,
        "volume": 1379,
        "category": "l",
        "source": "tv",
        "shortable": true,
        "exchange_name": "",
        "market_cap": 3291345274,
        "existing": false
    },
    {
        "symbol": "PAYO",
        "company": "Payoneer Global Inc.",
        "change_pct": -12.77,
        "premarket": 4.85,
        "volume": 37594,
        "category": "l",
        "source": "tv",
        "shortable": true,
        "exchange_name": "",
        "market_cap": 2932359813,
        "existing": false
    },
    {
        "symbol": "DV",
        "company": "DoubleVerify Holdings, Inc.",
        "change_pct": -12.88,
        "premarket": 36.2,
        "volume": 23715,
        "category": "l",
        "source": "tv",
        "shortable": true,
        "exchange_name": "",
        "market_cap": 2860153721,
        "existing": false
    },
    {
        "symbol": "GSAT",
        "company": "Globalstar, Inc.",
        "change_pct": -5.75,
        "premarket": 1.64,
        "volume": 193234,
        "category": "l",
        "source": "tv",
        "shortable": true,
        "exchange_name": "",
        "market_cap": 2213822783,
        "existing": false
    },
    {
        "symbol": "NVAX",
        "company": "Novavax, Inc.",
        "change_pct": -20.1,
        "premarket": 4.81,
        "volume": 1565000,
        "category": "l",
        "source": "tv",
        "shortable": true,
        "exchange_name": "",
        "market_cap": 2084419179,
        "existing": false
    },
    {
        "symbol": "WRBY",
        "company": "Warby Parker Inc.",
        "change_pct": -9.57,
        "premarket": 13.6,
        "volume": 1900,
        "category": "l",
        "source": "tv",
        "shortable": true,
        "exchange_name": "",
        "market_cap": 1966531898,
        "existing": false
    },
    {
        "symbol": "PDCO",
        "company": "Patterson Companies, Inc.",
        "change_pct": -6.48,
        "premarket": 26.97,
        "volume": 1410,
        "category": "l",
        "source": "tv",
        "shortable": true,
        "exchange_name": "",
        "market_cap": 1787580600,
        "existing": false
    },
    {
        "symbol": "RXRX",
        "company": "Recursion Pharmaceuticals, Inc.",
        "change_pct": -11.34,
        "premarket": 13.76,
        "volume": 372512,
        "category": "l",
        "source": "tv",
        "shortable": true,
        "exchange_name": "",
        "market_cap": 1736383945,
        "existing": false
    },
    {
        "symbol": "IAS",
        "company": "Integral Ad Science Holding Corp.",
        "change_pct": -26.19,
        "premarket": 12.62,
        "volume": 133183,
        "category": "l",
        "source": "tv",
        "shortable": true,
        "exchange_name": "",
        "market_cap": 1631399432,
        "existing": false
    },
    {
        "symbol": "MDRX",
        "company": "Veradigm Inc.",
        "change_pct": -6.45,
        "premarket": 7.11,
        "volume": 76590,
        "category": "l",
        "source": "tv",
        "shortable": true,
        "exchange_name": "",
        "market_cap": 1576804518,
        "existing": false
    },
    {
        "symbol": "JBI",
        "company": "Janus International Group, Inc.",
        "change_pct": -5.02,
        "premarket": 14.2,
        "volume": 2325,
        "category": "l",
        "source": "tv",
        "shortable": true,
        "exchange_name": "",
        "market_cap": 1425611056,
        "existing": false
    },
    {
        "symbol": "XNCR",
        "company": "Xencor, Inc.",
        "change_pct": -7.58,
        "premarket": 24.51,
        "volume": 426,
        "category": "l",
        "source": "tv",
        "shortable": true,
        "exchange_name": "",
        "market_cap": 1362182674,
        "existing": false
    },
    {
        "symbol": "AGL",
        "company": "agilon health, inc.",
        "change_pct": -4.32,
        "premarket": 6.2,
        "volume": 4746,
        "category": "l",
        "source": "tv",
        "shortable": true,
        "exchange_name": "",
        "market_cap": 1296170936,
        "existing": false
    },
    {
        "symbol": "RDFN",
        "company": "Redfin Corporation",
        "change_pct": -4.33,
        "premarket": 6.85,
        "volume": 64917,
        "category": "l",
        "source": "tv",
        "shortable": true,
        "exchange_name": "",
        "market_cap": 1256710363,
        "existing": false
    },
    {
        "symbol": "LMND",
        "company": "Lemonade, Inc.",
        "change_pct": -21.96,
        "premarket": 16.95,
        "volume": 136349,
        "category": "l",
        "source": "tv",
        "shortable": true,
        "exchange_name": "",
        "market_cap": 1111587370,
        "existing": false
    },
    {
        "symbol": "OPK",
        "company": "Opko Health, Inc.",
        "change_pct": -5.69,
        "premarket": 0.99,
        "volume": 66469,
        "category": "l",
        "source": "tv",
        "shortable": true,
        "exchange_name": "",
        "market_cap": 1003380852,
        "existing": false
    }
]