[
    {
        "symbol": "MNK",
        "company": "Mallinckrodt plc",
        "change_pct": 76.19,
        "premarket": 2.22,
        "volume": 19932000,
        "category": "g",
        "source": "tv",
        "shortable": false,
        "exchange_name": "AMEX",
        "market_cap": 63.44173,
        "existing": false
    },
    {
        "symbol": "CTCX",
        "company": "Carmell Therapeutics Corporation",
        "change_pct": 52.67,
        "premarket": 4.58,
        "volume": 2764000,
        "category": "g",
        "source": "tv",
        "shortable": false,
        "exchange_name": "NASD",
        "market_cap": 57.70891,
        "existing": false
    },
    {
        "symbol": "FEMY",
        "company": "Femasys Inc.",
        "change_pct": 44.23,
        "premarket": 0.525,
        "volume": 2438000,
        "category": "g",
        "source": "tv",
        "shortable": false,
        "exchange_name": "NASD",
        "market_cap": 5.48663,
        "existing": false
    },
    {
        "symbol": "ULBI",
        "company": "Ultralife Corporation",
        "change_pct": 29.61,
        "premarket": 6.39,
        "volume": 238244,
        "category": "g",
        "source": "tv",
        "shortable": true,
        "exchange_name": "NASD",
        "market_cap": 79.58594,
        "existing": false
    },
    {
        "symbol": "LPCN",
        "company": "Lipocine Inc.",
        "change_pct": 25.81,
        "premarket": 5.41,
        "volume": 2364000,
        "category": "g",
        "source": "tv",
        "shortable": true,
        "exchange_name": "NASD",
        "market_cap": 22.38803,
        "existing": false
    },
    {
        "symbol": "TUP",
        "company": "Tupperware Brands Corporation",
        "change_pct": 24.21,
        "premarket": 2.36,
        "volume": 6470000,
        "category": "g",
        "source": "tv",
        "shortable": true,
        "exchange_name": "NYSE",
        "market_cap": 84.50825,
        "existing": false
    },
    {
        "symbol": "LIXT",
        "company": "Lixte Biotechnology Holdings, Inc.",
        "change_pct": 18.09,
        "premarket": 4.57,
        "volume": 94295,
        "category": "g",
        "source": "tv",
        "shortable": false,
        "exchange_name": "NASD",
        "market_cap": 7.14385,
        "existing": false
    },
    {
        "symbol": "ALGN",
        "company": "Align Technology, Inc.",
        "change_pct": 16.19,
        "premarket": 394.88,
        "volume": 12551,
        "category": "g",
        "source": "tv",
        "shortable": true,
        "exchange_name": "NASD",
        "market_cap": 26004.29,
        "existing": false
    },
    {
        "symbol": "ENVX",
        "company": "Enovix Corporation",
        "change_pct": 15.05,
        "premarket": 22.55,
        "volume": 292960,
        "category": "g",
        "source": "tv",
        "shortable": true,
        "exchange_name": "NASD",
        "market_cap": 3099.938,
        "existing": false
    },
    {
        "symbol": "STRR",
        "company": "Star Equity Holdings, Inc.",
        "change_pct": 14.68,
        "premarket": 1.12,
        "volume": 1000,
        "category": "g",
        "source": "tv",
        "shortable": true,
        "exchange_name": "NASD",
        "market_cap": 14.8405,
        "existing": false
    },
    {
        "symbol": "ML",
        "company": "MoneyLion Inc.",
        "change_pct": 14.5,
        "premarket": 13.74,
        "volume": 865,
        "category": "g",
        "source": "tv",
        "shortable": true,
        "exchange_name": "NYSE",
        "market_cap": 105.5783,
        "existing": false
    },
    {
        "symbol": "INBS",
        "company": "Intelligent Bio Solutions Inc.",
        "change_pct": 14.3,
        "premarket": 2.62,
        "volume": 900,
        "category": "g",
        "source": "tv",
        "shortable": false,
        "exchange_name": "NASD",
        "market_cap": 5.34174,
        "existing": false
    },
    {
        "symbol": "BPTH",
        "company": "Bio-Path Holdings, Inc.",
        "change_pct": 13.91,
        "premarket": 1.0,
        "volume": 3795,
        "category": "g",
        "source": "tv",
        "shortable": true,
        "exchange_name": "NASD",
        "market_cap": 6.98823,
        "existing": false
    },
    {
        "symbol": "POAI",
        "company": "Predictive Oncology Inc.",
        "change_pct": 13.88,
        "premarket": 5.99,
        "volume": 1100,
        "category": "g",
        "source": "tv",
        "shortable": true,
        "exchange_name": "NASD",
        "market_cap": 21.06751,
        "existing": false
    },
    {
        "symbol": "EZFL",
        "company": "EzFill Holdings, Inc.",
        "change_pct": 13.87,
        "premarket": 1.97,
        "volume": 7904,
        "category": "g",
        "source": "tv",
        "shortable": false,
        "exchange_name": "NASD",
        "market_cap": 6.22911,
        "existing": false
    },
    {
        "symbol": "HLX",
        "company": "Helix Energy Solutions Group, Inc.",
        "change_pct": 12.85,
        "premarket": 9.75,
        "volume": 34563,
        "category": "g",
        "source": "tv",
        "shortable": true,
        "exchange_name": "NYSE",
        "market_cap": 1308.97,
        "existing": false
    },
    {
        "symbol": "GENQ",
        "company": "Genesis Unicorn Capital Corp.",
        "change_pct": 12.82,
        "premarket": 11.0,
        "volume": 38443,
        "category": "g",
        "source": "tv",
        "shortable": false,
        "exchange_name": "NASD",
        "market_cap": 78.23171,
        "existing": false
    },
    {
        "symbol": "OSTK",
        "company": "Overstock.com, Inc.",
        "change_pct": 12.58,
        "premarket": 35.0,
        "volume": 130399,
        "category": "g",
        "source": "tv",
        "shortable": true,
        "exchange_name": "NASD",
        "market_cap": 1405.34,
        "existing": false
    },
    {
        "symbol": "TALK",
        "company": "Talkspace, Inc.",
        "change_pct": 11.97,
        "premarket": 1.59,
        "volume": 290354,
        "category": "g",
        "source": "tv",
        "shortable": true,
        "exchange_name": "NASD",
        "market_cap": 232.3965,
        "existing": false
    },
    {
        "symbol": "NXT",
        "company": "Nextracker Inc.",
        "change_pct": 11.93,
        "premarket": 44.0,
        "volume": 28725,
        "category": "g",
        "source": "tv",
        "shortable": true,
        "exchange_name": "NASD",
        "market_cap": 5664.201,
        "existing": false
    },
    {
        "symbol": "RCL",
        "company": "Royal Caribbean Cruises Ltd.",
        "change_pct": 11.77,
        "premarket": 112.75,
        "volume": 587343,
        "category": "g",
        "source": "tv",
        "shortable": true,
        "exchange_name": "NYSE",
        "market_cap": 25798.71,
        "existing": false
    },
    {
        "symbol": "CUTR",
        "company": "Cutera, Inc.",
        "change_pct": 11.65,
        "premarket": 16.58,
        "volume": 8214,
        "category": "g",
        "source": "tv",
        "shortable": true,
        "exchange_name": "NASD",
        "market_cap": 295.4054,
        "existing": false
    },
    {
        "symbol": "TTNP",
        "company": "Titan Pharmaceuticals, Inc.",
        "change_pct": 11.15,
        "premarket": 0.58,
        "volume": 1172000,
        "category": "g",
        "source": "tv",
        "shortable": true,
        "exchange_name": "NASD",
        "market_cap": 7.83567,
        "existing": false
    },
    {
        "symbol": "BRD",
        "company": "Beard Energy Transition Acquisition Corp.",
        "change_pct": 10.24,
        "premarket": 11.63,
        "volume": 200,
        "category": "g",
        "source": "tv",
        "shortable": false,
        "exchange_name": "NYSE",
        "market_cap": 135.8798,
        "existing": false
    },
    {
        "symbol": "IONM",
        "company": "Assure Holdings Corp.",
        "change_pct": 9.97,
        "premarket": 0.8799,
        "volume": 300,
        "category": "g",
        "source": "tv",
        "shortable": true,
        "exchange_name": "NASD",
        "market_cap": 0.88139,
        "existing": false
    },
    {
        "symbol": "SPGI",
        "company": "S&P Global Inc.",
        "change_pct": -7.33,
        "premarket": 397.0,
        "volume": 17398,
        "category": "l",
        "source": "tv",
        "shortable": true,
        "exchange_name": "NYSE",
        "market_cap": 137433.9,
        "existing": false
    },
    {
        "symbol": "CMG",
        "company": "Chipotle Mexican Grill, Inc.",
        "change_pct": -7.8,
        "premarket": 1925.0,
        "volume": 4120,
        "category": "l",
        "source": "tv",
        "shortable": true,
        "exchange_name": "NYSE",
        "market_cap": 57603.72,
        "existing": false
    },
    {
        "symbol": "EW",
        "company": "Edwards Lifesciences Corporation",
        "change_pct": -7.18,
        "premarket": 85.05,
        "volume": 28381,
        "category": "l",
        "source": "tv",
        "shortable": true,
        "exchange_name": "NYSE",
        "market_cap": 55547.77,
        "existing": false
    },
    {
        "symbol": "EBAY",
        "company": "eBay Inc.",
        "change_pct": -5.98,
        "premarket": 45.88,
        "volume": 90602,
        "category": "l",
        "source": "tv",
        "shortable": true,
        "exchange_name": "NASD",
        "market_cap": 26095.16,
        "existing": false
    },
    {
        "symbol": "LUV",
        "company": "Southwest Airlines Company",
        "change_pct": -7.06,
        "premarket": 33.7,
        "volume": 1007000,
        "category": "l",
        "source": "tv",
        "shortable": true,
        "exchange_name": "NYSE",
        "market_cap": 21577.35,
        "existing": false
    },
    {
        "symbol": "CROX",
        "company": "Crocs, Inc.",
        "change_pct": -5.04,
        "premarket": 113.76,
        "volume": 213601,
        "category": "l",
        "source": "tv",
        "shortable": true,
        "exchange_name": "NASD",
        "market_cap": 7430.652,
        "existing": false
    },
    {
        "symbol": "SRCL",
        "company": "Stericycle, Inc.",
        "change_pct": -4.22,
        "premarket": 44.0,
        "volume": 700,
        "category": "l",
        "source": "tv",
        "shortable": true,
        "exchange_name": "NASD",
        "market_cap": 4246.94,
        "existing": false
    },
    {
        "symbol": "MC",
        "company": "Moelis & Company",
        "change_pct": -10.94,
        "premarket": 46.32,
        "volume": 400,
        "category": "l",
        "source": "tv",
        "shortable": true,
        "exchange_name": "NYSE",
        "market_cap": 3695.609,
        "existing": false
    },
    {
        "symbol": "BTU",
        "company": "Peabody Energy Corporation",
        "change_pct": -4.59,
        "premarket": 21.39,
        "volume": 31232,
        "category": "l",
        "source": "tv",
        "shortable": true,
        "exchange_name": "NYSE",
        "market_cap": 3244.174,
        "existing": false
    },
    {
        "symbol": "PRFT",
        "company": "Perficient, Inc.",
        "change_pct": -7.56,
        "premarket": 83.75,
        "volume": 979,
        "category": "l",
        "source": "tv",
        "shortable": true,
        "exchange_name": "NASD",
        "market_cap": 3156.338,
        "existing": false
    },
    {
        "symbol": "NOVA",
        "company": "Sunnova Energy International Inc.",
        "change_pct": -6.05,
        "premarket": 19.26,
        "volume": 52477,
        "category": "l",
        "source": "tv",
        "shortable": true,
        "exchange_name": "NYSE",
        "market_cap": 2383.947,
        "existing": false
    },
    {
        "symbol": "OII",
        "company": "Oceaneering International, Inc.",
        "change_pct": -11.25,
        "premarket": 20.98,
        "volume": 15019,
        "category": "l",
        "source": "tv",
        "shortable": true,
        "exchange_name": "NYSE",
        "market_cap": 2382.204,
        "existing": false
    },
    {
        "symbol": "MXL",
        "company": "MaxLinear, Inc",
        "change_pct": -9.39,
        "premarket": 26.83,
        "volume": 152582,
        "category": "l",
        "source": "tv",
        "shortable": true,
        "exchange_name": "NASD",
        "market_cap": 2368.242,
        "existing": false
    },
    {
        "symbol": "TROX",
        "company": "Tronox Holdings plc",
        "change_pct": -11.86,
        "premarket": 13.08,
        "volume": 10695,
        "category": "l",
        "source": "tv",
        "shortable": true,
        "exchange_name": "NYSE",
        "market_cap": 2325.845,
        "existing": false
    },
    {
        "symbol": "AMBP",
        "company": "Ardagh Metal Packaging S.A.",
        "change_pct": -4.7,
        "premarket": 3.65,
        "volume": 12749,
        "category": "l",
        "source": "tv",
        "shortable": true,
        "exchange_name": "NYSE",
        "market_cap": 2288.766,
        "existing": false
    },
    {
        "symbol": "ARCH",
        "company": "Arch Resources, Inc.",
        "change_pct": -6.02,
        "premarket": 113.4,
        "volume": 1520,
        "category": "l",
        "source": "tv",
        "shortable": true,
        "exchange_name": "NYSE",
        "market_cap": 2253.22,
        "existing": false
    },
    {
        "symbol": "PI",
        "company": "Impinj, Inc.",
        "change_pct": -8.98,
        "premarket": 71.55,
        "volume": 36793,
        "category": "l",
        "source": "tv",
        "shortable": true,
        "exchange_name": "NASD",
        "market_cap": 2095.996,
        "existing": false
    },
    {
        "symbol": "SAVE",
        "company": "Spirit Airlines, Inc.",
        "change_pct": -3.83,
        "premarket": 18.1,
        "volume": 203569,
        "category": "l",
        "source": "tv",
        "shortable": true,
        "exchange_name": "NYSE",
        "market_cap": 2054.408,
        "existing": false
    },
    {
        "symbol": "EYE",
        "company": "National Vision Holdings, Inc.",
        "change_pct": -14.14,
        "premarket": 21.26,
        "volume": 75466,
        "category": "l",
        "source": "tv",
        "shortable": true,
        "exchange_name": "NASD",
        "market_cap": 1933.428,
        "existing": false
    },
    {
        "symbol": "BHVN",
        "company": "Biohaven Ltd.",
        "change_pct": -20.59,
        "premarket": 18.9,
        "volume": 451233,
        "category": "l",
        "source": "tv",
        "shortable": true,
        "exchange_name": "NYSE",
        "market_cap": 1623.755,
        "existing": false
    },
    {
        "symbol": "LC",
        "company": "LendingClub Corporation",
        "change_pct": -13.92,
        "premarket": 8.72,
        "volume": 132267,
        "category": "l",
        "source": "tv",
        "shortable": true,
        "exchange_name": "NYSE",
        "market_cap": 1088.656,
        "existing": false
    },
    {
        "symbol": "HOUS",
        "company": "Anywhere Real Estate Inc.",
        "change_pct": -4.98,
        "premarket": 8.59,
        "volume": 590,
        "category": "l",
        "source": "tv",
        "shortable": true,
        "exchange_name": "NYSE",
        "market_cap": 998.4268,
        "existing": false
    },
    {
        "symbol": "SHYF",
        "company": "The Shyft Group, Inc.",
        "change_pct": -24.28,
        "premarket": 16.0,
        "volume": 26658,
        "category": "l",
        "source": "tv",
        "shortable": true,
        "exchange_name": "NASD",
        "market_cap": 736.9168,
        "existing": false
    },
    {
        "symbol": "LIND",
        "company": "Lindblad Expeditions Holdings Inc.",
        "change_pct": -8.01,
        "premarket": 9.3,
        "volume": 538,
        "category": "l",
        "source": "tv",
        "shortable": true,
        "exchange_name": "NASD",
        "market_cap": 538.373,
        "existing": false
    },
    {
        "symbol": "TSVT",
        "company": "2seventy bio, Inc.",
        "change_pct": -4.86,
        "premarket": 9.0,
        "volume": 10907,
        "category": "l",
        "source": "tv",
        "shortable": true,
        "exchange_name": "NASD",
        "market_cap": 474.8851,
        "existing": false
    }
]