[
    {
        "symbol": "PTLE",
        "company": "PTL LTD",
        "change_pct": 174.33,
        "premarket": 0.5429,
        "volume": 133650000,
        "category": "g",
        "source": "tv",
        "shortable": true,
        "exchange_name": "NASDAQ",
        "market_cap": 6747750,
        "existing": false
    },
    {
        "symbol": "RYDE",
        "company": "Ryde Group Ltd.",
        "change_pct": 166.5,
        "premarket": 0.4701,
        "volume": 64770000,
        "category": "g",
        "source": "tv",
        "shortable": true,
        "exchange_name": "NYSE American",
        "market_cap": 5184299,
        "existing": false
    },
    {
        "symbol": "APVO",
        "company": "Aptevo Therapeutics Inc.",
        "change_pct": 121.99,
        "premarket": 6.26,
        "volume": 11000000,
        "category": "g",
        "source": "tv",
        "shortable": true,
        "exchange_name": "NASDAQ",
        "market_cap": 2477102,
        "existing": false
    },
    {
        "symbol": "LSE",
        "company": "Leishen Energy Holding Co., Ltd.",
        "change_pct": 70.27,
        "premarket": 9.45,
        "volume": 6780000,
        "category": "g",
        "source": "tv",
        "shortable": false,
        "exchange_name": "NASDAQ",
        "market_cap": 113556750,
        "existing": false
    },
    {
        "symbol": "RELI",
        "company": "Reliance Global Group, Inc.",
        "change_pct": 49.31,
        "premarket": 3.24,
        "volume": 13230000,
        "category": "g",
        "source": "tv",
        "shortable": true,
        "exchange_name": "NASDAQ",
        "market_cap": 3510392,
        "existing": false
    },
    {
        "symbol": "SAFX",
        "company": "XCF Global, Inc.",
        "change_pct": 42.41,
        "premarket": 2.42,
        "volume": 5250000,
        "category": "g",
        "source": "tv",
        "shortable": true,
        "exchange_name": "NASDAQ",
        "market_cap": 340940971,
        "existing": false
    },
    {
        "symbol": "GHLD",
        "company": "Guild Holdings Company",
        "change_pct": 28.18,
        "premarket": 20.15,
        "volume": 1470,
        "category": "g",
        "source": "tv",
        "shortable": true,
        "exchange_name": "NYSE",
        "market_cap": 976699763,
        "existing": false
    },
    {
        "symbol": "TPET",
        "company": "Trio Petroleum Corp.",
        "change_pct": 21.19,
        "premarket": 1.83,
        "volume": 3540000,
        "category": "g",
        "source": "tv",
        "shortable": true,
        "exchange_name": "NYSE American",
        "market_cap": 9854473,
        "existing": false
    },
    {
        "symbol": "HSDT",
        "company": "Helius Medical Technologies, Inc.",
        "change_pct": 18.67,
        "premarket": 0.3674,
        "volume": 27490000,
        "category": "g",
        "source": "tv",
        "shortable": true,
        "exchange_name": "NASDAQ",
        "market_cap": 1184727,
        "existing": false
    },
    {
        "symbol": "GOVX",
        "company": "GeoVax Labs, Inc.",
        "change_pct": 17.73,
        "premarket": 1.0596,
        "volume": 4190000,
        "category": "g",
        "source": "tv",
        "shortable": true,
        "exchange_name": "NASDAQ",
        "market_cap": 18268110,
        "existing": false
    },
    {
        "symbol": "GURE",
        "company": "Gulf Resources, Inc.",
        "change_pct": 14.68,
        "premarket": 0.6881,
        "volume": 17590000,
        "category": "g",
        "source": "tv",
        "shortable": true,
        "exchange_name": "NASDAQ",
        "market_cap": 7607572,
        "existing": false
    },
    {
        "symbol": "LTRY",
        "company": "Lottery.com, Inc.",
        "change_pct": 13.64,
        "premarket": 1.25,
        "volume": 313460,
        "category": "g",
        "source": "tv",
        "shortable": true,
        "exchange_name": "NASDAQ",
        "market_cap": 29370066,
        "existing": false
    },
    {
        "symbol": "HCTI",
        "company": "Healthcare Triangle, Inc.",
        "change_pct": 13.57,
        "premarket": 0.0251,
        "volume": 65230000,
        "category": "g",
        "source": "tv",
        "shortable": true,
        "exchange_name": "NASDAQ",
        "market_cap": 10782963,
        "existing": false
    },
    {
        "symbol": "PRE",
        "company": "Prenetics Global Limited",
        "change_pct": 13.32,
        "premarket": 8.51,
        "volume": 22550,
        "category": "g",
        "source": "tv",
        "shortable": true,
        "exchange_name": "NASDAQ",
        "market_cap": 91368206,
        "existing": false
    },
    {
        "symbol": "IBIO",
        "company": "iBio, Inc.",
        "change_pct": 12.91,
        "premarket": 0.92,
        "volume": 32020,
        "category": "g",
        "source": "tv",
        "shortable": true,
        "exchange_name": "NASDAQ",
        "market_cap": 14437851,
        "existing": false
    },
    {
        "symbol": "HTCO",
        "company": "High-Trend International Group",
        "change_pct": 12.81,
        "premarket": 0.2232,
        "volume": 1290000,
        "category": "g",
        "source": "tv",
        "shortable": true,
        "exchange_name": "NASDAQ",
        "market_cap": 25770588,
        "existing": false
    },
    {
        "symbol": "TMC",
        "company": "TMC the metals company Inc.",
        "change_pct": 12.68,
        "premarket": 6.13,
        "volume": 692860,
        "category": "g",
        "source": "tv",
        "shortable": true,
        "exchange_name": "NASDAQ",
        "market_cap": 2024619751,
        "existing": false
    },
    {
        "symbol": "KFY",
        "company": "Korn Ferry",
        "change_pct": 11.59,
        "premarket": 74.5,
        "volume": 15770,
        "category": "g",
        "source": "tv",
        "shortable": true,
        "exchange_name": "NYSE",
        "market_cap": 3492294337,
        "existing": false
    },
    {
        "symbol": "RBNE",
        "company": "Robin Energy Ltd.",
        "change_pct": 11.43,
        "premarket": 11.8,
        "volume": 600480,
        "category": "g",
        "source": "tv",
        "shortable": true,
        "exchange_name": "NASDAQ",
        "market_cap": 13174760,
        "existing": false
    },
    {
        "symbol": "ESEA",
        "company": "Euroseas Ltd.",
        "change_pct": 10.59,
        "premarket": 49.8,
        "volume": 2380,
        "category": "g",
        "source": "tv",
        "shortable": true,
        "exchange_name": "NASDAQ",
        "market_cap": 0,
        "existing": false
    },
    {
        "symbol": "RGC",
        "company": "Regencell Bioscience Holdings Limited",
        "change_pct": -18.27,
        "premarket": 63.75,
        "volume": 68660,
        "category": "l",
        "source": "tv",
        "shortable": true,
        "exchange_name": "NASDAQ",
        "market_cap": 29669334480,
        "existing": false
    },
    {
        "symbol": "BTDR",
        "company": "Bitdeer Technologies Group",
        "change_pct": -8.11,
        "premarket": 11.67,
        "volume": 219250,
        "category": "l",
        "source": "tv",
        "shortable": true,
        "exchange_name": "NASDAQ",
        "market_cap": 2667877780,
        "existing": false
    },
    {
        "symbol": "EVCM",
        "company": "EverCommerce Inc.",
        "change_pct": -3.82,
        "premarket": 9.31,
        "volume": 161,
        "category": "l",
        "source": "tv",
        "shortable": true,
        "exchange_name": "NASDAQ",
        "market_cap": 1743265308,
        "existing": false
    },
    {
        "symbol": "RSI",
        "company": "Rush Street Interactive, Inc.",
        "change_pct": -3.53,
        "premarket": 13.39,
        "volume": 120,
        "category": "l",
        "source": "tv",
        "shortable": true,
        "exchange_name": "NYSE",
        "market_cap": 1318551452,
        "existing": false
    },
    {
        "symbol": "OLPX",
        "company": "Olaplex Holdings, Inc.",
        "change_pct": -4.26,
        "premarket": 1.35,
        "volume": 129,
        "category": "l",
        "source": "tv",
        "shortable": true,
        "exchange_name": "NASDAQ",
        "market_cap": 905655122,
        "existing": false
    },
    {
        "symbol": "TRML",
        "company": "Tourmaline Bio, Inc.",
        "change_pct": -9.19,
        "premarket": 16.51,
        "volume": 100,
        "category": "l",
        "source": "tv",
        "shortable": true,
        "exchange_name": "NASDAQ",
        "market_cap": 487310446,
        "existing": false
    },
    {
        "symbol": "RITR",
        "company": "Reitar Logtech Holdings Limited",
        "change_pct": -3.6,
        "premarket": 5.09,
        "volume": 458,
        "category": "l",
        "source": "tv",
        "shortable": true,
        "exchange_name": "NASDAQ",
        "market_cap": 324707500,
        "existing": false
    },
    {
        "symbol": "DDD",
        "company": "3D Systems Corporation",
        "change_pct": -11.23,
        "premarket": 1.66,
        "volume": 219230,
        "category": "l",
        "source": "tv",
        "shortable": true,
        "exchange_name": "NYSE",
        "market_cap": 264640960,
        "existing": false
    },
    {
        "symbol": "CRDF",
        "company": "Cardiff Oncology, Inc.",
        "change_pct": -10.0,
        "premarket": 3.33,
        "volume": 38220,
        "category": "l",
        "source": "tv",
        "shortable": true,
        "exchange_name": "NASDAQ",
        "market_cap": 256789796,
        "existing": false
    },
    {
        "symbol": "WHF",
        "company": "WhiteHorse Finance, Inc.",
        "change_pct": -4.31,
        "premarket": 9.1,
        "volume": 1240,
        "category": "l",
        "source": "tv",
        "shortable": true,
        "exchange_name": "NASDAQ",
        "market_cap": 219414750,
        "existing": false
    },
    {
        "symbol": "LCTX",
        "company": "Lineage Cell Therapeutics, Inc.",
        "change_pct": -4.47,
        "premarket": 0.82,
        "volume": 26860,
        "category": "l",
        "source": "tv",
        "shortable": true,
        "exchange_name": "NYSE American",
        "market_cap": 197482519,
        "existing": false
    },
    {
        "symbol": "VTYX",
        "company": "Ventyx Biosciences, Inc.",
        "change_pct": -4.09,
        "premarket": 2.11,
        "volume": 10350,
        "category": "l",
        "source": "tv",
        "shortable": true,
        "exchange_name": "NASDAQ",
        "market_cap": 180749450,
        "existing": false
    },
    {
        "symbol": "NA",
        "company": "Nano Labs Ltd",
        "change_pct": -6.4,
        "premarket": 9.21,
        "volume": 200,
        "category": "l",
        "source": "tv",
        "shortable": true,
        "exchange_name": "NASDAQ",
        "market_cap": 173290770,
        "existing": false
    },
    {
        "symbol": "SRM",
        "company": "SRM Entertainment, Inc.",
        "change_pct": -12.94,
        "premarket": 6.73,
        "volume": 560960,
        "category": "l",
        "source": "tv",
        "shortable": true,
        "exchange_name": "NASDAQ",
        "market_cap": 158468775,
        "existing": false
    },
    {
        "symbol": "RAPT",
        "company": "RAPT Therapeutics, Inc.",
        "change_pct": -10.17,
        "premarket": 7.04,
        "volume": 16250,
        "category": "l",
        "source": "tv",
        "shortable": true,
        "exchange_name": "NASDAQ",
        "market_cap": 137580233,
        "existing": false
    },
    {
        "symbol": "FTRK",
        "company": "FAST TRACK GROUP",
        "change_pct": -3.66,
        "premarket": 6.05,
        "volume": 4500,
        "category": "l",
        "source": "tv",
        "shortable": true,
        "exchange_name": "NASDAQ",
        "market_cap": 123675000,
        "existing": false
    },
    {
        "symbol": "GNLX",
        "company": "Genelux Corporation",
        "change_pct": -4.97,
        "premarket": 2.87,
        "volume": 500,
        "category": "l",
        "source": "tv",
        "shortable": true,
        "exchange_name": "NASDAQ",
        "market_cap": 120484277,
        "existing": false
    },
    {
        "symbol": "CTOR",
        "company": "Citius Oncology, Inc.",
        "change_pct": -6.9,
        "premarket": 1.35,
        "volume": 2930,
        "category": "l",
        "source": "tv",
        "shortable": true,
        "exchange_name": "NASDAQ",
        "market_cap": 99457838,
        "existing": false
    },
    {
        "symbol": "BMEA",
        "company": "Biomea Fusion, Inc.",
        "change_pct": -26.9,
        "premarket": 2.12,
        "volume": 577080,
        "category": "l",
        "source": "tv",
        "shortable": true,
        "exchange_name": "NASDAQ",
        "market_cap": 98815017,
        "existing": false
    },
    {
        "symbol": "AXTI",
        "company": "AXT Inc",
        "change_pct": -3.59,
        "premarket": 1.88,
        "volume": 150,
        "category": "l",
        "source": "tv",
        "shortable": true,
        "exchange_name": "NASDAQ",
        "market_cap": 91467338,
        "existing": false
    }
]