[
    {
        "symbol": "XIN",
        "company": "Xinyuan Real Estate Co. Ltd. Sponsored ADR",
        "premarket": 5.93,
        "change_pct": 31.78,
        "volume": 182000,
        "category": "g",
        "source": "cnn",
        "shortable": true,
        "exchange_name": "NYSE",
        "market_cap": 19.23475,
        "existing": false
    },
    {
        "symbol": "ARNC",
        "company": "Arconic Corp.",
        "premarket": 28.5,
        "change_pct": 26.39,
        "volume": 8000,
        "category": "g",
        "source": "cnn",
        "shortable": true,
        "exchange_name": "NYSE",
        "market_cap": 2377.251,
        "existing": false
    },
    {
        "symbol": "GDC",
        "company": "GD Culture Group Limited",
        "premarket": 7.06,
        "change_pct": 22.36,
        "volume": 269000,
        "category": "g",
        "source": "cnn",
        "shortable": true,
        "exchange_name": "NASD",
        "market_cap": 5.81925,
        "existing": false
    },
    {
        "symbol": "UNIT",
        "company": "Uniti Group Inc.",
        "premarket": 3.8,
        "change_pct": 19.12,
        "volume": 27,
        "category": "g",
        "source": "cnn",
        "shortable": true,
        "exchange_name": "NASD",
        "market_cap": 734.842,
        "existing": false
    },
    {
        "symbol": "RHE",
        "company": "Regional Health Properties, Inc.",
        "premarket": 4.1,
        "change_pct": 13.57,
        "volume": 200,
        "category": "g",
        "source": "cnn",
        "shortable": true,
        "exchange_name": "AMEX",
        "market_cap": 19.32071,
        "existing": false
    },
    {
        "symbol": "LMND",
        "company": "Lemonade Inc",
        "premarket": 12.52,
        "change_pct": 12.89,
        "volume": 1000,
        "category": "g",
        "source": "cnn",
        "shortable": true,
        "exchange_name": "NYSE",
        "market_cap": 757.779,
        "existing": false
    },
    {
        "symbol": "CXAI",
        "company": "CXApp Inc. Class A",
        "premarket": 11.42,
        "change_pct": 10.87,
        "volume": 3000,
        "category": "g",
        "source": "cnn",
        "shortable": true,
        "exchange_name": "NASD",
        "market_cap": 186.8496,
        "existing": false
    },
    {
        "symbol": "SEDG",
        "company": "SolarEdge Technologies, Inc.",
        "premarket": 292.05,
        "change_pct": 10.7,
        "volume": 3000,
        "category": "g",
        "source": "cnn",
        "shortable": true,
        "exchange_name": "NASD",
        "market_cap": 14852.62,
        "existing": false
    },
    {
        "symbol": "MSGM",
        "company": "Motorsport Games, Inc. Class A",
        "premarket": 5.4,
        "change_pct": 10.66,
        "volume": 2,
        "category": "g",
        "source": "cnn",
        "shortable": true,
        "exchange_name": "NASD",
        "market_cap": 52.08328,
        "existing": false
    },
    {
        "symbol": "ATLX",
        "company": "Atlas Lithium Corporation",
        "premarket": 32.86,
        "change_pct": 9.97,
        "volume": 294,
        "category": "g",
        "source": "cnn",
        "shortable": true,
        "exchange_name": "NASD",
        "market_cap": 279.36,
        "existing": false
    },
    {
        "symbol": "LGMK",
        "company": "LogicMark, Inc.",
        "premarket": 2.9,
        "change_pct": 9.43,
        "volume": 15000,
        "category": "g",
        "source": "cnn",
        "shortable": false,
        "exchange_name": "NASD",
        "market_cap": 3.33144,
        "existing": false
    },
    {
        "symbol": "XIN",
        "company": "Xinyuan Real Estate Co. Ltd. Sponsored ADR",
        "premarket": 5.93,
        "change_pct": -31.78,
        "volume": 182000,
        "category": "l",
        "source": "cnn",
        "shortable": true,
        "exchange_name": "NYSE",
        "market_cap": 19.23475,
        "existing": false
    },
    {
        "symbol": "ARNC",
        "company": "Arconic Corp.",
        "premarket": 28.5,
        "change_pct": -26.39,
        "volume": 8000,
        "category": "l",
        "source": "cnn",
        "shortable": true,
        "exchange_name": "NYSE",
        "market_cap": 2377.251,
        "existing": false
    },
    {
        "symbol": "GDC",
        "company": "GD Culture Group Limited",
        "premarket": 7.06,
        "change_pct": -22.36,
        "volume": 269000,
        "category": "l",
        "source": "cnn",
        "shortable": true,
        "exchange_name": "NASD",
        "market_cap": 5.81925,
        "existing": false
    },
    {
        "symbol": "UNIT",
        "company": "Uniti Group Inc.",
        "premarket": 3.8,
        "change_pct": -19.12,
        "volume": 27,
        "category": "l",
        "source": "cnn",
        "shortable": true,
        "exchange_name": "NASD",
        "market_cap": 734.842,
        "existing": false
    },
    {
        "symbol": "RHE",
        "company": "Regional Health Properties, Inc.",
        "premarket": 4.1,
        "change_pct": -13.57,
        "volume": 200,
        "category": "l",
        "source": "cnn",
        "shortable": true,
        "exchange_name": "AMEX",
        "market_cap": 19.32071,
        "existing": false
    },
    {
        "symbol": "LMND",
        "company": "Lemonade Inc",
        "premarket": 12.52,
        "change_pct": -12.89,
        "volume": 1000,
        "category": "l",
        "source": "cnn",
        "shortable": true,
        "exchange_name": "NYSE",
        "market_cap": 757.779,
        "existing": false
    },
    {
        "symbol": "CXAI",
        "company": "CXApp Inc. Class A",
        "premarket": 11.42,
        "change_pct": -10.87,
        "volume": 3000,
        "category": "l",
        "source": "cnn",
        "shortable": true,
        "exchange_name": "NASD",
        "market_cap": 186.8496,
        "existing": false
    },
    {
        "symbol": "SEDG",
        "company": "SolarEdge Technologies, Inc.",
        "premarket": 292.05,
        "change_pct": -10.7,
        "volume": 3000,
        "category": "l",
        "source": "cnn",
        "shortable": true,
        "exchange_name": "NASD",
        "market_cap": 14852.62,
        "existing": false
    },
    {
        "symbol": "MSGM",
        "company": "Motorsport Games, Inc. Class A",
        "premarket": 5.4,
        "change_pct": -10.66,
        "volume": 2,
        "category": "l",
        "source": "cnn",
        "shortable": true,
        "exchange_name": "NASD",
        "market_cap": 52.08328,
        "existing": false
    },
    {
        "symbol": "ATLX",
        "company": "Atlas Lithium Corporation",
        "premarket": 32.86,
        "change_pct": -9.97,
        "volume": 294,
        "category": "l",
        "source": "cnn",
        "shortable": true,
        "exchange_name": "NASD",
        "market_cap": 279.36,
        "existing": false
    },
    {
        "symbol": "LGMK",
        "company": "LogicMark, Inc.",
        "premarket": 2.9,
        "change_pct": -9.43,
        "volume": 15000,
        "category": "l",
        "source": "cnn",
        "shortable": false,
        "exchange_name": "NASD",
        "market_cap": 3.33144,
        "existing": false
    }
]