[
    {
        "symbol": "SIEN",
        "company": "Sientra, Inc.",
        "change_pct": 80.57,
        "premarket": 3.16,
        "volume": 4459099,
        "category": "g",
        "source": "tv",
        "shortable": true,
        "exchange_name": "NASD",
        "market_cap": 19.58105,
        "existing": false
    },
    {
        "symbol": "SNOA",
        "company": "Sonoma Pharmaceuticals, Inc.",
        "change_pct": 48.43,
        "premarket": 1.4398,
        "volume": 7283100,
        "category": "g",
        "source": "tv",
        "shortable": true,
        "exchange_name": "NASD",
        "market_cap": 4.50977,
        "existing": false
    },
    {
        "symbol": "TOI",
        "company": "The Oncology Institute, Inc.",
        "change_pct": 34.88,
        "premarket": 0.8832,
        "volume": 8390100,
        "category": "g",
        "source": "tv",
        "shortable": false,
        "exchange_name": "NASD",
        "market_cap": 49.34004,
        "existing": false
    },
    {
        "symbol": "CFRX",
        "company": "ContraFect Corporation",
        "change_pct": 25.0,
        "premarket": 1.8,
        "volume": 1028100,
        "category": "g",
        "source": "tv",
        "shortable": true,
        "exchange_name": "NASD",
        "market_cap": 5.28468,
        "existing": false
    },
    {
        "symbol": "AKLI",
        "company": "Akili, Inc.",
        "change_pct": 23.41,
        "premarket": 1.42,
        "volume": 1098100,
        "category": "g",
        "source": "tv",
        "shortable": true,
        "exchange_name": "NASD",
        "market_cap": 89.87994,
        "existing": false
    },
    {
        "symbol": "RGTI",
        "company": "Rigetti Computing, Inc.",
        "change_pct": 23.19,
        "premarket": 1.7,
        "volume": 856970,
        "category": "g",
        "source": "tv",
        "shortable": true,
        "exchange_name": "NASD",
        "market_cap": 179.1553,
        "existing": false
    },
    {
        "symbol": "WLDS",
        "company": "Wearable Devices Ltd.",
        "change_pct": 17.79,
        "premarket": 2.45,
        "volume": 2185100,
        "category": "g",
        "source": "tv",
        "shortable": false,
        "exchange_name": "NASD",
        "market_cap": 31.6552,
        "existing": false
    },
    {
        "symbol": "UPH",
        "company": "UpHealth, Inc.",
        "change_pct": 14.67,
        "premarket": 1.72,
        "volume": 879,
        "category": "g",
        "source": "tv",
        "shortable": true,
        "exchange_name": "NYSE",
        "market_cap": 25.17671,
        "existing": false
    },
    {
        "symbol": "BRZE",
        "company": "Braze, Inc.",
        "change_pct": 13.08,
        "premarket": 38.38,
        "volume": 10842,
        "category": "g",
        "source": "tv",
        "shortable": true,
        "exchange_name": "NASD",
        "market_cap": 3287.579,
        "existing": false
    },
    {
        "symbol": "CRGO",
        "company": "Freightos Limited",
        "change_pct": 12.44,
        "premarket": 2.56,
        "volume": 283,
        "category": "g",
        "source": "tv",
        "shortable": true,
        "exchange_name": "NASD",
        "market_cap": 108.1526,
        "existing": false
    },
    {
        "symbol": "CMPX",
        "company": "Compass Therapeutics, Inc.",
        "change_pct": 11.55,
        "premarket": 3.38,
        "volume": 100,
        "category": "g",
        "source": "tv",
        "shortable": false,
        "exchange_name": "NASD",
        "market_cap": 383.3176,
        "existing": false
    },
    {
        "symbol": "IRON",
        "company": "Disc Medicine, Inc.",
        "change_pct": 11.5,
        "premarket": 44.01,
        "volume": 1911,
        "category": "g",
        "source": "tv",
        "shortable": true,
        "exchange_name": "NASD",
        "market_cap": 781.4806,
        "existing": false
    },
    {
        "symbol": "VINE",
        "company": "Fresh Vine Wine, Inc.",
        "change_pct": 10.4,
        "premarket": 0.52,
        "volume": 500,
        "category": "g",
        "source": "tv",
        "shortable": false,
        "exchange_name": "AMEX",
        "market_cap": 0.0,
        "existing": false
    },
    {
        "symbol": "NLSP",
        "company": "NLS Pharmaceutics Ltd.",
        "change_pct": 10.01,
        "premarket": 1.02,
        "volume": 100,
        "category": "g",
        "source": "tv",
        "shortable": false,
        "exchange_name": "NASD",
        "market_cap": 30.06807,
        "existing": false
    },
    {
        "symbol": "LKCO",
        "company": "Luokung Technology Corp",
        "change_pct": 9.92,
        "premarket": 1.33,
        "volume": 1142,
        "category": "g",
        "source": "tv",
        "shortable": true,
        "exchange_name": "NASD",
        "market_cap": 19.86411,
        "existing": false
    },
    {
        "symbol": "CRSP",
        "company": "CRISPR Therapeutics AG",
        "change_pct": 9.68,
        "premarket": 68.65,
        "volume": 45957,
        "category": "g",
        "source": "tv",
        "shortable": true,
        "exchange_name": "NASD",
        "market_cap": 4940.548,
        "existing": false
    },
    {
        "symbol": "MOVE",
        "company": "Movano Inc.",
        "change_pct": 9.57,
        "premarket": 1.26,
        "volume": 689,
        "category": "g",
        "source": "tv",
        "shortable": true,
        "exchange_name": "NASD",
        "market_cap": 47.66366,
        "existing": false
    },
    {
        "symbol": "LPTV",
        "company": "Loop Media, Inc.",
        "change_pct": 9.26,
        "premarket": 2.95,
        "volume": 8432,
        "category": "g",
        "source": "tv",
        "shortable": true,
        "exchange_name": "AMEX",
        "market_cap": 405.3445,
        "existing": false
    },
    {
        "symbol": "NHWK",
        "company": "NightHawk Biosciences, Inc.",
        "change_pct": 8.75,
        "premarket": 0.696,
        "volume": 500,
        "category": "g",
        "source": "tv",
        "shortable": true,
        "exchange_name": "AMEX",
        "market_cap": 71.89196,
        "existing": false
    },
    {
        "symbol": "TMC",
        "company": "TMC the metals company Inc.",
        "change_pct": 8.6,
        "premarket": 0.8539,
        "volume": 337411,
        "category": "g",
        "source": "tv",
        "shortable": true,
        "exchange_name": "NASD",
        "market_cap": 220.6671,
        "existing": false
    },
    {
        "symbol": "AMPE",
        "company": "Ampio Pharmaceuticals, Inc.",
        "change_pct": 8.58,
        "premarket": 0.2949,
        "volume": 44518,
        "category": "g",
        "source": "tv",
        "shortable": true,
        "exchange_name": "AMEX",
        "market_cap": 6.03432,
        "existing": false
    },
    {
        "symbol": "RAYA",
        "company": "Erayak Power Solution Group Inc.",
        "change_pct": 8.47,
        "premarket": 2.05,
        "volume": 200,
        "category": "g",
        "source": "tv",
        "shortable": true,
        "exchange_name": "NASD",
        "market_cap": 23.5305,
        "existing": false
    },
    {
        "symbol": "INTZ",
        "company": "Intrusion Inc.",
        "change_pct": 8.33,
        "premarket": 1.69,
        "volume": 100,
        "category": "g",
        "source": "tv",
        "shortable": true,
        "exchange_name": "NASD",
        "market_cap": 33.2773,
        "existing": false
    },
    {
        "symbol": "GTBP",
        "company": "GT Biopharma, Inc.",
        "change_pct": 8.31,
        "premarket": 0.3899,
        "volume": 18969,
        "category": "g",
        "source": "tv",
        "shortable": true,
        "exchange_name": "NASD",
        "market_cap": 13.47658,
        "existing": false
    },
    {
        "symbol": "ACST",
        "company": "Acasti Pharma, Inc.",
        "change_pct": 8.16,
        "premarket": 0.53,
        "volume": 700,
        "category": "g",
        "source": "tv",
        "shortable": true,
        "exchange_name": "NASD",
        "market_cap": 21.86029,
        "existing": false
    },
    {
        "symbol": "VTVT",
        "company": "vTv Therapeutics Inc.",
        "change_pct": 8.14,
        "premarket": 0.8698,
        "volume": 2095,
        "category": "g",
        "source": "tv",
        "shortable": true,
        "exchange_name": "NASD",
        "market_cap": 84.11374,
        "existing": false
    },
    {
        "symbol": "SLNA",
        "company": "Selina Hospitality PLC",
        "change_pct": 7.84,
        "premarket": 1.1,
        "volume": 4462,
        "category": "g",
        "source": "tv",
        "shortable": false,
        "exchange_name": "NASD",
        "market_cap": 100.5695,
        "existing": false
    },
    {
        "symbol": "RGLS",
        "company": "Regulus Therapeutics Inc.",
        "change_pct": 7.75,
        "premarket": 1.53,
        "volume": 900,
        "category": "g",
        "source": "tv",
        "shortable": true,
        "exchange_name": "NASD",
        "market_cap": 27.65488,
        "existing": false
    },
    {
        "symbol": "TISI",
        "company": "Team, Inc.",
        "change_pct": 7.72,
        "premarket": 7.81,
        "volume": 500,
        "category": "g",
        "source": "tv",
        "shortable": true,
        "exchange_name": "NYSE",
        "market_cap": 31.62323,
        "existing": false
    },
    {
        "symbol": "XELA",
        "company": "Exela Technologies, Inc.",
        "change_pct": 7.68,
        "premarket": 5.05,
        "volume": 87974,
        "category": "g",
        "source": "tv",
        "shortable": true,
        "exchange_name": "NASD",
        "market_cap": 29.88009,
        "existing": false
    },
    {
        "symbol": "QBTS",
        "company": "D-Wave Quantum Inc.",
        "change_pct": 7.49,
        "premarket": 2.44,
        "volume": 430762,
        "category": "g",
        "source": "tv",
        "shortable": true,
        "exchange_name": "NYSE",
        "market_cap": 288.684,
        "existing": false
    },
    {
        "symbol": "SLGG",
        "company": "Super League Gaming, Inc.",
        "change_pct": 7.45,
        "premarket": 0.57,
        "volume": 2946,
        "category": "g",
        "source": "tv",
        "shortable": true,
        "exchange_name": "NASD",
        "market_cap": 20.05029,
        "existing": false
    },
    {
        "symbol": "ADES",
        "company": "Advanced Emissions Solutions, Inc.",
        "change_pct": 7.41,
        "premarket": 1.45,
        "volume": 500,
        "category": "g",
        "source": "tv",
        "shortable": true,
        "exchange_name": "NASD",
        "market_cap": 36.75913,
        "existing": false
    },
    {
        "symbol": "VRPX",
        "company": "Virpax Pharmaceuticals, Inc.",
        "change_pct": 7.33,
        "premarket": 0.955,
        "volume": 100,
        "category": "g",
        "source": "tv",
        "shortable": false,
        "exchange_name": "NASD",
        "market_cap": 10.42337,
        "existing": false
    },
    {
        "symbol": "MRKR",
        "company": "Marker Therapeutics, Inc.",
        "change_pct": 7.21,
        "premarket": 2.23,
        "volume": 5566,
        "category": "g",
        "source": "tv",
        "shortable": true,
        "exchange_name": "NASD",
        "market_cap": 18.30156,
        "existing": false
    },
    {
        "symbol": "ADCT",
        "company": "ADC Therapeutics SA",
        "change_pct": 7.2,
        "premarket": 2.68,
        "volume": 153379,
        "category": "g",
        "source": "tv",
        "shortable": true,
        "exchange_name": "NYSE",
        "market_cap": 201.6063,
        "existing": false
    },
    {
        "symbol": "CPOP",
        "company": "Pop Culture Group Co., Ltd",
        "change_pct": 7.01,
        "premarket": 0.5254,
        "volume": 700,
        "category": "g",
        "source": "tv",
        "shortable": false,
        "exchange_name": "NASD",
        "market_cap": 11.80855,
        "existing": false
    },
    {
        "symbol": "CRVS",
        "company": "Corvus Pharmaceuticals, Inc.",
        "change_pct": 6.99,
        "premarket": 4.13,
        "volume": 17165,
        "category": "g",
        "source": "tv",
        "shortable": true,
        "exchange_name": "NASD",
        "market_cap": 179.7545,
        "existing": false
    },
    {
        "symbol": "UGRO",
        "company": "urban-gro, Inc.",
        "change_pct": 6.95,
        "premarket": 1.21,
        "volume": 200,
        "category": "g",
        "source": "tv",
        "shortable": false,
        "exchange_name": "NASD",
        "market_cap": 12.37588,
        "existing": false
    },
    {
        "symbol": "DOCU",
        "company": "DocuSign, Inc.",
        "change_pct": 6.87,
        "premarket": 62.5,
        "volume": 483643,
        "category": "g",
        "source": "tv",
        "shortable": true,
        "exchange_name": "NASD",
        "market_cap": 11831.51,
        "existing": false
    }
]