[
    {
        "symbol": "AXLA",
        "company": "Axcella Health Inc.",
        "change_pct": 59.26,
        "premarket": 0.2787,
        "volume": 14492000,
        "category": "g",
        "source": "tv",
        "shortable": true,
        "exchange_name": "NASD",
        "market_cap": 12.89623,
        "existing": false
    },
    {
        "symbol": "FULC",
        "company": "Fulcrum Therapeutics, Inc.",
        "change_pct": 36.1,
        "premarket": 5.34,
        "volume": 3643000,
        "category": "g",
        "source": "tv",
        "shortable": true,
        "exchange_name": "NASD",
        "market_cap": 242.3444,
        "existing": false
    },
    {
        "symbol": "SIDU",
        "company": "Sidus Space, Inc.",
        "change_pct": 34.45,
        "premarket": 0.2166,
        "volume": 17871000,
        "category": "g",
        "source": "tv",
        "shortable": false,
        "exchange_name": "NASD",
        "market_cap": 11.76273,
        "existing": false
    },
    {
        "symbol": "GMVD",
        "company": "G Medical Innovations Holdings Ltd.",
        "change_pct": 31.56,
        "premarket": 0.2076,
        "volume": 9876000,
        "category": "g",
        "source": "tv",
        "shortable": false,
        "exchange_name": "NASD",
        "market_cap": 2.2047,
        "existing": false
    },
    {
        "symbol": "PMN",
        "company": "ProMIS Neurosciences Inc.",
        "change_pct": 30.19,
        "premarket": 2.07,
        "volume": 1801000,
        "category": "g",
        "source": "tv",
        "shortable": true,
        "exchange_name": "NASD",
        "market_cap": 13.64106,
        "existing": false
    },
    {
        "symbol": "BRQS",
        "company": "Borqs Technologies, Inc.",
        "change_pct": 25.08,
        "premarket": 0.2,
        "volume": 1092000,
        "category": "g",
        "source": "tv",
        "shortable": true,
        "exchange_name": "NASD",
        "market_cap": 28.04376,
        "existing": false
    },
    {
        "symbol": "FN",
        "company": "Fabrinet",
        "change_pct": 23.91,
        "premarket": 144.7,
        "volume": 22500,
        "category": "g",
        "source": "tv",
        "shortable": true,
        "exchange_name": "NYSE",
        "market_cap": 4238.771,
        "existing": false
    },
    {
        "symbol": "NVOS",
        "company": "Novo Integrated Sciences, Inc.",
        "change_pct": 23.58,
        "premarket": 0.2196,
        "volume": 11351000,
        "category": "g",
        "source": "tv",
        "shortable": false,
        "exchange_name": "NASD",
        "market_cap": 26.37675,
        "existing": false
    },
    {
        "symbol": "MTNB",
        "company": "Matinas Biopharma Holdings, Inc.",
        "change_pct": 21.95,
        "premarket": 0.2,
        "volume": 215257,
        "category": "g",
        "source": "tv",
        "shortable": true,
        "exchange_name": "AMEX",
        "market_cap": 154.1629,
        "existing": false
    },
    {
        "symbol": "HALL",
        "company": "Hallmark Financial Services, Inc.",
        "change_pct": 21.5,
        "premarket": 3.56,
        "volume": 38513,
        "category": "g",
        "source": "tv",
        "shortable": true,
        "exchange_name": "NASD",
        "market_cap": 5.32815,
        "existing": false
    },
    {
        "symbol": "MSGE",
        "company": "Madison Square Garden Entertainment Corp.",
        "change_pct": 16.97,
        "premarket": 36.25,
        "volume": 500,
        "category": "g",
        "source": "tv",
        "shortable": true,
        "exchange_name": "NYSE",
        "market_cap": 1582.07,
        "existing": false
    },
    {
        "symbol": "MIND",
        "company": "MIND Technology, Inc.",
        "change_pct": 16.89,
        "premarket": 0.6926,
        "volume": 171731,
        "category": "g",
        "source": "tv",
        "shortable": false,
        "exchange_name": "NASD",
        "market_cap": 8.16983,
        "existing": false
    },
    {
        "symbol": "OPGN",
        "company": "OpGen, Inc.",
        "change_pct": 15.0,
        "premarket": 0.23,
        "volume": 180542,
        "category": "g",
        "source": "tv",
        "shortable": true,
        "exchange_name": "NASD",
        "market_cap": 1.7799,
        "existing": false
    },
    {
        "symbol": "FRGT",
        "company": "Freight Technologies, Inc.",
        "change_pct": 13.77,
        "premarket": 0.552,
        "volume": 3125000,
        "category": "g",
        "source": "tv",
        "shortable": true,
        "exchange_name": "NASD",
        "market_cap": 1.58728,
        "existing": false
    },
    {
        "symbol": "CTRN",
        "company": "Citi Trends, Inc.",
        "change_pct": 13.43,
        "premarket": 25.0,
        "volume": 1128,
        "category": "g",
        "source": "tv",
        "shortable": true,
        "exchange_name": "NASD",
        "market_cap": 183.2164,
        "existing": false
    },
    {
        "symbol": "SSY",
        "company": "SunLink Health Systems, Inc.",
        "change_pct": 13.4,
        "premarket": 1.1,
        "volume": 200,
        "category": "g",
        "source": "tv",
        "shortable": false,
        "exchange_name": "AMEX",
        "market_cap": 17.23093,
        "existing": false
    },
    {
        "symbol": "EFSH",
        "company": "1847 Holdings LLC",
        "change_pct": 13.16,
        "premarket": 0.1324,
        "volume": 2450000,
        "category": "g",
        "source": "tv",
        "shortable": false,
        "exchange_name": "AMEX",
        "market_cap": 5.99428,
        "existing": false
    },
    {
        "symbol": "NLSP",
        "company": "NLS Pharmaceutics Ltd.",
        "change_pct": 12.18,
        "premarket": 0.92,
        "volume": 2091,
        "category": "g",
        "source": "tv",
        "shortable": false,
        "exchange_name": "NASD",
        "market_cap": 26.59494,
        "existing": false
    },
    {
        "symbol": "JZXN",
        "company": "Jiuzi Holdings, Inc.",
        "change_pct": 11.61,
        "premarket": 1.25,
        "volume": 1672,
        "category": "g",
        "source": "tv",
        "shortable": true,
        "exchange_name": "NASD",
        "market_cap": 4.45754,
        "existing": false
    },
    {
        "symbol": "BTB",
        "company": "Bit Brother Limited",
        "change_pct": 11.24,
        "premarket": 0.573,
        "volume": 100,
        "category": "g",
        "source": "tv",
        "shortable": true,
        "exchange_name": "NASD",
        "market_cap": 108.3967,
        "existing": false
    },
    {
        "symbol": "VINC",
        "company": "Vincerx Pharma, Inc.",
        "change_pct": 11.07,
        "premarket": 0.9555,
        "volume": 984021,
        "category": "g",
        "source": "tv",
        "shortable": false,
        "exchange_name": "NASD",
        "market_cap": 18.3937,
        "existing": false
    },
    {
        "symbol": "ANIX",
        "company": "Anixa Biosciences, Inc.",
        "change_pct": 10.8,
        "premarket": 3.9,
        "volume": 964,
        "category": "g",
        "source": "tv",
        "shortable": true,
        "exchange_name": "NASD",
        "market_cap": 109.0345,
        "existing": false
    },
    {
        "symbol": "NHWK",
        "company": "NightHawk Biosciences, Inc.",
        "change_pct": 10.7,
        "premarket": 0.6199,
        "volume": 200,
        "category": "g",
        "source": "tv",
        "shortable": true,
        "exchange_name": "AMEX",
        "market_cap": 71.89196,
        "existing": false
    },
    {
        "symbol": "CERS",
        "company": "Cerus Corporation",
        "change_pct": 10.0,
        "premarket": 1.87,
        "volume": 2196,
        "category": "g",
        "source": "tv",
        "shortable": true,
        "exchange_name": "NASD",
        "market_cap": 307.3669,
        "existing": false
    },
    {
        "symbol": "INM",
        "company": "InMed Pharmaceuticals Inc.",
        "change_pct": 9.83,
        "premarket": 0.9445,
        "volume": 400,
        "category": "g",
        "source": "tv",
        "shortable": true,
        "exchange_name": "NASD",
        "market_cap": 2.86224,
        "existing": false
    },
    {
        "symbol": "IFBD",
        "company": "Infobird Co., Ltd",
        "change_pct": 9.6,
        "premarket": 0.3013,
        "volume": 177025,
        "category": "g",
        "source": "tv",
        "shortable": true,
        "exchange_name": "NASD",
        "market_cap": 37.75024,
        "existing": false
    },
    {
        "symbol": "SISI",
        "company": "Shineco, Inc.",
        "change_pct": 9.48,
        "premarket": 0.1987,
        "volume": 788869,
        "category": "g",
        "source": "tv",
        "shortable": false,
        "exchange_name": "NASD",
        "market_cap": 3.858,
        "existing": false
    },
    {
        "symbol": "APLD",
        "company": "Applied Digital Corporation",
        "change_pct": 9.15,
        "premarket": 6.44,
        "volume": 229114,
        "category": "g",
        "source": "tv",
        "shortable": true,
        "exchange_name": "NASD",
        "market_cap": 613.3051,
        "existing": false
    },
    {
        "symbol": "MVLA",
        "company": "Movella Holdings Inc.",
        "change_pct": 8.99,
        "premarket": 0.8999,
        "volume": 5900,
        "category": "g",
        "source": "tv",
        "shortable": true,
        "exchange_name": "NASD",
        "market_cap": 42.03427,
        "existing": false
    },
    {
        "symbol": "ASLE",
        "company": "AerSale Corporation",
        "change_pct": 8.94,
        "premarket": 13.77,
        "volume": 5708,
        "category": "g",
        "source": "tv",
        "shortable": true,
        "exchange_name": "NASD",
        "market_cap": 648.796,
        "existing": false
    },
    {
        "symbol": "RBT",
        "company": "Rubicon Technologies, Inc.",
        "change_pct": 8.69,
        "premarket": 0.739,
        "volume": 334572,
        "category": "g",
        "source": "tv",
        "shortable": false,
        "exchange_name": "NYSE",
        "market_cap": 198.5511,
        "existing": false
    },
    {
        "symbol": "ANY",
        "company": "Sphere 3D Corp.",
        "change_pct": 8.51,
        "premarket": 1.53,
        "volume": 300,
        "category": "g",
        "source": "tv",
        "shortable": true,
        "exchange_name": "NASD",
        "market_cap": 16.77965,
        "existing": false
    },
    {
        "symbol": "FNWB",
        "company": "First Northwest Bancorp",
        "change_pct": 8.32,
        "premarket": 13.8,
        "volume": 100,
        "category": "g",
        "source": "tv",
        "shortable": true,
        "exchange_name": "NASD",
        "market_cap": 122.7076,
        "existing": false
    },
    {
        "symbol": "NURO",
        "company": "NeuroMetrix, Inc.",
        "change_pct": 8.22,
        "premarket": 0.79,
        "volume": 300,
        "category": "g",
        "source": "tv",
        "shortable": true,
        "exchange_name": "NASD",
        "market_cap": 6.26305,
        "existing": false
    },
    {
        "symbol": "AWIN",
        "company": "AERWINS Technologies Inc.",
        "change_pct": 8.16,
        "premarket": 0.2663,
        "volume": 200625,
        "category": "g",
        "source": "tv",
        "shortable": false,
        "exchange_name": "NASD",
        "market_cap": 13.82163,
        "existing": false
    },
    {
        "symbol": "OLB",
        "company": "The OLB Group, Inc.",
        "change_pct": 8.13,
        "premarket": 0.7245,
        "volume": 250,
        "category": "g",
        "source": "tv",
        "shortable": false,
        "exchange_name": "NASD",
        "market_cap": 10.196,
        "existing": false
    },
    {
        "symbol": "IMPL",
        "company": "Impel Pharmaceuticals Inc.",
        "change_pct": 8.1,
        "premarket": 0.3751,
        "volume": 2102,
        "category": "g",
        "source": "tv",
        "shortable": true,
        "exchange_name": "NASD",
        "market_cap": 8.2409,
        "existing": false
    },
    {
        "symbol": "CDIO",
        "company": "Cardio Diagnostics Holdings Inc.",
        "change_pct": 8.03,
        "premarket": 0.65,
        "volume": 2420,
        "category": "g",
        "source": "tv",
        "shortable": true,
        "exchange_name": "NASD",
        "market_cap": 7.08575,
        "existing": false
    },
    {
        "symbol": "MEDS",
        "company": "TRxADE HEALTH, Inc.",
        "change_pct": 7.88,
        "premarket": 8.08,
        "volume": 3504,
        "category": "g",
        "source": "tv",
        "shortable": false,
        "exchange_name": "NASD",
        "market_cap": 9.3413,
        "existing": false
    },
    {
        "symbol": "SLGG",
        "company": "Super League Gaming, Inc.",
        "change_pct": 7.81,
        "premarket": 0.1297,
        "volume": 960288,
        "category": "g",
        "source": "tv",
        "shortable": true,
        "exchange_name": "NASD",
        "market_cap": 6.06627,
        "existing": false
    }
]