{
    "ENSC": {
        "symbol": "ENSC",
        "company": "Ensysce Biosciences, Inc.",
        "change_pct": 133.69,
        "premarket": 4.37,
        "volume": 28,
        "category": "g"
    },
    "AGMH": {
        "symbol": "AGMH",
        "company": "AGM Group Holdings Inc.",
        "change_pct": 110.33,
        "premarket": 0.0631,
        "volume": 225,
        "category": "g"
    },
    "JYD": {
        "symbol": "JYD",
        "company": "Jayud Global Logistics Limited",
        "change_pct": 98.14,
        "premarket": 0.2021,
        "volume": 58,
        "category": "g"
    },
    "SNOA": {
        "symbol": "SNOA",
        "company": "Sonoma Pharmaceuticals, Inc.",
        "change_pct": 75.54,
        "premarket": 4.09,
        "volume": 28,
        "category": "g"
    },
    "BTOG": {
        "symbol": "BTOG",
        "company": "Bit Origin Limited",
        "change_pct": 42.73,
        "premarket": 0.1874,
        "volume": 83,
        "category": "g"
    },
    "AGRI": {
        "symbol": "AGRI",
        "company": "AgriFORCE Growing Systems Ltd.",
        "change_pct": 42.7,
        "premarket": 2.06,
        "volume": 26,
        "category": "g"
    },
    "PEGA": {
        "symbol": "PEGA",
        "company": "Pegasystems Inc.",
        "change_pct": 29.87,
        "premarket": 89.3,
        "volume": 47,
        "category": "g"
    },
    "PET": {
        "symbol": "PET",
        "company": "Wag! Group Co.",
        "change_pct": 23.35,
        "premarket": 0.1157,
        "volume": 243,
        "category": "g"
    },
    "EXTR": {
        "symbol": "EXTR",
        "company": "Extreme Networks, Inc.",
        "change_pct": 22.7,
        "premarket": 14.0,
        "volume": 700,
        "category": "g"
    },
    "FBRX": {
        "symbol": "FBRX",
        "company": "Forte Biosciences, Inc.",
        "change_pct": 22.63,
        "premarket": 8.4,
        "volume": 100,
        "category": "g"
    },
    "RZLT": {
        "symbol": "RZLT",
        "company": "Rezolute, Inc.",
        "change_pct": 22.19,
        "premarket": 3.8,
        "volume": 2,
        "category": "g"
    },
    "GLYC": {
        "symbol": "GLYC",
        "company": "GlycoMimetics, Inc.",
        "change_pct": 20.44,
        "premarket": 0.2728,
        "volume": 1,
        "category": "g"
    },
    "MIND": {
        "symbol": "MIND",
        "company": "MIND Technology, Inc.",
        "change_pct": 20.4,
        "premarket": 6.55,
        "volume": 30,
        "category": "g"
    },
    "GORV": {
        "symbol": "GORV",
        "company": "Lazydays Holdings, Inc.",
        "change_pct": 19.56,
        "premarket": 0.2463,
        "volume": 12,
        "category": "g"
    },
    "VRT": {
        "symbol": "VRT",
        "company": "Vertiv Holdings, LLC",
        "change_pct": 19.03,
        "premarket": 85.49,
        "volume": 993,
        "category": "g"
    },
    "BULL": {
        "symbol": "BULL",
        "company": "Webull Corporation",
        "change_pct": 18.23,
        "premarket": 27.76,
        "volume": 86,
        "category": "g"
    },
    "JCTC": {
        "symbol": "JCTC",
        "company": "Jewett-Cameron Trading Company",
        "change_pct": 17.73,
        "premarket": 4.25,
        "volume": 2,
        "category": "g"
    },
    "ZBAI": {
        "symbol": "ZBAI",
        "company": "ATIF Holdings Limited",
        "change_pct": 17.22,
        "premarket": 0.96,
        "volume": 9,
        "category": "g"
    },
    "NDRA": {
        "symbol": "NDRA",
        "company": "ENDRA Life Sciences Inc.",
        "change_pct": 16.68,
        "premarket": 3.6,
        "volume": 532,
        "category": "g"
    },
    "TIL": {
        "symbol": "TIL",
        "company": "Instil Bio, Inc.",
        "change_pct": 16.49,
        "premarket": 19.21,
        "volume": 16,
        "category": "g"
    },
    "MIGI": {
        "symbol": "MIGI",
        "company": "Mawson Infrastructure Group Inc.",
        "change_pct": 16.16,
        "premarket": 0.46,
        "volume": 1,
        "category": "g"
    },
    "BTCT": {
        "symbol": "BTCT",
        "company": "BTC Digital Ltd.",
        "change_pct": 15.08,
        "premarket": 4.35,
        "volume": 93,
        "category": "g"
    },
    "AEHL": {
        "symbol": "AEHL",
        "company": "Antelope Enterprise Holdings Limited",
        "change_pct": 15.03,
        "premarket": 3.57,
        "volume": 153,
        "category": "g"
    },
    "CHR": {
        "symbol": "CHR",
        "company": "Cheer Holding, Inc.",
        "change_pct": 14.96,
        "premarket": 1.23,
        "volume": 200,
        "category": "g"
    },
    "ZONE": {
        "symbol": "ZONE",
        "company": "CleanCore Solutions Inc.",
        "change_pct": 14.69,
        "premarket": 1.38,
        "volume": 186,
        "category": "g"
    },
    "BSGM": {
        "symbol": "BSGM",
        "company": "BioSig Technologies, Inc.",
        "change_pct": 13.98,
        "premarket": 0.6497,
        "volume": 3,
        "category": "g"
    },
    "PSTV": {
        "symbol": "PSTV",
        "company": "PLUS THERAPEUTICS, Inc.",
        "change_pct": 13.16,
        "premarket": 0.8906,
        "volume": 303,
        "category": "g"
    },
    "LGPS": {
        "symbol": "LGPS",
        "company": "LogProstyle Inc.",
        "change_pct": 13.02,
        "premarket": 4.6,
        "volume": 20,
        "category": "g"
    },
    "RELI": {
        "symbol": "RELI",
        "company": "Reliance Global Group, Inc.",
        "change_pct": 13.01,
        "premarket": 1.13,
        "volume": 419,
        "category": "g"
    },
    "RLMD": {
        "symbol": "RLMD",
        "company": "Relmada Therapeutics, Inc.",
        "change_pct": 12.88,
        "premarket": 0.4267,
        "volume": 239,
        "category": "g"
    },
    "IFBD": {
        "symbol": "IFBD",
        "company": "Infobird Co., Ltd",
        "change_pct": 12.75,
        "premarket": 1.05,
        "volume": 3,
        "category": "g"
    },
    "SQFT": {
        "symbol": "SQFT",
        "company": "Presidio Property Trust, Inc.",
        "change_pct": 12.31,
        "premarket": 0.7299,
        "volume": 9,
        "category": "g"
    },
    "NVAX": {
        "symbol": "NVAX",
        "company": "Novavax, Inc.",
        "change_pct": 12.16,
        "premarket": 7.01,
        "volume": 517,
        "category": "g"
    },
    "SGU": {
        "symbol": "SGU",
        "company": "Star Group L.P.",
        "change_pct": 12.01,
        "premarket": 13.99,
        "volume": 410,
        "category": "g"
    },
    "AIRJ": {
        "symbol": "AIRJ",
        "company": "AirJoule Technologies Corporation",
        "change_pct": 11.35,
        "premarket": 5.69,
        "volume": 1,
        "category": "g"
    },
    "MSPR": {
        "symbol": "MSPR",
        "company": "MSP Recovery, Inc.",
        "change_pct": 11.33,
        "premarket": 2.26,
        "volume": 5,
        "category": "g"
    },
    "KRP": {
        "symbol": "KRP",
        "company": "Kimbell Royalty Partners",
        "change_pct": 11.27,
        "premarket": 13.82,
        "volume": 200,
        "category": "g"
    },
    "APH": {
        "symbol": "APH",
        "company": "Amphenol Corporation",
        "change_pct": 11.16,
        "premarket": 73.09,
        "volume": 68,
        "category": "g"
    },
    "OCFC": {
        "symbol": "OCFC",
        "company": "OceanFirst Financial Corp.",
        "change_pct": 10.97,
        "premarket": 18.0,
        "volume": 200,
        "category": "g"
    },
    "CWD": {
        "symbol": "CWD",
        "company": "CaliberCos Inc.",
        "change_pct": 10.67,
        "premarket": 0.2738,
        "volume": 38,
        "category": "g"
    },
    "AUID": {
        "symbol": "AUID",
        "company": "authID Inc.",
        "change_pct": 10.58,
        "premarket": 8.99,
        "volume": 4,
        "category": "g"
    },
    "EFSI": {
        "symbol": "EFSI",
        "company": "Eagle Financial Services Inc",
        "change_pct": 10.44,
        "premarket": 35.0,
        "volume": 300,
        "category": "g"
    },
    "PBM": {
        "symbol": "PBM",
        "company": "Psyence Biomedical Ltd.",
        "change_pct": 10.41,
        "premarket": 0.4847,
        "volume": 2,
        "category": "g"
    },
    "ICON": {
        "symbol": "ICON",
        "company": "Icon Energy Corp.",
        "change_pct": 10.14,
        "premarket": 2.28,
        "volume": 29,
        "category": "g"
    },
    "SMMT": {
        "symbol": "SMMT",
        "company": "Summit Therapeutics Inc.",
        "change_pct": 10.05,
        "premarket": 30.1,
        "volume": 424,
        "category": "g"
    },
    "W": {
        "symbol": "W",
        "company": "Wayfair Inc.",
        "change_pct": 9.95,
        "premarket": 30.17,
        "volume": 68,
        "category": "g"
    },
    "ATEN": {
        "symbol": "ATEN",
        "company": "A10 Networks, Inc.",
        "change_pct": 9.9,
        "premarket": 17.21,
        "volume": 500,
        "category": "g"
    },
    "OTRK": {
        "symbol": "OTRK",
        "company": "Ontrak, Inc.",
        "change_pct": 9.79,
        "premarket": 1.57,
        "volume": 2,
        "category": "g"
    },
    "MANH": {
        "symbol": "MANH",
        "company": "Manhattan Associates, Inc.",
        "change_pct": 9.73,
        "premarket": 178.03,
        "volume": 1,
        "category": "g"
    },
    "MLP": {
        "symbol": "MLP",
        "company": "Maui Land & Pineapple Company, Inc.",
        "change_pct": 9.71,
        "premarket": 17.4,
        "volume": 100,
        "category": "g"
    },
    "ONMD": {
        "symbol": "ONMD",
        "company": "OneMedNet Corp",
        "change_pct": 9.7,
        "premarket": 0.4344,
        "volume": 10,
        "category": "g"
    },
    "RCON": {
        "symbol": "RCON",
        "company": "Recon Technology, Ltd.",
        "change_pct": 9.67,
        "premarket": 1.7,
        "volume": 500,
        "category": "g"
    },
    "LMFA": {
        "symbol": "LMFA",
        "company": "LM Funding America, Inc.",
        "change_pct": 9.49,
        "premarket": 1.39,
        "volume": 5,
        "category": "g"
    },
    "ULY": {
        "symbol": "ULY",
        "company": "Urgent.ly Inc.",
        "change_pct": 9.45,
        "premarket": 4.98,
        "volume": 188,
        "category": "g"
    },
    "NTRP": {
        "symbol": "NTRP",
        "company": "NextTrip, Inc.",
        "change_pct": 9.42,
        "premarket": 3.02,
        "volume": 1,
        "category": "g"
    },
    "STI": {
        "symbol": "STI",
        "company": "Solidion Technology, Inc.",
        "change_pct": 9.28,
        "premarket": 0.106,
        "volume": 62,
        "category": "g"
    },
    "TTMI": {
        "symbol": "TTMI",
        "company": "TTM Technologies, Inc.",
        "change_pct": 9.24,
        "premarket": 20.22,
        "volume": 750,
        "category": "g"
    },
    "SLNH": {
        "symbol": "SLNH",
        "company": "Soluna Holdings, Inc.",
        "change_pct": 9.23,
        "premarket": 0.84,
        "volume": 32,
        "category": "g"
    },
    "ICCT": {
        "symbol": "ICCT",
        "company": "iCoreConnect Inc.",
        "change_pct": 9.22,
        "premarket": 3.08,
        "volume": 374,
        "category": "g"
    },
    "IINN": {
        "symbol": "IINN",
        "company": "Inspira Technologies Oxy B.H.N. Ltd.",
        "change_pct": 9.22,
        "premarket": 0.628,
        "volume": 215,
        "category": "g"
    },
    "AMPX": {
        "symbol": "AMPX",
        "company": "Amprius Technologies, Inc.",
        "change_pct": 9.22,
        "premarket": 2.37,
        "volume": 30,
        "category": "g"
    },
    "FRGT": {
        "symbol": "FRGT",
        "company": "Freight Technologies, Inc.",
        "change_pct": 9.01,
        "premarket": 1.01,
        "volume": 20,
        "category": "g"
    },
    "OB": {
        "symbol": "OB",
        "company": "Outbrain Inc.",
        "change_pct": 8.96,
        "premarket": 3.89,
        "volume": 194,
        "category": "g"
    },
    "GPUS": {
        "symbol": "GPUS",
        "company": "Hyperscale Data, Inc.",
        "change_pct": 8.91,
        "premarket": 2.2,
        "volume": 4,
        "category": "g"
    },
    "DHAI": {
        "symbol": "DHAI",
        "company": "DIH Holding US, Inc.",
        "change_pct": 8.88,
        "premarket": 0.1655,
        "volume": 50,
        "category": "g"
    },
    "AAOI": {
        "symbol": "AAOI",
        "company": "Applied Optoelectronics, Inc.",
        "change_pct": 8.86,
        "premarket": 11.92,
        "volume": 45,
        "category": "g"
    },
    "CRDF": {
        "symbol": "CRDF",
        "company": "Cardiff Oncology, Inc.",
        "change_pct": 8.85,
        "premarket": 3.32,
        "volume": 3,
        "category": "g"
    },
    "ARDT": {
        "symbol": "ARDT",
        "company": "Ardent Health Partners, Inc.",
        "change_pct": 8.81,
        "premarket": 12.85,
        "volume": 100,
        "category": "g"
    },
    "CRWV": {
        "symbol": "CRWV",
        "company": "CoreWeave, Inc.",
        "change_pct": 8.8,
        "premarket": 41.9,
        "volume": 255,
        "category": "g"
    },
    "RH": {
        "symbol": "RH",
        "company": "RH",
        "change_pct": 8.8,
        "premarket": 188.0,
        "volume": 29,
        "category": "g"
    },
    "VST": {
        "symbol": "VST",
        "company": "Vistra Corp.",
        "change_pct": 8.76,
        "premarket": 122.5,
        "volume": 93,
        "category": "g"
    },
    "CIFR": {
        "symbol": "CIFR",
        "company": "Cipher Mining Inc.",
        "change_pct": 8.76,
        "premarket": 2.98,
        "volume": 364,
        "category": "g"
    },
    "TRS": {
        "symbol": "TRS",
        "company": "TriMas Corporation",
        "change_pct": 8.71,
        "premarket": 22.6,
        "volume": 200,
        "category": "g"
    },
    "EVEX": {
        "symbol": "EVEX",
        "company": "Eve Holding, Inc.",
        "change_pct": 8.68,
        "premarket": 3.99,
        "volume": 280,
        "category": "g"
    },
    "NEGG": {
        "symbol": "NEGG",
        "company": "Newegg Commerce, Inc.",
        "change_pct": 8.63,
        "premarket": 4.03,
        "volume": 550,
        "category": "g"
    },
    "GROV": {
        "symbol": "GROV",
        "company": "Grove Collaborative Holdings, Inc.",
        "change_pct": 8.57,
        "premarket": 1.14,
        "volume": 500,
        "category": "g"
    },
    "TRAW": {
        "symbol": "TRAW",
        "company": "Traws Pharma, Inc.",
        "change_pct": 8.54,
        "premarket": 1.78,
        "volume": 550,
        "category": "g"
    },
    "MBI": {
        "symbol": "MBI",
        "company": "MBIA Inc.",
        "change_pct": 8.52,
        "premarket": 4.98,
        "volume": 500,
        "category": "g"
    },
    "TEM": {
        "symbol": "TEM",
        "company": "Tempus AI, Inc.",
        "change_pct": 8.49,
        "premarket": 46.9,
        "volume": 469,
        "category": "g"
    },
    "CWCO": {
        "symbol": "CWCO",
        "company": "Consolidated Water Co. Ltd.",
        "change_pct": 8.46,
        "premarket": 26.4,
        "volume": 400,
        "category": "g"
    },
    "HSDT": {
        "symbol": "HSDT",
        "company": "Helius Medical Technologies, Inc.",
        "change_pct": 8.46,
        "premarket": 0.295,
        "volume": 1,
        "category": "g"
    },
    "OVID": {
        "symbol": "OVID",
        "company": "Ovid Therapeutics Inc.",
        "change_pct": 8.41,
        "premarket": 0.3144,
        "volume": 2,
        "category": "g"
    },
    "NNE": {
        "symbol": "NNE",
        "company": "Nano Nuclear Energy Inc.",
        "change_pct": 8.39,
        "premarket": 20.8,
        "volume": 34,
        "category": "g"
    },
    "XFOR": {
        "symbol": "XFOR",
        "company": "X4 Pharmaceuticals, Inc.",
        "change_pct": 8.37,
        "premarket": 0.22,
        "volume": 53,
        "category": "g"
    },
    "ALGS": {
        "symbol": "ALGS",
        "company": "Aligos Therapeutics, Inc.",
        "change_pct": 8.36,
        "premarket": 5.57,
        "volume": 350,
        "category": "g"
    },
    "CRDO": {
        "symbol": "CRDO",
        "company": "Credo Technology Group Holding Ltd",
        "change_pct": 8.32,
        "premarket": 40.1,
        "volume": 29,
        "category": "g"
    },
    "WULF": {
        "symbol": "WULF",
        "company": "TeraWulf Inc.",
        "change_pct": 8.29,
        "premarket": 2.87,
        "volume": 665,
        "category": "g"
    },
    "BKKT": {
        "symbol": "BKKT",
        "company": "Bakkt Holdings, Inc.",
        "change_pct": 8.27,
        "premarket": 9.67,
        "volume": 6,
        "category": "g"
    },
    "INOD": {
        "symbol": "INOD",
        "company": "Innodata Inc.",
        "change_pct": 8.26,
        "premarket": 33.82,
        "volume": 27,
        "category": "g"
    },
    "QMCO": {
        "symbol": "QMCO",
        "company": "Quantum Corporation",
        "change_pct": 8.17,
        "premarket": 10.73,
        "volume": 22,
        "category": "g"
    },
    "ANVS": {
        "symbol": "ANVS",
        "company": "Annovis Bio, Inc.",
        "change_pct": 8.16,
        "premarket": 1.59,
        "volume": 12,
        "category": "g"
    },
    "EVCM": {
        "symbol": "EVCM",
        "company": "EverCommerce Inc.",
        "change_pct": 8.15,
        "premarket": 10.75,
        "volume": 100,
        "category": "g"
    },
    "BTCS": {
        "symbol": "BTCS",
        "company": "BTCS Inc.",
        "change_pct": 8.14,
        "premarket": 1.86,
        "volume": 29,
        "category": "g"
    },
    "TSLA": {
        "symbol": "TSLA",
        "company": "Tesla, Inc.",
        "change_pct": 8.13,
        "premarket": 257.31,
        "volume": 3,
        "category": "g"
    },
    "BGI": {
        "symbol": "BGI",
        "company": "Birks Group Inc.",
        "change_pct": 8.11,
        "premarket": 1.04,
        "volume": 112,
        "category": "g"
    },
    "ONCO": {
        "symbol": "ONCO",
        "company": "Onconetix, Inc.",
        "change_pct": 8.08,
        "premarket": 0.0642,
        "volume": 1,
        "category": "g"
    },
    "ROOT": {
        "symbol": "ROOT",
        "company": "Root, Inc.",
        "change_pct": 8.04,
        "premarket": 145.8,
        "volume": 9,
        "category": "g"
    },
    "UPST": {
        "symbol": "UPST",
        "company": "Upstart Holdings, Inc.",
        "change_pct": 8.04,
        "premarket": 45.3,
        "volume": 80,
        "category": "g"
    },
    "ACON": {
        "symbol": "ACON",
        "company": "Aclarion, Inc.",
        "change_pct": 7.99,
        "premarket": 8.11,
        "volume": 100,
        "category": "g"
    },
    "COOT": {
        "symbol": "COOT",
        "company": "Australian Oilseeds Holdings Limited",
        "change_pct": -26.46,
        "premarket": 0.6608,
        "volume": 100,
        "category": "l"
    },
    "CTHR": {
        "symbol": "CTHR",
        "company": "Charles & Colvard Ltd.",
        "change_pct": -26.03,
        "premarket": 0.6054,
        "volume": 27,
        "category": "l"
    },
    "MRIN": {
        "symbol": "MRIN",
        "company": "Marin Software Incorporated",
        "change_pct": -24.91,
        "premarket": 0.62,
        "volume": 89,
        "category": "l"
    },
    "NTHI": {
        "symbol": "NTHI",
        "company": "NeOnc Technologies Holdings, Inc.",
        "change_pct": -16.39,
        "premarket": 5.0,
        "volume": 100,
        "category": "l"
    },
    "GAIA": {
        "symbol": "GAIA",
        "company": "Gaia, Inc.",
        "change_pct": -15.63,
        "premarket": 3.4,
        "volume": 100,
        "category": "l"
    },
    "SND": {
        "symbol": "SND",
        "company": "Smart Sand, Inc.",
        "change_pct": -14.15,
        "premarket": 1.76,
        "volume": 1,
        "category": "l"
    },
    "AREC": {
        "symbol": "AREC",
        "company": "American Resources Corporation",
        "change_pct": -12.28,
        "premarket": 1.0,
        "volume": 412,
        "category": "l"
    },
    "ACOG": {
        "symbol": "ACOG",
        "company": "Alpha Cognition Inc.",
        "change_pct": -12.28,
        "premarket": 4.0,
        "volume": 100,
        "category": "l"
    },
    "OBLG": {
        "symbol": "OBLG",
        "company": "Oblong Inc.",
        "change_pct": -11.94,
        "premarket": 3.12,
        "volume": 46,
        "category": "l"
    },
    "HOFV": {
        "symbol": "HOFV",
        "company": "Hall of Fame Resort & Entertainment Company",
        "change_pct": -11.35,
        "premarket": 0.7092,
        "volume": 24,
        "category": "l"
    },
    "SNGX": {
        "symbol": "SNGX",
        "company": "Soligenix, Inc.",
        "change_pct": -10.9,
        "premarket": 1.84,
        "volume": 696,
        "category": "l"
    },
    "ENPH": {
        "symbol": "ENPH",
        "company": "Enphase Energy, Inc.",
        "change_pct": -10.78,
        "premarket": 47.67,
        "volume": 946,
        "category": "l"
    },
    "CASK": {
        "symbol": "CASK",
        "company": "Heritage Distilling Holding Company, Inc.",
        "change_pct": -10.71,
        "premarket": 0.5,
        "volume": 200,
        "category": "l"
    },
    "MCRB": {
        "symbol": "MCRB",
        "company": "Seres Therapeutics, Inc.",
        "change_pct": -9.07,
        "premarket": 7.42,
        "volume": 7,
        "category": "l"
    },
    "ECDA": {
        "symbol": "ECDA",
        "company": "ECD Automotive Design, Inc.",
        "change_pct": -8.8,
        "premarket": 0.342,
        "volume": 7,
        "category": "l"
    },
    "VTAK": {
        "symbol": "VTAK",
        "company": "Catheter Precision, Inc.",
        "change_pct": -8.5,
        "premarket": 0.28,
        "volume": 1,
        "category": "l"
    },
    "KLRS": {
        "symbol": "KLRS",
        "company": "Kalaris Therapeutics, Inc.",
        "change_pct": -8.28,
        "premarket": 6.2,
        "volume": 100,
        "category": "l"
    },
    "HBNC": {
        "symbol": "HBNC",
        "company": "Horizon Bancorp, Inc.",
        "change_pct": -8.18,
        "premarket": 12.8,
        "volume": 200,
        "category": "l"
    },
    "WTO": {
        "symbol": "WTO",
        "company": "UTime Limited",
        "change_pct": -8.05,
        "premarket": 1.37,
        "volume": 2,
        "category": "l"
    },
    "OCUL": {
        "symbol": "OCUL",
        "company": "Ocular Therapeutix, Inc.",
        "change_pct": -7.71,
        "premarket": 7.3,
        "volume": 200,
        "category": "l"
    },
    "DEVS": {
        "symbol": "DEVS",
        "company": "DevvStream Corp.",
        "change_pct": -7.69,
        "premarket": 0.18,
        "volume": 8,
        "category": "l"
    },
    "BNAI": {
        "symbol": "BNAI",
        "company": "Brand Engagement Network Inc.",
        "change_pct": -7.63,
        "premarket": 0.3125,
        "volume": 100,
        "category": "l"
    },
    "ATRA": {
        "symbol": "ATRA",
        "company": "Atara Biotherapeutics, Inc.",
        "change_pct": -7.57,
        "premarket": 6.23,
        "volume": 100,
        "category": "l"
    },
    "BALY": {
        "symbol": "BALY",
        "company": "Bally's Corporation",
        "change_pct": -7.46,
        "premarket": 15.5,
        "volume": 100,
        "category": "l"
    },
    "QMMM": {
        "symbol": "QMMM",
        "company": "QMMM Holdings Limited",
        "change_pct": -7.46,
        "premarket": 0.72,
        "volume": 200,
        "category": "l"
    },
    "SLRX": {
        "symbol": "SLRX",
        "company": "Salarius Pharmaceuticals, Inc.",
        "change_pct": -7.44,
        "premarket": 0.61,
        "volume": 2,
        "category": "l"
    },
    "WNW": {
        "symbol": "WNW",
        "company": "Meiwu Technology Company Limited",
        "change_pct": -6.94,
        "premarket": 2.28,
        "volume": 300,
        "category": "l"
    },
    "CYCC": {
        "symbol": "CYCC",
        "company": "Cyclacel Pharmaceuticals, Inc.",
        "change_pct": -6.91,
        "premarket": 0.21,
        "volume": 100,
        "category": "l"
    },
    "PFAI": {
        "symbol": "PFAI",
        "company": "Pinnacle Food Group Limited",
        "change_pct": -6.87,
        "premarket": 3.12,
        "volume": 14,
        "category": "l"
    },
    "INTS": {
        "symbol": "INTS",
        "company": "Intensity Therapeutics, Inc.",
        "change_pct": -6.81,
        "premarket": 1.78,
        "volume": 3,
        "category": "l"
    },
    "FRGE": {
        "symbol": "FRGE",
        "company": "Forge Global Holdings, Inc.",
        "change_pct": -6.77,
        "premarket": 11.01,
        "volume": 3,
        "category": "l"
    },
    "MKDW": {
        "symbol": "MKDW",
        "company": "MKDWELL Tech Inc.",
        "change_pct": -6.73,
        "premarket": 0.277,
        "volume": 94,
        "category": "l"
    },
    "AREN": {
        "symbol": "AREN",
        "company": "The Arena Group Holdings, Inc.",
        "change_pct": -6.32,
        "premarket": 2.37,
        "volume": 1,
        "category": "l"
    },
    "OPTX": {
        "symbol": "OPTX",
        "company": "Syntec Optics Holdings, Inc.",
        "change_pct": -6.29,
        "premarket": 1.34,
        "volume": 41,
        "category": "l"
    },
    "PRG": {
        "symbol": "PRG",
        "company": "PROG Holdings, Inc.",
        "change_pct": -6.13,
        "premarket": 24.96,
        "volume": 300,
        "category": "l"
    },
    "OM": {
        "symbol": "OM",
        "company": "Outset Medical, Inc.",
        "change_pct": -6.09,
        "premarket": 10.03,
        "volume": 250,
        "category": "l"
    },
    "GITS": {
        "symbol": "GITS",
        "company": "Global Interactive Technologies, Inc.",
        "change_pct": -5.93,
        "premarket": 1.11,
        "volume": 3,
        "category": "l"
    },
    "TUSK": {
        "symbol": "TUSK",
        "company": "Mammoth Energy Services, Inc.",
        "change_pct": -5.9,
        "premarket": 2.55,
        "volume": 500,
        "category": "l"
    },
    "PHVS": {
        "symbol": "PHVS",
        "company": "Pharvaris N.V.",
        "change_pct": -5.9,
        "premarket": 14.2,
        "volume": 100,
        "category": "l"
    },
    "SXTC": {
        "symbol": "SXTC",
        "company": "China SXT Pharmaceuticals, Inc.",
        "change_pct": -5.76,
        "premarket": 1.96,
        "volume": 878,
        "category": "l"
    },
    "ZYBT": {
        "symbol": "ZYBT",
        "company": "Zhengye Biotechnology Holding Limited",
        "change_pct": -5.66,
        "premarket": 8.5,
        "volume": 200,
        "category": "l"
    },
    "FMTO": {
        "symbol": "FMTO",
        "company": "Femto Technologies Inc.",
        "change_pct": -5.63,
        "premarket": 6.92,
        "volume": 12,
        "category": "l"
    },
    "MLEC": {
        "symbol": "MLEC",
        "company": "Moolec Science SA",
        "change_pct": -5.6,
        "premarket": 0.642,
        "volume": 3,
        "category": "l"
    },
    "OESX": {
        "symbol": "OESX",
        "company": "Orion Energy Systems, Inc.",
        "change_pct": -5.52,
        "premarket": 0.744,
        "volume": 105,
        "category": "l"
    },
    "STGW": {
        "symbol": "STGW",
        "company": "Stagwell Inc.",
        "change_pct": -5.46,
        "premarket": 5.19,
        "volume": 200,
        "category": "l"
    },
    "YIBO": {
        "symbol": "YIBO",
        "company": "Planet Image International Limited",
        "change_pct": -5.45,
        "premarket": 1.04,
        "volume": 2,
        "category": "l"
    },
    "VS": {
        "symbol": "VS",
        "company": "Versus Systems Inc.",
        "change_pct": -5.41,
        "premarket": 2.1,
        "volume": 100,
        "category": "l"
    },
    "CTOR": {
        "symbol": "CTOR",
        "company": "Citius Oncology, Inc.",
        "change_pct": -5.3,
        "premarket": 0.625,
        "volume": 135,
        "category": "l"
    },
    "LEE": {
        "symbol": "LEE",
        "company": "Lee Enterprises, Incorporated",
        "change_pct": -5.26,
        "premarket": 8.1,
        "volume": 100,
        "category": "l"
    },
    "GURE": {
        "symbol": "GURE",
        "company": "Gulf Resources, Inc.",
        "change_pct": -5.22,
        "premarket": 0.679,
        "volume": 16,
        "category": "l"
    },
    "LII": {
        "symbol": "LII",
        "company": "Lennox International, Inc.",
        "change_pct": -5.18,
        "premarket": 530.0,
        "volume": 3,
        "category": "l"
    },
    "ARTL": {
        "symbol": "ARTL",
        "company": "Artelo Biosciences, Inc.",
        "change_pct": -5.17,
        "premarket": 1.1,
        "volume": 276,
        "category": "l"
    },
    "CHRO": {
        "symbol": "CHRO",
        "company": "Channel Therapeutics Corporation",
        "change_pct": -5.16,
        "premarket": 1.47,
        "volume": 3,
        "category": "l"
    },
    "RSSS": {
        "symbol": "RSSS",
        "company": "Research Solutions, Inc",
        "change_pct": -5.16,
        "premarket": 2.52,
        "volume": 100,
        "category": "l"
    },
    "XAIR": {
        "symbol": "XAIR",
        "company": "Beyond Air, Inc.",
        "change_pct": -5.13,
        "premarket": 0.2181,
        "volume": 292,
        "category": "l"
    },
    "VRCA": {
        "symbol": "VRCA",
        "company": "Verrica Pharmaceuticals Inc.",
        "change_pct": -5.0,
        "premarket": 0.4446,
        "volume": 2,
        "category": "l"
    },
    "POWW": {
        "symbol": "POWW",
        "company": "AMMO, Inc.",
        "change_pct": -5.0,
        "premarket": 1.71,
        "volume": 11,
        "category": "l"
    },
    "ASPS": {
        "symbol": "ASPS",
        "company": "Altisource Portfolio Solutions S.A.",
        "change_pct": -4.99,
        "premarket": 0.7952,
        "volume": 590,
        "category": "l"
    },
    "SLGL": {
        "symbol": "SLGL",
        "company": "Sol-Gel Technologies Ltd.",
        "change_pct": -4.99,
        "premarket": 0.5672,
        "volume": 500,
        "category": "l"
    },
    "ZD": {
        "symbol": "ZD",
        "company": "Ziff Davis, Inc.",
        "change_pct": -4.98,
        "premarket": 28.8,
        "volume": 300,
        "category": "l"
    },
    "NWTN": {
        "symbol": "NWTN",
        "company": "NWTN Inc.",
        "change_pct": -4.98,
        "premarket": 0.3797,
        "volume": 140,
        "category": "l"
    },
    "VYX": {
        "symbol": "VYX",
        "company": "NCR Voyix Corporation",
        "change_pct": -4.91,
        "premarket": 7.55,
        "volume": 968,
        "category": "l"
    },
    "GGR": {
        "symbol": "GGR",
        "company": "Gogoro Inc.",
        "change_pct": -4.87,
        "premarket": 0.2542,
        "volume": 4,
        "category": "l"
    },
    "SEDG": {
        "symbol": "SEDG",
        "company": "SolarEdge Technologies, Inc.",
        "change_pct": -4.83,
        "premarket": 12.42,
        "volume": 219,
        "category": "l"
    },
    "RFL": {
        "symbol": "RFL",
        "company": "Rafael Holdings, Inc.",
        "change_pct": -4.8,
        "premarket": 1.56,
        "volume": 342,
        "category": "l"
    },
    "FPAY": {
        "symbol": "FPAY",
        "company": "FlexShopper, Inc.",
        "change_pct": -4.8,
        "premarket": 1.09,
        "volume": 139,
        "category": "l"
    },
    "LIPO": {
        "symbol": "LIPO",
        "company": "Lipella Pharmaceuticals Inc.",
        "change_pct": -4.8,
        "premarket": 2.28,
        "volume": 9,
        "category": "l"
    },
    "POLA": {
        "symbol": "POLA",
        "company": "Polar Power, Inc.",
        "change_pct": -4.76,
        "premarket": 2.0,
        "volume": 150,
        "category": "l"
    },
    "HTCO": {
        "symbol": "HTCO",
        "company": "High-Trend International Group",
        "change_pct": -4.76,
        "premarket": 1.2,
        "volume": 119,
        "category": "l"
    },
    "SOWG": {
        "symbol": "SOWG",
        "company": "Sow Good Inc.",
        "change_pct": -4.68,
        "premarket": 0.5805,
        "volume": 250,
        "category": "l"
    },
    "QSR": {
        "symbol": "QSR",
        "company": "Restaurant Brands International Inc.",
        "change_pct": -4.62,
        "premarket": 60.92,
        "volume": 1,
        "category": "l"
    },
    "WSO": {
        "symbol": "WSO",
        "company": "Watsco, Inc.",
        "change_pct": -4.6,
        "premarket": 480.0,
        "volume": 5,
        "category": "l"
    },
    "NG": {
        "symbol": "NG",
        "company": "Novagold Resources Inc.",
        "change_pct": -4.6,
        "premarket": 4.15,
        "volume": 230,
        "category": "l"
    },
    "WINT": {
        "symbol": "WINT",
        "company": "Windtree Therapeutics, Inc.",
        "change_pct": -4.59,
        "premarket": 1.04,
        "volume": 30,
        "category": "l"
    },
    "STSS": {
        "symbol": "STSS",
        "company": "Sharps Technology Inc.",
        "change_pct": -4.55,
        "premarket": 0.0294,
        "volume": 9,
        "category": "l"
    },
    "LOOP": {
        "symbol": "LOOP",
        "company": "Loop Industries, Inc.",
        "change_pct": -4.55,
        "premarket": 1.05,
        "volume": 133,
        "category": "l"
    },
    "KTTA": {
        "symbol": "KTTA",
        "company": "Pasithea Therapeutics Corp.",
        "change_pct": -4.54,
        "premarket": 1.47,
        "volume": 450,
        "category": "l"
    },
    "CGTX": {
        "symbol": "CGTX",
        "company": "Cognition Therapeutics, Inc.",
        "change_pct": -4.53,
        "premarket": 0.36,
        "volume": 5,
        "category": "l"
    },
    "PKG": {
        "symbol": "PKG",
        "company": "Packaging Corporation of America",
        "change_pct": -4.52,
        "premarket": 178.0,
        "volume": 4,
        "category": "l"
    },
    "CRBP": {
        "symbol": "CRBP",
        "company": "Corbus Pharmaceuticals Holdings, Inc.",
        "change_pct": -4.47,
        "premarket": 6.39,
        "volume": 146,
        "category": "l"
    },
    "APCX": {
        "symbol": "APCX",
        "company": "AppTech Payments Corp.",
        "change_pct": -4.45,
        "premarket": 0.4013,
        "volume": 1,
        "category": "l"
    },
    "USGO": {
        "symbol": "USGO",
        "company": "U.S. GoldMining Inc.",
        "change_pct": -4.43,
        "premarket": 9.7,
        "volume": 1,
        "category": "l"
    },
    "MITQ": {
        "symbol": "MITQ",
        "company": "Moving iMage Technologies, Inc.",
        "change_pct": -4.35,
        "premarket": 0.545,
        "volume": 3,
        "category": "l"
    },
    "ZCMD": {
        "symbol": "ZCMD",
        "company": "Zhongchao Inc.",
        "change_pct": -4.35,
        "premarket": 1.1,
        "volume": 492,
        "category": "l"
    },
    "WW": {
        "symbol": "WW",
        "company": "WW International, Inc.",
        "change_pct": -4.24,
        "premarket": 0.1423,
        "volume": 22,
        "category": "l"
    },
    "NEM": {
        "symbol": "NEM",
        "company": "Newmont Corporation",
        "change_pct": -4.22,
        "premarket": 52.24,
        "volume": 167,
        "category": "l"
    },
    "BMY": {
        "symbol": "BMY",
        "company": "Bristol-Myers Squibb Company",
        "change_pct": -4.22,
        "premarket": 47.72,
        "volume": 396,
        "category": "l"
    },
    "CRML": {
        "symbol": "CRML",
        "company": "Critical Metals Corp.",
        "change_pct": -4.17,
        "premarket": 1.84,
        "volume": 143,
        "category": "l"
    },
    "MTNB": {
        "symbol": "MTNB",
        "company": "Matinas Biopharma Holdings, Inc.",
        "change_pct": -4.15,
        "premarket": 0.575,
        "volume": 200,
        "category": "l"
    },
    "LPTX": {
        "symbol": "LPTX",
        "company": "Leap Therapeutics, Inc.",
        "change_pct": -4.15,
        "premarket": 0.37,
        "volume": 15,
        "category": "l"
    },
    "GLTO": {
        "symbol": "GLTO",
        "company": "Galecto, Inc.",
        "change_pct": -4.1,
        "premarket": 2.57,
        "volume": 452,
        "category": "l"
    },
    "LVO": {
        "symbol": "LVO",
        "company": "LiveOne, Inc.",
        "change_pct": -4.08,
        "premarket": 0.612,
        "volume": 400,
        "category": "l"
    },
    "GROY": {
        "symbol": "GROY",
        "company": "Gold Royalty Corp.",
        "change_pct": -4.0,
        "premarket": 1.44,
        "volume": 45,
        "category": "l"
    },
    "RBNE": {
        "symbol": "RBNE",
        "company": "Robin Energy Ltd.",
        "change_pct": -3.98,
        "premarket": 3.06,
        "volume": 309,
        "category": "l"
    },
    "NIVF": {
        "symbol": "NIVF",
        "company": "NewGenIvf Group Limited",
        "change_pct": -3.96,
        "premarket": 0.2982,
        "volume": 18,
        "category": "l"
    },
    "CMCL": {
        "symbol": "CMCL",
        "company": "Caledonia Mining Corporation Plc",
        "change_pct": -3.93,
        "premarket": 13.51,
        "volume": 1,
        "category": "l"
    },
    "AEON": {
        "symbol": "AEON",
        "company": "AEON Biopharma, Inc.",
        "change_pct": -3.9,
        "premarket": 0.3892,
        "volume": 47,
        "category": "l"
    },
    "CMND": {
        "symbol": "CMND",
        "company": "Clearmind Medicine Inc.",
        "change_pct": -3.88,
        "premarket": 0.9612,
        "volume": 15,
        "category": "l"
    },
    "LGCY": {
        "symbol": "LGCY",
        "company": "Legacy Education Inc.",
        "change_pct": -3.88,
        "premarket": 6.2,
        "volume": 100,
        "category": "l"
    },
    "SRAD": {
        "symbol": "SRAD",
        "company": "Sportradar Group AG",
        "change_pct": -3.87,
        "premarket": 24.07,
        "volume": 18,
        "category": "l"
    }
}