[
    {
        "symbol": "FRGT",
        "company": "Freight Technologies, Inc.",
        "change_pct": 227.99,
        "premarket": 3.23,
        "volume": 54850000,
        "category": "g",
        "source": "tv",
        "shortable": true,
        "exchange_name": "NASDAQ",
        "market_cap": 8086121,
        "existing": false
    },
    {
        "symbol": "PLRZ",
        "company": "Polyrizon Ltd.",
        "change_pct": 97.79,
        "premarket": 0.5012,
        "volume": 31500000,
        "category": "g",
        "source": "tv",
        "shortable": true,
        "exchange_name": "NASDAQ",
        "market_cap": 1300277,
        "existing": false
    },
    {
        "symbol": "RSLS",
        "company": "ReShape Lifesciences, Inc.",
        "change_pct": 70.21,
        "premarket": 0.577,
        "volume": 22240000,
        "category": "g",
        "source": "tv",
        "shortable": true,
        "exchange_name": "NASDAQ",
        "market_cap": 3817009,
        "existing": false
    },
    {
        "symbol": "KIDZ",
        "company": "Classover Holdings, Inc.",
        "change_pct": 54.48,
        "premarket": 8.28,
        "volume": 12180000,
        "category": "g",
        "source": "tv",
        "shortable": true,
        "exchange_name": "NASDAQ",
        "market_cap": 25608609,
        "existing": false
    },
    {
        "symbol": "CNEY",
        "company": "CN Energy Group Inc.",
        "change_pct": 47.32,
        "premarket": 0.2089,
        "volume": 101530000,
        "category": "g",
        "source": "tv",
        "shortable": true,
        "exchange_name": "NASDAQ",
        "market_cap": 1574264,
        "existing": false
    },
    {
        "symbol": "IBO",
        "company": "Impact BioMedical, Inc.",
        "change_pct": 41.22,
        "premarket": 0.5649,
        "volume": 2110000,
        "category": "g",
        "source": "tv",
        "shortable": true,
        "exchange_name": "NYSE American",
        "market_cap": 5160470,
        "existing": false
    },
    {
        "symbol": "SPHL",
        "company": "Springview Holdings Ltd",
        "change_pct": 23.19,
        "premarket": 0.6055,
        "volume": 11910000,
        "category": "g",
        "source": "tv",
        "shortable": true,
        "exchange_name": "NASDAQ",
        "market_cap": 9503000,
        "existing": false
    },
    {
        "symbol": "SUGP",
        "company": "SU Group Holdings Limited",
        "change_pct": 23.04,
        "premarket": 0.689,
        "volume": 990,
        "category": "g",
        "source": "tv",
        "shortable": true,
        "exchange_name": "NASDAQ",
        "market_cap": 8308500,
        "existing": false
    },
    {
        "symbol": "GNLN",
        "company": "Greenlane Holdings, Inc.",
        "change_pct": 20.21,
        "premarket": 0.0113,
        "volume": 262830000,
        "category": "g",
        "source": "tv",
        "shortable": true,
        "exchange_name": "NASDAQ",
        "market_cap": 94207,
        "existing": false
    },
    {
        "symbol": "AIRS",
        "company": "AirSculpt Technologies, Inc.",
        "change_pct": 19.03,
        "premarket": 2.69,
        "volume": 33180,
        "category": "g",
        "source": "tv",
        "shortable": true,
        "exchange_name": "NASDAQ",
        "market_cap": 127106699,
        "existing": false
    },
    {
        "symbol": "BTOG",
        "company": "Bit Origin Limited",
        "change_pct": 18.6,
        "premarket": 0.2053,
        "volume": 32570000,
        "category": "g",
        "source": "tv",
        "shortable": true,
        "exchange_name": "NASDAQ",
        "market_cap": 1288529,
        "existing": false
    },
    {
        "symbol": "NPKI",
        "company": "NPK International Inc.",
        "change_pct": 16.39,
        "premarket": 7.03,
        "volume": 13890,
        "category": "g",
        "source": "tv",
        "shortable": true,
        "exchange_name": "NYSE",
        "market_cap": 500284929,
        "existing": false
    },
    {
        "symbol": "AMWL",
        "company": "American Well Corporation",
        "change_pct": 16.16,
        "premarket": 7.19,
        "volume": 2340,
        "category": "g",
        "source": "tv",
        "shortable": true,
        "exchange_name": "NYSE",
        "market_cap": 114421226,
        "existing": false
    },
    {
        "symbol": "MODV",
        "company": "ModivCare Inc.",
        "change_pct": 15.94,
        "premarket": 1.6,
        "volume": 800,
        "category": "g",
        "source": "tv",
        "shortable": true,
        "exchange_name": "NASDAQ",
        "market_cap": 17064658,
        "existing": false
    },
    {
        "symbol": "ADPT",
        "company": "Adaptive Biotechnologies Corporation",
        "change_pct": 14.13,
        "premarket": 8.4,
        "volume": 2620,
        "category": "g",
        "source": "tv",
        "shortable": true,
        "exchange_name": "NASDAQ",
        "market_cap": 1093564999,
        "existing": false
    },
    {
        "symbol": "RMTI",
        "company": "Rockwell Medical, Inc.",
        "change_pct": 12.96,
        "premarket": 1.22,
        "volume": 39600,
        "category": "g",
        "source": "tv",
        "shortable": true,
        "exchange_name": "NASDAQ",
        "market_cap": 36781473,
        "existing": false
    },
    {
        "symbol": "FIVE",
        "company": "Five Below, Inc.",
        "change_pct": 12.65,
        "premarket": 84.89,
        "volume": 12430,
        "category": "g",
        "source": "tv",
        "shortable": true,
        "exchange_name": "NASDAQ",
        "market_cap": 4177695778,
        "existing": false
    },
    {
        "symbol": "UPXI",
        "company": "Upexi, Inc.",
        "change_pct": 12.58,
        "premarket": 13.51,
        "volume": 61980,
        "category": "g",
        "source": "tv",
        "shortable": true,
        "exchange_name": "NASDAQ",
        "market_cap": 407966898,
        "existing": false
    },
    {
        "symbol": "ABP",
        "company": "Abpro Holdings, Inc",
        "change_pct": 12.33,
        "premarket": 0.246,
        "volume": 26400,
        "category": "g",
        "source": "tv",
        "shortable": true,
        "exchange_name": "NASDAQ",
        "market_cap": 12235167,
        "existing": false
    },
    {
        "symbol": "TBI",
        "company": "TrueBlue, Inc.",
        "change_pct": 11.87,
        "premarket": 4.9,
        "volume": 499,
        "category": "g",
        "source": "tv",
        "shortable": true,
        "exchange_name": "NYSE",
        "market_cap": 128932116,
        "existing": false
    },
    {
        "symbol": "TEAM",
        "company": "Atlassian Corporation",
        "change_pct": -11.05,
        "premarket": 203.75,
        "volume": 336140,
        "category": "l",
        "source": "tv",
        "shortable": true,
        "exchange_name": "NASDAQ",
        "market_cap": 59817289862,
        "existing": false
    },
    {
        "symbol": "TTWO",
        "company": "Take-Two Interactive Software, Inc.",
        "change_pct": -11.5,
        "premarket": 208.13,
        "volume": 324200,
        "category": "l",
        "source": "tv",
        "shortable": true,
        "exchange_name": "NASDAQ",
        "market_cap": 41179978123,
        "existing": false
    },
    {
        "symbol": "XYZ",
        "company": "Block, Inc.",
        "change_pct": -22.18,
        "premarket": 45.51,
        "volume": 2270000,
        "category": "l",
        "source": "tv",
        "shortable": true,
        "exchange_name": "NYSE",
        "market_cap": 36227873543,
        "existing": false
    },
    {
        "symbol": "GDDY",
        "company": "GoDaddy Inc.",
        "change_pct": -4.86,
        "premarket": 183.01,
        "volume": 1630,
        "category": "l",
        "source": "tv",
        "shortable": true,
        "exchange_name": "NYSE",
        "market_cap": 26013623452,
        "existing": false
    },
    {
        "symbol": "WLK",
        "company": "Westlake Corporation",
        "change_pct": -12.75,
        "premarket": 80.5,
        "volume": 3070,
        "category": "l",
        "source": "tv",
        "shortable": true,
        "exchange_name": "NYSE",
        "market_cap": 11876238824,
        "existing": false
    },
    {
        "symbol": "ROKU",
        "company": "Roku, Inc.",
        "change_pct": -8.43,
        "premarket": 61.6,
        "volume": 251340,
        "category": "l",
        "source": "tv",
        "shortable": true,
        "exchange_name": "NASDAQ",
        "market_cap": 9999518452,
        "existing": false
    },
    {
        "symbol": "BRBR",
        "company": "BellRing Brands, Inc.",
        "change_pct": -4.79,
        "premarket": 73.28,
        "volume": 100,
        "category": "l",
        "source": "tv",
        "shortable": true,
        "exchange_name": "NYSE",
        "market_cap": 9895761342,
        "existing": false
    },
    {
        "symbol": "CYTK",
        "company": "Cytokinetics, Incorporated",
        "change_pct": -13.14,
        "premarket": 37.28,
        "volume": 61410,
        "category": "l",
        "source": "tv",
        "shortable": true,
        "exchange_name": "NASDAQ",
        "market_cap": 5107397737,
        "existing": false
    },
    {
        "symbol": "TBBB",
        "company": "BBB Foods Inc.",
        "change_pct": -5.11,
        "premarket": 28.59,
        "volume": 138,
        "category": "l",
        "source": "tv",
        "shortable": true,
        "exchange_name": "NYSE",
        "market_cap": 3489974981,
        "existing": false
    },
    {
        "symbol": "SEM",
        "company": "Select Medical Holdings Corporation",
        "change_pct": -9.59,
        "premarket": 16.49,
        "volume": 5900,
        "category": "l",
        "source": "tv",
        "shortable": true,
        "exchange_name": "NYSE",
        "market_cap": 2352300386,
        "existing": false
    },
    {
        "symbol": "VIAV",
        "company": "Viavi Solutions Inc.",
        "change_pct": -8.83,
        "premarket": 9.71,
        "volume": 596,
        "category": "l",
        "source": "tv",
        "shortable": true,
        "exchange_name": "NASDAQ",
        "market_cap": 2350214390,
        "existing": false
    },
    {
        "symbol": "TARS",
        "company": "Tarsus Pharmaceuticals, Inc.",
        "change_pct": -5.57,
        "premarket": 47.5,
        "volume": 1870,
        "category": "l",
        "source": "tv",
        "shortable": true,
        "exchange_name": "NASDAQ",
        "market_cap": 2159846051,
        "existing": false
    },
    {
        "symbol": "CABO",
        "company": "Cable One, Inc.",
        "change_pct": -23.68,
        "premarket": 199.95,
        "volume": 800,
        "category": "l",
        "source": "tv",
        "shortable": true,
        "exchange_name": "NYSE",
        "market_cap": 1504069141,
        "existing": false
    },
    {
        "symbol": "ARDX",
        "company": "Ardelyx, Inc.",
        "change_pct": -19.01,
        "premarket": 4.43,
        "volume": 275450,
        "category": "l",
        "source": "tv",
        "shortable": true,
        "exchange_name": "NASDAQ",
        "market_cap": 1312151002,
        "existing": false
    },
    {
        "symbol": "CRCT",
        "company": "Cricut, Inc.",
        "change_pct": -6.12,
        "premarket": 4.6,
        "volume": 100,
        "category": "l",
        "source": "tv",
        "shortable": true,
        "exchange_name": "NASDAQ",
        "market_cap": 1054807973,
        "existing": false
    },
    {
        "symbol": "FUBO",
        "company": "fuboTV Inc.",
        "change_pct": -9.89,
        "premarket": 2.64,
        "volume": 1860000,
        "category": "l",
        "source": "tv",
        "shortable": true,
        "exchange_name": "NYSE",
        "market_cap": 1024429785,
        "existing": false
    },
    {
        "symbol": "BBAI",
        "company": "BigBear.ai, Inc.",
        "change_pct": -4.79,
        "premarket": 3.18,
        "volume": 1660000,
        "category": "l",
        "source": "tv",
        "shortable": true,
        "exchange_name": "NYSE",
        "market_cap": 985513692,
        "existing": false
    },
    {
        "symbol": "IE",
        "company": "Ivanhoe Electric Inc.",
        "change_pct": -9.09,
        "premarket": 5.6,
        "volume": 100,
        "category": "l",
        "source": "tv",
        "shortable": true,
        "exchange_name": "NYSE American",
        "market_cap": 835161503,
        "existing": false
    },
    {
        "symbol": "SEI",
        "company": "Solaris Energy Infrastructure, Inc.",
        "change_pct": -5.1,
        "premarket": 21.78,
        "volume": 717,
        "category": "l",
        "source": "tv",
        "shortable": true,
        "exchange_name": "NYSE",
        "market_cap": 812575726,
        "existing": false
    },
    {
        "symbol": "EEX",
        "company": "Emerald Holding, Inc.",
        "change_pct": -13.72,
        "premarket": 3.9,
        "volume": 300,
        "category": "l",
        "source": "tv",
        "shortable": true,
        "exchange_name": "NYSE",
        "market_cap": 784417011,
        "existing": false
    }
]