[
    {
        "symbol": "ACXP",
        "company": "Acurx Pharmaceuticals, Inc.",
        "change_pct": 235.4,
        "premarket": 1.03,
        "volume": 96770000,
        "category": "g",
        "source": "tv",
        "shortable": false,
        "exchange_name": "NASDAQ",
        "market_cap": 7161889,
        "existing": false
    },
    {
        "symbol": "SLRX",
        "company": "Salarius Pharmaceuticals, Inc.",
        "change_pct": 104.77,
        "premarket": 1.28,
        "volume": 24360000,
        "category": "g",
        "source": "tv",
        "shortable": true,
        "exchange_name": "NASDAQ",
        "market_cap": 1398265,
        "existing": false
    },
    {
        "symbol": "VERV",
        "company": "Verve Therapeutics, Inc.",
        "change_pct": 76.24,
        "premarket": 11.05,
        "volume": 6480000,
        "category": "g",
        "source": "tv",
        "shortable": true,
        "exchange_name": "NASDAQ",
        "market_cap": 549122339,
        "existing": false
    },
    {
        "symbol": "CERO",
        "company": "CERo Therapeutics Holdings, Inc.",
        "change_pct": 59.73,
        "premarket": 10.97,
        "volume": 4380000,
        "category": "g",
        "source": "tv",
        "shortable": true,
        "exchange_name": "NASDAQ",
        "market_cap": 2822412,
        "existing": false
    },
    {
        "symbol": "INEO",
        "company": "INNEOVA Holdings Limited",
        "change_pct": 59.46,
        "premarket": 1.77,
        "volume": 4890000,
        "category": "g",
        "source": "tv",
        "shortable": true,
        "exchange_name": "NASDAQ",
        "market_cap": 17140861,
        "existing": false
    },
    {
        "symbol": "SAFX",
        "company": "XCF Global, Inc.",
        "change_pct": 47.06,
        "premarket": 3.25,
        "volume": 9230000,
        "category": "g",
        "source": "tv",
        "shortable": true,
        "exchange_name": "NASDAQ",
        "market_cap": 539951765,
        "existing": false
    },
    {
        "symbol": "BGSF",
        "company": "BGSF, Inc.",
        "change_pct": 31.34,
        "premarket": 5.28,
        "volume": 294730,
        "category": "g",
        "source": "tv",
        "shortable": true,
        "exchange_name": "NYSE",
        "market_cap": 44434772,
        "existing": false
    },
    {
        "symbol": "AZTR",
        "company": "Azitra Inc",
        "change_pct": 30.03,
        "premarket": 0.3505,
        "volume": 45840000,
        "category": "g",
        "source": "tv",
        "shortable": true,
        "exchange_name": "NYSE American",
        "market_cap": 4547757,
        "existing": false
    },
    {
        "symbol": "MLEC",
        "company": "Moolec Science SA",
        "change_pct": 23.8,
        "premarket": 8.79,
        "volume": 1700,
        "category": "g",
        "source": "tv",
        "shortable": true,
        "exchange_name": "NASDAQ",
        "market_cap": 27807900,
        "existing": false
    },
    {
        "symbol": "XTIA",
        "company": "XTI Aerospace, Inc.",
        "change_pct": 23.47,
        "premarket": 3.42,
        "volume": 2320000,
        "category": "g",
        "source": "tv",
        "shortable": true,
        "exchange_name": "NASDAQ",
        "market_cap": 25527412,
        "existing": false
    },
    {
        "symbol": "PRME",
        "company": "Prime Medicine, Inc.",
        "change_pct": 23.33,
        "premarket": 1.85,
        "volume": 493660,
        "category": "g",
        "source": "tv",
        "shortable": true,
        "exchange_name": "NASDAQ",
        "market_cap": 186619990,
        "existing": false
    },
    {
        "symbol": "MB",
        "company": "MasterBeef Group",
        "change_pct": 21.29,
        "premarket": 9.97,
        "volume": 3100,
        "category": "g",
        "source": "tv",
        "shortable": true,
        "exchange_name": "NASDAQ",
        "market_cap": 127804750,
        "existing": false
    },
    {
        "symbol": "RBNE",
        "company": "Robin Energy Ltd.",
        "change_pct": 20.27,
        "premarket": 6.64,
        "volume": 320920,
        "category": "g",
        "source": "tv",
        "shortable": true,
        "exchange_name": "NASDAQ",
        "market_cap": 33414248,
        "existing": false
    },
    {
        "symbol": "SUGP",
        "company": "SU Group Holdings Limited",
        "change_pct": 17.47,
        "premarket": 0.56,
        "volume": 9120,
        "category": "g",
        "source": "tv",
        "shortable": true,
        "exchange_name": "NASDAQ",
        "market_cap": 7492882,
        "existing": false
    },
    {
        "symbol": "RGC",
        "company": "Regencell Bioscience Holdings Limited",
        "change_pct": 16.17,
        "premarket": 69.7,
        "volume": 155700,
        "category": "g",
        "source": "tv",
        "shortable": true,
        "exchange_name": "NASDAQ",
        "market_cap": 7743956400,
        "existing": false
    },
    {
        "symbol": "INVZ",
        "company": "Innoviz Technologies Ltd.",
        "change_pct": 15.77,
        "premarket": 1.0804,
        "volume": 1230000,
        "category": "g",
        "source": "tv",
        "shortable": true,
        "exchange_name": "NASDAQ",
        "market_cap": 182070086,
        "existing": false
    },
    {
        "symbol": "MINM",
        "company": "Minim, Inc.",
        "change_pct": 15.68,
        "premarket": 2.73,
        "volume": 5550000,
        "category": "g",
        "source": "tv",
        "shortable": true,
        "exchange_name": "NASDAQ",
        "market_cap": 13021548,
        "existing": false
    },
    {
        "symbol": "MOBX",
        "company": "Mobix Labs, Inc.",
        "change_pct": 15.17,
        "premarket": 0.8488,
        "volume": 45790,
        "category": "g",
        "source": "tv",
        "shortable": true,
        "exchange_name": "NASDAQ",
        "market_cap": 36250629,
        "existing": false
    },
    {
        "symbol": "GEOS",
        "company": "Geospace Technologies Corporation",
        "change_pct": 14.66,
        "premarket": 7.9,
        "volume": 5520,
        "category": "g",
        "source": "tv",
        "shortable": true,
        "exchange_name": "NASDAQ",
        "market_cap": 88111829,
        "existing": false
    },
    {
        "symbol": "FGL",
        "company": "Founder Group Limited",
        "change_pct": 14.29,
        "premarket": 1.04,
        "volume": 13930000,
        "category": "g",
        "source": "tv",
        "shortable": true,
        "exchange_name": "NASDAQ",
        "market_cap": 18832830,
        "existing": false
    },
    {
        "symbol": "FSLR",
        "company": "First Solar, Inc.",
        "change_pct": -18.98,
        "premarket": 141.99,
        "volume": 706350,
        "category": "l",
        "source": "tv",
        "shortable": true,
        "exchange_name": "NASDAQ",
        "market_cap": 18789232720,
        "existing": false
    },
    {
        "symbol": "MMYT",
        "company": "MakeMyTrip Limited",
        "change_pct": -12.77,
        "premarket": 88.0,
        "volume": 45620,
        "category": "l",
        "source": "tv",
        "shortable": true,
        "exchange_name": "NASDAQ",
        "market_cap": 10837727017,
        "existing": false
    },
    {
        "symbol": "NXT",
        "company": "Nextracker Inc.",
        "change_pct": -12.43,
        "premarket": 53.2,
        "volume": 72990,
        "category": "l",
        "source": "tv",
        "shortable": true,
        "exchange_name": "NASDAQ",
        "market_cap": 8879685133,
        "existing": false
    },
    {
        "symbol": "ENPH",
        "company": "Enphase Energy, Inc.",
        "change_pct": -20.92,
        "premarket": 36.32,
        "volume": 726410,
        "category": "l",
        "source": "tv",
        "shortable": true,
        "exchange_name": "NASDAQ",
        "market_cap": 5983040020,
        "existing": false
    },
    {
        "symbol": "SGRY",
        "company": "Surgery Partners, Inc.",
        "change_pct": -13.68,
        "premarket": 20.0,
        "volume": 79600,
        "category": "l",
        "source": "tv",
        "shortable": true,
        "exchange_name": "NASDAQ",
        "market_cap": 2894193500,
        "existing": false
    },
    {
        "symbol": "MQ",
        "company": "Marqeta, Inc.",
        "change_pct": -4.67,
        "premarket": 5.31,
        "volume": 100,
        "category": "l",
        "source": "tv",
        "shortable": true,
        "exchange_name": "NASDAQ",
        "market_cap": 2519287521,
        "existing": false
    },
    {
        "symbol": "LZMH",
        "company": "LZ Technology Holdings Limited",
        "change_pct": -11.43,
        "premarket": 12.4,
        "volume": 22970,
        "category": "l",
        "source": "tv",
        "shortable": true,
        "exchange_name": "NASDAQ",
        "market_cap": 2443980000,
        "existing": false
    },
    {
        "symbol": "QUBT",
        "company": "Quantum Computing Inc.",
        "change_pct": -5.27,
        "premarket": 20.1,
        "volume": 883000,
        "category": "l",
        "source": "tv",
        "shortable": true,
        "exchange_name": "NASDAQ",
        "market_cap": 2350270980,
        "existing": false
    },
    {
        "symbol": "RUN",
        "company": "Sunrun Inc.",
        "change_pct": -37.45,
        "premarket": 6.03,
        "volume": 6010000,
        "category": "l",
        "source": "tv",
        "shortable": true,
        "exchange_name": "NASDAQ",
        "market_cap": 2284864700,
        "existing": false
    },
    {
        "symbol": "CTRI",
        "company": "Centuri Holdings, Inc.",
        "change_pct": -6.78,
        "premarket": 20.76,
        "volume": 308420,
        "category": "l",
        "source": "tv",
        "shortable": true,
        "exchange_name": "NYSE",
        "market_cap": 1948505987,
        "existing": false
    },
    {
        "symbol": "DYN",
        "company": "Dyne Therapeutics, Inc.",
        "change_pct": -20.41,
        "premarket": 11.0,
        "volume": 252840,
        "category": "l",
        "source": "tv",
        "shortable": true,
        "exchange_name": "NASDAQ",
        "market_cap": 1637935388,
        "existing": false
    },
    {
        "symbol": "RDW",
        "company": "Redwire Corporation",
        "change_pct": -17.99,
        "premarket": 16.87,
        "volume": 1020000,
        "category": "l",
        "source": "tv",
        "shortable": true,
        "exchange_name": "NYSE",
        "market_cap": 1470751119,
        "existing": false
    },
    {
        "symbol": "CLDX",
        "company": "Celldex Therapeutics, Inc.",
        "change_pct": -6.43,
        "premarket": 19.03,
        "volume": 631,
        "category": "l",
        "source": "tv",
        "shortable": true,
        "exchange_name": "NASDAQ",
        "market_cap": 1411541563,
        "existing": false
    },
    {
        "symbol": "SEDG",
        "company": "SolarEdge Technologies, Inc.",
        "change_pct": -31.69,
        "premarket": 16.38,
        "volume": 1060000,
        "category": "l",
        "source": "tv",
        "shortable": true,
        "exchange_name": "NASDAQ",
        "market_cap": 1375730605,
        "existing": false
    },
    {
        "symbol": "ARRY",
        "company": "Array Technologies, Inc.",
        "change_pct": -15.33,
        "premarket": 6.74,
        "volume": 141940,
        "category": "l",
        "source": "tv",
        "shortable": true,
        "exchange_name": "NASDAQ",
        "market_cap": 1214274422,
        "existing": false
    },
    {
        "symbol": "SHLS",
        "company": "Shoals Technologies Group, Inc.",
        "change_pct": -10.86,
        "premarket": 4.76,
        "volume": 57990,
        "category": "l",
        "source": "tv",
        "shortable": true,
        "exchange_name": "NASDAQ",
        "market_cap": 854263273,
        "existing": false
    },
    {
        "symbol": "CSIQ",
        "company": "Canadian Solar Inc.",
        "change_pct": -6.58,
        "premarket": 10.36,
        "volume": 22070,
        "category": "l",
        "source": "tv",
        "shortable": true,
        "exchange_name": "NASDAQ",
        "market_cap": 739258216,
        "existing": false
    },
    {
        "symbol": "HOUS",
        "company": "Anywhere Real Estate Inc.",
        "change_pct": -7.44,
        "premarket": 3.73,
        "volume": 4750,
        "category": "l",
        "source": "tv",
        "shortable": true,
        "exchange_name": "NYSE",
        "market_cap": 446103462,
        "existing": false
    },
    {
        "symbol": "NNNN",
        "company": "Anbio Biotechnology",
        "change_pct": -7.55,
        "premarket": 8.33,
        "volume": 600,
        "category": "l",
        "source": "tv",
        "shortable": true,
        "exchange_name": "NASDAQ",
        "market_cap": 380097792,
        "existing": false
    },
    {
        "symbol": "MFH",
        "company": "Mercurity Fintech Holding Inc. - American",
        "change_pct": -6.7,
        "premarket": 3.62,
        "volume": 718,
        "category": "l",
        "source": "tv",
        "shortable": true,
        "exchange_name": "NASDAQ",
        "market_cap": 241372073,
        "existing": false
    }
]