[
    {
        "symbol": "APM",
        "company": "Aptorum Group Limited",
        "change_pct": 220.79,
        "premarket": 9.27,
        "volume": 1994100,
        "category": "g",
        "source": "tv",
        "fails": [
            "existing"
        ],
        "shortable": true,
        "exchange_name": "NASD",
        "market_cap": 11.45274,
        "tradeable": false
    },
    {
        "symbol": "AKAN",
        "company": "Akanda Corp.",
        "change_pct": 105.41,
        "premarket": 2.28,
        "volume": 8786100,
        "category": "g",
        "source": "tv",
        "fails": [],
        "shortable": false,
        "exchange_name": "NASD",
        "market_cap": 3.77815,
        "tradeable": true
    },
    {
        "symbol": "IMGN",
        "company": "ImmunoGen, Inc.",
        "change_pct": 101.15,
        "premarket": 10.46,
        "volume": 9388100,
        "category": "g",
        "source": "tv",
        "fails": [
            "existing"
        ],
        "shortable": true,
        "exchange_name": "NASD",
        "market_cap": 1175.566,
        "tradeable": false
    },
    {
        "symbol": "KRBP",
        "company": "Kiromic BioPharma, Inc.",
        "change_pct": 59.66,
        "premarket": 5.7,
        "volume": 341579,
        "category": "g",
        "source": "tv",
        "fails": [
            "existing"
        ],
        "shortable": false,
        "exchange_name": "NASD",
        "market_cap": 3.4959,
        "tradeable": false
    },
    {
        "symbol": "AKLI",
        "company": "Akili, Inc.",
        "change_pct": 46.87,
        "premarket": 1.6,
        "volume": 4429100,
        "category": "g",
        "source": "tv",
        "fails": [],
        "shortable": true,
        "exchange_name": "NASD",
        "market_cap": 85.13018,
        "tradeable": true
    },
    {
        "symbol": "GDC",
        "company": "GD Culture Group Limited",
        "change_pct": 44.41,
        "premarket": 4.91,
        "volume": 688299,
        "category": "g",
        "source": "tv",
        "fails": [
            "existing"
        ],
        "shortable": true,
        "exchange_name": "NASD",
        "market_cap": 5.81925,
        "tradeable": false
    },
    {
        "symbol": "RUTH",
        "company": "Ruth's Hospitality Group, Inc.",
        "change_pct": 33.56,
        "premarket": 21.41,
        "volume": 1685100,
        "category": "g",
        "source": "tv",
        "fails": [
            "existing"
        ],
        "shortable": true,
        "exchange_name": "NASD",
        "market_cap": 525.7194,
        "tradeable": false
    },
    {
        "symbol": "ASPI",
        "company": "ASP Isotopes Inc.",
        "change_pct": 29.11,
        "premarket": 0.739,
        "volume": 34176,
        "category": "g",
        "source": "tv",
        "fails": [
            "premarket"
        ],
        "shortable": false,
        "exchange_name": "NASD",
        "market_cap": 21.39957,
        "tradeable": false
    },
    {
        "symbol": "COMS",
        "company": "COMSovereign Holding Corp.",
        "change_pct": 26.98,
        "premarket": 2.4,
        "volume": 187783,
        "category": "g",
        "source": "tv",
        "fails": [],
        "shortable": true,
        "exchange_name": "NASD",
        "market_cap": 5.07195,
        "tradeable": true
    },
    {
        "symbol": "WWR",
        "company": "Westwater Resources, Inc.",
        "change_pct": 24.85,
        "premarket": 1.01,
        "volume": 2913100,
        "category": "g",
        "source": "tv",
        "fails": [],
        "shortable": true,
        "exchange_name": "AMEX",
        "market_cap": 135.7734,
        "tradeable": true
    },
    {
        "symbol": "MDJH",
        "company": "MDJM LTD",
        "change_pct": 20.59,
        "premarket": 2.05,
        "volume": 1300,
        "category": "g",
        "source": "tv",
        "fails": [
            "shares_value"
        ],
        "shortable": true,
        "exchange_name": "NASD",
        "market_cap": 19.84787,
        "tradeable": false
    },
    {
        "symbol": "GFAI",
        "company": "Guardforce AI Co., Limited",
        "change_pct": -60.05,
        "premarket": 4.67,
        "volume": 639954,
        "category": "l",
        "source": "tv",
        "fails": [],
        "shortable": true,
        "exchange_name": "NASD",
        "market_cap": 18.92918,
        "tradeable": true
    },
    {
        "symbol": "VCIG",
        "company": "VCI Global Limited",
        "change_pct": -53.67,
        "premarket": 7.88,
        "volume": 19548,
        "category": "l",
        "source": "tv",
        "fails": [
            "is_shortable"
        ],
        "shortable": false,
        "exchange_name": "NASD",
        "market_cap": 629.4439,
        "tradeable": false
    },
    {
        "symbol": "ASNS",
        "company": "Actelis Networks, Inc.",
        "change_pct": -47.77,
        "premarket": 3.4,
        "volume": 18038,
        "category": "l",
        "source": "tv",
        "fails": [
            "is_shortable"
        ],
        "shortable": false,
        "exchange_name": "NASD",
        "market_cap": 11.33233,
        "tradeable": false
    },
    {
        "symbol": "IONM",
        "company": "Assure Holdings Corp.",
        "change_pct": -42.51,
        "premarket": 2.11,
        "volume": 12127,
        "category": "l",
        "source": "tv",
        "fails": [],
        "shortable": true,
        "exchange_name": "NASD",
        "market_cap": 4.04103,
        "tradeable": true
    },
    {
        "symbol": "MINM",
        "company": "Minim, Inc.",
        "change_pct": -29.59,
        "premarket": 3.45,
        "volume": 58838,
        "category": "l",
        "source": "tv",
        "fails": [
            "is_shortable"
        ],
        "shortable": false,
        "exchange_name": "NASD",
        "market_cap": 9.24892,
        "tradeable": false
    },
    {
        "symbol": "NYMX",
        "company": "Nymox Pharmaceutical Corporation",
        "change_pct": -21.95,
        "premarket": 0.32,
        "volume": 100,
        "category": "l",
        "source": "tv",
        "fails": [
            "premarket",
            "shares_value"
        ],
        "shortable": true,
        "exchange_name": "NASD",
        "market_cap": 37.11121,
        "tradeable": false
    },
    {
        "symbol": "SMFL",
        "company": "Smart for Life, Inc.",
        "change_pct": -21.43,
        "premarket": 2.42,
        "volume": 99946,
        "category": "l",
        "source": "tv",
        "fails": [],
        "shortable": true,
        "exchange_name": "NASD",
        "market_cap": 2.41335,
        "tradeable": true
    },
    {
        "symbol": "IMMX",
        "company": "Immix Biopharma, Inc.",
        "change_pct": -19.31,
        "premarket": 2.34,
        "volume": 526596,
        "category": "l",
        "source": "tv",
        "fails": [
            "is_shortable"
        ],
        "shortable": false,
        "exchange_name": "NASD",
        "market_cap": 40.45158,
        "tradeable": false
    },
    {
        "symbol": "WAFU",
        "company": "Wah Fu Education Group Limited",
        "change_pct": -16.98,
        "premarket": 2.2,
        "volume": 70771,
        "category": "l",
        "source": "tv",
        "fails": [],
        "shortable": true,
        "exchange_name": "NASD",
        "market_cap": 11.76623,
        "tradeable": true
    },
    {
        "symbol": "SPT",
        "company": "Sprout Social, Inc",
        "change_pct": -16.6,
        "premarket": 40.3,
        "volume": 22880,
        "category": "l",
        "source": "tv",
        "fails": [],
        "shortable": true,
        "exchange_name": "NASD",
        "market_cap": 2675.81,
        "tradeable": true
    },
    {
        "symbol": "BAOS",
        "company": "Baosheng Media Group Holdings Limited",
        "change_pct": -16.57,
        "premarket": 7.5,
        "volume": 5323,
        "category": "l",
        "source": "tv",
        "fails": [
            "is_shortable"
        ],
        "shortable": false,
        "exchange_name": "NASD",
        "market_cap": 13.70498,
        "tradeable": false
    }
]