[
    {
        "symbol": "BMR",
        "company": "Beamr Imaging Ltd.",
        "change_pct": 144.1,
        "premarket": 5.59,
        "volume": 5842099,
        "category": "g",
        "source": "tv",
        "shortable": false,
        "exchange_name": "NASD",
        "market_cap": 29.50183,
        "existing": false
    },
    {
        "symbol": "KBNT",
        "company": "Kubient, Inc.",
        "change_pct": 114.89,
        "premarket": 1.01,
        "volume": 4625100,
        "category": "g",
        "source": "tv",
        "shortable": false,
        "exchange_name": "NASD",
        "market_cap": 6.92171,
        "existing": false
    },
    {
        "symbol": "WLDS",
        "company": "Wearable Devices Ltd.",
        "change_pct": 85.58,
        "premarket": 0.8401,
        "volume": 2912100,
        "category": "g",
        "source": "tv",
        "shortable": false,
        "exchange_name": "NASD",
        "market_cap": 6.88957,
        "existing": false
    },
    {
        "symbol": "IFBD",
        "company": "Infobird Co., Ltd",
        "change_pct": 48.64,
        "premarket": 1.65,
        "volume": 3499100,
        "category": "g",
        "source": "tv",
        "shortable": true,
        "exchange_name": "NASD",
        "market_cap": 5.09299,
        "existing": false
    },
    {
        "symbol": "CYXT",
        "company": "Cyxtera Technologies, Inc.",
        "change_pct": 37.24,
        "premarket": 0.2082,
        "volume": 4157100,
        "category": "g",
        "source": "tv",
        "shortable": true,
        "exchange_name": "NASD",
        "market_cap": 27.35416,
        "existing": false
    },
    {
        "symbol": "JWAC",
        "company": "Jupiter Wellness Acquisition Corp.",
        "change_pct": 34.5,
        "premarket": 6.16,
        "volume": 108178,
        "category": "g",
        "source": "tv",
        "shortable": false,
        "exchange_name": "NASD",
        "market_cap": 83.1499,
        "existing": false
    },
    {
        "symbol": "WTT",
        "company": "Wireless Telecom Group, Inc.",
        "change_pct": 29.56,
        "premarket": 2.06,
        "volume": 618542,
        "category": "g",
        "source": "tv",
        "shortable": false,
        "exchange_name": "AMEX",
        "market_cap": 50.85631,
        "existing": false
    },
    {
        "symbol": "NVDA",
        "company": "NVIDIA Corporation",
        "change_pct": 29.35,
        "premarket": 395.0,
        "volume": 5982100,
        "category": "g",
        "source": "tv",
        "shortable": true,
        "exchange_name": "NASD",
        "market_cap": 755244.3,
        "existing": false
    },
    {
        "symbol": "BEAT",
        "company": "Heartbeam, Inc.",
        "change_pct": 21.09,
        "premarket": 2.44,
        "volume": 769297,
        "category": "g",
        "source": "tv",
        "shortable": false,
        "exchange_name": "NASD",
        "market_cap": 52.191,
        "existing": false
    },
    {
        "symbol": "SAI",
        "company": "SAI.TECH Global Corporation",
        "change_pct": 19.14,
        "premarket": 1.93,
        "volume": 260012,
        "category": "g",
        "source": "tv",
        "shortable": true,
        "exchange_name": "NASD",
        "market_cap": 37.17339,
        "existing": false
    },
    {
        "symbol": "QBTS",
        "company": "D-Wave Quantum Inc.",
        "change_pct": 19.09,
        "premarket": 1.31,
        "volume": 1780100,
        "category": "g",
        "source": "tv",
        "shortable": true,
        "exchange_name": "NYSE",
        "market_cap": 139.8909,
        "existing": false
    },
    {
        "symbol": "NIR",
        "company": "Near Intelligence, Inc.",
        "change_pct": 18.38,
        "premarket": 2.19,
        "volume": 877803,
        "category": "g",
        "source": "tv",
        "shortable": true,
        "exchange_name": "NASD",
        "market_cap": 92.97345,
        "existing": false
    },
    {
        "symbol": "DISH",
        "company": "DISH Network Corporation",
        "change_pct": 17.98,
        "premarket": 7.35,
        "volume": 925026,
        "category": "g",
        "source": "tv",
        "shortable": true,
        "exchange_name": "NASD",
        "market_cap": 3318.146,
        "existing": false
    },
    {
        "symbol": "LWLG",
        "company": "Lightwave Logic, Inc.",
        "change_pct": 16.96,
        "premarket": 6.07,
        "volume": 92064,
        "category": "g",
        "source": "tv",
        "shortable": true,
        "exchange_name": "NASD",
        "market_cap": 593.7928,
        "existing": false
    },
    {
        "symbol": "SMCI",
        "company": "Super Micro Computer, Inc.",
        "change_pct": 16.04,
        "premarket": 194.5,
        "volume": 71979,
        "category": "g",
        "source": "tv",
        "shortable": true,
        "exchange_name": "NASD",
        "market_cap": 8798.121,
        "existing": false
    },
    {
        "symbol": "TISI",
        "company": "Team, Inc.",
        "change_pct": 14.42,
        "premarket": 5.0,
        "volume": 950,
        "category": "g",
        "source": "tv",
        "shortable": true,
        "exchange_name": "NYSE",
        "market_cap": 19.06118,
        "existing": false
    },
    {
        "symbol": "APLD",
        "company": "Applied Digital Corporation",
        "change_pct": 14.41,
        "premarket": 10.4,
        "volume": 114039,
        "category": "g",
        "source": "tv",
        "shortable": false,
        "exchange_name": "NASD",
        "market_cap": 871.8125,
        "existing": false
    },
    {
        "symbol": "ELF",
        "company": "e.l.f. Beauty, Inc.",
        "change_pct": 13.22,
        "premarket": 97.88,
        "volume": 26791,
        "category": "g",
        "source": "tv",
        "shortable": true,
        "exchange_name": "NYSE",
        "market_cap": 4607.327,
        "existing": false
    },
    {
        "symbol": "OCEA",
        "company": "Ocean Biomedical, Inc.",
        "change_pct": 13.21,
        "premarket": 5.4,
        "volume": 383712,
        "category": "g",
        "source": "tv",
        "shortable": true,
        "exchange_name": "NASD",
        "market_cap": 161.1042,
        "existing": false
    },
    {
        "symbol": "BBAI",
        "company": "BigBear.ai, Inc.",
        "change_pct": 12.92,
        "premarket": 2.71,
        "volume": 1361100,
        "category": "g",
        "source": "tv",
        "shortable": true,
        "exchange_name": "NYSE",
        "market_cap": 342.9314,
        "existing": false
    },
    {
        "symbol": "SOUN",
        "company": "SoundHound AI, Inc.",
        "change_pct": 12.75,
        "premarket": 3.36,
        "volume": 1451100,
        "category": "g",
        "source": "tv",
        "shortable": true,
        "exchange_name": "NASD",
        "market_cap": 646.5149,
        "existing": false
    },
    {
        "symbol": "RGTI",
        "company": "Rigetti Computing, Inc.",
        "change_pct": 12.71,
        "premarket": 0.868,
        "volume": 190075,
        "category": "g",
        "source": "tv",
        "shortable": true,
        "exchange_name": "NASD",
        "market_cap": 99.97645,
        "existing": false
    },
    {
        "symbol": "NTNX",
        "company": "Nutanix, Inc.",
        "change_pct": 12.55,
        "premarket": 28.6,
        "volume": 94384,
        "category": "g",
        "source": "tv",
        "shortable": true,
        "exchange_name": "NASD",
        "market_cap": 5847.11,
        "existing": false
    },
    {
        "symbol": "OCTO",
        "company": "Eightco Holdings Inc.",
        "change_pct": 12.49,
        "premarket": 2.07,
        "volume": 510529,
        "category": "g",
        "source": "tv",
        "shortable": false,
        "exchange_name": "NASD",
        "market_cap": 4.36439,
        "existing": false
    },
    {
        "symbol": "GSIT",
        "company": "GSI Technology, Inc.",
        "change_pct": 12.4,
        "premarket": 5.8,
        "volume": 273313,
        "category": "g",
        "source": "tv",
        "shortable": true,
        "exchange_name": "NASD",
        "market_cap": 127.3749,
        "existing": false
    },
    {
        "symbol": "GFAI",
        "company": "Guardforce AI Co., Limited",
        "change_pct": 11.65,
        "premarket": 6.04,
        "volume": 334738,
        "category": "g",
        "source": "tv",
        "shortable": true,
        "exchange_name": "NASD",
        "market_cap": 37.23824,
        "existing": false
    },
    {
        "symbol": "MOD",
        "company": "Modine Manufacturing Company",
        "change_pct": 11.51,
        "premarket": 22.0,
        "volume": 300,
        "category": "g",
        "source": "tv",
        "shortable": true,
        "exchange_name": "NYSE",
        "market_cap": 1028.331,
        "existing": false
    },
    {
        "symbol": "PRLD",
        "company": "Prelude Therapeutics Incorporated",
        "change_pct": 11.43,
        "premarket": 5.75,
        "volume": 650,
        "category": "g",
        "source": "tv",
        "shortable": true,
        "exchange_name": "NASD",
        "market_cap": 270.651,
        "existing": false
    },
    {
        "symbol": "HSDT",
        "company": "Helius Medical Technologies, Inc.",
        "change_pct": 10.95,
        "premarket": 0.1732,
        "volume": 7595,
        "category": "g",
        "source": "tv",
        "shortable": true,
        "exchange_name": "NASD",
        "market_cap": 4.40442,
        "existing": false
    },
    {
        "symbol": "AI",
        "company": "C3.ai, Inc.",
        "change_pct": 10.92,
        "premarket": 30.89,
        "volume": 1908100,
        "category": "g",
        "source": "tv",
        "shortable": true,
        "exchange_name": "NYSE",
        "market_cap": 3125.041,
        "existing": false
    },
    {
        "symbol": "RRGB",
        "company": "Red Robin Gourmet Burgers, Inc.",
        "change_pct": 10.73,
        "premarket": 16.0,
        "volume": 6275,
        "category": "g",
        "source": "tv",
        "shortable": true,
        "exchange_name": "NASD",
        "market_cap": 231.0064,
        "existing": false
    },
    {
        "symbol": "BNTC",
        "company": "Benitec Biopharma Inc.",
        "change_pct": 10.37,
        "premarket": 0.2299,
        "volume": 19803,
        "category": "g",
        "source": "tv",
        "shortable": true,
        "exchange_name": "NASD",
        "market_cap": 5.82848,
        "existing": false
    },
    {
        "symbol": "POAI",
        "company": "Predictive Oncology Inc.",
        "change_pct": 10.19,
        "premarket": 3.46,
        "volume": 8976,
        "category": "g",
        "source": "tv",
        "shortable": true,
        "exchange_name": "NASD",
        "market_cap": 12.57642,
        "existing": false
    },
    {
        "symbol": "VGAS",
        "company": "Verde Clean Fuels, Inc.",
        "change_pct": 10.03,
        "premarket": 8.38,
        "volume": 100,
        "category": "g",
        "source": "tv",
        "shortable": true,
        "exchange_name": "NASD",
        "market_cap": 242.7627,
        "existing": false
    },
    {
        "symbol": "KPTI",
        "company": "Karyopharm Therapeutics Inc.",
        "change_pct": 10.0,
        "premarket": 2.75,
        "volume": 778,
        "category": "g",
        "source": "tv",
        "shortable": true,
        "exchange_name": "NASD",
        "market_cap": 285.0261,
        "existing": false
    },
    {
        "symbol": "VEDU",
        "company": "Visionary Education Technology Holdings Group Inc.",
        "change_pct": 9.99,
        "premarket": 0.5978,
        "volume": 723,
        "category": "g",
        "source": "tv",
        "shortable": false,
        "exchange_name": "NASD",
        "market_cap": 21.33237,
        "existing": false
    },
    {
        "symbol": "BFRG",
        "company": "Bullfrog AI Holdings, Inc.",
        "change_pct": 9.92,
        "premarket": 5.43,
        "volume": 41696,
        "category": "g",
        "source": "tv",
        "shortable": true,
        "exchange_name": "NASD",
        "market_cap": 30.06954,
        "existing": false
    },
    {
        "symbol": "VRT",
        "company": "Vertiv Holdings, LLC",
        "change_pct": 9.73,
        "premarket": 17.82,
        "volume": 88495,
        "category": "g",
        "source": "tv",
        "shortable": true,
        "exchange_name": "NYSE",
        "market_cap": 6166.917,
        "existing": false
    },
    {
        "symbol": "INOD",
        "company": "Innodata Inc.",
        "change_pct": 9.65,
        "premarket": 9.66,
        "volume": 26443,
        "category": "g",
        "source": "tv",
        "shortable": true,
        "exchange_name": "NASD",
        "market_cap": 242.7154,
        "existing": false
    },
    {
        "symbol": "FRZA",
        "company": "Forza X1, Inc.",
        "change_pct": 9.43,
        "premarket": 1.47,
        "volume": 1461,
        "category": "g",
        "source": "tv",
        "shortable": false,
        "exchange_name": "NASD",
        "market_cap": 14.003,
        "existing": false
    }
]