[
    {
        "symbol": "BLMZ",
        "company": "BloomZ Inc.",
        "change_pct": 74.5,
        "premarket": 1.41,
        "volume": 7,
        "category": "g",
        "source": "tv",
        "shortable": true,
        "exchange_name": "N/A",
        "market_cap": 0,
        "existing": false
    },
    {
        "symbol": "BENF",
        "company": "Beneficient",
        "change_pct": 61.33,
        "premarket": 2.42,
        "volume": 18,
        "category": "g",
        "source": "tv",
        "shortable": true,
        "exchange_name": "N/A",
        "market_cap": 0,
        "existing": false
    },
    {
        "symbol": "XPON",
        "company": "Expion360 Inc.",
        "change_pct": 35.84,
        "premarket": 0.0974,
        "volume": 48,
        "category": "g",
        "source": "tv",
        "shortable": true,
        "exchange_name": "N/A",
        "market_cap": 0,
        "existing": false
    },
    {
        "symbol": "SYTA",
        "company": "Siyata Mobile, Inc.",
        "change_pct": 26.5,
        "premarket": 1.48,
        "volume": 6,
        "category": "g",
        "source": "tv",
        "shortable": true,
        "exchange_name": "N/A",
        "market_cap": 0,
        "existing": false
    },
    {
        "symbol": "AGX",
        "company": "Argan, Inc.",
        "change_pct": 23.96,
        "premarket": 88.48,
        "volume": 10,
        "category": "g",
        "source": "tv",
        "shortable": true,
        "exchange_name": "N/A",
        "market_cap": 0,
        "existing": false
    },
    {
        "symbol": "NX",
        "company": "Quanex Building Products Corporation",
        "change_pct": 20.51,
        "premarket": 29.96,
        "volume": 9,
        "category": "g",
        "source": "tv",
        "shortable": true,
        "exchange_name": "N/A",
        "market_cap": 0,
        "existing": false
    },
    {
        "symbol": "GWRE",
        "company": "Guidewire Software, Inc.",
        "change_pct": 17.16,
        "premarket": 168.63,
        "volume": 28,
        "category": "g",
        "source": "tv",
        "shortable": true,
        "exchange_name": "N/A",
        "market_cap": 0,
        "existing": false
    },
    {
        "symbol": "AUST",
        "company": "Austin Gold Corp.",
        "change_pct": 16.67,
        "premarket": 1.08,
        "volume": 100,
        "category": "g",
        "source": "tv",
        "shortable": true,
        "exchange_name": "N/A",
        "market_cap": 0,
        "existing": false
    },
    {
        "symbol": "FFIE",
        "company": "Faraday Future Intelligent Electric Inc.",
        "change_pct": 14.97,
        "premarket": 5.99,
        "volume": 5,
        "category": "g",
        "source": "tv",
        "shortable": true,
        "exchange_name": "N/A",
        "market_cap": 0,
        "existing": false
    },
    {
        "symbol": "EDSA",
        "company": "Edesa Biotech, Inc.",
        "change_pct": 14.94,
        "premarket": 5.0,
        "volume": 100,
        "category": "g",
        "source": "tv",
        "shortable": true,
        "exchange_name": "N/A",
        "market_cap": 0,
        "existing": false
    },
    {
        "symbol": "BOWL",
        "company": "Bowlero Corp.",
        "change_pct": 14.92,
        "premarket": 12.4,
        "volume": 28,
        "category": "g",
        "source": "tv",
        "shortable": true,
        "exchange_name": "N/A",
        "market_cap": 0,
        "existing": false
    },
    {
        "symbol": "SGLY",
        "company": "Singularity Future Technology Ltd.",
        "change_pct": 13.71,
        "premarket": 2.82,
        "volume": 29,
        "category": "g",
        "source": "tv",
        "shortable": true,
        "exchange_name": "N/A",
        "market_cap": 0,
        "existing": false
    },
    {
        "symbol": "VOR",
        "company": "Vor Biopharma Inc.",
        "change_pct": 13.05,
        "premarket": 0.9327,
        "volume": 5,
        "category": "g",
        "source": "tv",
        "shortable": true,
        "exchange_name": "N/A",
        "market_cap": 0,
        "existing": false
    },
    {
        "symbol": "SGE",
        "company": "Strong Global Entertainment, Inc.",
        "change_pct": 12.68,
        "premarket": 1.6,
        "volume": 1,
        "category": "g",
        "source": "tv",
        "shortable": true,
        "exchange_name": "N/A",
        "market_cap": 0,
        "existing": false
    },
    {
        "symbol": "IOT",
        "company": "Samsara Inc.",
        "change_pct": 11.61,
        "premarket": 43.25,
        "volume": 66,
        "category": "g",
        "source": "tv",
        "shortable": true,
        "exchange_name": "N/A",
        "market_cap": 0,
        "existing": false
    },
    {
        "symbol": "GAME",
        "company": "GameSquare Holdings, Inc.",
        "change_pct": 10.94,
        "premarket": 1.0,
        "volume": 103,
        "category": "g",
        "source": "tv",
        "shortable": true,
        "exchange_name": "N/A",
        "market_cap": 0,
        "existing": false
    },
    {
        "symbol": "XXII",
        "company": "22nd Century Group, Inc",
        "change_pct": 10.02,
        "premarket": 0.29,
        "volume": 1,
        "category": "g",
        "source": "tv",
        "shortable": true,
        "exchange_name": "N/A",
        "market_cap": 0,
        "existing": false
    },
    {
        "symbol": "PTHL",
        "company": "Pheton Holdings Ltd",
        "change_pct": 9.79,
        "premarket": 4.15,
        "volume": 264,
        "category": "g",
        "source": "tv",
        "shortable": true,
        "exchange_name": "N/A",
        "market_cap": 0,
        "existing": false
    },
    {
        "symbol": "BGXX",
        "company": "Bright Green Corporation",
        "change_pct": 9.5,
        "premarket": 0.219,
        "volume": 749,
        "category": "g",
        "source": "tv",
        "shortable": true,
        "exchange_name": "N/A",
        "market_cap": 0,
        "existing": false
    },
    {
        "symbol": "FTFT",
        "company": "Future FinTech Group Inc.",
        "change_pct": 9.45,
        "premarket": 0.3463,
        "volume": 200,
        "category": "g",
        "source": "tv",
        "shortable": true,
        "exchange_name": "N/A",
        "market_cap": 0,
        "existing": false
    },
    {
        "symbol": "AIRJ",
        "company": "Montana Technologies Corp",
        "change_pct": 9.25,
        "premarket": 6.38,
        "volume": 394,
        "category": "g",
        "source": "tv",
        "shortable": true,
        "exchange_name": "N/A",
        "market_cap": 0,
        "existing": false
    },
    {
        "symbol": "ZUMZ",
        "company": "Zumiez Inc.",
        "change_pct": 9.08,
        "premarket": 28.0,
        "volume": 1,
        "category": "g",
        "source": "tv",
        "shortable": true,
        "exchange_name": "N/A",
        "market_cap": 0,
        "existing": false
    },
    {
        "symbol": "NUZE",
        "company": "NuZee, Inc.",
        "change_pct": 9.02,
        "premarket": 1.33,
        "volume": 818,
        "category": "g",
        "source": "tv",
        "shortable": true,
        "exchange_name": "N/A",
        "market_cap": 0,
        "existing": false
    },
    {
        "symbol": "TVTX",
        "company": "Travere Therapeutics, Inc.",
        "change_pct": 8.96,
        "premarket": 10.82,
        "volume": 104,
        "category": "g",
        "source": "tv",
        "shortable": true,
        "exchange_name": "N/A",
        "market_cap": 0,
        "existing": false
    },
    {
        "symbol": "RBRK",
        "company": "Rubrik, Inc.",
        "change_pct": 8.9,
        "premarket": 35.0,
        "volume": 1,
        "category": "g",
        "source": "tv",
        "shortable": true,
        "exchange_name": "N/A",
        "market_cap": 0,
        "existing": false
    },
    {
        "symbol": "AZI",
        "company": "Autozi Internet Technology (Global) Ltd.",
        "change_pct": -21.55,
        "premarket": 1.42,
        "volume": 70,
        "category": "l",
        "source": "tv",
        "shortable": true,
        "exchange_name": "N/A",
        "market_cap": 0,
        "existing": false
    },
    {
        "symbol": "CLNN",
        "company": "Clene Inc.",
        "change_pct": -15.06,
        "premarket": 5.36,
        "volume": 1,
        "category": "l",
        "source": "tv",
        "shortable": true,
        "exchange_name": "N/A",
        "market_cap": 0,
        "existing": false
    },
    {
        "symbol": "HOTH",
        "company": "Hoth Therapeutics, Inc.",
        "change_pct": -15.0,
        "premarket": 1.07,
        "volume": 1,
        "category": "l",
        "source": "tv",
        "shortable": true,
        "exchange_name": "N/A",
        "market_cap": 0,
        "existing": false
    },
    {
        "symbol": "EAST",
        "company": "Eastside Distilling, Inc.",
        "change_pct": -13.19,
        "premarket": 1.25,
        "volume": 926,
        "category": "l",
        "source": "tv",
        "shortable": true,
        "exchange_name": "N/A",
        "market_cap": 0,
        "existing": false
    },
    {
        "symbol": "HCWB",
        "company": "HCW Biologics Inc.",
        "change_pct": -12.73,
        "premarket": 0.4887,
        "volume": 3,
        "category": "l",
        "source": "tv",
        "shortable": true,
        "exchange_name": "N/A",
        "market_cap": 0,
        "existing": false
    },
    {
        "symbol": "JWEL",
        "company": "Jowell Global Ltd.",
        "change_pct": -12.49,
        "premarket": 1.33,
        "volume": 200,
        "category": "l",
        "source": "tv",
        "shortable": true,
        "exchange_name": "N/A",
        "market_cap": 0,
        "existing": false
    },
    {
        "symbol": "IVP",
        "company": "Inspire Veterinary Partners, Inc.",
        "change_pct": -11.11,
        "premarket": 1.04,
        "volume": 1,
        "category": "l",
        "source": "tv",
        "shortable": true,
        "exchange_name": "N/A",
        "market_cap": 0,
        "existing": false
    },
    {
        "symbol": "EFSH",
        "company": "1847 Holdings LLC",
        "change_pct": -10.81,
        "premarket": 1.93,
        "volume": 6,
        "category": "l",
        "source": "tv",
        "shortable": true,
        "exchange_name": "N/A",
        "market_cap": 0,
        "existing": false
    },
    {
        "symbol": "DSY",
        "company": "Big Tree Cloud Holdings Limited",
        "change_pct": -10.19,
        "premarket": 3.7,
        "volume": 802,
        "category": "l",
        "source": "tv",
        "shortable": true,
        "exchange_name": "N/A",
        "market_cap": 0,
        "existing": false
    },
    {
        "symbol": "FCUV",
        "company": "Focus Universal Inc.",
        "change_pct": -10.09,
        "premarket": 0.3011,
        "volume": 41,
        "category": "l",
        "source": "tv",
        "shortable": true,
        "exchange_name": "N/A",
        "market_cap": 0,
        "existing": false
    },
    {
        "symbol": "SISI",
        "company": "Shineco, Inc.",
        "change_pct": -10.06,
        "premarket": 0.42,
        "volume": 47,
        "category": "l",
        "source": "tv",
        "shortable": true,
        "exchange_name": "N/A",
        "market_cap": 0,
        "existing": false
    },
    {
        "symbol": "FOXO",
        "company": "FOXO Technologies Inc.",
        "change_pct": -9.64,
        "premarket": 0.1406,
        "volume": 2,
        "category": "l",
        "source": "tv",
        "shortable": true,
        "exchange_name": "N/A",
        "market_cap": 0,
        "existing": false
    },
    {
        "symbol": "SOAR",
        "company": "Volato Group, Inc.",
        "change_pct": -9.6,
        "premarket": 0.452,
        "volume": 161,
        "category": "l",
        "source": "tv",
        "shortable": true,
        "exchange_name": "N/A",
        "market_cap": 0,
        "existing": false
    },
    {
        "symbol": "PL",
        "company": "Planet Labs PBC",
        "change_pct": -9.27,
        "premarket": 2.25,
        "volume": 56,
        "category": "l",
        "source": "tv",
        "shortable": true,
        "exchange_name": "N/A",
        "market_cap": 0,
        "existing": false
    },
    {
        "symbol": "LRHC",
        "company": "La Rosa Holdings Corp.",
        "change_pct": -9.09,
        "premarket": 0.9,
        "volume": 440,
        "category": "l",
        "source": "tv",
        "shortable": true,
        "exchange_name": "N/A",
        "market_cap": 0,
        "existing": false
    },
    {
        "symbol": "CURR",
        "company": "Currenc Group Inc.",
        "change_pct": -9.06,
        "premarket": 3.41,
        "volume": 177,
        "category": "l",
        "source": "tv",
        "shortable": true,
        "exchange_name": "N/A",
        "market_cap": 0,
        "existing": false
    },
    {
        "symbol": "LGMK",
        "company": "LogicMark, Inc.",
        "change_pct": -8.81,
        "premarket": 0.1626,
        "volume": 836,
        "category": "l",
        "source": "tv",
        "shortable": true,
        "exchange_name": "N/A",
        "market_cap": 0,
        "existing": false
    },
    {
        "symbol": "JYD",
        "company": "Jayud Global Logistics Limited",
        "change_pct": -8.54,
        "premarket": 0.6914,
        "volume": 239,
        "category": "l",
        "source": "tv",
        "shortable": true,
        "exchange_name": "N/A",
        "market_cap": 0,
        "existing": false
    },
    {
        "symbol": "TDUP",
        "company": "ThredUp Inc.",
        "change_pct": -8.06,
        "premarket": 0.8,
        "volume": 3,
        "category": "l",
        "source": "tv",
        "shortable": true,
        "exchange_name": "N/A",
        "market_cap": 0,
        "existing": false
    },
    {
        "symbol": "BE",
        "company": "Bloom Energy Corporation",
        "change_pct": -7.71,
        "premarket": 10.18,
        "volume": 120,
        "category": "l",
        "source": "tv",
        "shortable": true,
        "exchange_name": "N/A",
        "market_cap": 0,
        "existing": false
    },
    {
        "symbol": "SUGP",
        "company": "SU Group Holdings Limited",
        "change_pct": -7.38,
        "premarket": 1.13,
        "volume": 28,
        "category": "l",
        "source": "tv",
        "shortable": true,
        "exchange_name": "N/A",
        "market_cap": 0,
        "existing": false
    },
    {
        "symbol": "SWBI",
        "company": "Smith & Wesson Brands, Inc.",
        "change_pct": -7.26,
        "premarket": 13.16,
        "volume": 39,
        "category": "l",
        "source": "tv",
        "shortable": true,
        "exchange_name": "N/A",
        "market_cap": 0,
        "existing": false
    },
    {
        "symbol": "CPOP",
        "company": "Pop Culture Group Co., Ltd",
        "change_pct": -7.21,
        "premarket": 1.03,
        "volume": 37,
        "category": "l",
        "source": "tv",
        "shortable": true,
        "exchange_name": "N/A",
        "market_cap": 0,
        "existing": false
    },
    {
        "symbol": "ASST",
        "company": "Asset Entities Inc.",
        "change_pct": -7.0,
        "premarket": 2.26,
        "volume": 36,
        "category": "l",
        "source": "tv",
        "shortable": true,
        "exchange_name": "N/A",
        "market_cap": 0,
        "existing": false
    },
    {
        "symbol": "LQR",
        "company": "LQR House Inc.",
        "change_pct": -6.95,
        "premarket": 0.5955,
        "volume": 37,
        "category": "l",
        "source": "tv",
        "shortable": true,
        "exchange_name": "N/A",
        "market_cap": 0,
        "existing": false
    }
]