[
    {
        "symbol": "GXAI",
        "company": "Gaxos.ai Inc.",
        "change_pct": 370.24,
        "premarket": 1.1991,
        "volume": 24391000,
        "category": "g",
        "source": "tv",
        "shortable": true,
        "exchange_name": "N/A",
        "market_cap": 0,
        "existing": false
    },
    {
        "symbol": "HTOO",
        "company": "Fusion Fuel Green PLC",
        "change_pct": 243.33,
        "premarket": 4.12,
        "volume": 38602000,
        "category": "g",
        "source": "tv",
        "shortable": true,
        "exchange_name": "N/A",
        "market_cap": 0,
        "existing": false
    },
    {
        "symbol": "CPOP",
        "company": "Pop Culture Group Co., Ltd",
        "change_pct": 201.5,
        "premarket": 4.01,
        "volume": 8442000,
        "category": "g",
        "source": "tv",
        "shortable": true,
        "exchange_name": "N/A",
        "market_cap": 0,
        "existing": false
    },
    {
        "symbol": "LICN",
        "company": "Lichen China Limited",
        "change_pct": 35.45,
        "premarket": 1.49,
        "volume": 5545000,
        "category": "g",
        "source": "tv",
        "shortable": true,
        "exchange_name": "N/A",
        "market_cap": 0,
        "existing": false
    },
    {
        "symbol": "BITE",
        "company": "Bite Acquisition Corp.",
        "change_pct": 31.87,
        "premarket": 14.15,
        "volume": 2935,
        "category": "g",
        "source": "tv",
        "shortable": true,
        "exchange_name": "N/A",
        "market_cap": 0,
        "existing": false
    },
    {
        "symbol": "RCRT",
        "company": "Recruiter.com Group, Inc.",
        "change_pct": 30.84,
        "premarket": 2.8,
        "volume": 500,
        "category": "g",
        "source": "tv",
        "shortable": true,
        "exchange_name": "N/A",
        "market_cap": 0,
        "existing": false
    },
    {
        "symbol": "AMIX",
        "company": "Autonomix Medical, Inc.",
        "change_pct": 26.32,
        "premarket": 4.8,
        "volume": 38585,
        "category": "g",
        "source": "tv",
        "shortable": true,
        "exchange_name": "N/A",
        "market_cap": 0,
        "existing": false
    },
    {
        "symbol": "OCG",
        "company": "Oriental Culture Holding LTD",
        "change_pct": 24.67,
        "premarket": 1.87,
        "volume": 1169000,
        "category": "g",
        "source": "tv",
        "shortable": true,
        "exchange_name": "N/A",
        "market_cap": 0,
        "existing": false
    },
    {
        "symbol": "SANW",
        "company": "S&W Seed Company",
        "change_pct": 22.6,
        "premarket": 0.6,
        "volume": 2987,
        "category": "g",
        "source": "tv",
        "shortable": true,
        "exchange_name": "N/A",
        "market_cap": 0,
        "existing": false
    },
    {
        "symbol": "PRAA",
        "company": "PRA Group, Inc.",
        "change_pct": 21.99,
        "premarket": 29.9,
        "volume": 2400,
        "category": "g",
        "source": "tv",
        "shortable": true,
        "exchange_name": "N/A",
        "market_cap": 0,
        "existing": false
    },
    {
        "symbol": "UK",
        "company": "Ucommune International Ltd",
        "change_pct": 21.74,
        "premarket": 2.8,
        "volume": 135405,
        "category": "g",
        "source": "tv",
        "shortable": true,
        "exchange_name": "N/A",
        "market_cap": 0,
        "existing": false
    },
    {
        "symbol": "TTD",
        "company": "The Trade Desk, Inc.",
        "change_pct": 18.19,
        "premarket": 89.48,
        "volume": 494479,
        "category": "g",
        "source": "tv",
        "shortable": true,
        "exchange_name": "N/A",
        "market_cap": 0,
        "existing": false
    },
    {
        "symbol": "BMR",
        "company": "Beamr Imaging Ltd.",
        "change_pct": 17.5,
        "premarket": 11.75,
        "volume": 617320,
        "category": "g",
        "source": "tv",
        "shortable": true,
        "exchange_name": "N/A",
        "market_cap": 0,
        "existing": false
    },
    {
        "symbol": "LUNR",
        "company": "Intuitive Machines, Inc.",
        "change_pct": 16.57,
        "premarket": 7.81,
        "volume": 1548000,
        "category": "g",
        "source": "tv",
        "shortable": true,
        "exchange_name": "N/A",
        "market_cap": 0,
        "existing": false
    },
    {
        "symbol": "WAFU",
        "company": "Wah Fu Education Group Limited",
        "change_pct": 15.7,
        "premarket": 2.58,
        "volume": 1906000,
        "category": "g",
        "source": "tv",
        "shortable": true,
        "exchange_name": "N/A",
        "market_cap": 0,
        "existing": false
    },
    {
        "symbol": "HTCR",
        "company": "Heartcore Enterprises, Inc.",
        "change_pct": 14.21,
        "premarket": 0.6099,
        "volume": 13738,
        "category": "g",
        "source": "tv",
        "shortable": true,
        "exchange_name": "N/A",
        "market_cap": 0,
        "existing": false
    },
    {
        "symbol": "COIN",
        "company": "Coinbase Global, Inc.",
        "change_pct": 14.08,
        "premarket": 189.0,
        "volume": 1247000,
        "category": "g",
        "source": "tv",
        "shortable": true,
        "exchange_name": "N/A",
        "market_cap": 0,
        "existing": false
    },
    {
        "symbol": "SGLY",
        "company": "Singularity Future Technology Ltd.",
        "change_pct": 13.85,
        "premarket": 3.7,
        "volume": 16040,
        "category": "g",
        "source": "tv",
        "shortable": true,
        "exchange_name": "N/A",
        "market_cap": 0,
        "existing": false
    },
    {
        "symbol": "EEIQ",
        "company": "EpicQuest Education Group International Limited",
        "change_pct": 13.73,
        "premarket": 1.32,
        "volume": 2796,
        "category": "g",
        "source": "tv",
        "shortable": true,
        "exchange_name": "N/A",
        "market_cap": 0,
        "existing": false
    },
    {
        "symbol": "TIRX",
        "company": "TIAN RUIXIANG Holdings Ltd",
        "change_pct": 13.71,
        "premarket": 0.6811,
        "volume": 4155000,
        "category": "g",
        "source": "tv",
        "shortable": true,
        "exchange_name": "N/A",
        "market_cap": 0,
        "existing": false
    },
    {
        "symbol": "BLZE",
        "company": "Backblaze, Inc.",
        "change_pct": 13.5,
        "premarket": 9.25,
        "volume": 13711,
        "category": "g",
        "source": "tv",
        "shortable": true,
        "exchange_name": "N/A",
        "market_cap": 0,
        "existing": false
    },
    {
        "symbol": "PRST",
        "company": "Presto Automation, Inc.",
        "change_pct": 13.42,
        "premarket": 0.2713,
        "volume": 54589,
        "category": "g",
        "source": "tv",
        "shortable": true,
        "exchange_name": "N/A",
        "market_cap": 0,
        "existing": false
    },
    {
        "symbol": "ADD",
        "company": "Color Star Technology Co., Ltd.",
        "change_pct": 12.9,
        "premarket": 0.35,
        "volume": 358095,
        "category": "g",
        "source": "tv",
        "shortable": true,
        "exchange_name": "N/A",
        "market_cap": 0,
        "existing": false
    },
    {
        "symbol": "TXRH",
        "company": "Texas Roadhouse, Inc.",
        "change_pct": 12.78,
        "premarket": 151.0,
        "volume": 15017,
        "category": "g",
        "source": "tv",
        "shortable": true,
        "exchange_name": "N/A",
        "market_cap": 0,
        "existing": false
    },
    {
        "symbol": "BTOG",
        "company": "Bit Origin Limited",
        "change_pct": 12.56,
        "premarket": 4.66,
        "volume": 14484,
        "category": "g",
        "source": "tv",
        "shortable": true,
        "exchange_name": "N/A",
        "market_cap": 0,
        "existing": false
    },
    {
        "symbol": "CHNR",
        "company": "China Natural Resources, Inc.",
        "change_pct": -25.07,
        "premarket": 2.6,
        "volume": 429184,
        "category": "l",
        "source": "tv",
        "shortable": true,
        "exchange_name": "N/A",
        "market_cap": 0,
        "existing": false
    },
    {
        "symbol": "BE",
        "company": "Bloom Energy Corporation",
        "change_pct": -24.98,
        "premarket": 8.98,
        "volume": 1427000,
        "category": "l",
        "source": "tv",
        "shortable": true,
        "exchange_name": "N/A",
        "market_cap": 0,
        "existing": false
    },
    {
        "symbol": "TRUP",
        "company": "Trupanion, Inc.",
        "change_pct": -23.55,
        "premarket": 26.97,
        "volume": 46436,
        "category": "l",
        "source": "tv",
        "shortable": true,
        "exchange_name": "N/A",
        "market_cap": 0,
        "existing": false
    },
    {
        "symbol": "WATT",
        "company": "Energous Corporation",
        "change_pct": -21.88,
        "premarket": 2.0,
        "volume": 44311,
        "category": "l",
        "source": "tv",
        "shortable": true,
        "exchange_name": "N/A",
        "market_cap": 0,
        "existing": false
    },
    {
        "symbol": "ROKU",
        "company": "Roku, Inc.",
        "change_pct": -18.6,
        "premarket": 76.92,
        "volume": 965913,
        "category": "l",
        "source": "tv",
        "shortable": true,
        "exchange_name": "N/A",
        "market_cap": 0,
        "existing": false
    },
    {
        "symbol": "JXJT",
        "company": "JX Luxventure Limited",
        "change_pct": -17.31,
        "premarket": 2.34,
        "volume": 255378,
        "category": "l",
        "source": "tv",
        "shortable": true,
        "exchange_name": "N/A",
        "market_cap": 0,
        "existing": false
    },
    {
        "symbol": "TVGN",
        "company": "Tevogen Bio Holdings Inc.",
        "change_pct": -15.3,
        "premarket": 8.47,
        "volume": 3254,
        "category": "l",
        "source": "tv",
        "shortable": true,
        "exchange_name": "N/A",
        "market_cap": 0,
        "existing": false
    },
    {
        "symbol": "OPHC",
        "company": "OptimumBank Holdings, Inc.",
        "change_pct": -14.44,
        "premarket": 3.5,
        "volume": 1300,
        "category": "l",
        "source": "tv",
        "shortable": true,
        "exchange_name": "N/A",
        "market_cap": 0,
        "existing": false
    },
    {
        "symbol": "YELP",
        "company": "Yelp Inc.",
        "change_pct": -14.4,
        "premarket": 38.0,
        "volume": 47168,
        "category": "l",
        "source": "tv",
        "shortable": true,
        "exchange_name": "N/A",
        "market_cap": 0,
        "existing": false
    },
    {
        "symbol": "DBX",
        "company": "Dropbox, Inc.",
        "change_pct": -14.26,
        "premarket": 27.9,
        "volume": 881790,
        "category": "l",
        "source": "tv",
        "shortable": true,
        "exchange_name": "N/A",
        "market_cap": 0,
        "existing": false
    },
    {
        "symbol": "MSAI",
        "company": "MultiSensor AI Holdings, Inc.",
        "change_pct": -13.96,
        "premarket": 3.02,
        "volume": 32101,
        "category": "l",
        "source": "tv",
        "shortable": true,
        "exchange_name": "N/A",
        "market_cap": 0,
        "existing": false
    },
    {
        "symbol": "LCFY",
        "company": "Locafy Limited",
        "change_pct": -13.73,
        "premarket": 5.97,
        "volume": 100,
        "category": "l",
        "source": "tv",
        "shortable": true,
        "exchange_name": "N/A",
        "market_cap": 0,
        "existing": false
    },
    {
        "symbol": "HEPA",
        "company": "Hepion Pharmaceuticals, Inc.",
        "change_pct": -12.96,
        "premarket": 2.35,
        "volume": 23625,
        "category": "l",
        "source": "tv",
        "shortable": true,
        "exchange_name": "N/A",
        "market_cap": 0,
        "existing": false
    },
    {
        "symbol": "CPS",
        "company": "Cooper-Standard Holdings Inc.",
        "change_pct": -12.76,
        "premarket": 16.75,
        "volume": 4834,
        "category": "l",
        "source": "tv",
        "shortable": true,
        "exchange_name": "N/A",
        "market_cap": 0,
        "existing": false
    },
    {
        "symbol": "BREA",
        "company": "Brera Holdings PLC",
        "change_pct": -12.33,
        "premarket": 1.28,
        "volume": 58009,
        "category": "l",
        "source": "tv",
        "shortable": true,
        "exchange_name": "N/A",
        "market_cap": 0,
        "existing": false
    },
    {
        "symbol": "BCLI",
        "company": "Brainstorm Cell Therapeutics Inc.",
        "change_pct": -12.29,
        "premarket": 0.3403,
        "volume": 30771,
        "category": "l",
        "source": "tv",
        "shortable": true,
        "exchange_name": "N/A",
        "market_cap": 0,
        "existing": false
    },
    {
        "symbol": "AMN",
        "company": "AMN Healthcare Services Inc",
        "change_pct": -12.28,
        "premarket": 68.1,
        "volume": 8972,
        "category": "l",
        "source": "tv",
        "shortable": true,
        "exchange_name": "N/A",
        "market_cap": 0,
        "existing": false
    },
    {
        "symbol": "FCUV",
        "company": "Focus Universal Inc.",
        "change_pct": -12.21,
        "premarket": 0.46,
        "volume": 27835,
        "category": "l",
        "source": "tv",
        "shortable": true,
        "exchange_name": "N/A",
        "market_cap": 0,
        "existing": false
    },
    {
        "symbol": "UMAC",
        "company": "Unusual Machines, Inc.",
        "change_pct": -12.0,
        "premarket": 3.08,
        "volume": 394,
        "category": "l",
        "source": "tv",
        "shortable": true,
        "exchange_name": "N/A",
        "market_cap": 0,
        "existing": false
    },
    {
        "symbol": "SNTG",
        "company": "Sentage Holdings Inc.",
        "change_pct": -11.54,
        "premarket": 2.53,
        "volume": 6742,
        "category": "l",
        "source": "tv",
        "shortable": true,
        "exchange_name": "N/A",
        "market_cap": 0,
        "existing": false
    },
    {
        "symbol": "SVMH",
        "company": "SRIVARU Holding Limited",
        "change_pct": -11.45,
        "premarket": 0.201,
        "volume": 81637,
        "category": "l",
        "source": "tv",
        "shortable": true,
        "exchange_name": "N/A",
        "market_cap": 0,
        "existing": false
    },
    {
        "symbol": "DASH",
        "company": "DoorDash, Inc.",
        "change_pct": -11.23,
        "premarket": 112.09,
        "volume": 215194,
        "category": "l",
        "source": "tv",
        "shortable": true,
        "exchange_name": "N/A",
        "market_cap": 0,
        "existing": false
    },
    {
        "symbol": "CREG",
        "company": "Smart Powerr Corp.",
        "change_pct": -11.17,
        "premarket": 1.67,
        "volume": 400,
        "category": "l",
        "source": "tv",
        "shortable": true,
        "exchange_name": "N/A",
        "market_cap": 0,
        "existing": false
    },
    {
        "symbol": "HOVR",
        "company": "New Horizon Aircraft Ltd.",
        "change_pct": -11.11,
        "premarket": 1.6,
        "volume": 700,
        "category": "l",
        "source": "tv",
        "shortable": true,
        "exchange_name": "N/A",
        "market_cap": 0,
        "existing": false
    },
    {
        "symbol": "PIK",
        "company": "Kidpik Corp.",
        "change_pct": -10.78,
        "premarket": 0.3999,
        "volume": 49797,
        "category": "l",
        "source": "tv",
        "shortable": true,
        "exchange_name": "N/A",
        "market_cap": 0,
        "existing": false
    }
]