[
    {
        "symbol": "GHL",
        "company": "Greenhill & Co., Inc.",
        "change_pct": 115.63,
        "premarket": 14.62,
        "volume": 290710,
        "category": "g",
        "source": "tv",
        "shortable": true,
        "exchange_name": "NYSE",
        "market_cap": 124.2175,
        "existing": false
    },
    {
        "symbol": "AVRO",
        "company": "AVROBIO, Inc.",
        "change_pct": 88.36,
        "premarket": 1.46,
        "volume": 15673100,
        "category": "g",
        "source": "tv",
        "shortable": true,
        "exchange_name": "NASD",
        "market_cap": 34.18585,
        "existing": false
    },
    {
        "symbol": "HEPA",
        "company": "Hepion Pharmaceuticals, Inc.",
        "change_pct": 53.83,
        "premarket": 13.65,
        "volume": 846000,
        "category": "g",
        "source": "tv",
        "shortable": true,
        "exchange_name": "NASD",
        "market_cap": 33.82157,
        "existing": false
    },
    {
        "symbol": "MBOT",
        "company": "Microbot Medical Inc.",
        "change_pct": 39.84,
        "premarket": 1.72,
        "volume": 2799100,
        "category": "g",
        "source": "tv",
        "shortable": true,
        "exchange_name": "NASD",
        "market_cap": 10.00067,
        "existing": false
    },
    {
        "symbol": "SQL",
        "company": "SeqLL Inc.",
        "change_pct": 39.16,
        "premarket": 0.4659,
        "volume": 1627100,
        "category": "g",
        "source": "tv",
        "shortable": false,
        "exchange_name": "NASD",
        "market_cap": 4.64916,
        "existing": false
    },
    {
        "symbol": "VECT",
        "company": "VectivBio Holding AG",
        "change_pct": 35.29,
        "premarket": 16.1,
        "volume": 2121100,
        "category": "g",
        "source": "tv",
        "shortable": true,
        "exchange_name": "NASD",
        "market_cap": 746.5972,
        "existing": false
    },
    {
        "symbol": "AVIR",
        "company": "Atea Pharmaceuticals, Inc.",
        "change_pct": 27.3,
        "premarket": 4.71,
        "volume": 312733,
        "category": "g",
        "source": "tv",
        "shortable": true,
        "exchange_name": "NASD",
        "market_cap": 308.5777,
        "existing": false
    },
    {
        "symbol": "CNSP",
        "company": "CNS Pharmaceuticals, Inc.",
        "change_pct": 25.16,
        "premarket": 1.99,
        "volume": 1343100,
        "category": "g",
        "source": "tv",
        "shortable": true,
        "exchange_name": "NASD",
        "market_cap": 6.58791,
        "existing": false
    },
    {
        "symbol": "NCPL",
        "company": "Netcapital Inc.",
        "change_pct": 20.97,
        "premarket": 2.37,
        "volume": 1433100,
        "category": "g",
        "source": "tv",
        "shortable": false,
        "exchange_name": "NASD",
        "market_cap": 11.90068,
        "existing": false
    },
    {
        "symbol": "NBSE",
        "company": "NeuBase Therapeutics, Inc.",
        "change_pct": 19.05,
        "premarket": 0.225,
        "volume": 464097,
        "category": "g",
        "source": "tv",
        "shortable": true,
        "exchange_name": "NASD",
        "market_cap": 6.39016,
        "existing": false
    },
    {
        "symbol": "IMMX",
        "company": "Immix Biopharma, Inc.",
        "change_pct": 18.9,
        "premarket": 1.95,
        "volume": 2502100,
        "category": "g",
        "source": "tv",
        "shortable": false,
        "exchange_name": "NASD",
        "market_cap": 24.65429,
        "existing": false
    },
    {
        "symbol": "ZVSA",
        "company": "ZyVersa Therapeutics, Inc.",
        "change_pct": 15.32,
        "premarket": 0.4869,
        "volume": 5785100,
        "category": "g",
        "source": "tv",
        "shortable": true,
        "exchange_name": "NASD",
        "market_cap": 8.53911,
        "existing": false
    },
    {
        "symbol": "ADSE",
        "company": "ADS-TEC ENERGY PLC",
        "change_pct": 15.14,
        "premarket": 6.92,
        "volume": 451,
        "category": "g",
        "source": "tv",
        "shortable": true,
        "exchange_name": "NASD",
        "market_cap": 293.7908,
        "existing": false
    },
    {
        "symbol": "FRGE",
        "company": "Forge Global Holdings, Inc.",
        "change_pct": 14.91,
        "premarket": 1.31,
        "volume": 1067,
        "category": "g",
        "source": "tv",
        "shortable": true,
        "exchange_name": "NYSE",
        "market_cap": 198.4056,
        "existing": false
    },
    {
        "symbol": "SNTG",
        "company": "Sentage Holdings Inc.",
        "change_pct": 14.63,
        "premarket": 2.59,
        "volume": 100,
        "category": "g",
        "source": "tv",
        "shortable": false,
        "exchange_name": "NASD",
        "market_cap": 6.34705,
        "existing": false
    },
    {
        "symbol": "PYPD",
        "company": "PolyPid Ltd.",
        "change_pct": 13.35,
        "premarket": 0.4312,
        "volume": 164369,
        "category": "g",
        "source": "tv",
        "shortable": false,
        "exchange_name": "NASD",
        "market_cap": 13.89016,
        "existing": false
    },
    {
        "symbol": "PACW",
        "company": "PacWest Bancorp",
        "change_pct": 12.22,
        "premarket": 6.43,
        "volume": 2817100,
        "category": "g",
        "source": "tv",
        "shortable": true,
        "exchange_name": "NASD",
        "market_cap": 676.3497,
        "existing": false
    },
    {
        "symbol": "AKBA",
        "company": "Akebia Therapeutics, Inc.",
        "change_pct": 12.07,
        "premarket": 1.3,
        "volume": 199519,
        "category": "g",
        "source": "tv",
        "shortable": true,
        "exchange_name": "NASD",
        "market_cap": 215.6766,
        "existing": false
    },
    {
        "symbol": "GNUS",
        "company": "Genius Brands International, Inc.",
        "change_pct": 11.79,
        "premarket": 2.75,
        "volume": 160822,
        "category": "g",
        "source": "tv",
        "shortable": true,
        "exchange_name": "NASD",
        "market_cap": 78.86676,
        "existing": false
    },
    {
        "symbol": "NXGL",
        "company": "NexGel, Inc",
        "change_pct": 11.66,
        "premarket": 2.12,
        "volume": 8456,
        "category": "g",
        "source": "tv",
        "shortable": false,
        "exchange_name": "NASD",
        "market_cap": 10.65879,
        "existing": false
    },
    {
        "symbol": "ARDS",
        "company": "Aridis Pharmaceuticals Inc.",
        "change_pct": 11.25,
        "premarket": 0.2225,
        "volume": 315647,
        "category": "g",
        "source": "tv",
        "shortable": true,
        "exchange_name": "NASD",
        "market_cap": 7.21551,
        "existing": false
    },
    {
        "symbol": "EFSH",
        "company": "1847 Holdings LLC",
        "change_pct": 10.31,
        "premarket": 0.3916,
        "volume": 25502,
        "category": "g",
        "source": "tv",
        "shortable": false,
        "exchange_name": "AMEX",
        "market_cap": 5.99428,
        "existing": false
    },
    {
        "symbol": "MTC",
        "company": "MMTec, Inc.",
        "change_pct": 10.24,
        "premarket": 0.8599,
        "volume": 16365,
        "category": "g",
        "source": "tv",
        "shortable": true,
        "exchange_name": "NASD",
        "market_cap": 66.41313,
        "existing": false
    },
    {
        "symbol": "CDIO",
        "company": "Cardio Diagnostics Holdings Inc.",
        "change_pct": 9.86,
        "premarket": 1.56,
        "volume": 333225,
        "category": "g",
        "source": "tv",
        "shortable": true,
        "exchange_name": "NASD",
        "market_cap": 14.16846,
        "existing": false
    },
    {
        "symbol": "ALTI",
        "company": "AlTi Global, Inc.",
        "change_pct": 9.83,
        "premarket": 5.25,
        "volume": 500,
        "category": "g",
        "source": "tv",
        "shortable": true,
        "exchange_name": "NASD",
        "market_cap": 540.2761,
        "existing": false
    },
    {
        "symbol": "AEI",
        "company": "Alset Inc.",
        "change_pct": 9.8,
        "premarket": 1.68,
        "volume": 3756,
        "category": "g",
        "source": "tv",
        "shortable": true,
        "exchange_name": "NASD",
        "market_cap": 14.12973,
        "existing": false
    },
    {
        "symbol": "TORO",
        "company": "Toro Corp.",
        "change_pct": 9.5,
        "premarket": 4.38,
        "volume": 44205,
        "category": "g",
        "source": "tv",
        "shortable": false,
        "exchange_name": "NASD",
        "market_cap": 71.84404,
        "existing": false
    },
    {
        "symbol": "TCJH",
        "company": "Top KingWin Ltd",
        "change_pct": 9.4,
        "premarket": 8.5,
        "volume": 10166,
        "category": "g",
        "source": "tv",
        "shortable": true,
        "exchange_name": "NASD",
        "market_cap": 114.6075,
        "existing": false
    },
    {
        "symbol": "JXJT",
        "company": "JX Luxventure Limited",
        "change_pct": 9.29,
        "premarket": 4.0,
        "volume": 100,
        "category": "g",
        "source": "tv",
        "shortable": true,
        "exchange_name": "NASD",
        "market_cap": 22.19128,
        "existing": false
    },
    {
        "symbol": "SFR",
        "company": "Appreciate Holdings, Inc.",
        "change_pct": 8.45,
        "premarket": 0.2875,
        "volume": 63145,
        "category": "g",
        "source": "tv",
        "shortable": false,
        "exchange_name": "NASD",
        "market_cap": 14.75179,
        "existing": false
    },
    {
        "symbol": "PDCE",
        "company": "PDC Energy, Inc.",
        "change_pct": 8.34,
        "premarket": 70.55,
        "volume": 117278,
        "category": "g",
        "source": "tv",
        "shortable": true,
        "exchange_name": "NASD",
        "market_cap": 5695.125,
        "existing": false
    },
    {
        "symbol": "BNTC",
        "company": "Benitec Biopharma Inc.",
        "change_pct": 7.88,
        "premarket": 0.2219,
        "volume": 2361,
        "category": "g",
        "source": "tv",
        "shortable": true,
        "exchange_name": "NASD",
        "market_cap": 5.75572,
        "existing": false
    },
    {
        "symbol": "SNPX",
        "company": "Synaptogenix, Inc.",
        "change_pct": 7.86,
        "premarket": 0.9299,
        "volume": 280,
        "category": "g",
        "source": "tv",
        "shortable": true,
        "exchange_name": "NASD",
        "market_cap": 6.34494,
        "existing": false
    },
    {
        "symbol": "FRTX",
        "company": "Fresh Tracks Therapeutics, Inc.",
        "change_pct": 7.82,
        "premarket": 0.55,
        "volume": 1868,
        "category": "g",
        "source": "tv",
        "shortable": true,
        "exchange_name": "NASD",
        "market_cap": 3.01289,
        "existing": false
    },
    {
        "symbol": "ORMP",
        "company": "Oramed Pharmaceuticals Inc.",
        "change_pct": 7.58,
        "premarket": 4.8,
        "volume": 36846,
        "category": "g",
        "source": "tv",
        "shortable": true,
        "exchange_name": "NASD",
        "market_cap": 178.5222,
        "existing": false
    },
    {
        "symbol": "AIM",
        "company": "AIM ImmunoTech Inc.",
        "change_pct": 7.57,
        "premarket": 0.51,
        "volume": 800,
        "category": "g",
        "source": "tv",
        "shortable": true,
        "exchange_name": "AMEX",
        "market_cap": 97.1327,
        "existing": false
    },
    {
        "symbol": "SPI",
        "company": "SPI Energy Co., Ltd.",
        "change_pct": 7.56,
        "premarket": 1.28,
        "volume": 6345,
        "category": "g",
        "source": "tv",
        "shortable": true,
        "exchange_name": "NASD",
        "market_cap": 36.04862,
        "existing": false
    },
    {
        "symbol": "CLVT",
        "company": "Clarivate Plc",
        "change_pct": 7.11,
        "premarket": 7.83,
        "volume": 2696,
        "category": "g",
        "source": "tv",
        "shortable": true,
        "exchange_name": "NYSE",
        "market_cap": 4939.838,
        "existing": false
    },
    {
        "symbol": "FRBK",
        "company": "Republic First Bancorp, Inc.",
        "change_pct": 7.03,
        "premarket": 1.37,
        "volume": 28880,
        "category": "g",
        "source": "tv",
        "shortable": true,
        "exchange_name": "NASD",
        "market_cap": 81.74988,
        "existing": false
    },
    {
        "symbol": "CARM",
        "company": "Carisma Therapeutics, Inc.",
        "change_pct": 6.94,
        "premarket": 4.93,
        "volume": 38442,
        "category": "g",
        "source": "tv",
        "shortable": true,
        "exchange_name": "NASD",
        "market_cap": 185.574,
        "existing": false
    }
]