[
    {
        "symbol": "APM",
        "company": "Aptorum Group Limited",
        "change_pct": 178.58,
        "premarket": 8.05,
        "volume": 2424100,
        "category": "g",
        "source": "tv",
        "fails": [
            "existing"
        ],
        "shortable": true,
        "exchange_name": "NASD",
        "market_cap": 11.45274,
        "tradeable": false
    },
    {
        "symbol": "IMGN",
        "company": "ImmunoGen, Inc.",
        "change_pct": 120.38,
        "premarket": 11.46,
        "volume": 12414100,
        "category": "g",
        "source": "tv",
        "fails": [
            "existing"
        ],
        "shortable": true,
        "exchange_name": "NASD",
        "market_cap": 1175.566,
        "tradeable": false
    },
    {
        "symbol": "AKAN",
        "company": "Akanda Corp.",
        "change_pct": 116.22,
        "premarket": 2.4,
        "volume": 9806099,
        "category": "g",
        "source": "tv",
        "fails": [],
        "shortable": false,
        "exchange_name": "NASD",
        "market_cap": 3.77815,
        "tradeable": true
    },
    {
        "symbol": "KRBP",
        "company": "Kiromic BioPharma, Inc.",
        "change_pct": 55.74,
        "premarket": 5.56,
        "volume": 358196,
        "category": "g",
        "source": "tv",
        "fails": [
            "existing"
        ],
        "shortable": false,
        "exchange_name": "NASD",
        "market_cap": 3.4959,
        "tradeable": false
    },
    {
        "symbol": "AKLI",
        "company": "Akili, Inc.",
        "change_pct": 45.87,
        "premarket": 1.59,
        "volume": 5110100,
        "category": "g",
        "source": "tv",
        "fails": [],
        "shortable": true,
        "exchange_name": "NASD",
        "market_cap": 85.13018,
        "tradeable": true
    },
    {
        "symbol": "RUTH",
        "company": "Ruth's Hospitality Group, Inc.",
        "change_pct": 33.31,
        "premarket": 21.37,
        "volume": 2008100,
        "category": "g",
        "source": "tv",
        "fails": [
            "existing"
        ],
        "shortable": true,
        "exchange_name": "NASD",
        "market_cap": 525.7194,
        "tradeable": false
    },
    {
        "symbol": "SNTG",
        "company": "Sentage Holdings Inc.",
        "change_pct": 31.18,
        "premarket": 3.45,
        "volume": 137064,
        "category": "g",
        "source": "tv",
        "fails": [
            "existing"
        ],
        "shortable": false,
        "exchange_name": "NASD",
        "market_cap": 7.364,
        "tradeable": false
    },
    {
        "symbol": "COMS",
        "company": "COMSovereign Holding Corp.",
        "change_pct": 28.57,
        "premarket": 2.43,
        "volume": 221119,
        "category": "g",
        "source": "tv",
        "fails": [],
        "shortable": true,
        "exchange_name": "NASD",
        "market_cap": 5.07195,
        "tradeable": true
    },
    {
        "symbol": "GDC",
        "company": "GD Culture Group Limited",
        "change_pct": 27.94,
        "premarket": 4.35,
        "volume": 743320,
        "category": "g",
        "source": "tv",
        "fails": [
            "existing"
        ],
        "shortable": true,
        "exchange_name": "NASD",
        "market_cap": 5.81925,
        "tradeable": false
    },
    {
        "symbol": "CNSP",
        "company": "CNS Pharmaceuticals, Inc.",
        "change_pct": 26.97,
        "premarket": 1.93,
        "volume": 1458100,
        "category": "g",
        "source": "tv",
        "fails": [],
        "shortable": true,
        "exchange_name": "NASD",
        "market_cap": 3.38401,
        "tradeable": true
    },
    {
        "symbol": "WWR",
        "company": "Westwater Resources, Inc.",
        "change_pct": 22.39,
        "premarket": 0.9901,
        "volume": 2963100,
        "category": "g",
        "source": "tv",
        "fails": [
            "premarket"
        ],
        "shortable": true,
        "exchange_name": "AMEX",
        "market_cap": 135.7734,
        "tradeable": false
    },
    {
        "symbol": "GFAI",
        "company": "Guardforce AI Co., Limited",
        "change_pct": -59.79,
        "premarket": 4.7,
        "volume": 673787,
        "category": "l",
        "source": "tv",
        "fails": [],
        "shortable": true,
        "exchange_name": "NASD",
        "market_cap": 18.92918,
        "tradeable": true
    },
    {
        "symbol": "VCIG",
        "company": "VCI Global Limited",
        "change_pct": -53.5,
        "premarket": 7.91,
        "volume": 22814,
        "category": "l",
        "source": "tv",
        "fails": [
            "is_shortable"
        ],
        "shortable": false,
        "exchange_name": "NASD",
        "market_cap": 629.4439,
        "tradeable": false
    },
    {
        "symbol": "ASNS",
        "company": "Actelis Networks, Inc.",
        "change_pct": -46.24,
        "premarket": 3.5,
        "volume": 18321,
        "category": "l",
        "source": "tv",
        "fails": [
            "is_shortable"
        ],
        "shortable": false,
        "exchange_name": "NASD",
        "market_cap": 11.33233,
        "tradeable": false
    },
    {
        "symbol": "IONM",
        "company": "Assure Holdings Corp.",
        "change_pct": -40.6,
        "premarket": 2.18,
        "volume": 12798,
        "category": "l",
        "source": "tv",
        "fails": [],
        "shortable": true,
        "exchange_name": "NASD",
        "market_cap": 4.04103,
        "tradeable": true
    },
    {
        "symbol": "MINM",
        "company": "Minim, Inc.",
        "change_pct": -24.69,
        "premarket": 3.69,
        "volume": 77285,
        "category": "l",
        "source": "tv",
        "fails": [
            "is_shortable"
        ],
        "shortable": false,
        "exchange_name": "NASD",
        "market_cap": 9.24892,
        "tradeable": false
    },
    {
        "symbol": "SMFL",
        "company": "Smart for Life, Inc.",
        "change_pct": -23.05,
        "premarket": 2.37,
        "volume": 113094,
        "category": "l",
        "source": "tv",
        "fails": [],
        "shortable": true,
        "exchange_name": "NASD",
        "market_cap": 2.41335,
        "tradeable": true
    },
    {
        "symbol": "NYMX",
        "company": "Nymox Pharmaceutical Corporation",
        "change_pct": -21.95,
        "premarket": 0.32,
        "volume": 100,
        "category": "l",
        "source": "tv",
        "fails": [
            "premarket",
            "shares_value"
        ],
        "shortable": true,
        "exchange_name": "NASD",
        "market_cap": 37.11121,
        "tradeable": false
    },
    {
        "symbol": "IMMX",
        "company": "Immix Biopharma, Inc.",
        "change_pct": -18.97,
        "premarket": 2.35,
        "volume": 544688,
        "category": "l",
        "source": "tv",
        "fails": [
            "is_shortable"
        ],
        "shortable": false,
        "exchange_name": "NASD",
        "market_cap": 40.45158,
        "tradeable": false
    },
    {
        "symbol": "WAFU",
        "company": "Wah Fu Education Group Limited",
        "change_pct": -18.87,
        "premarket": 2.15,
        "volume": 76796,
        "category": "l",
        "source": "tv",
        "fails": [],
        "shortable": true,
        "exchange_name": "NASD",
        "market_cap": 11.76623,
        "tradeable": true
    },
    {
        "symbol": "SPT",
        "company": "Sprout Social, Inc",
        "change_pct": -17.63,
        "premarket": 39.8,
        "volume": 39117,
        "category": "l",
        "source": "tv",
        "fails": [],
        "shortable": true,
        "exchange_name": "NASD",
        "market_cap": 2675.81,
        "tradeable": true
    },
    {
        "symbol": "EL",
        "company": "Estee Lauder Companies, Inc. (The)",
        "change_pct": -16.83,
        "premarket": 203.95,
        "volume": 133919,
        "category": "l",
        "source": "tv",
        "fails": [],
        "shortable": true,
        "exchange_name": "NYSE",
        "market_cap": 87597.54,
        "tradeable": true
    }
]