{
    "RGLS": {
        "symbol": "RGLS",
        "company": "Regulus Therapeutics Inc.",
        "change_pct": 133.53,
        "premarket": 7.87,
        "volume": 5090000,
        "category": "g",
        "market_cap": 231189410,
        "pe_ratio": -4.09607
    },
    "JFBR": {
        "symbol": "JFBR",
        "company": "Jeffs' Brands Ltd",
        "change_pct": 95.29,
        "premarket": 1.66,
        "volume": 30530000,
        "category": "g",
        "market_cap": 0,
        "pe_ratio": 0.0
    },
    "SAGT": {
        "symbol": "SAGT",
        "company": "SAGTEC GLOBAL LIMITED",
        "change_pct": 47.17,
        "premarket": 5.99,
        "volume": 242040,
        "category": "g",
        "market_cap": 48192000,
        "pe_ratio": 29.11
    },
    "PTPI": {
        "symbol": "PTPI",
        "company": "Petros Pharmaceuticals, Inc.",
        "change_pct": 28.46,
        "premarket": 0.0167,
        "volume": 230870000,
        "category": "g",
        "market_cap": 3098752,
        "pe_ratio": -0.00389
    },
    "LGMK": {
        "symbol": "LGMK",
        "company": "LogicMark, Inc.",
        "change_pct": 27.61,
        "premarket": 0.0208,
        "volume": 207730000,
        "category": "g",
        "market_cap": 781588,
        "pe_ratio": -0.00111
    },
    "IVF": {
        "symbol": "IVF",
        "company": "INVO Fertility, Inc.",
        "change_pct": 26.09,
        "premarket": 2.03,
        "volume": 11130000,
        "category": "g",
        "market_cap": 1178920,
        "pe_ratio": 1.3
    },
    "SERA": {
        "symbol": "SERA",
        "company": "Sera Prognostics, Inc.",
        "change_pct": 24.16,
        "premarket": 3.7,
        "volume": 200,
        "category": "g",
        "market_cap": 112990686,
        "pe_ratio": -3.00346
    },
    "STSS": {
        "symbol": "STSS",
        "company": "Sharps Technology Inc.",
        "change_pct": 22.0,
        "premarket": 6.1,
        "volume": 4670000,
        "category": "g",
        "market_cap": 309247,
        "pe_ratio": -0.00273
    },
    "ULY": {
        "symbol": "ULY",
        "company": "Urgent.ly Inc.",
        "change_pct": 21.91,
        "premarket": 13.91,
        "volume": 65720,
        "category": "g",
        "market_cap": 9336742,
        "pe_ratio": -0.28987
    },
    "OCTO": {
        "symbol": "OCTO",
        "company": "Eightco Holdings Inc.",
        "change_pct": 21.37,
        "premarket": 1.59,
        "volume": 724910,
        "category": "g",
        "market_cap": 3501455,
        "pe_ratio": 8.81146
    },
    "JTAI": {
        "symbol": "JTAI",
        "company": "Jet.AI Inc.",
        "change_pct": 17.8,
        "premarket": 4.5,
        "volume": 2780000,
        "category": "g",
        "market_cap": 8419953,
        "pe_ratio": -0.07969
    },
    "CHX": {
        "symbol": "CHX",
        "company": "ChampionX Corporation",
        "change_pct": 17.55,
        "premarket": 29.0,
        "volume": 1300,
        "category": "g",
        "market_cap": 4718484000,
        "pe_ratio": 14.95152
    },
    "RCKY": {
        "symbol": "RCKY",
        "company": "Rocky Brands, Inc.",
        "change_pct": 17.42,
        "premarket": 16.38,
        "volume": 2700,
        "category": "g",
        "market_cap": 100444603,
        "pe_ratio": 9.17763
    },
    "WW": {
        "symbol": "WW",
        "company": "WW International, Inc.",
        "change_pct": 17.05,
        "premarket": 0.8568,
        "volume": 26330000,
        "category": "g",
        "market_cap": 33132552,
        "pe_ratio": -0.1685
    },
    "ADVB": {
        "symbol": "ADVB",
        "company": "Advanced Biomed Inc.",
        "change_pct": 15.99,
        "premarket": 2.32,
        "volume": 100,
        "category": "g",
        "market_cap": 43280000,
        "pe_ratio": 0.0
    },
    "PAPL": {
        "symbol": "PAPL",
        "company": "Pineapple Financial Inc.",
        "change_pct": 15.71,
        "premarket": 0.2467,
        "volume": 352,
        "category": "g",
        "market_cap": 2133213,
        "pe_ratio": -0.46187
    },
    "JAKK": {
        "symbol": "JAKK",
        "company": "JAKKS Pacific, Inc.",
        "change_pct": 15.62,
        "premarket": 22.5,
        "volume": 507,
        "category": "g",
        "market_cap": 217797334,
        "pe_ratio": 6.19745
    },
    "NVNI": {
        "symbol": "NVNI",
        "company": "Nvni Group Limited",
        "change_pct": 14.88,
        "premarket": 0.2447,
        "volume": 15400000,
        "category": "g",
        "market_cap": 14290739,
        "pe_ratio": -1.19054
    },
    "NTRB": {
        "symbol": "NTRB",
        "company": "Nutriband Inc.",
        "change_pct": 13.56,
        "premarket": 6.45,
        "volume": 11680,
        "category": "g",
        "market_cap": 64860120,
        "pe_ratio": -5.73737
    },
    "NWTN": {
        "symbol": "NWTN",
        "company": "NWTN Inc.",
        "change_pct": 12.13,
        "premarket": 0.415,
        "volume": 406,
        "category": "g",
        "market_cap": 100737655,
        "pe_ratio": -0.94385
    },
    "FAAS": {
        "symbol": "FAAS",
        "company": "DigiAsia Corp.",
        "change_pct": 11.96,
        "premarket": 0.25,
        "volume": 6480,
        "category": "g",
        "market_cap": 14353619,
        "pe_ratio": -0.00043
    },
    "MEGL": {
        "symbol": "MEGL",
        "company": "Magic Empire Global Limited",
        "change_pct": 11.9,
        "premarket": 1.41,
        "volume": 100,
        "category": "g",
        "market_cap": 6709866,
        "pe_ratio": -10.4773
    },
    "VEEE": {
        "symbol": "VEEE",
        "company": "Twin Vee PowerCats Co.",
        "change_pct": 11.11,
        "premarket": 2.8,
        "volume": 5900,
        "category": "g",
        "market_cap": 3763235,
        "pe_ratio": -0.22887
    },
    "ORN": {
        "symbol": "ORN",
        "company": "Orion Group Holdings, Inc.",
        "change_pct": 10.9,
        "premarket": 7.02,
        "volume": 1360,
        "category": "g",
        "market_cap": 236506562,
        "pe_ratio": -126.6
    },
    "ALBT": {
        "symbol": "ALBT",
        "company": "Avalon GloboCare Corp.",
        "change_pct": 10.7,
        "premarket": 4.14,
        "volume": 135,
        "category": "g",
        "market_cap": 6689251,
        "pe_ratio": -0.44322
    },
    "DTCK": {
        "symbol": "DTCK",
        "company": "Davis Commodities Limited",
        "change_pct": 10.6,
        "premarket": 0.7576,
        "volume": 1590,
        "category": "g",
        "market_cap": 16415418,
        "pe_ratio": 36.68988
    },
    "PHLT": {
        "symbol": "PHLT",
        "company": "Performant Healthcare, Inc.",
        "change_pct": 10.45,
        "premarket": 2.6,
        "volume": 747,
        "category": "g",
        "market_cap": 187157649,
        "pe_ratio": -18.07692
    },
    "FRGE": {
        "symbol": "FRGE",
        "company": "Forge Global Holdings, Inc.",
        "change_pct": 10.07,
        "premarket": 16.5,
        "volume": 1430,
        "category": "g",
        "market_cap": 166451992,
        "pe_ratio": -2.75952
    },
    "ODD": {
        "symbol": "ODD",
        "company": "ODDITY Tech Ltd.",
        "change_pct": 9.91,
        "premarket": 51.8,
        "volume": 38910,
        "category": "g",
        "market_cap": 2515622792,
        "pe_ratio": 28.68586
    },
    "BGI": {
        "symbol": "BGI",
        "company": "Birks Group Inc.",
        "change_pct": 9.62,
        "premarket": 1.14,
        "volume": 4020,
        "category": "g",
        "market_cap": 20081884,
        "pe_ratio": -4.33117
    },
    "UGRO": {
        "symbol": "UGRO",
        "company": "urban-gro, Inc.",
        "change_pct": 9.46,
        "premarket": 0.4641,
        "volume": 31290,
        "category": "g",
        "market_cap": 5713450,
        "pe_ratio": -0.39751
    },
    "GEG": {
        "symbol": "GEG",
        "company": "Great Elm Group, Inc.",
        "change_pct": 9.42,
        "premarket": 2.09,
        "volume": 100,
        "category": "g",
        "market_cap": 54982610,
        "pe_ratio": 19100.0
    },
    "MYNZ": {
        "symbol": "MYNZ",
        "company": "Mainz Biomed N.V.",
        "change_pct": 9.27,
        "premarket": 3.89,
        "volume": 17000,
        "category": "g",
        "market_cap": 11243756,
        "pe_ratio": -0.15921
    },
    "LUD": {
        "symbol": "LUD",
        "company": "Luda Technology Group Limited",
        "change_pct": 9.26,
        "premarket": 4.6,
        "volume": 100,
        "category": "g",
        "market_cap": 96659400,
        "pe_ratio": 52.46
    },
    "OB": {
        "symbol": "OB",
        "company": "Outbrain Inc.",
        "change_pct": 9.19,
        "premarket": 4.04,
        "volume": 600,
        "category": "g",
        "market_cap": 356973558,
        "pe_ratio": -35.22803
    },
    "INEO": {
        "symbol": "INEO",
        "company": "INNEOVA Holdings Limited",
        "change_pct": 9.17,
        "premarket": 1.31,
        "volume": 4040000,
        "category": "g",
        "market_cap": 14760000,
        "pe_ratio": 7.58
    },
    "FORD": {
        "symbol": "FORD",
        "company": "Forward Industries, Inc.",
        "change_pct": 8.9,
        "premarket": 6.69,
        "volume": 400,
        "category": "g",
        "market_cap": 6705510,
        "pe_ratio": -2.97406
    },
    "FRSH": {
        "symbol": "FRSH",
        "company": "Freshworks Inc.",
        "change_pct": 8.79,
        "premarket": 15.6,
        "volume": 18900,
        "category": "g",
        "market_cap": 4201896131,
        "pe_ratio": -45.23659
    },
    "PRZO": {
        "symbol": "PRZO",
        "company": "ParaZero Technologies Ltd.",
        "change_pct": 8.73,
        "premarket": 0.8155,
        "volume": 155440,
        "category": "g",
        "market_cap": 12983424,
        "pe_ratio": -0.75514
    },
    "FFWM": {
        "symbol": "FFWM",
        "company": "First Foundation Inc.",
        "change_pct": 8.65,
        "premarket": 5.4,
        "volume": 2410,
        "category": "g",
        "market_cap": 401220165,
        "pe_ratio": -3.52482
    },
    "BIVI": {
        "symbol": "BIVI",
        "company": "BioVie Inc.",
        "change_pct": 8.28,
        "premarket": 0.8967,
        "volume": 2410,
        "category": "g",
        "market_cap": 15687874,
        "pe_ratio": -0.26494
    },
    "JUNS": {
        "symbol": "JUNS",
        "company": "Jupiter Neurosciences, Inc.",
        "change_pct": 8.22,
        "premarket": 0.69,
        "volume": 1580,
        "category": "g",
        "market_cap": 22179586,
        "pe_ratio": -7.52242
    },
    "GORV": {
        "symbol": "GORV",
        "company": "Lazydays Holdings, Inc.",
        "change_pct": 8.01,
        "premarket": 0.24,
        "volume": 226,
        "category": "g",
        "market_cap": 25152723,
        "pe_ratio": -0.02458
    },
    "WDC": {
        "symbol": "WDC",
        "company": "Western Digital Corporation",
        "change_pct": 7.71,
        "premarket": 43.75,
        "volume": 224280,
        "category": "g",
        "market_cap": 14229475830,
        "pe_ratio": 11.46654
    },
    "HMST": {
        "symbol": "HMST",
        "company": "HomeStreet, Inc.",
        "change_pct": 7.69,
        "premarket": 11.9,
        "volume": 200,
        "category": "g",
        "market_cap": 210020968,
        "pe_ratio": -1.47582
    },
    "NCL": {
        "symbol": "NCL",
        "company": "Northann Corp.",
        "change_pct": 7.54,
        "premarket": 0.3967,
        "volume": 664,
        "category": "g",
        "market_cap": 40190512,
        "pe_ratio": -1.99115
    },
    "SISI": {
        "symbol": "SISI",
        "company": "Shineco, Inc.",
        "change_pct": 7.27,
        "premarket": 0.9,
        "volume": 24170,
        "category": "g",
        "market_cap": 12113508,
        "pe_ratio": -0.02474
    },
    "HCWC": {
        "symbol": "HCWC",
        "company": "Healthy Choice Wellness Corp.",
        "change_pct": 7.12,
        "premarket": 0.4499,
        "volume": 6290,
        "category": "g",
        "market_cap": 7693817,
        "pe_ratio": -0.87566
    },
    "TELO": {
        "symbol": "TELO",
        "company": "Telomir Pharmaceuticals, Inc.",
        "change_pct": 7.11,
        "premarket": 2.71,
        "volume": 1300,
        "category": "g",
        "market_cap": 74109050,
        "pe_ratio": -4.52036
    },
    "GCTK": {
        "symbol": "GCTK",
        "company": "GlucoTrack, Inc.",
        "change_pct": 7.0,
        "premarket": 0.1834,
        "volume": 25720000,
        "category": "g",
        "market_cap": 4451938,
        "pe_ratio": -0.0025
    },
    "OI": {
        "symbol": "OI",
        "company": "O-I Glass, Inc.",
        "change_pct": 7.0,
        "premarket": 13.0,
        "volume": 100,
        "category": "g",
        "market_cap": 1851386242,
        "pe_ratio": -17.6087
    },
    "NIVF": {
        "symbol": "NIVF",
        "company": "NewGenIvf Group Limited",
        "change_pct": 6.92,
        "premarket": 0.3336,
        "volume": 5240,
        "category": "g",
        "market_cap": 525855,
        "pe_ratio": -0.21296
    },
    "DMRC": {
        "symbol": "DMRC",
        "company": "Digimarc Corporation",
        "change_pct": 6.54,
        "premarket": 14.5,
        "volume": 500,
        "category": "g",
        "market_cap": 277209519,
        "pe_ratio": -7.41766
    },
    "NVEE": {
        "symbol": "NVEE",
        "company": "NV5 Global, Inc.",
        "change_pct": 6.42,
        "premarket": 18.9,
        "volume": 3520,
        "category": "g",
        "market_cap": 1136918915,
        "pe_ratio": 40.36364
    },
    "TLSA": {
        "symbol": "TLSA",
        "company": "Tiziana Life Sciences Ltd",
        "change_pct": 6.33,
        "premarket": 1.32,
        "volume": 550,
        "category": "g",
        "market_cap": 142902531,
        "pe_ratio": -9.29326
    },
    "SCLX": {
        "symbol": "SCLX",
        "company": "Scilex Holding Company",
        "change_pct": 6.29,
        "premarket": 4.9,
        "volume": 1200,
        "category": "g",
        "market_cap": 25915952,
        "pe_ratio": -0.21615
    },
    "MNDR": {
        "symbol": "MNDR",
        "company": "Mobile-health Network Solutions",
        "change_pct": 6.27,
        "premarket": 1.51,
        "volume": 83440,
        "category": "g",
        "market_cap": 6208506,
        "pe_ratio": -0.31635
    },
    "ASPS": {
        "symbol": "ASPS",
        "company": "Altisource Portfolio Solutions S.A.",
        "change_pct": 6.25,
        "premarket": 1.02,
        "volume": 400,
        "category": "g",
        "market_cap": 87389448,
        "pe_ratio": -0.768
    },
    "CLIR": {
        "symbol": "CLIR",
        "company": "ClearSign Technologies Corporation",
        "change_pct": 6.24,
        "premarket": 0.5773,
        "volume": 150,
        "category": "g",
        "market_cap": 28908958,
        "pe_ratio": -4.94
    },
    "RNXT": {
        "symbol": "RNXT",
        "company": "RenovoRx, Inc.",
        "change_pct": 6.21,
        "premarket": 1.03,
        "volume": 100,
        "category": "g",
        "market_cap": 35523442,
        "pe_ratio": -2.45048
    },
    "HBIO": {
        "symbol": "HBIO",
        "company": "Harvard Bioscience, Inc.",
        "change_pct": 6.19,
        "premarket": 0.3928,
        "volume": 650,
        "category": "g",
        "market_cap": 16858486,
        "pe_ratio": -1.29826
    },
    "PCSA": {
        "symbol": "PCSA",
        "company": "Processa Pharmaceuticals, Inc.",
        "change_pct": 6.19,
        "premarket": 0.2436,
        "volume": 14200,
        "category": "g",
        "market_cap": 1239852,
        "pe_ratio": -0.05924
    },
    "QRVO": {
        "symbol": "QRVO",
        "company": "Qorvo, Inc.",
        "change_pct": 6.16,
        "premarket": 66.51,
        "volume": 35320,
        "category": "g",
        "market_cap": 5958717881,
        "pe_ratio": 221.57383
    },
    "THAR": {
        "symbol": "THAR",
        "company": "Tharimmune, Inc.",
        "change_pct": 6.08,
        "premarket": 1.57,
        "volume": 46090,
        "category": "g",
        "market_cap": 2867904,
        "pe_ratio": -0.15729
    },
    "STX": {
        "symbol": "STX",
        "company": "Seagate Technology Holdings PLC",
        "change_pct": 6.0,
        "premarket": 86.5,
        "volume": 106100,
        "category": "g",
        "market_cap": 17393879408,
        "pe_ratio": 14.96435
    },
    "SMP": {
        "symbol": "SMP",
        "company": "Standard Motor Products, Inc.",
        "change_pct": 5.91,
        "premarket": 25.8,
        "volume": 1610,
        "category": "g",
        "market_cap": 544431773,
        "pe_ratio": 10.10788
    },
    "EVR": {
        "symbol": "EVR",
        "company": "Evercore Inc.",
        "change_pct": 5.88,
        "premarket": 210.7,
        "volume": 100,
        "category": "g",
        "market_cap": 7715579701,
        "pe_ratio": 21.9163
    },
    "FLYY": {
        "symbol": "FLYY",
        "company": "Spirit Aviation Holdings, Inc.",
        "change_pct": 5.84,
        "premarket": 9.42,
        "volume": 6770,
        "category": "g",
        "market_cap": 0,
        "pe_ratio": 0.0
    },
    "KIRK": {
        "symbol": "KIRK",
        "company": "Kirkland's, Inc.",
        "change_pct": 5.84,
        "premarket": 1.45,
        "volume": 2050,
        "category": "g",
        "market_cap": 18496298,
        "pe_ratio": -0.85142
    },
    "VREX": {
        "symbol": "VREX",
        "company": "Varex Imaging Corporation",
        "change_pct": 5.83,
        "premarket": 8.9,
        "volume": 300,
        "category": "g",
        "market_cap": 350463500,
        "pe_ratio": -7.20929
    },
    "PCB": {
        "symbol": "PCB",
        "company": "PCB Bancorp",
        "change_pct": 5.79,
        "premarket": 21.0,
        "volume": 200,
        "category": "g",
        "market_cap": 278227482,
        "pe_ratio": 10.23164
    },
    "HUM": {
        "symbol": "HUM",
        "company": "Humana Inc.",
        "change_pct": 5.71,
        "premarket": 274.18,
        "volume": 5380,
        "category": "g",
        "market_cap": 31766301005,
        "pe_ratio": 25.98798
    },
    "BBIO": {
        "symbol": "BBIO",
        "company": "BridgeBio Pharma, Inc.",
        "change_pct": 5.71,
        "premarket": 38.5,
        "volume": 115480,
        "category": "g",
        "market_cap": 6813932665,
        "pe_ratio": -12.64904
    },
    "FNGR": {
        "symbol": "FNGR",
        "company": "FingerMotion, Inc.",
        "change_pct": 5.62,
        "premarket": 1.88,
        "volume": 3000,
        "category": "g",
        "market_cap": 111996724,
        "pe_ratio": -17.34724
    },
    "INTZ": {
        "symbol": "INTZ",
        "company": "Intrusion Inc.",
        "change_pct": 5.6,
        "premarket": 1.32,
        "volume": 11330,
        "category": "g",
        "market_cap": 26306175,
        "pe_ratio": -0.76687
    },
    "DFIN": {
        "symbol": "DFIN",
        "company": "Donnelley Financial Solutions, Inc.",
        "change_pct": 5.39,
        "premarket": 48.89,
        "volume": 450,
        "category": "g",
        "market_cap": 1289560746,
        "pe_ratio": 15.16013
    },
    "VLTO": {
        "symbol": "VLTO",
        "company": "Veralto Corp",
        "change_pct": 5.27,
        "premarket": 98.0,
        "volume": 100,
        "category": "g",
        "market_cap": 22838125451,
        "pe_ratio": 27.87126
    },
    "ZBIO": {
        "symbol": "ZBIO",
        "company": "Zenas BioPharma, Inc.",
        "change_pct": 5.27,
        "premarket": 11.79,
        "volume": 300,
        "category": "g",
        "market_cap": 415903393,
        "pe_ratio": -0.94165
    },
    "SNYR": {
        "symbol": "SNYR",
        "company": "Synergy CHC Corp.",
        "change_pct": 5.26,
        "premarket": 2.0,
        "volume": 820,
        "category": "g",
        "market_cap": 16458441,
        "pe_ratio": 6.78571
    },
    "TT": {
        "symbol": "TT",
        "company": "Trane Technologies plc",
        "change_pct": 5.25,
        "premarket": 372.0,
        "volume": 700,
        "category": "g",
        "market_cap": 78797901472,
        "pe_ratio": 31.14009
    },
    "XPO": {
        "symbol": "XPO",
        "company": "XPO, Inc.",
        "change_pct": 5.19,
        "premarket": 102.49,
        "volume": 18680,
        "category": "g",
        "market_cap": 11487778203,
        "pe_ratio": 30.16409
    },
    "ENTO": {
        "symbol": "ENTO",
        "company": "Entero Therapeutics Inc.",
        "change_pct": 5.11,
        "premarket": 0.37,
        "volume": 1230,
        "category": "g",
        "market_cap": 1755694,
        "pe_ratio": -0.07624
    },
    "TTI": {
        "symbol": "TTI",
        "company": "Tetra Technologies, Inc.",
        "change_pct": 5.05,
        "premarket": 2.9,
        "volume": 22850,
        "category": "g",
        "market_cap": 358788170,
        "pe_ratio": 3.2093
    },
    "SMRT": {
        "symbol": "SMRT",
        "company": "SmartRent, Inc.",
        "change_pct": 5.01,
        "premarket": 0.9591,
        "volume": 100,
        "category": "g",
        "market_cap": 177327862,
        "pe_ratio": -5.40702
    },
    "FRGT": {
        "symbol": "FRGT",
        "company": "Freight Technologies, Inc.",
        "change_pct": 5.01,
        "premarket": 1.0497,
        "volume": 4260000,
        "category": "g",
        "market_cap": 6536716,
        "pe_ratio": -0.16291
    },
    "FUNC": {
        "symbol": "FUNC",
        "company": "First",
        "change_pct": 4.99,
        "premarket": 31.76,
        "volume": 100,
        "category": "g",
        "market_cap": 194294233,
        "pe_ratio": 8.67924
    },
    "VOR": {
        "symbol": "VOR",
        "company": "Vor Biopharma Inc.",
        "change_pct": 4.99,
        "premarket": 0.7138,
        "volume": 150,
        "category": "g",
        "market_cap": 87108924,
        "pe_ratio": -0.39955
    },
    "CURI": {
        "symbol": "CURI",
        "company": "CuriosityStream Inc.",
        "change_pct": 4.95,
        "premarket": 3.39,
        "volume": 170,
        "category": "g",
        "market_cap": 203995997,
        "pe_ratio": -13.45833
    },
    "JAMF": {
        "symbol": "JAMF",
        "company": "Jamf Holding Corp.",
        "change_pct": 4.95,
        "premarket": 12.3,
        "volume": 500,
        "category": "g",
        "market_cap": 1509472161,
        "pe_ratio": -21.91801
    },
    "NTCL": {
        "symbol": "NTCL",
        "company": "NETCLASS TECHNOLOGY INC",
        "change_pct": 4.94,
        "premarket": 15.07,
        "volume": 304,
        "category": "g",
        "market_cap": 231790000,
        "pe_ratio": 0.0
    },
    "LIPO": {
        "symbol": "LIPO",
        "company": "Lipella Pharmaceuticals Inc.",
        "change_pct": 4.9,
        "premarket": 2.57,
        "volume": 100,
        "category": "g",
        "market_cap": 6716116,
        "pe_ratio": -0.51148
    },
    "BW": {
        "symbol": "BW",
        "company": "Babcock & Wilcox Enterprises, Inc.",
        "change_pct": 4.9,
        "premarket": 0.45,
        "volume": 1620,
        "category": "g",
        "market_cap": 41152562,
        "pe_ratio": -0.44734
    },
    "XBIT": {
        "symbol": "XBIT",
        "company": "XBiotech Inc.",
        "change_pct": 4.88,
        "premarket": 3.01,
        "volume": 624,
        "category": "g",
        "market_cap": 87804665,
        "pe_ratio": -2.2689
    },
    "CARM": {
        "symbol": "CARM",
        "company": "Carisma Therapeutics, Inc.",
        "change_pct": 4.87,
        "premarket": 0.2131,
        "volume": 600,
        "category": "g",
        "market_cap": 8524771,
        "pe_ratio": -0.13929
    },
    "WATT": {
        "symbol": "WATT",
        "company": "Energous Corporation",
        "change_pct": 4.86,
        "premarket": 0.2936,
        "volume": 17050,
        "category": "g",
        "market_cap": 8729253,
        "pe_ratio": -0.10887
    },
    "SCNX": {
        "symbol": "SCNX",
        "company": "Scienture Holdings, Inc.",
        "change_pct": 4.83,
        "premarket": 0.99,
        "volume": 2860,
        "category": "g",
        "market_cap": 12640169,
        "pe_ratio": -0.17457
    },
    "MITQ": {
        "symbol": "MITQ",
        "company": "Moving iMage Technologies, Inc.",
        "change_pct": 4.8,
        "premarket": 0.5898,
        "volume": 100,
        "category": "g",
        "market_cap": 5652091,
        "pe_ratio": -3.62139
    },
    "WHWK": {
        "symbol": "WHWK",
        "company": "Whitehawk Therapeutics, Inc.",
        "change_pct": 4.76,
        "premarket": 1.54,
        "volume": 150,
        "category": "g",
        "market_cap": 69241234,
        "pe_ratio": -0.62386
    },
    "CHR": {
        "symbol": "CHR",
        "company": "Cheer Holding, Inc.",
        "change_pct": 4.76,
        "premarket": 1.1,
        "volume": 1000,
        "category": "g",
        "market_cap": 12863702,
        "pe_ratio": 0.41761
    },
    "CLW": {
        "symbol": "CLW",
        "company": "Clearwater Paper Corporation",
        "change_pct": 4.76,
        "premarket": 26.2,
        "volume": 200,
        "category": "g",
        "market_cap": 396146308,
        "pe_ratio": -5.6712
    },
    "INNV": {
        "symbol": "INNV",
        "company": "InnovAge Holding Corp.",
        "change_pct": -37.7,
        "premarket": 1.9,
        "volume": 100,
        "category": "l",
        "market_cap": 412493428,
        "pe_ratio": -16.05855
    },
    "LITM": {
        "symbol": "LITM",
        "company": "Snow Lake Resources Ltd.",
        "change_pct": -28.78,
        "premarket": 0.3103,
        "volume": 3170000,
        "category": "l",
        "market_cap": 38938399,
        "pe_ratio": -2.33996
    },
    "WGS": {
        "symbol": "WGS",
        "company": "GeneDx Holdings Corp.",
        "change_pct": -26.97,
        "premarket": 85.42,
        "volume": 158470,
        "category": "l",
        "market_cap": 3209524408,
        "pe_ratio": -60.15892
    },
    "PHX": {
        "symbol": "PHX",
        "company": "PHX Minerals Inc.",
        "change_pct": -23.87,
        "premarket": 3.03,
        "volume": 200,
        "category": "l",
        "market_cap": 149818240,
        "pe_ratio": 66.33333
    },
    "CYCC": {
        "symbol": "CYCC",
        "company": "Cyclacel Pharmaceuticals, Inc.",
        "change_pct": -22.28,
        "premarket": 0.2361,
        "volume": 1170000,
        "category": "l",
        "market_cap": 59153071,
        "pe_ratio": -0.14511
    },
    "SMCI": {
        "symbol": "SMCI",
        "company": "Super Micro Computer, Inc.",
        "change_pct": -19.98,
        "premarket": 28.81,
        "volume": 6450000,
        "category": "l",
        "market_cap": 22119049989,
        "pe_ratio": 15.76665
    },
    "EGAN": {
        "symbol": "EGAN",
        "company": "eGain Corporation",
        "change_pct": -17.94,
        "premarket": 4.3,
        "volume": 100,
        "category": "l",
        "market_cap": 141217218,
        "pe_ratio": 35.7484
    },
    "CJET": {
        "symbol": "CJET",
        "company": "Chijet Motor Company, Inc.",
        "change_pct": -17.17,
        "premarket": 1.64,
        "volume": 1700,
        "category": "l",
        "market_cap": 10228651,
        "pe_ratio": -0.21613
    },
    "TENB": {
        "symbol": "TENB",
        "company": "Tenable Holdings, Inc.",
        "change_pct": -16.78,
        "premarket": 28.03,
        "volume": 57580,
        "category": "l",
        "market_cap": 3979525566,
        "pe_ratio": -108.64516
    },
    "WNC": {
        "symbol": "WNC",
        "company": "Wabash National Corporation",
        "change_pct": -16.67,
        "premarket": 8.3,
        "volume": 4940,
        "category": "l",
        "market_cap": 424986179,
        "pe_ratio": -1.5553
    },
    "APP": {
        "symbol": "APP",
        "company": "Applovin Corporation",
        "change_pct": -15.71,
        "premarket": 243.5,
        "volume": 298870,
        "category": "l",
        "market_cap": 96426562063,
        "pe_ratio": 63.70671
    },
    "SNAP": {
        "symbol": "SNAP",
        "company": "Snap Inc.",
        "change_pct": -15.18,
        "premarket": 7.71,
        "volume": 3640000,
        "category": "l",
        "market_cap": 14978867630,
        "pe_ratio": -21.61147
    },
    "IXHL": {
        "symbol": "IXHL",
        "company": "Incannex Healthcare Inc.",
        "change_pct": -13.76,
        "premarket": 0.131,
        "volume": 1380000,
        "category": "l",
        "market_cap": 16803519,
        "pe_ratio": -0.10854
    },
    "NTHI": {
        "symbol": "NTHI",
        "company": "NeOnc Technologies Holdings, Inc.",
        "change_pct": -13.19,
        "premarket": 5.2,
        "volume": 200,
        "category": "l",
        "market_cap": 112287731,
        "pe_ratio": 0.0
    },
    "BEEP": {
        "symbol": "BEEP",
        "company": "Mobile Infrastructure Corporation",
        "change_pct": -12.62,
        "premarket": 3.6,
        "volume": 100,
        "category": "l",
        "market_cap": 176790000,
        "pe_ratio": -17.49172
    },
    "SES": {
        "symbol": "SES",
        "company": "SES AI Corporation",
        "change_pct": -12.52,
        "premarket": 0.8447,
        "volume": 1470000,
        "category": "l",
        "market_cap": 383093373,
        "pe_ratio": -3.22792
    },
    "ZBAI": {
        "symbol": "ZBAI",
        "company": "ATIF Holdings Limited",
        "change_pct": -12.5,
        "premarket": 0.91,
        "volume": 35620,
        "category": "l",
        "market_cap": 17317452,
        "pe_ratio": -2.702
    },
    "FSLR": {
        "symbol": "FSLR",
        "company": "First Solar, Inc.",
        "change_pct": -12.34,
        "premarket": 120.3,
        "volume": 316060,
        "category": "l",
        "market_cap": 15091943884,
        "pe_ratio": 11.41764
    },
    "MULN": {
        "symbol": "MULN",
        "company": "Mullen Automotive, Inc.",
        "change_pct": -12.14,
        "premarket": 0.43,
        "volume": 864250,
        "category": "l",
        "market_cap": 1416000,
        "pe_ratio": -0.00033
    },
    "AMIX": {
        "symbol": "AMIX",
        "company": "Autonomix Medical, Inc.",
        "change_pct": -11.86,
        "premarket": 2.23,
        "volume": 901220,
        "category": "l",
        "market_cap": 5763380,
        "pe_ratio": -0.19678
    },
    "COEP": {
        "symbol": "COEP",
        "company": "Coeptis Therapeutics Holdings, Inc.",
        "change_pct": -11.69,
        "premarket": 8.76,
        "volume": 100,
        "category": "l",
        "market_cap": 30183502,
        "pe_ratio": -1.94551
    },
    "SLGL": {
        "symbol": "SLGL",
        "company": "Sol-Gel Technologies Ltd.",
        "change_pct": -11.59,
        "premarket": 0.7524,
        "volume": 1500,
        "category": "l",
        "market_cap": 22620387,
        "pe_ratio": -2.44681
    },
    "NOVA": {
        "symbol": "NOVA",
        "company": "Sunnova Energy International Inc.",
        "change_pct": -11.31,
        "premarket": 0.2,
        "volume": 611790,
        "category": "l",
        "market_cap": 28531194,
        "pe_ratio": -0.07615
    },
    "SLRX": {
        "symbol": "SLRX",
        "company": "Salarius Pharmaceuticals, Inc.",
        "change_pct": -11.16,
        "premarket": 0.6201,
        "volume": 17010,
        "category": "l",
        "market_cap": 1218519,
        "pe_ratio": -0.12045
    },
    "VLY": {
        "symbol": "VLY",
        "company": "Valley National Bancorp",
        "change_pct": -11.07,
        "premarket": 7.71,
        "volume": 200,
        "category": "l",
        "market_cap": 4833042511,
        "pe_ratio": 12.55176
    },
    "BLCO": {
        "symbol": "BLCO",
        "company": "Bausch + Lomb Corporation",
        "change_pct": -10.42,
        "premarket": 12.29,
        "volume": 26320,
        "category": "l",
        "market_cap": 4825711679,
        "pe_ratio": -15.22617
    },
    "LC": {
        "symbol": "LC",
        "company": "LendingClub Corporation",
        "change_pct": -10.08,
        "premarket": 9.9,
        "volume": 31750,
        "category": "l",
        "market_cap": 1244955408,
        "pe_ratio": 24.46667
    },
    "VICR": {
        "symbol": "VICR",
        "company": "Vicor Corporation",
        "change_pct": -9.96,
        "premarket": 46.74,
        "volume": 1410,
        "category": "l",
        "market_cap": 2328252318,
        "pe_ratio": 380.37664
    },
    "LZM": {
        "symbol": "LZM",
        "company": "Lifezone Metals Limited",
        "change_pct": -9.86,
        "premarket": 3.11,
        "volume": 200,
        "category": "l",
        "market_cap": 277601228,
        "pe_ratio": -5.86077
    },
    "SLNH": {
        "symbol": "SLNH",
        "company": "Soluna Holdings, Inc.",
        "change_pct": -9.85,
        "premarket": 0.7315,
        "volume": 1000,
        "category": "l",
        "market_cap": 10235193,
        "pe_ratio": -0.0687
    },
    "SBUX": {
        "symbol": "SBUX",
        "company": "Starbucks Corporation",
        "change_pct": -9.84,
        "premarket": 76.5,
        "volume": 1050000,
        "category": "l",
        "market_cap": 95304619961,
        "pe_ratio": 27.37494
    },
    "PMEC": {
        "symbol": "PMEC",
        "company": "Primech Holdings Ltd.",
        "change_pct": -9.48,
        "premarket": 0.95,
        "volume": 2210,
        "category": "l",
        "market_cap": 32346305,
        "pe_ratio": -8.16485
    },
    "INTJ": {
        "symbol": "INTJ",
        "company": "Intelligent Group Limited",
        "change_pct": -9.21,
        "premarket": 0.5401,
        "volume": 10520,
        "category": "l",
        "market_cap": 8846250,
        "pe_ratio": -136.75862
    },
    "AGMH": {
        "symbol": "AGMH",
        "company": "AGM Group Holdings Inc.",
        "change_pct": -9.08,
        "premarket": 0.0931,
        "volume": 9720000,
        "category": "l",
        "market_cap": 5446408,
        "pe_ratio": -0.07138
    },
    "YGMZ": {
        "symbol": "YGMZ",
        "company": "MingZhu Logistics Holdings Limited",
        "change_pct": -9.02,
        "premarket": 1.11,
        "volume": 100,
        "category": "l",
        "market_cap": 6745855,
        "pe_ratio": -0.45168
    },
    "CTOR": {
        "symbol": "CTOR",
        "company": "Citius Oncology, Inc.",
        "change_pct": -8.83,
        "premarket": 0.8151,
        "volume": 3910,
        "category": "l",
        "market_cap": 50093836,
        "pe_ratio": -2.6752
    },
    "BON": {
        "symbol": "BON",
        "company": "Bon Natural Life Limited",
        "change_pct": -8.41,
        "premarket": 0.0664,
        "volume": 4870000,
        "category": "l",
        "market_cap": 271086,
        "pe_ratio": 0.41448
    },
    "WLDS": {
        "symbol": "WLDS",
        "company": "Wearable Devices Ltd.",
        "change_pct": -8.33,
        "premarket": 1.65,
        "volume": 139100,
        "category": "l",
        "market_cap": 1709255,
        "pe_ratio": -0.05208
    },
    "AXIL": {
        "symbol": "AXIL",
        "company": "AXIL Brands, Inc.",
        "change_pct": -7.98,
        "premarket": 6.0,
        "volume": 812,
        "category": "l",
        "market_cap": 46216471,
        "pe_ratio": 22.61768
    },
    "PTLE": {
        "symbol": "PTLE",
        "company": "PTL LTD",
        "change_pct": -7.96,
        "premarket": 1.04,
        "volume": 7420,
        "category": "l",
        "market_cap": 50983000,
        "pe_ratio": 56.93
    },
    "GORO": {
        "symbol": "GORO",
        "company": "Gold Resource Corporation",
        "change_pct": -7.93,
        "premarket": 0.4785,
        "volume": 70030,
        "category": "l",
        "market_cap": 45640389,
        "pe_ratio": -0.84576
    },
    "GRMN": {
        "symbol": "GRMN",
        "company": "Garmin Ltd.",
        "change_pct": -7.89,
        "premarket": 187.99,
        "volume": 2550,
        "category": "l",
        "market_cap": 38649605962,
        "pe_ratio": 27.9589
    },
    "IMUX": {
        "symbol": "IMUX",
        "company": "Immunic, Inc.",
        "change_pct": -7.81,
        "premarket": 1.18,
        "volume": 900300,
        "category": "l",
        "market_cap": 107315640,
        "pe_ratio": -1.27576
    },
    "CHRO": {
        "symbol": "CHRO",
        "company": "Channel Therapeutics Corporation",
        "change_pct": -7.81,
        "premarket": 1.18,
        "volume": 707,
        "category": "l",
        "market_cap": 8240147,
        "pe_ratio": -0.89692
    },
    "WERN": {
        "symbol": "WERN",
        "company": "Werner Enterprises, Inc.",
        "change_pct": -7.81,
        "premarket": 25.5,
        "volume": 16360,
        "category": "l",
        "market_cap": 1736371307,
        "pe_ratio": 50.4588
    },
    "WSC": {
        "symbol": "WSC",
        "company": "WillScot Holdings Corporation",
        "change_pct": -7.76,
        "premarket": 23.19,
        "volume": 106,
        "category": "l",
        "market_cap": 4542058337,
        "pe_ratio": 168.11555
    },
    "RYDE": {
        "symbol": "RYDE",
        "company": "Ryde Group Ltd.",
        "change_pct": -7.7,
        "premarket": 0.2396,
        "volume": 42560,
        "category": "l",
        "market_cap": 7295567,
        "pe_ratio": -0.24283
    },
    "SKYE": {
        "symbol": "SKYE",
        "company": "Skye Bioscience, Inc.",
        "change_pct": -7.5,
        "premarket": 1.85,
        "volume": 1760,
        "category": "l",
        "market_cap": 59161405,
        "pe_ratio": -2.73973
    },
    "TG": {
        "symbol": "TG",
        "company": "Tredegar Corporation",
        "change_pct": -7.39,
        "premarket": 7.39,
        "volume": 200,
        "category": "l",
        "market_cap": 258215549,
        "pe_ratio": 266.0
    },
    "NCLH": {
        "symbol": "NCLH",
        "company": "Norwegian Cruise Line Holdings Ltd.",
        "change_pct": -7.36,
        "premarket": 16.1,
        "volume": 1240000,
        "category": "l",
        "market_cap": 7731202924,
        "pe_ratio": 9.19426
    },
    "MRIN": {
        "symbol": "MRIN",
        "company": "Marin Software Incorporated",
        "change_pct": -7.3,
        "premarket": 0.57,
        "volume": 760710,
        "category": "l",
        "market_cap": 1765046,
        "pe_ratio": -0.15705
    },
    "PAL": {
        "symbol": "PAL",
        "company": "Proficient Auto Logistics, Inc.",
        "change_pct": -7.22,
        "premarket": 9.0,
        "volume": 2800,
        "category": "l",
        "market_cap": 247682393,
        "pe_ratio": -20.52997
    },
    "TECK": {
        "symbol": "TECK",
        "company": "Teck Resources Ltd",
        "change_pct": -7.07,
        "premarket": 32.74,
        "volume": 22910,
        "category": "l",
        "market_cap": 17627445949,
        "pe_ratio": -238.29816
    },
    "HUDI": {
        "symbol": "HUDI",
        "company": "Huadi International Group Co., Ltd.",
        "change_pct": -6.99,
        "premarket": 1.33,
        "volume": 199,
        "category": "l",
        "market_cap": 19848062,
        "pe_ratio": 148.49429
    },
    "TZOO": {
        "symbol": "TZOO",
        "company": "Travelzoo",
        "change_pct": -6.95,
        "premarket": 15.0,
        "volume": 3740,
        "category": "l",
        "market_cap": 140789115,
        "pe_ratio": 15.20755
    },
    "WMPN": {
        "symbol": "WMPN",
        "company": "William Penn Bancorporation",
        "change_pct": -6.88,
        "premarket": 11.5,
        "volume": 100,
        "category": "l",
        "market_cap": 102319342,
        "pe_ratio": -98.73681
    },
    "HCKT": {
        "symbol": "HCKT",
        "company": "The Hackett Group, Inc.",
        "change_pct": -6.87,
        "premarket": 24.0,
        "volume": 200,
        "category": "l",
        "market_cap": 700575841,
        "pe_ratio": 24.54286
    },
    "UNM": {
        "symbol": "UNM",
        "company": "Unum Group",
        "change_pct": -6.87,
        "premarket": 73.8,
        "volume": 5010,
        "category": "l",
        "market_cap": 13930339693,
        "pe_ratio": 8.37632
    },
    "FCX": {
        "symbol": "FCX",
        "company": "Freeport-McMoRan, Inc.",
        "change_pct": -6.83,
        "premarket": 34.63,
        "volume": 118880,
        "category": "l",
        "market_cap": 53516598743,
        "pe_ratio": 30.46571
    },
    "ELPW": {
        "symbol": "ELPW",
        "company": "Elong Power Holding Limited",
        "change_pct": -6.83,
        "premarket": 2.73,
        "volume": 1100,
        "category": "l",
        "market_cap": 176717525,
        "pe_ratio": 0.0
    },
    "KOD": {
        "symbol": "KOD",
        "company": "Kodiak Sciences Inc",
        "change_pct": -6.73,
        "premarket": 3.88,
        "volume": 100,
        "category": "l",
        "market_cap": 221558335,
        "pe_ratio": -1.24141
    },
    "TOVX": {
        "symbol": "TOVX",
        "company": "Theriva Biologics, Inc.",
        "change_pct": -6.67,
        "premarket": 1.32,
        "volume": 157,
        "category": "l",
        "market_cap": 3923253,
        "pe_ratio": -0.07433
    },
    "ATHA": {
        "symbol": "ATHA",
        "company": "Athira Pharma, Inc.",
        "change_pct": -6.67,
        "premarket": 0.28,
        "volume": 100,
        "category": "l",
        "market_cap": 11478478,
        "pe_ratio": -0.11909
    },
    "TSSI": {
        "symbol": "TSSI",
        "company": "TSS, Inc.",
        "change_pct": -6.65,
        "premarket": 6.79,
        "volume": 14960,
        "category": "l",
        "market_cap": 182709758,
        "pe_ratio": 30.29167
    },
    "PUMP": {
        "symbol": "PUMP",
        "company": "ProPetro Holding Corp.",
        "change_pct": -6.61,
        "premarket": 5.23,
        "volume": 4150,
        "category": "l",
        "market_cap": 543698817,
        "pe_ratio": -4.27481
    },
    "INOD": {
        "symbol": "INOD",
        "company": "Innodata Inc.",
        "change_pct": -6.6,
        "premarket": 35.08,
        "volume": 21070,
        "category": "l",
        "market_cap": 1196588601,
        "pe_ratio": 42.20225
    },
    "EJH": {
        "symbol": "EJH",
        "company": "E-Home Household Service Holdings Limited",
        "change_pct": -6.58,
        "premarket": 0.7289,
        "volume": 144830,
        "category": "l",
        "market_cap": 169013326,
        "pe_ratio": -0.0326
    },
    "CALX": {
        "symbol": "CALX",
        "company": "Calix, Inc",
        "change_pct": -6.56,
        "premarket": 38.01,
        "volume": 600,
        "category": "l",
        "market_cap": 2596051092,
        "pe_ratio": -77.57437
    },
    "RTC": {
        "symbol": "RTC",
        "company": "Baijiayun Group Ltd - Class",
        "change_pct": -6.56,
        "premarket": 0.285,
        "volume": 53340,
        "category": "l",
        "market_cap": 5487795,
        "pe_ratio": -0.09418
    },
    "VSCO": {
        "symbol": "VSCO",
        "company": "Victorias Secret & Co.",
        "change_pct": -6.55,
        "premarket": 17.55,
        "volume": 33850,
        "category": "l",
        "market_cap": 1495727647,
        "pe_ratio": 9.16098
    },
    "EHGO": {
        "symbol": "EHGO",
        "company": "Eshallgo Inc.",
        "change_pct": -6.54,
        "premarket": 1.0,
        "volume": 2660,
        "category": "l",
        "market_cap": 28012600,
        "pe_ratio": -6.68124
    },
    "CBAT": {
        "symbol": "CBAT",
        "company": "CBAK Energy Technology, Inc.",
        "change_pct": -6.53,
        "premarket": 0.75,
        "volume": 246,
        "category": "l",
        "market_cap": 63929111,
        "pe_ratio": 6.17231
    },
    "PMN": {
        "symbol": "PMN",
        "company": "ProMIS Neurosciences Inc.",
        "change_pct": -6.52,
        "premarket": 0.545,
        "volume": 100,
        "category": "l",
        "market_cap": 19714850,
        "pe_ratio": 5.43793
    },
    "JNVR": {
        "symbol": "JNVR",
        "company": "Janover Inc.",
        "change_pct": -6.49,
        "premarket": 69.0,
        "volume": 4230,
        "category": "l",
        "market_cap": 93092998,
        "pe_ratio": -37.75139
    },
    "PDEX": {
        "symbol": "PDEX",
        "company": "Pro-Dex, Inc.",
        "change_pct": -6.48,
        "premarket": 62.1,
        "volume": 100,
        "category": "l",
        "market_cap": 225011967,
        "pe_ratio": 34.33956
    },
    "FIBK": {
        "symbol": "FIBK",
        "company": "First Interstate BancSystem, Inc.",
        "change_pct": -6.44,
        "premarket": 26.0,
        "volume": 19510,
        "category": "l",
        "market_cap": 2898434700,
        "pe_ratio": 12.6895
    },
    "FOXO": {
        "symbol": "FOXO",
        "company": "FOXO Technologies Inc.",
        "change_pct": -6.36,
        "premarket": 0.885,
        "volume": 23050,
        "category": "l",
        "market_cap": 3014460,
        "pe_ratio": -0.09061
    },
    "OP": {
        "symbol": "OP",
        "company": "OceanPal Inc.",
        "change_pct": -6.35,
        "premarket": 0.665,
        "volume": 1860,
        "category": "l",
        "market_cap": 5658756,
        "pe_ratio": -0.26869
    },
    "RDW": {
        "symbol": "RDW",
        "company": "Redwire Corporation",
        "change_pct": -6.32,
        "premarket": 10.52,
        "volume": 35870,
        "category": "l",
        "market_cap": 862551295,
        "pe_ratio": -4.78108
    },
    "SCCO": {
        "symbol": "SCCO",
        "company": "Southern Copper Corporation",
        "change_pct": -6.32,
        "premarket": 87.0,
        "volume": 6460,
        "category": "l",
        "market_cap": 74697880147,
        "pe_ratio": 20.33065
    },
    "RDDT": {
        "symbol": "RDDT",
        "company": "Reddit, Inc.",
        "change_pct": -6.29,
        "premarket": 114.45,
        "volume": 109160,
        "category": "l",
        "market_cap": 21927416142,
        "pe_ratio": -36.68981
    },
    "NESR": {
        "symbol": "NESR",
        "company": "National Energy Services Reunited Corp",
        "change_pct": -6.25,
        "premarket": 6.0,
        "volume": 300,
        "category": "l",
        "market_cap": 609891185,
        "pe_ratio": 8.00711
    },
    "USAR": {
        "symbol": "USAR",
        "company": "USA Rare Earth, Inc.",
        "change_pct": -6.22,
        "premarket": 12.06,
        "volume": 47270,
        "category": "l",
        "market_cap": 1061283839,
        "pe_ratio": -122.27822
    },
    "OMEX": {
        "symbol": "OMEX",
        "company": "Odyssey Marine Exploration, Inc.",
        "change_pct": -6.21,
        "premarket": 1.36,
        "volume": 1050000,
        "category": "l",
        "market_cap": 38493619,
        "pe_ratio": 21.76197
    },
    "GLBE": {
        "symbol": "GLBE",
        "company": "Global-E Online Ltd.",
        "change_pct": -6.17,
        "premarket": 33.59,
        "volume": 563,
        "category": "l",
        "market_cap": 6059006506,
        "pe_ratio": -79.2895
    },
    "MRBK": {
        "symbol": "MRBK",
        "company": "Meridian Corporation",
        "change_pct": -6.13,
        "premarket": 12.7,
        "volume": 200,
        "category": "l",
        "market_cap": 153559184,
        "pe_ratio": 9.54854
    },
    "VMD": {
        "symbol": "VMD",
        "company": "Viemed Healthcare, Inc.",
        "change_pct": -6.04,
        "premarket": 6.53,
        "volume": 400,
        "category": "l",
        "market_cap": 279417839,
        "pe_ratio": 24.82143
    },
    "LTRN": {
        "symbol": "LTRN",
        "company": "Lantern Pharma Inc.",
        "change_pct": -6.02,
        "premarket": 3.28,
        "volume": 1380,
        "category": "l",
        "market_cap": 37207301,
        "pe_ratio": -1.80743
    },
    "APPS": {
        "symbol": "APPS",
        "company": "Digital Turbine, Inc.",
        "change_pct": -5.99,
        "premarket": 2.98,
        "volume": 71970,
        "category": "l",
        "market_cap": 344422333,
        "pe_ratio": -1.05292
    },
    "NAII": {
        "symbol": "NAII",
        "company": "Natural Alternatives International, Inc.",
        "change_pct": -5.98,
        "premarket": 2.91,
        "volume": 100,
        "category": "l",
        "market_cap": 18279423,
        "pe_ratio": -2.35464
    },
    "ZVSA": {
        "symbol": "ZVSA",
        "company": "ZyVersa Therapeutics, Inc.",
        "change_pct": -5.95,
        "premarket": 0.6305,
        "volume": 38700,
        "category": "l",
        "market_cap": 1733785,
        "pe_ratio": -0.07905
    },
    "BBAI": {
        "symbol": "BBAI",
        "company": "BigBear.ai, Inc.",
        "change_pct": -5.9,
        "premarket": 3.37,
        "volume": 1140000,
        "category": "l",
        "market_cap": 1031754804,
        "pe_ratio": -2.8189
    },
    "FOUR": {
        "symbol": "FOUR",
        "company": "Shift4 Payments, Inc.",
        "change_pct": -5.85,
        "premarket": 84.6,
        "volume": 30570,
        "category": "l",
        "market_cap": 5520199497,
        "pe_ratio": 29.63701
    },
    "PGY": {
        "symbol": "PGY",
        "company": "Pagaya Technologies Ltd.",
        "change_pct": -5.84,
        "premarket": 10.8,
        "volume": 11920,
        "category": "l",
        "market_cap": 0,
        "pe_ratio": -0.547995
    },
    "UMAC": {
        "symbol": "UMAC",
        "company": "Unusual Machines, Inc.",
        "change_pct": -5.83,
        "premarket": 5.82,
        "volume": 4830,
        "category": "l",
        "market_cap": 102664037,
        "pe_ratio": -1.60877
    },
    "SXC": {
        "symbol": "SXC",
        "company": "SunCoke Energy, Inc.",
        "change_pct": -5.82,
        "premarket": 9.23,
        "volume": 1180,
        "category": "l",
        "market_cap": 819375225,
        "pe_ratio": 8.75
    },
    "RKLB": {
        "symbol": "RKLB",
        "company": "Rocket Lab USA, Inc.",
        "change_pct": -5.76,
        "premarket": 21.11,
        "volume": 368030,
        "category": "l",
        "market_cap": 10281867303,
        "pe_ratio": -58.41396
    },
    "ILLR": {
        "symbol": "ILLR",
        "company": "Triller Group Inc.",
        "change_pct": -5.76,
        "premarket": 1.31,
        "volume": 12600,
        "category": "l",
        "market_cap": 211692884,
        "pe_ratio": -3.65707
    },
    "SGC": {
        "symbol": "SGC",
        "company": "Superior Group of Companies, Inc.",
        "change_pct": -5.73,
        "premarket": 9.7,
        "volume": 100,
        "category": "l",
        "market_cap": 167579276,
        "pe_ratio": 14.09589
    },
    "RZLV": {
        "symbol": "RZLV",
        "company": "Rezolve AI PLC",
        "change_pct": -5.73,
        "premarket": 2.29,
        "volume": 497100,
        "category": "l",
        "market_cap": 567754301,
        "pe_ratio": -2.29219
    }
}