[
    {
        "symbol": "PTIX",
        "company": "Protagenic Therapeutics, Inc.",
        "change_pct": 181.52,
        "premarket": 8.53,
        "volume": 13440000,
        "category": "g",
        "source": "tv",
        "shortable": true,
        "exchange_name": "NASDAQ",
        "market_cap": 1628770,
        "existing": false
    },
    {
        "symbol": "FAAS",
        "company": "DigiAsia Corp.",
        "change_pct": 118.98,
        "premarket": 0.4246,
        "volume": 52820000,
        "category": "g",
        "source": "tv",
        "shortable": true,
        "exchange_name": "NASDAQ",
        "market_cap": 11768147,
        "existing": false
    },
    {
        "symbol": "HCTI",
        "company": "Healthcare Triangle, Inc.",
        "change_pct": 75.95,
        "premarket": 0.0139,
        "volume": 864230000,
        "category": "g",
        "source": "tv",
        "shortable": true,
        "exchange_name": "NASDAQ",
        "market_cap": 357170,
        "existing": false
    },
    {
        "symbol": "HKPD",
        "company": "Hong Kong Pharma Digital Technology Holdings Limited",
        "change_pct": 33.35,
        "premarket": 1.36,
        "volume": 25780000,
        "category": "g",
        "source": "tv",
        "shortable": true,
        "exchange_name": "NASDAQ",
        "market_cap": 11218900,
        "existing": false
    },
    {
        "symbol": "BCLI",
        "company": "Brainstorm Cell Therapeutics Inc.",
        "change_pct": 28.03,
        "premarket": 1.69,
        "volume": 22700000,
        "category": "g",
        "source": "tv",
        "shortable": true,
        "exchange_name": "NASDAQ",
        "market_cap": 8609502,
        "existing": false
    },
    {
        "symbol": "SXTC",
        "company": "China SXT Pharmaceuticals, Inc.",
        "change_pct": 21.67,
        "premarket": 1.46,
        "volume": 4050000,
        "category": "g",
        "source": "tv",
        "shortable": true,
        "exchange_name": "NASDAQ",
        "market_cap": 19233309,
        "existing": false
    },
    {
        "symbol": "MOVE",
        "company": "Movano Inc.",
        "change_pct": 20.59,
        "premarket": 1.23,
        "volume": 6220000,
        "category": "g",
        "source": "tv",
        "shortable": true,
        "exchange_name": "NASDAQ",
        "market_cap": 7177692,
        "existing": false
    },
    {
        "symbol": "SOC",
        "company": "Sable Offshore Corp.",
        "change_pct": 20.24,
        "premarket": 34.7,
        "volume": 217020,
        "category": "g",
        "source": "tv",
        "shortable": true,
        "exchange_name": "NYSE",
        "market_cap": 2580469511,
        "existing": false
    },
    {
        "symbol": "VSTE",
        "company": "Vast Renewables Limited",
        "change_pct": 20.2,
        "premarket": 0.188,
        "volume": 24380000,
        "category": "g",
        "source": "tv",
        "shortable": true,
        "exchange_name": "NASDAQ",
        "market_cap": 4687856,
        "existing": false
    },
    {
        "symbol": "NVAX",
        "company": "Novavax, Inc.",
        "change_pct": 19.76,
        "premarket": 8.06,
        "volume": 4490000,
        "category": "g",
        "source": "tv",
        "shortable": true,
        "exchange_name": "NASDAQ",
        "market_cap": 1090060374,
        "existing": false
    },
    {
        "symbol": "VNRX",
        "company": "VolitionRX Limited",
        "change_pct": 13.96,
        "premarket": 0.4899,
        "volume": 2220,
        "category": "g",
        "source": "tv",
        "shortable": true,
        "exchange_name": "NYSE American",
        "market_cap": 41504155,
        "existing": false
    },
    {
        "symbol": "ABP",
        "company": "Abpro Holdings, Inc",
        "change_pct": 12.83,
        "premarket": 0.2595,
        "volume": 34050000,
        "category": "g",
        "source": "tv",
        "shortable": true,
        "exchange_name": "NASDAQ",
        "market_cap": 11784290,
        "existing": false
    },
    {
        "symbol": "HUDI",
        "company": "Huadi International Group Co., Ltd.",
        "change_pct": 12.34,
        "premarket": 1.73,
        "volume": 1480,
        "category": "g",
        "source": "tv",
        "shortable": true,
        "exchange_name": "NASDAQ",
        "market_cap": 21989940,
        "existing": false
    },
    {
        "symbol": "DGNX",
        "company": "Diginex Limited",
        "change_pct": 12.32,
        "premarket": 102.0,
        "volume": 732,
        "category": "g",
        "source": "tv",
        "shortable": true,
        "exchange_name": "NASDAQ",
        "market_cap": 2088063618,
        "existing": false
    },
    {
        "symbol": "PLRZ",
        "company": "Polyrizon Ltd.",
        "change_pct": 12.12,
        "premarket": 0.0074,
        "volume": 418200000,
        "category": "g",
        "source": "tv",
        "shortable": true,
        "exchange_name": "NASDAQ",
        "market_cap": 44914,
        "existing": false
    },
    {
        "symbol": "SMTK",
        "company": "SmartKem, Inc.",
        "change_pct": 12.04,
        "premarket": 1.21,
        "volume": 1600,
        "category": "g",
        "source": "tv",
        "shortable": true,
        "exchange_name": "NASDAQ",
        "market_cap": 3909834,
        "existing": false
    },
    {
        "symbol": "RCT",
        "company": "RedCloud Holdings plc",
        "change_pct": 11.87,
        "premarket": 1.8,
        "volume": 2120,
        "category": "g",
        "source": "tv",
        "shortable": true,
        "exchange_name": "NASDAQ",
        "market_cap": 71160655,
        "existing": false
    },
    {
        "symbol": "AKYA",
        "company": "Akoya BioSciences, Inc.",
        "change_pct": 11.65,
        "premarket": 1.15,
        "volume": 600,
        "category": "g",
        "source": "tv",
        "shortable": true,
        "exchange_name": "NASDAQ",
        "market_cap": 51371660,
        "existing": false
    },
    {
        "symbol": "LGPS",
        "company": "LogProstyle Inc.",
        "change_pct": 10.62,
        "premarket": 1.25,
        "volume": 101320,
        "category": "g",
        "source": "tv",
        "shortable": true,
        "exchange_name": "NYSE American",
        "market_cap": 26700150,
        "existing": false
    },
    {
        "symbol": "APLM",
        "company": "Apollomics Inc.",
        "change_pct": 10.22,
        "premarket": 5.39,
        "volume": 260,
        "category": "g",
        "source": "tv",
        "shortable": true,
        "exchange_name": "NASDAQ",
        "market_cap": 5395371,
        "existing": false
    },
    {
        "symbol": "CRWV",
        "company": "CoreWeave, Inc.",
        "change_pct": -6.71,
        "premarket": 74.91,
        "volume": 426880,
        "category": "l",
        "source": "tv",
        "shortable": true,
        "exchange_name": "NASDAQ",
        "market_cap": 38542163779,
        "existing": false
    },
    {
        "symbol": "RDDT",
        "company": "Reddit, Inc.",
        "change_pct": -7.45,
        "premarket": 104.8,
        "volume": 656480,
        "category": "l",
        "source": "tv",
        "shortable": true,
        "exchange_name": "NYSE",
        "market_cap": 20893268896,
        "existing": false
    },
    {
        "symbol": "OKLO",
        "company": "Oklo Inc.",
        "change_pct": -6.42,
        "premarket": 35.3,
        "volume": 441760,
        "category": "l",
        "source": "tv",
        "shortable": true,
        "exchange_name": "NYSE",
        "market_cap": 5243770464,
        "existing": false
    },
    {
        "symbol": "SMR",
        "company": "NuScale Power Corporation",
        "change_pct": -6.91,
        "premarket": 22.5,
        "volume": 589560,
        "category": "l",
        "source": "tv",
        "shortable": true,
        "exchange_name": "NYSE",
        "market_cap": 3223952019,
        "existing": false
    },
    {
        "symbol": "VIAV",
        "company": "Viavi Solutions Inc.",
        "change_pct": -6.1,
        "premarket": 8.77,
        "volume": 430,
        "category": "l",
        "source": "tv",
        "shortable": true,
        "exchange_name": "NASDAQ",
        "market_cap": 2085030348,
        "existing": false
    },
    {
        "symbol": "QUBT",
        "company": "Quantum Computing Inc.",
        "change_pct": -5.52,
        "premarket": 12.16,
        "volume": 1230000,
        "category": "l",
        "source": "tv",
        "shortable": true,
        "exchange_name": "NASDAQ",
        "market_cap": 1766337294,
        "existing": false
    },
    {
        "symbol": "VVX",
        "company": "V2X, Inc.",
        "change_pct": -6.12,
        "premarket": 45.08,
        "volume": 714,
        "category": "l",
        "source": "tv",
        "shortable": true,
        "exchange_name": "NYSE",
        "market_cap": 1521489449,
        "existing": false
    },
    {
        "symbol": "GRAL",
        "company": "GRAIL, Inc.",
        "change_pct": -6.49,
        "premarket": 37.32,
        "volume": 8800,
        "category": "l",
        "source": "tv",
        "shortable": true,
        "exchange_name": "NASDAQ",
        "market_cap": 1435702145,
        "existing": false
    },
    {
        "symbol": "SERV",
        "company": "Serve Robotics Inc.",
        "change_pct": -5.72,
        "premarket": 10.21,
        "volume": 164770,
        "category": "l",
        "source": "tv",
        "shortable": true,
        "exchange_name": "NASDAQ",
        "market_cap": 559296321,
        "existing": false
    },
    {
        "symbol": "PNBK",
        "company": "Patriot National Bancorp Inc.",
        "change_pct": -7.34,
        "premarket": 5.3,
        "volume": 1560,
        "category": "l",
        "source": "tv",
        "shortable": true,
        "exchange_name": "NASDAQ",
        "market_cap": 436205312,
        "existing": false
    },
    {
        "symbol": "TSSI",
        "company": "TSS, Inc.",
        "change_pct": -6.56,
        "premarket": 14.43,
        "volume": 196570,
        "category": "l",
        "source": "tv",
        "shortable": true,
        "exchange_name": "NASDAQ",
        "market_cap": 386443652,
        "existing": false
    },
    {
        "symbol": "UPXI",
        "company": "Upexi, Inc.",
        "change_pct": -6.67,
        "premarket": 9.51,
        "volume": 2520,
        "category": "l",
        "source": "tv",
        "shortable": true,
        "exchange_name": "NASDAQ",
        "market_cap": 379998418,
        "existing": false
    },
    {
        "symbol": "WOW",
        "company": "WideOpenWest, Inc.",
        "change_pct": -12.29,
        "premarket": 3.85,
        "volume": 2600,
        "category": "l",
        "source": "tv",
        "shortable": true,
        "exchange_name": "NYSE",
        "market_cap": 362333347,
        "existing": false
    },
    {
        "symbol": "URGN",
        "company": "UroGen Pharma Ltd.",
        "change_pct": -7.52,
        "premarket": 6.76,
        "volume": 54870,
        "category": "l",
        "source": "tv",
        "shortable": true,
        "exchange_name": "NASDAQ",
        "market_cap": 337045466,
        "existing": false
    },
    {
        "symbol": "RR",
        "company": "Richtech Robotics Inc.",
        "change_pct": -12.79,
        "premarket": 2.25,
        "volume": 642760,
        "category": "l",
        "source": "tv",
        "shortable": true,
        "exchange_name": "NASDAQ",
        "market_cap": 295419754,
        "existing": false
    },
    {
        "symbol": "PDYN",
        "company": "Palladyne AI Corp.",
        "change_pct": -6.46,
        "premarket": 6.8,
        "volume": 69190,
        "category": "l",
        "source": "tv",
        "shortable": true,
        "exchange_name": "NASDAQ",
        "market_cap": 259637341,
        "existing": false
    },
    {
        "symbol": "NTCL",
        "company": "NETCLASS TECHNOLOGY INC",
        "change_pct": -8.07,
        "premarket": 12.98,
        "volume": 15560,
        "category": "l",
        "source": "tv",
        "shortable": true,
        "exchange_name": "NASDAQ",
        "market_cap": 251759600,
        "existing": false
    },
    {
        "symbol": "EWCZ",
        "company": "European Wax Center, Inc.",
        "change_pct": -13.33,
        "premarket": 4.68,
        "volume": 7000,
        "category": "l",
        "source": "tv",
        "shortable": true,
        "exchange_name": "NASDAQ",
        "market_cap": 234033656,
        "existing": false
    },
    {
        "symbol": "FNGR",
        "company": "FingerMotion, Inc.",
        "change_pct": -5.94,
        "premarket": 3.8,
        "volume": 27550,
        "category": "l",
        "source": "tv",
        "shortable": true,
        "exchange_name": "NASDAQ",
        "market_cap": 230850391,
        "existing": false
    },
    {
        "symbol": "POWW",
        "company": "Outdoor Holding Company",
        "change_pct": -5.73,
        "premarket": 1.81,
        "volume": 1100,
        "category": "l",
        "source": "tv",
        "shortable": true,
        "exchange_name": "NASDAQ",
        "market_cap": 228012927,
        "existing": false
    }
]