[
    {
        "symbol": "KLTO",
        "company": "Klotho Neurosciences, Inc.",
        "change_pct": 184.73,
        "premarket": 0.5837,
        "volume": 156410000,
        "category": "g",
        "source": "tv",
        "shortable": true,
        "exchange_name": "NASDAQ",
        "market_cap": 6661349,
        "existing": false
    },
    {
        "symbol": "KNW",
        "company": "Know Labs, Inc.",
        "change_pct": 121.14,
        "premarket": 3.45,
        "volume": 29950000,
        "category": "g",
        "source": "tv",
        "shortable": true,
        "exchange_name": "NYSE American",
        "market_cap": 11700000,
        "existing": false
    },
    {
        "symbol": "OMH",
        "company": "Ohmyhome Limited",
        "change_pct": 59.77,
        "premarket": 0.9642,
        "volume": 8610000,
        "category": "g",
        "source": "tv",
        "shortable": true,
        "exchange_name": "NASDAQ",
        "market_cap": 3883199,
        "existing": false
    },
    {
        "symbol": "ELEV",
        "company": "Elevation Oncology, Inc.",
        "change_pct": 31.17,
        "premarket": 0.4196,
        "volume": 8270000,
        "category": "g",
        "source": "tv",
        "shortable": true,
        "exchange_name": "NASDAQ",
        "market_cap": 18945670,
        "existing": false
    },
    {
        "symbol": "TPST",
        "company": "Tempest Therapeutics, Inc.",
        "change_pct": 30.37,
        "premarket": 10.75,
        "volume": 204910,
        "category": "g",
        "source": "tv",
        "shortable": true,
        "exchange_name": "NASDAQ",
        "market_cap": 30364196,
        "existing": false
    },
    {
        "symbol": "CTOR",
        "company": "Citius Oncology, Inc.",
        "change_pct": 29.51,
        "premarket": 1.36,
        "volume": 4770000,
        "category": "g",
        "source": "tv",
        "shortable": true,
        "exchange_name": "NASDAQ",
        "market_cap": 75137177,
        "existing": false
    },
    {
        "symbol": "ELAB",
        "company": "PMGC Holdings Inc.",
        "change_pct": 29.03,
        "premarket": 2.8,
        "volume": 9870000,
        "category": "g",
        "source": "tv",
        "shortable": false,
        "exchange_name": "NASDAQ",
        "market_cap": 2984585,
        "existing": false
    },
    {
        "symbol": "MB",
        "company": "MasterBeef Group",
        "change_pct": 25.81,
        "premarket": 9.75,
        "volume": 9940,
        "category": "g",
        "source": "tv",
        "shortable": true,
        "exchange_name": "NASDAQ",
        "market_cap": 132951250,
        "existing": false
    },
    {
        "symbol": "NCL",
        "company": "Northann Corp.",
        "change_pct": 20.73,
        "premarket": 0.3139,
        "volume": 32000000,
        "category": "g",
        "source": "tv",
        "shortable": true,
        "exchange_name": "NYSE American",
        "market_cap": 24820744,
        "existing": false
    },
    {
        "symbol": "PYPD",
        "company": "PolyPid Ltd.",
        "change_pct": 19.88,
        "premarket": 3.92,
        "volume": 9840000,
        "category": "g",
        "source": "tv",
        "shortable": false,
        "exchange_name": "NASDAQ",
        "market_cap": 0,
        "existing": false
    },
    {
        "symbol": "MTSR",
        "company": "Metsera, Inc.",
        "change_pct": 19.46,
        "premarket": 32.84,
        "volume": 62930,
        "category": "g",
        "source": "tv",
        "shortable": true,
        "exchange_name": "NASDAQ",
        "market_cap": 2887976739,
        "existing": false
    },
    {
        "symbol": "DGNX",
        "company": "Diginex Limited",
        "change_pct": 16.67,
        "premarket": 73.5,
        "volume": 1690,
        "category": "g",
        "source": "tv",
        "shortable": true,
        "exchange_name": "NASDAQ",
        "market_cap": 1448607069,
        "existing": false
    },
    {
        "symbol": "GHM",
        "company": "Graham Corporation",
        "change_pct": 16.57,
        "premarket": 48.96,
        "volume": 8960,
        "category": "g",
        "source": "tv",
        "shortable": true,
        "exchange_name": "NYSE",
        "market_cap": 457923354,
        "existing": false
    },
    {
        "symbol": "CRCL",
        "company": "Circle Internet Group, Inc.",
        "change_pct": 16.54,
        "premarket": 125.51,
        "volume": 1680000,
        "category": "g",
        "source": "tv",
        "shortable": true,
        "exchange_name": "NYSE",
        "market_cap": 23967570385,
        "existing": false
    },
    {
        "symbol": "ANIX",
        "company": "Anixa Biosciences, Inc.",
        "change_pct": 15.58,
        "premarket": 3.19,
        "volume": 168660,
        "category": "g",
        "source": "tv",
        "shortable": true,
        "exchange_name": "NASDAQ",
        "market_cap": 88902613,
        "existing": false
    },
    {
        "symbol": "UMAC",
        "company": "Unusual Machines, Inc.",
        "change_pct": 15.36,
        "premarket": 8.56,
        "volume": 861190,
        "category": "g",
        "source": "tv",
        "shortable": true,
        "exchange_name": "NYSE American",
        "market_cap": 184301699,
        "existing": false
    },
    {
        "symbol": "TYRA",
        "company": "Tyra Biosciences, Inc.",
        "change_pct": 13.74,
        "premarket": 12.0,
        "volume": 1200,
        "category": "g",
        "source": "tv",
        "shortable": true,
        "exchange_name": "NASDAQ",
        "market_cap": 561027794,
        "existing": false
    },
    {
        "symbol": "NMRA",
        "company": "Neumora Therapeutics, Inc.",
        "change_pct": 13.73,
        "premarket": 1.16,
        "volume": 79850,
        "category": "g",
        "source": "tv",
        "shortable": true,
        "exchange_name": "NASDAQ",
        "market_cap": 164982880,
        "existing": false
    },
    {
        "symbol": "NAMS",
        "company": "NewAmsterdam Pharma Company N.V.",
        "change_pct": 13.46,
        "premarket": 22.85,
        "volume": 16880,
        "category": "g",
        "source": "tv",
        "shortable": true,
        "exchange_name": "NASDAQ",
        "market_cap": 2261131434,
        "existing": false
    },
    {
        "symbol": "BLDE",
        "company": "Blade Air Mobility, Inc.",
        "change_pct": 13.16,
        "premarket": 4.3,
        "volume": 153790,
        "category": "g",
        "source": "tv",
        "shortable": true,
        "exchange_name": "NASDAQ",
        "market_cap": 307865793,
        "existing": false
    },
    {
        "symbol": "SATS",
        "company": "EchoStar Corporation",
        "change_pct": -10.3,
        "premarket": 15.68,
        "volume": 156910,
        "category": "l",
        "source": "tv",
        "shortable": true,
        "exchange_name": "NASDAQ",
        "market_cap": 5023378627,
        "existing": false
    },
    {
        "symbol": "SMPL",
        "company": "The Simply Good Foods Company",
        "change_pct": -4.97,
        "premarket": 31.52,
        "volume": 110,
        "category": "l",
        "source": "tv",
        "shortable": true,
        "exchange_name": "NASDAQ",
        "market_cap": 3350758137,
        "existing": false
    },
    {
        "symbol": "SBET",
        "company": "SharpLink Gaming, Inc.",
        "change_pct": -4.05,
        "premarket": 39.8,
        "volume": 49730,
        "category": "l",
        "source": "tv",
        "shortable": true,
        "exchange_name": "NASDAQ",
        "market_cap": 2465016197,
        "existing": false
    },
    {
        "symbol": "GIBO",
        "company": "GIBO Holdings Limited",
        "change_pct": -4.17,
        "premarket": 2.07,
        "volume": 1600,
        "category": "l",
        "source": "tv",
        "shortable": true,
        "exchange_name": "NASDAQ",
        "market_cap": 1592960811,
        "existing": false
    },
    {
        "symbol": "LIMN",
        "company": "Liminatus Pharma, Inc.",
        "change_pct": -12.26,
        "premarket": 21.25,
        "volume": 1470,
        "category": "l",
        "source": "tv",
        "shortable": true,
        "exchange_name": "NASDAQ",
        "market_cap": 630074411,
        "existing": false
    },
    {
        "symbol": "KROS",
        "company": "Keros Therapeutics, Inc.",
        "change_pct": -6.32,
        "premarket": 14.09,
        "volume": 65310,
        "category": "l",
        "source": "tv",
        "shortable": true,
        "exchange_name": "NASDAQ",
        "market_cap": 610855826,
        "existing": false
    },
    {
        "symbol": "OPEN",
        "company": "Opendoor Technologies Inc",
        "change_pct": -9.99,
        "premarket": 0.6119,
        "volume": 1410000,
        "category": "l",
        "source": "tv",
        "shortable": true,
        "exchange_name": "NASDAQ",
        "market_cap": 495661228,
        "existing": false
    },
    {
        "symbol": "RITR",
        "company": "Reitar Logtech Holdings Limited",
        "change_pct": -7.32,
        "premarket": 4.56,
        "volume": 69770,
        "category": "l",
        "source": "tv",
        "shortable": true,
        "exchange_name": "NASDAQ",
        "market_cap": 307223250,
        "existing": false
    },
    {
        "symbol": "ZJK",
        "company": "ZJK Industrial Co., Ltd.",
        "change_pct": -4.0,
        "premarket": 4.8,
        "volume": 27970,
        "category": "l",
        "source": "tv",
        "shortable": true,
        "exchange_name": "NASDAQ",
        "market_cap": 306906245,
        "existing": false
    },
    {
        "symbol": "PLCE",
        "company": "Children's Place, Inc. (The)",
        "change_pct": -23.03,
        "premarket": 5.28,
        "volume": 103170,
        "category": "l",
        "source": "tv",
        "shortable": true,
        "exchange_name": "NASDAQ",
        "market_cap": 151173696,
        "existing": false
    },
    {
        "symbol": "ILLR",
        "company": "Triller Group Inc.",
        "change_pct": -4.77,
        "premarket": 0.7325,
        "volume": 1220,
        "category": "l",
        "source": "tv",
        "shortable": true,
        "exchange_name": "NASDAQ",
        "market_cap": 134876590,
        "existing": false
    },
    {
        "symbol": "AGAE",
        "company": "Allied Gaming & Entertainment Inc.",
        "change_pct": -7.64,
        "premarket": 2.66,
        "volume": 2390,
        "category": "l",
        "source": "tv",
        "shortable": true,
        "exchange_name": "NASDAQ",
        "market_cap": 127025320,
        "existing": false
    },
    {
        "symbol": "ELTX",
        "company": "Elicio Therapeutics, Inc.",
        "change_pct": -11.11,
        "premarket": 6.96,
        "volume": 100,
        "category": "l",
        "source": "tv",
        "shortable": true,
        "exchange_name": "NASDAQ",
        "market_cap": 125143139,
        "existing": false
    },
    {
        "symbol": "BW",
        "company": "Babcock & Wilcox Enterprises, Inc.",
        "change_pct": -5.56,
        "premarket": 1.19,
        "volume": 81270,
        "category": "l",
        "source": "tv",
        "shortable": true,
        "exchange_name": "NYSE",
        "market_cap": 123989070,
        "existing": false
    },
    {
        "symbol": "LHSW",
        "company": "Lianhe Sowell International Group Ltd",
        "change_pct": -6.11,
        "premarket": 2.15,
        "volume": 15110,
        "category": "l",
        "source": "tv",
        "shortable": true,
        "exchange_name": "NASDAQ",
        "market_cap": 119080000,
        "existing": false
    },
    {
        "symbol": "BRLS",
        "company": "Borealis Foods Inc.",
        "change_pct": -6.95,
        "premarket": 4.82,
        "volume": 1430,
        "category": "l",
        "source": "tv",
        "shortable": true,
        "exchange_name": "NASDAQ",
        "market_cap": 110757993,
        "existing": false
    },
    {
        "symbol": "NAMM",
        "company": "Hennessy Capital Investment Corp. VI",
        "change_pct": -18.42,
        "premarket": 25.47,
        "volume": 4830,
        "category": "l",
        "source": "tv",
        "shortable": true,
        "exchange_name": "NASDAQ",
        "market_cap": 102290862,
        "existing": false
    },
    {
        "symbol": "MBOT",
        "company": "Microbot Medical Inc.",
        "change_pct": -16.73,
        "premarket": 2.34,
        "volume": 662040,
        "category": "l",
        "source": "tv",
        "shortable": true,
        "exchange_name": "NASDAQ",
        "market_cap": 102221651,
        "existing": false
    },
    {
        "symbol": "HLVX",
        "company": "HilleVax, Inc.",
        "change_pct": -4.5,
        "premarket": 1.9,
        "volume": 2100,
        "category": "l",
        "source": "tv",
        "shortable": true,
        "exchange_name": "NASDAQ",
        "market_cap": 98715526,
        "existing": false
    },
    {
        "symbol": "GSIT",
        "company": "GSI Technology, Inc.",
        "change_pct": -7.24,
        "premarket": 3.12,
        "volume": 150,
        "category": "l",
        "source": "tv",
        "shortable": true,
        "exchange_name": "NASDAQ",
        "market_cap": 86021957,
        "existing": false
    }
]