[
    {
        "symbol": "GVP",
        "company": "GSE Systems, Inc.",
        "change_pct": 55.63,
        "premarket": 0.4669,
        "volume": 12552000,
        "category": "g",
        "source": "tv",
        "shortable": true,
        "exchange_name": "N/A",
        "market_cap": 0,
        "existing": false
    },
    {
        "symbol": "MLGO",
        "company": "MicroAlgo, Inc.",
        "change_pct": 40.9,
        "premarket": 5.58,
        "volume": 2684000,
        "category": "g",
        "source": "tv",
        "shortable": true,
        "exchange_name": "N/A",
        "market_cap": 0,
        "existing": false
    },
    {
        "symbol": "AVTX",
        "company": "Avalo Therapeutics, Inc.",
        "change_pct": 39.22,
        "premarket": 0.1427,
        "volume": 81300000,
        "category": "g",
        "source": "tv",
        "shortable": true,
        "exchange_name": "N/A",
        "market_cap": 0,
        "existing": false
    },
    {
        "symbol": "TAOP",
        "company": "Taoping Inc.",
        "change_pct": 15.15,
        "premarket": 2.66,
        "volume": 1575,
        "category": "g",
        "source": "tv",
        "shortable": true,
        "exchange_name": "N/A",
        "market_cap": 0,
        "existing": false
    },
    {
        "symbol": "SNPX",
        "company": "Synaptogenix, Inc.",
        "change_pct": 13.69,
        "premarket": 0.3188,
        "volume": 110053,
        "category": "g",
        "source": "tv",
        "shortable": true,
        "exchange_name": "N/A",
        "market_cap": 0,
        "existing": false
    },
    {
        "symbol": "LICN",
        "company": "Lichen China Limited",
        "change_pct": 13.61,
        "premarket": 1.67,
        "volume": 30916,
        "category": "g",
        "source": "tv",
        "shortable": true,
        "exchange_name": "N/A",
        "market_cap": 0,
        "existing": false
    },
    {
        "symbol": "TKNO",
        "company": "Alpha Teknova, Inc.",
        "change_pct": 12.23,
        "premarket": 2.11,
        "volume": 15974,
        "category": "g",
        "source": "tv",
        "shortable": true,
        "exchange_name": "N/A",
        "market_cap": 0,
        "existing": false
    },
    {
        "symbol": "MVLA",
        "company": "Movella Holdings Inc.",
        "change_pct": 12.15,
        "premarket": 0.71,
        "volume": 10297,
        "category": "g",
        "source": "tv",
        "shortable": true,
        "exchange_name": "N/A",
        "market_cap": 0,
        "existing": false
    },
    {
        "symbol": "BTM",
        "company": "Bitcoin Depot Inc.",
        "change_pct": 11.97,
        "premarket": 2.62,
        "volume": 283338,
        "category": "g",
        "source": "tv",
        "shortable": true,
        "exchange_name": "N/A",
        "market_cap": 0,
        "existing": false
    },
    {
        "symbol": "AVAH",
        "company": "Aveanna Healthcare Holdings Inc.",
        "change_pct": 11.19,
        "premarket": 1.39,
        "volume": 2096,
        "category": "g",
        "source": "tv",
        "shortable": true,
        "exchange_name": "N/A",
        "market_cap": 0,
        "existing": false
    },
    {
        "symbol": "TAST",
        "company": "Carrols Restaurant Group, Inc.",
        "change_pct": 11.09,
        "premarket": 6.91,
        "volume": 2900,
        "category": "g",
        "source": "tv",
        "shortable": true,
        "exchange_name": "N/A",
        "market_cap": 0,
        "existing": false
    },
    {
        "symbol": "AGRX",
        "company": "Agile Therapeutics, Inc.",
        "change_pct": 10.98,
        "premarket": 1.92,
        "volume": 9612,
        "category": "g",
        "source": "tv",
        "shortable": true,
        "exchange_name": "N/A",
        "market_cap": 0,
        "existing": false
    },
    {
        "symbol": "COEP",
        "company": "Coeptis Therapeutics Holdings, Inc.",
        "change_pct": 10.64,
        "premarket": 1.04,
        "volume": 15355,
        "category": "g",
        "source": "tv",
        "shortable": true,
        "exchange_name": "N/A",
        "market_cap": 0,
        "existing": false
    },
    {
        "symbol": "JAN",
        "company": "JanOne Inc.",
        "change_pct": 10.55,
        "premarket": 0.4988,
        "volume": 12949,
        "category": "g",
        "source": "tv",
        "shortable": true,
        "exchange_name": "N/A",
        "market_cap": 0,
        "existing": false
    },
    {
        "symbol": "SWIN",
        "company": "Solowin Holdings",
        "change_pct": 9.63,
        "premarket": 4.44,
        "volume": 781029,
        "category": "g",
        "source": "tv",
        "shortable": true,
        "exchange_name": "N/A",
        "market_cap": 0,
        "existing": false
    },
    {
        "symbol": "BSFC",
        "company": "Blue Star Foods Corp.",
        "change_pct": 9.6,
        "premarket": 0.33,
        "volume": 1359000,
        "category": "g",
        "source": "tv",
        "shortable": true,
        "exchange_name": "N/A",
        "market_cap": 0,
        "existing": false
    },
    {
        "symbol": "HRYU",
        "company": "Hanryu Holdings, Inc.",
        "change_pct": 9.41,
        "premarket": 5.23,
        "volume": 568,
        "category": "g",
        "source": "tv",
        "shortable": true,
        "exchange_name": "N/A",
        "market_cap": 0,
        "existing": false
    },
    {
        "symbol": "VAXX",
        "company": "Vaxxinity, Inc.",
        "change_pct": 9.16,
        "premarket": 1.37,
        "volume": 2744,
        "category": "g",
        "source": "tv",
        "shortable": true,
        "exchange_name": "N/A",
        "market_cap": 0,
        "existing": false
    },
    {
        "symbol": "TNON",
        "company": "Tenon Medical, Inc.",
        "change_pct": 9.15,
        "premarket": 0.167,
        "volume": 47599,
        "category": "g",
        "source": "tv",
        "shortable": true,
        "exchange_name": "N/A",
        "market_cap": 0,
        "existing": false
    },
    {
        "symbol": "LASE",
        "company": "Laser Photonics Corporation",
        "change_pct": 9.15,
        "premarket": 1.79,
        "volume": 359,
        "category": "g",
        "source": "tv",
        "shortable": true,
        "exchange_name": "N/A",
        "market_cap": 0,
        "existing": false
    },
    {
        "symbol": "GTEC",
        "company": "Greenland Technologies Holding Corporation",
        "change_pct": 9.03,
        "premarket": 3.5,
        "volume": 1831,
        "category": "g",
        "source": "tv",
        "shortable": true,
        "exchange_name": "N/A",
        "market_cap": 0,
        "existing": false
    },
    {
        "symbol": "CDTX",
        "company": "Cidara Therapeutics, Inc.",
        "change_pct": 8.82,
        "premarket": 1.11,
        "volume": 12580,
        "category": "g",
        "source": "tv",
        "shortable": true,
        "exchange_name": "N/A",
        "market_cap": 0,
        "existing": false
    },
    {
        "symbol": "MGY",
        "company": "Magnolia Oil & Gas Corporation",
        "change_pct": 8.74,
        "premarket": 24.25,
        "volume": 100,
        "category": "g",
        "source": "tv",
        "shortable": true,
        "exchange_name": "N/A",
        "market_cap": 0,
        "existing": false
    },
    {
        "symbol": "FLGC",
        "company": "Flora Growth Corp.",
        "change_pct": 8.7,
        "premarket": 1.25,
        "volume": 200,
        "category": "g",
        "source": "tv",
        "shortable": true,
        "exchange_name": "N/A",
        "market_cap": 0,
        "existing": false
    },
    {
        "symbol": "SFWL",
        "company": "Shengfeng Development Limited",
        "change_pct": 8.68,
        "premarket": 12.52,
        "volume": 1059,
        "category": "g",
        "source": "tv",
        "shortable": true,
        "exchange_name": "N/A",
        "market_cap": 0,
        "existing": false
    },
    {
        "symbol": "NEPT",
        "company": "Neptune Wellness Solutions Inc.",
        "change_pct": -42.25,
        "premarket": 2.31,
        "volume": 559673,
        "category": "l",
        "source": "tv",
        "shortable": true,
        "exchange_name": "N/A",
        "market_cap": 0,
        "existing": false
    },
    {
        "symbol": "FLUX",
        "company": "Flux Power Holdings, Inc.",
        "change_pct": -18.99,
        "premarket": 4.01,
        "volume": 4475,
        "category": "l",
        "source": "tv",
        "shortable": true,
        "exchange_name": "N/A",
        "market_cap": 0,
        "existing": false
    },
    {
        "symbol": "LIFW",
        "company": "MSP Recovery, Inc.",
        "change_pct": -18.07,
        "premarket": 0.1949,
        "volume": 11052000,
        "category": "l",
        "source": "tv",
        "shortable": true,
        "exchange_name": "N/A",
        "market_cap": 0,
        "existing": false
    },
    {
        "symbol": "PBTS",
        "company": "Powerbridge Technologies Co., Ltd.",
        "change_pct": -16.19,
        "premarket": 1.77,
        "volume": 28801,
        "category": "l",
        "source": "tv",
        "shortable": true,
        "exchange_name": "N/A",
        "market_cap": 0,
        "existing": false
    },
    {
        "symbol": "GFR",
        "company": "Greenfire Resources Ltd.",
        "change_pct": -15.55,
        "premarket": 5.81,
        "volume": 764,
        "category": "l",
        "source": "tv",
        "shortable": true,
        "exchange_name": "N/A",
        "market_cap": 0,
        "existing": false
    },
    {
        "symbol": "SCHL",
        "company": "Scholastic Corporation",
        "change_pct": -15.25,
        "premarket": 33.01,
        "volume": 47021,
        "category": "l",
        "source": "tv",
        "shortable": true,
        "exchange_name": "N/A",
        "market_cap": 0,
        "existing": false
    },
    {
        "symbol": "CNXA",
        "company": "Connexa Sports Technologies Inc.",
        "change_pct": -14.38,
        "premarket": 0.134,
        "volume": 1000000,
        "category": "l",
        "source": "tv",
        "shortable": true,
        "exchange_name": "N/A",
        "market_cap": 0,
        "existing": false
    },
    {
        "symbol": "HCSG",
        "company": "Healthcare Services Group, Inc.",
        "change_pct": -14.3,
        "premarket": 8.99,
        "volume": 1000,
        "category": "l",
        "source": "tv",
        "shortable": true,
        "exchange_name": "N/A",
        "market_cap": 0,
        "existing": false
    },
    {
        "symbol": "MDBH",
        "company": "MDB Capital Holdings, LLC",
        "change_pct": -14.0,
        "premarket": 10.75,
        "volume": 1901,
        "category": "l",
        "source": "tv",
        "shortable": true,
        "exchange_name": "N/A",
        "market_cap": 0,
        "existing": false
    },
    {
        "symbol": "MURF",
        "company": "Murphy Canyon Acquisition Corp.",
        "change_pct": -13.36,
        "premarket": 14.72,
        "volume": 9546,
        "category": "l",
        "source": "tv",
        "shortable": true,
        "exchange_name": "N/A",
        "market_cap": 0,
        "existing": false
    },
    {
        "symbol": "AFIB",
        "company": "Acutus Medical, Inc.",
        "change_pct": -12.25,
        "premarket": 0.6102,
        "volume": 142,
        "category": "l",
        "source": "tv",
        "shortable": true,
        "exchange_name": "N/A",
        "market_cap": 0,
        "existing": false
    },
    {
        "symbol": "AMTI",
        "company": "Applied Molecular Transport Inc.",
        "change_pct": -11.76,
        "premarket": 0.18,
        "volume": 530613,
        "category": "l",
        "source": "tv",
        "shortable": true,
        "exchange_name": "N/A",
        "market_cap": 0,
        "existing": false
    },
    {
        "symbol": "MKUL",
        "company": "Molekule Group, Inc.",
        "change_pct": -10.85,
        "premarket": 0.304,
        "volume": 86292,
        "category": "l",
        "source": "tv",
        "shortable": true,
        "exchange_name": "N/A",
        "market_cap": 0,
        "existing": false
    },
    {
        "symbol": "AVGR",
        "company": "Avinger, Inc.",
        "change_pct": -10.47,
        "premarket": 10.01,
        "volume": 86007,
        "category": "l",
        "source": "tv",
        "shortable": true,
        "exchange_name": "N/A",
        "market_cap": 0,
        "existing": false
    },
    {
        "symbol": "SSU",
        "company": "SIGNA Sports",
        "change_pct": -10.18,
        "premarket": 0.3502,
        "volume": 30001,
        "category": "l",
        "source": "tv",
        "shortable": true,
        "exchange_name": "N/A",
        "market_cap": 0,
        "existing": false
    },
    {
        "symbol": "NIR",
        "company": "Near Intelligence, Inc.",
        "change_pct": -9.98,
        "premarket": 0.2644,
        "volume": 458381,
        "category": "l",
        "source": "tv",
        "shortable": true,
        "exchange_name": "N/A",
        "market_cap": 0,
        "existing": false
    },
    {
        "symbol": "RNAZ",
        "company": "TransCode Therapeutics, Inc.",
        "change_pct": -9.46,
        "premarket": 0.631,
        "volume": 22980,
        "category": "l",
        "source": "tv",
        "shortable": true,
        "exchange_name": "N/A",
        "market_cap": 0,
        "existing": false
    },
    {
        "symbol": "CFRX",
        "company": "ContraFect Corporation",
        "change_pct": -8.89,
        "premarket": 0.542,
        "volume": 100,
        "category": "l",
        "source": "tv",
        "shortable": true,
        "exchange_name": "N/A",
        "market_cap": 0,
        "existing": false
    },
    {
        "symbol": "UPTD",
        "company": "TradeUP Acquisition Corp.",
        "change_pct": -8.51,
        "premarket": 13.98,
        "volume": 14972,
        "category": "l",
        "source": "tv",
        "shortable": true,
        "exchange_name": "N/A",
        "market_cap": 0,
        "existing": false
    },
    {
        "symbol": "GLBS",
        "company": "Globus Maritime Limited",
        "change_pct": -7.97,
        "premarket": 1.19,
        "volume": 130,
        "category": "l",
        "source": "tv",
        "shortable": true,
        "exchange_name": "N/A",
        "market_cap": 0,
        "existing": false
    },
    {
        "symbol": "NTWK",
        "company": "NETSOL Technologies Inc.",
        "change_pct": -7.83,
        "premarket": 2.12,
        "volume": 1749,
        "category": "l",
        "source": "tv",
        "shortable": true,
        "exchange_name": "N/A",
        "market_cap": 0,
        "existing": false
    },
    {
        "symbol": "KA",
        "company": "Kineta, Inc.",
        "change_pct": -7.53,
        "premarket": 2.21,
        "volume": 1000,
        "category": "l",
        "source": "tv",
        "shortable": true,
        "exchange_name": "N/A",
        "market_cap": 0,
        "existing": false
    },
    {
        "symbol": "CNTG",
        "company": "Centogene N.V.",
        "change_pct": -7.27,
        "premarket": 1.02,
        "volume": 156,
        "category": "l",
        "source": "tv",
        "shortable": true,
        "exchange_name": "N/A",
        "market_cap": 0,
        "existing": false
    },
    {
        "symbol": "KITT",
        "company": "Nauticus Robotics, Inc.",
        "change_pct": -7.07,
        "premarket": 1.84,
        "volume": 1519,
        "category": "l",
        "source": "tv",
        "shortable": true,
        "exchange_name": "N/A",
        "market_cap": 0,
        "existing": false
    },
    {
        "symbol": "ALGS",
        "company": "Aligos Therapeutics, Inc.",
        "change_pct": -6.99,
        "premarket": 0.7394,
        "volume": 600,
        "category": "l",
        "source": "tv",
        "shortable": true,
        "exchange_name": "N/A",
        "market_cap": 0,
        "existing": false
    }
]