[
    {
        "symbol": "QTEK",
        "company": "QualTek Services Inc.",
        "change_pct": 156.53,
        "premarket": 0.1965,
        "volume": 9901100,
        "category": "g",
        "source": "tv",
        "shortable": false,
        "exchange_name": "NASD",
        "market_cap": 3.91502,
        "existing": false
    },
    {
        "symbol": "ACON",
        "company": "Aclarion, Inc.",
        "change_pct": 135.59,
        "premarket": 1.39,
        "volume": 10134100,
        "category": "g",
        "source": "tv",
        "shortable": false,
        "exchange_name": "NASD",
        "market_cap": 4.63829,
        "existing": false
    },
    {
        "symbol": "GRNA",
        "company": "GreenLight Biosciences Holdings, PBC",
        "change_pct": 45.71,
        "premarket": 0.2907,
        "volume": 2436100,
        "category": "g",
        "source": "tv",
        "shortable": true,
        "exchange_name": "NASD",
        "market_cap": 30.26042,
        "existing": false
    },
    {
        "symbol": "ETRN",
        "company": "Equitrans Midstream Corporation",
        "change_pct": 39.57,
        "premarket": 8.5,
        "volume": 1550100,
        "category": "g",
        "source": "tv",
        "shortable": true,
        "exchange_name": "NYSE",
        "market_cap": 2638.084,
        "existing": false
    },
    {
        "symbol": "BEAT",
        "company": "Heartbeam, Inc.",
        "change_pct": 28.9,
        "premarket": 2.81,
        "volume": 2863100,
        "category": "g",
        "source": "tv",
        "shortable": false,
        "exchange_name": "NASD",
        "market_cap": 56.4647,
        "existing": false
    },
    {
        "symbol": "TTOO",
        "company": "T2 Biosystems, Inc.",
        "change_pct": 27.91,
        "premarket": 0.121,
        "volume": 5009100,
        "category": "g",
        "source": "tv",
        "shortable": true,
        "exchange_name": "NASD",
        "market_cap": 2.35438,
        "existing": false
    },
    {
        "symbol": "TARO",
        "company": "Taro Pharmaceutical Industries Ltd.",
        "change_pct": 24.19,
        "premarket": 36.5,
        "volume": 4443,
        "category": "g",
        "source": "tv",
        "shortable": true,
        "exchange_name": "NYSE",
        "market_cap": 1104.612,
        "existing": false
    },
    {
        "symbol": "ATTO",
        "company": "Atento S.A.",
        "change_pct": 21.92,
        "premarket": 1.78,
        "volume": 447677,
        "category": "g",
        "source": "tv",
        "shortable": true,
        "exchange_name": "NYSE",
        "market_cap": 22.55943,
        "existing": false
    },
    {
        "symbol": "BOSC",
        "company": "B.O.S. Better Online Solutions",
        "change_pct": 21.79,
        "premarket": 3.13,
        "volume": 9297,
        "category": "g",
        "source": "tv",
        "shortable": true,
        "exchange_name": "NASD",
        "market_cap": 14.6529,
        "existing": false
    },
    {
        "symbol": "TIO",
        "company": "Tingo Group, Inc.",
        "change_pct": 21.51,
        "premarket": 4.13,
        "volume": 1138100,
        "category": "g",
        "source": "tv",
        "shortable": true,
        "exchange_name": "NASD",
        "market_cap": 556.6731,
        "existing": false
    },
    {
        "symbol": "IOVA",
        "company": "Iovance Biotherapeutics, Inc.",
        "change_pct": 20.4,
        "premarket": 9.09,
        "volume": 1156100,
        "category": "g",
        "source": "tv",
        "shortable": true,
        "exchange_name": "NASD",
        "market_cap": 1694.587,
        "existing": false
    },
    {
        "symbol": "IDEX",
        "company": "Ideanomics, Inc.",
        "change_pct": 20.0,
        "premarket": 0.0456,
        "volume": 41627100,
        "category": "g",
        "source": "tv",
        "shortable": true,
        "exchange_name": "NASD",
        "market_cap": 29.90684,
        "existing": false
    },
    {
        "symbol": "ETAO",
        "company": "Etao International Co., Ltd.",
        "change_pct": 15.81,
        "premarket": 0.5098,
        "volume": 100,
        "category": "g",
        "source": "tv",
        "shortable": true,
        "exchange_name": "NASD",
        "market_cap": 45.0311,
        "existing": false
    },
    {
        "symbol": "EB",
        "company": "Eventbrite, Inc.",
        "change_pct": 13.78,
        "premarket": 8.34,
        "volume": 200,
        "category": "g",
        "source": "tv",
        "shortable": true,
        "exchange_name": "NYSE",
        "market_cap": 732.9507,
        "existing": false
    },
    {
        "symbol": "AI",
        "company": "C3.ai, Inc.",
        "change_pct": 13.66,
        "premarket": 37.44,
        "volume": 2833100,
        "category": "g",
        "source": "tv",
        "shortable": true,
        "exchange_name": "NYSE",
        "market_cap": 3696.188,
        "existing": false
    },
    {
        "symbol": "MGRM",
        "company": "Monogram Orthopaedics Inc.",
        "change_pct": 13.54,
        "premarket": 5.45,
        "volume": 497139,
        "category": "g",
        "source": "tv",
        "shortable": false,
        "exchange_name": "NASD",
        "market_cap": 104.5899,
        "existing": false
    },
    {
        "symbol": "NXGL",
        "company": "NexGel, Inc",
        "change_pct": 13.1,
        "premarket": 2.59,
        "volume": 27633,
        "category": "g",
        "source": "tv",
        "shortable": false,
        "exchange_name": "NASD",
        "market_cap": 12.85612,
        "existing": false
    },
    {
        "symbol": "SAI",
        "company": "SAI.TECH Global Corporation",
        "change_pct": 13.01,
        "premarket": 1.65,
        "volume": 15486,
        "category": "g",
        "source": "tv",
        "shortable": true,
        "exchange_name": "NASD",
        "market_cap": 33.50194,
        "existing": false
    },
    {
        "symbol": "FORD",
        "company": "Forward Industries, Inc.",
        "change_pct": 12.82,
        "premarket": 1.15,
        "volume": 985,
        "category": "g",
        "source": "tv",
        "shortable": true,
        "exchange_name": "NASD",
        "market_cap": 10.25537,
        "existing": false
    },
    {
        "symbol": "GVP",
        "company": "GSE Systems, Inc.",
        "change_pct": 12.82,
        "premarket": 0.4998,
        "volume": 6772,
        "category": "g",
        "source": "tv",
        "shortable": false,
        "exchange_name": "NASD",
        "market_cap": 10.43744,
        "existing": false
    },
    {
        "symbol": "AFMD",
        "company": "Affimed N.V.",
        "change_pct": 12.36,
        "premarket": 0.93,
        "volume": 200,
        "category": "g",
        "source": "tv",
        "shortable": true,
        "exchange_name": "NASD",
        "market_cap": 123.3898,
        "existing": false
    },
    {
        "symbol": "AIRI",
        "company": "Air Industries Group",
        "change_pct": 11.86,
        "premarket": 3.82,
        "volume": 165563,
        "category": "g",
        "source": "tv",
        "shortable": false,
        "exchange_name": "AMEX",
        "market_cap": 38.81381,
        "existing": false
    },
    {
        "symbol": "CCCC",
        "company": "C4 Therapeutics, Inc.",
        "change_pct": 11.36,
        "premarket": 3.43,
        "volume": 19743,
        "category": "g",
        "source": "tv",
        "shortable": true,
        "exchange_name": "NASD",
        "market_cap": 151.1164,
        "existing": false
    },
    {
        "symbol": "FOXO",
        "company": "FOXO Technologies Inc.",
        "change_pct": 11.29,
        "premarket": 0.34,
        "volume": 33128,
        "category": "g",
        "source": "tv",
        "shortable": false,
        "exchange_name": "AMEX",
        "market_cap": 130.5116,
        "existing": false
    },
    {
        "symbol": "CTM",
        "company": "Castellum, Inc.",
        "change_pct": 11.22,
        "premarket": 0.762,
        "volume": 641,
        "category": "g",
        "source": "tv",
        "shortable": false,
        "exchange_name": "AMEX",
        "market_cap": 0.0,
        "existing": false
    },
    {
        "symbol": "WLDS",
        "company": "Wearable Devices Ltd.",
        "change_pct": 11.11,
        "premarket": 1.3,
        "volume": 2629100,
        "category": "g",
        "source": "tv",
        "shortable": false,
        "exchange_name": "NASD",
        "market_cap": 17.80605,
        "existing": false
    },
    {
        "symbol": "COHR",
        "company": "Coherent Corp.",
        "change_pct": 11.02,
        "premarket": 41.0,
        "volume": 116404,
        "category": "g",
        "source": "tv",
        "shortable": true,
        "exchange_name": "NYSE",
        "market_cap": 5147.221,
        "existing": false
    },
    {
        "symbol": "IE",
        "company": "Ivanhoe Electric Inc.",
        "change_pct": 11.01,
        "premarket": 12.8,
        "volume": 1300,
        "category": "g",
        "source": "tv",
        "shortable": false,
        "exchange_name": "AMEX",
        "market_cap": 0.0,
        "existing": false
    },
    {
        "symbol": "RAMP",
        "company": "LiveRamp Holdings, Inc.",
        "change_pct": 10.89,
        "premarket": 27.69,
        "volume": 150,
        "category": "g",
        "source": "tv",
        "shortable": true,
        "exchange_name": "NYSE",
        "market_cap": 1658.072,
        "existing": false
    },
    {
        "symbol": "LABP",
        "company": "Landos Biopharma, Inc.",
        "change_pct": 10.73,
        "premarket": 3.2,
        "volume": 1959,
        "category": "g",
        "source": "tv",
        "shortable": true,
        "exchange_name": "NASD",
        "market_cap": 9.00768,
        "existing": false
    },
    {
        "symbol": "MKFG",
        "company": "Markforged Holding Corporation",
        "change_pct": 10.23,
        "premarket": 0.99,
        "volume": 2124,
        "category": "g",
        "source": "tv",
        "shortable": true,
        "exchange_name": "NYSE",
        "market_cap": 176.3291,
        "existing": false
    },
    {
        "symbol": "CRDO",
        "company": "Credo Technology Group Holding Ltd",
        "change_pct": 10.06,
        "premarket": 15.1,
        "volume": 145875,
        "category": "g",
        "source": "tv",
        "shortable": true,
        "exchange_name": "NASD",
        "market_cap": 2038.338,
        "existing": false
    },
    {
        "symbol": "LAB",
        "company": "Standard BioTools Inc.",
        "change_pct": 10.04,
        "premarket": 2.74,
        "volume": 900,
        "category": "g",
        "source": "tv",
        "shortable": true,
        "exchange_name": "NASD",
        "market_cap": 195.1785,
        "existing": false
    },
    {
        "symbol": "VRAR",
        "company": "The Glimpse Group, Inc.",
        "change_pct": 9.87,
        "premarket": 5.12,
        "volume": 25670,
        "category": "g",
        "source": "tv",
        "shortable": true,
        "exchange_name": "NASD",
        "market_cap": 67.34438,
        "existing": false
    },
    {
        "symbol": "BACK",
        "company": "IMAC Holdings, Inc.",
        "change_pct": 9.56,
        "premarket": 0.1398,
        "volume": 22735,
        "category": "g",
        "source": "tv",
        "shortable": true,
        "exchange_name": "NASD",
        "market_cap": 4.21905,
        "existing": false
    },
    {
        "symbol": "AGAE",
        "company": "Allied Gaming & Entertainment Inc.",
        "change_pct": 9.52,
        "premarket": 1.15,
        "volume": 133,
        "category": "g",
        "source": "tv",
        "shortable": true,
        "exchange_name": "NASD",
        "market_cap": 39.26803,
        "existing": false
    },
    {
        "symbol": "AIMD",
        "company": "Ainos, Inc.",
        "change_pct": 9.46,
        "premarket": 0.81,
        "volume": 2899,
        "category": "g",
        "source": "tv",
        "shortable": false,
        "exchange_name": "NASD",
        "market_cap": 14.83029,
        "existing": false
    },
    {
        "symbol": "DMTK",
        "company": "DermTech, Inc.",
        "change_pct": 9.4,
        "premarket": 2.7,
        "volume": 600,
        "category": "g",
        "source": "tv",
        "shortable": true,
        "exchange_name": "NASD",
        "market_cap": 76.79208,
        "existing": false
    },
    {
        "symbol": "GLG",
        "company": "TD Holdings, Inc.",
        "change_pct": 9.33,
        "premarket": 0.6985,
        "volume": 828,
        "category": "g",
        "source": "tv",
        "shortable": true,
        "exchange_name": "NASD",
        "market_cap": 92.7628,
        "existing": false
    },
    {
        "symbol": "XXII",
        "company": "22nd Century Group, Inc",
        "change_pct": 9.13,
        "premarket": 0.6792,
        "volume": 4100,
        "category": "g",
        "source": "tv",
        "shortable": true,
        "exchange_name": "NASD",
        "market_cap": 138.4867,
        "existing": false
    }
]