[
    {
        "symbol": "UFAB",
        "company": "Unique Fabricating, Inc.",
        "change_pct": 190.94,
        "premarket": 0.5237,
        "volume": 22543100,
        "category": "g",
        "source": "tv",
        "shortable": true,
        "exchange_name": "AMEX",
        "market_cap": 25.81695,
        "existing": false
    },
    {
        "symbol": "CTIC",
        "company": "CTI BioPharma Corp.",
        "change_pct": 85.06,
        "premarket": 8.92,
        "volume": 42705100,
        "category": "g",
        "source": "tv",
        "shortable": true,
        "exchange_name": "NASD",
        "market_cap": 635.6615,
        "existing": false
    },
    {
        "symbol": "CHSN",
        "company": "Chanson International Holding",
        "change_pct": 77.99,
        "premarket": 2.83,
        "volume": 611459,
        "category": "g",
        "source": "tv",
        "shortable": false,
        "exchange_name": "NASD",
        "market_cap": 19.7001,
        "existing": false
    },
    {
        "symbol": "UPST",
        "company": "Upstart Holdings, Inc.",
        "change_pct": 37.9,
        "premarket": 19.43,
        "volume": 1574100,
        "category": "g",
        "source": "tv",
        "shortable": true,
        "exchange_name": "NASD",
        "market_cap": 1163.705,
        "existing": false
    },
    {
        "symbol": "COMP",
        "company": "Compass, Inc.",
        "change_pct": 34.26,
        "premarket": 3.76,
        "volume": 117766,
        "category": "g",
        "source": "tv",
        "shortable": true,
        "exchange_name": "NYSE",
        "market_cap": 1233.139,
        "existing": false
    },
    {
        "symbol": "VS",
        "company": "Versus Systems Inc.",
        "change_pct": 31.21,
        "premarket": 0.8266,
        "volume": 3038100,
        "category": "g",
        "source": "tv",
        "shortable": false,
        "exchange_name": "NASD",
        "market_cap": 6.72977,
        "existing": false
    },
    {
        "symbol": "MVST",
        "company": "Microvast Holdings, Inc.",
        "change_pct": 29.01,
        "premarket": 1.69,
        "volume": 1782100,
        "category": "g",
        "source": "tv",
        "shortable": true,
        "exchange_name": "NASD",
        "market_cap": 405.3252,
        "existing": false
    },
    {
        "symbol": "STSS",
        "company": "Sharps Technology Inc.",
        "change_pct": 27.39,
        "premarket": 1.24,
        "volume": 7114100,
        "category": "g",
        "source": "tv",
        "shortable": false,
        "exchange_name": "NASD",
        "market_cap": 11.3459,
        "existing": false
    },
    {
        "symbol": "TCRX",
        "company": "TScan Therapeutics, Inc.",
        "change_pct": 26.76,
        "premarket": 4.31,
        "volume": 2283100,
        "category": "g",
        "source": "tv",
        "shortable": false,
        "exchange_name": "NASD",
        "market_cap": 82.36824,
        "existing": false
    },
    {
        "symbol": "ISIG",
        "company": "Insignia Systems, Inc.",
        "change_pct": 22.4,
        "premarket": 9.18,
        "volume": 34239,
        "category": "g",
        "source": "tv",
        "shortable": false,
        "exchange_name": "NASD",
        "market_cap": 13.48226,
        "existing": false
    },
    {
        "symbol": "TIVC",
        "company": "Tivic Health Systems, Inc.",
        "change_pct": 20.84,
        "premarket": 0.1861,
        "volume": 1748100,
        "category": "g",
        "source": "tv",
        "shortable": false,
        "exchange_name": "NASD",
        "market_cap": 4.57037,
        "existing": false
    },
    {
        "symbol": "CRKN",
        "company": "Crown Electrokinetics Corp.",
        "change_pct": 20.57,
        "premarket": 0.1917,
        "volume": 4363100,
        "category": "g",
        "source": "tv",
        "shortable": false,
        "exchange_name": "NASD",
        "market_cap": 6.95039,
        "existing": false
    },
    {
        "symbol": "TACT",
        "company": "TransAct Technologies Incorporated",
        "change_pct": 19.86,
        "premarket": 7.0,
        "volume": 1000,
        "category": "g",
        "source": "tv",
        "shortable": true,
        "exchange_name": "NASD",
        "market_cap": 58.12957,
        "existing": false
    },
    {
        "symbol": "BHIL",
        "company": "Benson Hill, Inc.",
        "change_pct": 19.51,
        "premarket": 1.47,
        "volume": 7630,
        "category": "g",
        "source": "tv",
        "shortable": true,
        "exchange_name": "NYSE",
        "market_cap": 255.1847,
        "existing": false
    },
    {
        "symbol": "RMBL",
        "company": "RumbleOn, Inc.",
        "change_pct": 18.79,
        "premarket": 8.85,
        "volume": 1800,
        "category": "g",
        "source": "tv",
        "shortable": true,
        "exchange_name": "NASD",
        "market_cap": 121.2396,
        "existing": false
    },
    {
        "symbol": "LTRY",
        "company": "Lottery.com, Inc.",
        "change_pct": 17.89,
        "premarket": 0.56,
        "volume": 181661,
        "category": "g",
        "source": "tv",
        "shortable": false,
        "exchange_name": "NASD",
        "market_cap": 24.11138,
        "existing": false
    },
    {
        "symbol": "ZFOX",
        "company": "ZeroFox Holdings, Inc.",
        "change_pct": 17.01,
        "premarket": 0.9101,
        "volume": 4405100,
        "category": "g",
        "source": "tv",
        "shortable": true,
        "exchange_name": "NASD",
        "market_cap": 92.23127,
        "existing": false
    },
    {
        "symbol": "BLZE",
        "company": "Backblaze, Inc.",
        "change_pct": 16.01,
        "premarket": 4.7,
        "volume": 10571,
        "category": "g",
        "source": "tv",
        "shortable": false,
        "exchange_name": "NASD",
        "market_cap": 139.8298,
        "existing": false
    },
    {
        "symbol": "ANGI",
        "company": "Angi Inc.",
        "change_pct": 16.0,
        "premarket": 2.9,
        "volume": 2648,
        "category": "g",
        "source": "tv",
        "shortable": true,
        "exchange_name": "NASD",
        "market_cap": 1265.519,
        "existing": false
    },
    {
        "symbol": "ALTO",
        "company": "Alto Ingredients, Inc.",
        "change_pct": 15.92,
        "premarket": 1.82,
        "volume": 870738,
        "category": "g",
        "source": "tv",
        "shortable": true,
        "exchange_name": "NASD",
        "market_cap": 119.4859,
        "existing": false
    },
    {
        "symbol": "TBLA",
        "company": "Taboola.com Ltd.",
        "change_pct": 14.91,
        "premarket": 2.62,
        "volume": 67622,
        "category": "g",
        "source": "tv",
        "shortable": true,
        "exchange_name": "NASD",
        "market_cap": 679.3322,
        "existing": false
    },
    {
        "symbol": "INDP",
        "company": "Indaptus Therapeutics, Inc.",
        "change_pct": 14.85,
        "premarket": 2.32,
        "volume": 104,
        "category": "g",
        "source": "tv",
        "shortable": true,
        "exchange_name": "NASD",
        "market_cap": 16.97011,
        "existing": false
    },
    {
        "symbol": "FFIE",
        "company": "Faraday Future Intelligent Electric Inc.",
        "change_pct": 14.8,
        "premarket": 0.28,
        "volume": 19027100,
        "category": "g",
        "source": "tv",
        "shortable": true,
        "exchange_name": "NASD",
        "market_cap": 184.5845,
        "existing": false
    },
    {
        "symbol": "MYNZ",
        "company": "Mainz Biomed N.V.",
        "change_pct": 14.69,
        "premarket": 5.31,
        "volume": 610,
        "category": "g",
        "source": "tv",
        "shortable": true,
        "exchange_name": "NASD",
        "market_cap": 68.64721,
        "existing": false
    },
    {
        "symbol": "CELL",
        "company": "PhenomeX Inc.",
        "change_pct": 14.66,
        "premarket": 1.0196,
        "volume": 100,
        "category": "g",
        "source": "tv",
        "shortable": true,
        "exchange_name": "NASD",
        "market_cap": 87.80398,
        "existing": false
    },
    {
        "symbol": "PFIE",
        "company": "Profire Energy, Inc.",
        "change_pct": 14.04,
        "premarket": 1.3,
        "volume": 19997,
        "category": "g",
        "source": "tv",
        "shortable": false,
        "exchange_name": "NASD",
        "market_cap": 53.98149,
        "existing": false
    },
    {
        "symbol": "NOTE",
        "company": "FiscalNote Holdings, Inc.",
        "change_pct": 13.66,
        "premarket": 1.83,
        "volume": 15964,
        "category": "g",
        "source": "tv",
        "shortable": false,
        "exchange_name": "NYSE",
        "market_cap": 215.6237,
        "existing": false
    },
    {
        "symbol": "DAVE",
        "company": "Dave Inc.",
        "change_pct": 13.49,
        "premarket": 5.47,
        "volume": 683,
        "category": "g",
        "source": "tv",
        "shortable": true,
        "exchange_name": "NASD",
        "market_cap": 57.43807,
        "existing": false
    },
    {
        "symbol": "CNXA",
        "company": "Connexa Sports Technologies Inc.",
        "change_pct": 13.4,
        "premarket": 0.2099,
        "volume": 122275,
        "category": "g",
        "source": "tv",
        "shortable": false,
        "exchange_name": "NASD",
        "market_cap": 2.34396,
        "existing": false
    },
    {
        "symbol": "ACGN",
        "company": "Aceragen, Inc.",
        "change_pct": 13.32,
        "premarket": 2.34,
        "volume": 207,
        "category": "g",
        "source": "tv",
        "shortable": true,
        "exchange_name": "NASD",
        "market_cap": 17.39454,
        "existing": false
    },
    {
        "symbol": "CARG",
        "company": "CarGurus, Inc.",
        "change_pct": 13.32,
        "premarket": 18.55,
        "volume": 5300,
        "category": "g",
        "source": "tv",
        "shortable": true,
        "exchange_name": "NASD",
        "market_cap": 1869.145,
        "existing": false
    },
    {
        "symbol": "AMPE",
        "company": "Ampio Pharmaceuticals, Inc.",
        "change_pct": 13.21,
        "premarket": 0.24,
        "volume": 846,
        "category": "g",
        "source": "tv",
        "shortable": true,
        "exchange_name": "AMEX",
        "market_cap": 6.03432,
        "existing": false
    },
    {
        "symbol": "SXTC",
        "company": "China SXT Pharmaceuticals, Inc.",
        "change_pct": 12.92,
        "premarket": 0.25,
        "volume": 442781,
        "category": "g",
        "source": "tv",
        "shortable": false,
        "exchange_name": "NASD",
        "market_cap": 13.73955,
        "existing": false
    },
    {
        "symbol": "NRDY",
        "company": "Nerdy Inc.",
        "change_pct": 12.9,
        "premarket": 3.5,
        "volume": 11876,
        "category": "g",
        "source": "tv",
        "shortable": true,
        "exchange_name": "NYSE",
        "market_cap": 511.8699,
        "existing": false
    },
    {
        "symbol": "CASA",
        "company": "Casa Systems, Inc.",
        "change_pct": 12.52,
        "premarket": 1.35,
        "volume": 47345,
        "category": "g",
        "source": "tv",
        "shortable": true,
        "exchange_name": "NASD",
        "market_cap": 116.0594,
        "existing": false
    },
    {
        "symbol": "SDC",
        "company": "SmileDirectClub, Inc.",
        "change_pct": 12.5,
        "premarket": 0.45,
        "volume": 373710,
        "category": "g",
        "source": "tv",
        "shortable": true,
        "exchange_name": "NASD",
        "market_cap": 159.8422,
        "existing": false
    },
    {
        "symbol": "CXDO",
        "company": "Crexendo, Inc.",
        "change_pct": 12.34,
        "premarket": 1.73,
        "volume": 220,
        "category": "g",
        "source": "tv",
        "shortable": true,
        "exchange_name": "NASD",
        "market_cap": 39.57356,
        "existing": false
    },
    {
        "symbol": "LZ",
        "company": "LegalZoom.com, Inc.",
        "change_pct": 12.12,
        "premarket": 9.34,
        "volume": 2845,
        "category": "g",
        "source": "tv",
        "shortable": true,
        "exchange_name": "NASD",
        "market_cap": 1592.689,
        "existing": false
    },
    {
        "symbol": "RNG",
        "company": "RingCentral, Inc.",
        "change_pct": 12.11,
        "premarket": 29.71,
        "volume": 28867,
        "category": "g",
        "source": "tv",
        "shortable": true,
        "exchange_name": "NYSE",
        "market_cap": 2530.069,
        "existing": false
    },
    {
        "symbol": "CELH",
        "company": "Celsius Holdings, Inc.",
        "change_pct": 12.02,
        "premarket": 120.0,
        "volume": 39599,
        "category": "g",
        "source": "tv",
        "shortable": true,
        "exchange_name": "NASD",
        "market_cap": 8221.778,
        "existing": false
    }
]