[
    {
        "symbol": "ARDS",
        "company": "Aridis Pharmaceuticals Inc.",
        "change_pct": 95.24,
        "premarket": 0.3612,
        "volume": 11716100,
        "category": "g",
        "source": "tv",
        "shortable": true,
        "exchange_name": "NASD",
        "market_cap": 6.67434,
        "existing": false
    },
    {
        "symbol": "WLGS",
        "company": "Wang & Lee Group, Inc.",
        "change_pct": 48.2,
        "premarket": 2.06,
        "volume": 4977100,
        "category": "g",
        "source": "tv",
        "shortable": false,
        "exchange_name": "NASD",
        "market_cap": 20.9839,
        "existing": false
    },
    {
        "symbol": "VTGN",
        "company": "VistaGen Therapeutics, Inc.",
        "change_pct": 39.28,
        "premarket": 0.1865,
        "volume": 13048100,
        "category": "g",
        "source": "tv",
        "shortable": true,
        "exchange_name": "NASD",
        "market_cap": 29.36782,
        "existing": false
    },
    {
        "symbol": "MRKR",
        "company": "Marker Therapeutics, Inc.",
        "change_pct": 30.08,
        "premarket": 1.73,
        "volume": 6079099,
        "category": "g",
        "source": "tv",
        "shortable": true,
        "exchange_name": "NASD",
        "market_cap": 11.70156,
        "existing": false
    },
    {
        "symbol": "LL",
        "company": "LL Flooring Holdings, Inc.",
        "change_pct": 23.67,
        "premarket": 5.12,
        "volume": 167050,
        "category": "g",
        "source": "tv",
        "shortable": true,
        "exchange_name": "NYSE",
        "market_cap": 126.2534,
        "existing": false
    },
    {
        "symbol": "LICN",
        "company": "Lichen China Limited",
        "change_pct": 17.95,
        "premarket": 2.3,
        "volume": 1250,
        "category": "g",
        "source": "tv",
        "shortable": true,
        "exchange_name": "NASD",
        "market_cap": 51.675,
        "existing": false
    },
    {
        "symbol": "TRVN",
        "company": "Trevena, Inc.",
        "change_pct": 17.25,
        "premarket": 1.36,
        "volume": 6232100,
        "category": "g",
        "source": "tv",
        "shortable": true,
        "exchange_name": "NASD",
        "market_cap": 12.72407,
        "existing": false
    },
    {
        "symbol": "KAVL",
        "company": "Kaival Brands Innovations Group, Inc.",
        "change_pct": 16.09,
        "premarket": 0.65,
        "volume": 4527,
        "category": "g",
        "source": "tv",
        "shortable": false,
        "exchange_name": "NASD",
        "market_cap": 31.44907,
        "existing": false
    },
    {
        "symbol": "TENX",
        "company": "Tenax Therapeutics, Inc.",
        "change_pct": 15.94,
        "premarket": 0.371,
        "volume": 1257100,
        "category": "g",
        "source": "tv",
        "shortable": true,
        "exchange_name": "NASD",
        "market_cap": 6.96878,
        "existing": false
    },
    {
        "symbol": "TOMZ",
        "company": "TOMI Environmental Solutions, Inc.",
        "change_pct": 15.5,
        "premarket": 0.5894,
        "volume": 1194100,
        "category": "g",
        "source": "tv",
        "shortable": false,
        "exchange_name": "NASD",
        "market_cap": 10.11616,
        "existing": false
    },
    {
        "symbol": "MARK",
        "company": "Remark Holdings, Inc.",
        "change_pct": 15.04,
        "premarket": 1.53,
        "volume": 1063100,
        "category": "g",
        "source": "tv",
        "shortable": true,
        "exchange_name": "NASD",
        "market_cap": 19.08558,
        "existing": false
    },
    {
        "symbol": "AKBA",
        "company": "Akebia Therapeutics, Inc.",
        "change_pct": 14.75,
        "premarket": 1.1,
        "volume": 345171,
        "category": "g",
        "source": "tv",
        "shortable": true,
        "exchange_name": "NASD",
        "market_cap": 178.2307,
        "existing": false
    },
    {
        "symbol": "BJDX",
        "company": "Bluejay Diagnostics, Inc.",
        "change_pct": 14.52,
        "premarket": 0.2201,
        "volume": 27364,
        "category": "g",
        "source": "tv",
        "shortable": false,
        "exchange_name": "NASD",
        "market_cap": 3.93223,
        "existing": false
    },
    {
        "symbol": "ACET",
        "company": "Adicet Bio, Inc.",
        "change_pct": 14.06,
        "premarket": 6.4,
        "volume": 220,
        "category": "g",
        "source": "tv",
        "shortable": true,
        "exchange_name": "NASD",
        "market_cap": 240.9921,
        "existing": false
    },
    {
        "symbol": "ENOB",
        "company": "Enochian Biosciences, Inc.",
        "change_pct": 13.35,
        "premarket": 1.07,
        "volume": 984,
        "category": "g",
        "source": "tv",
        "shortable": true,
        "exchange_name": "NASD",
        "market_cap": 55.01971,
        "existing": false
    },
    {
        "symbol": "CRIS",
        "company": "Curis, Inc.",
        "change_pct": 12.11,
        "premarket": 0.8987,
        "volume": 508,
        "category": "g",
        "source": "tv",
        "shortable": true,
        "exchange_name": "NASD",
        "market_cap": 77.44891,
        "existing": false
    },
    {
        "symbol": "GETR",
        "company": "Getaround, Inc.",
        "change_pct": 11.38,
        "premarket": 0.594,
        "volume": 3127100,
        "category": "g",
        "source": "tv",
        "shortable": false,
        "exchange_name": "NYSE",
        "market_cap": 49.10945,
        "existing": false
    },
    {
        "symbol": "SNMP",
        "company": "Evolve Transition Infrastructure LP",
        "change_pct": 11.31,
        "premarket": 0.0699,
        "volume": 2291,
        "category": "g",
        "source": "tv",
        "shortable": false,
        "exchange_name": "AMEX",
        "market_cap": 94.46822,
        "existing": false
    },
    {
        "symbol": "CLXT",
        "company": "Calyxt, Inc.",
        "change_pct": 10.89,
        "premarket": 6.62,
        "volume": 2844,
        "category": "g",
        "source": "tv",
        "shortable": true,
        "exchange_name": "NASD",
        "market_cap": 29.69291,
        "existing": false
    },
    {
        "symbol": "CING",
        "company": "Cingulate Inc.",
        "change_pct": 10.87,
        "premarket": 1.02,
        "volume": 300,
        "category": "g",
        "source": "tv",
        "shortable": false,
        "exchange_name": "NASD",
        "market_cap": 10.76781,
        "existing": false
    },
    {
        "symbol": "AUID",
        "company": "authID Inc.",
        "change_pct": 10.38,
        "premarket": 0.872,
        "volume": 1407,
        "category": "g",
        "source": "tv",
        "shortable": true,
        "exchange_name": "NASD",
        "market_cap": 20.43291,
        "existing": false
    },
    {
        "symbol": "SCWO",
        "company": "374Water Inc.",
        "change_pct": 9.47,
        "premarket": 2.89,
        "volume": 400,
        "category": "g",
        "source": "tv",
        "shortable": false,
        "exchange_name": "NASD",
        "market_cap": 340.6335,
        "existing": false
    },
    {
        "symbol": "APLM",
        "company": "Apollomics Inc.",
        "change_pct": 9.14,
        "premarket": 4.48,
        "volume": 1342,
        "category": "g",
        "source": "tv",
        "shortable": true,
        "exchange_name": "NASD",
        "market_cap": 356.2969,
        "existing": false
    },
    {
        "symbol": "CLEU",
        "company": "China Liberal Education Holdings Limited",
        "change_pct": 8.93,
        "premarket": 0.61,
        "volume": 1400,
        "category": "g",
        "source": "tv",
        "shortable": false,
        "exchange_name": "NASD",
        "market_cap": 17.69507,
        "existing": false
    },
    {
        "symbol": "HOUR",
        "company": "Hour Loop, Inc.",
        "change_pct": 8.65,
        "premarket": 2.01,
        "volume": 173,
        "category": "g",
        "source": "tv",
        "shortable": false,
        "exchange_name": "NASD",
        "market_cap": 64.86149,
        "existing": false
    },
    {
        "symbol": "OMEX",
        "company": "Odyssey Marine Exploration, Inc.",
        "change_pct": 8.49,
        "premarket": 3.69,
        "volume": 200,
        "category": "g",
        "source": "tv",
        "shortable": true,
        "exchange_name": "NASD",
        "market_cap": 67.63773,
        "existing": false
    },
    {
        "symbol": "IMRX",
        "company": "Immuneering Corporation",
        "change_pct": 8.23,
        "premarket": 7.5,
        "volume": 100,
        "category": "g",
        "source": "tv",
        "shortable": true,
        "exchange_name": "NASD",
        "market_cap": 202.6932,
        "existing": false
    },
    {
        "symbol": "PRTK",
        "company": "Paratek Pharmaceuticals, Inc.",
        "change_pct": 8.18,
        "premarket": 1.68,
        "volume": 425,
        "category": "g",
        "source": "tv",
        "shortable": true,
        "exchange_name": "NASD",
        "market_cap": 88.78747,
        "existing": false
    },
    {
        "symbol": "MLEC",
        "company": "Moolec Science SA",
        "change_pct": 8.04,
        "premarket": 3.24,
        "volume": 100,
        "category": "g",
        "source": "tv",
        "shortable": true,
        "exchange_name": "NASD",
        "market_cap": 112.6432,
        "existing": false
    },
    {
        "symbol": "HLTH",
        "company": "Cue Health Inc.",
        "change_pct": 7.99,
        "premarket": 0.76,
        "volume": 22292,
        "category": "g",
        "source": "tv",
        "shortable": true,
        "exchange_name": "NASD",
        "market_cap": 106.7093,
        "existing": false
    },
    {
        "symbol": "INTZ",
        "company": "Intrusion Inc.",
        "change_pct": 7.59,
        "premarket": 1.7,
        "volume": 2000,
        "category": "g",
        "source": "tv",
        "shortable": true,
        "exchange_name": "NASD",
        "market_cap": 33.70393,
        "existing": false
    },
    {
        "symbol": "TOVX",
        "company": "Theriva Biologics, Inc.",
        "change_pct": 7.41,
        "premarket": 0.71,
        "volume": 800,
        "category": "g",
        "source": "tv",
        "shortable": false,
        "exchange_name": "AMEX",
        "market_cap": 68.06793,
        "existing": false
    },
    {
        "symbol": "MEIP",
        "company": "MEI Pharma, Inc.",
        "change_pct": 7.22,
        "premarket": 7.72,
        "volume": 2685,
        "category": "g",
        "source": "tv",
        "shortable": true,
        "exchange_name": "NASD",
        "market_cap": 47.97257,
        "existing": false
    },
    {
        "symbol": "INM",
        "company": "InMed Pharmaceuticals Inc.",
        "change_pct": 7.14,
        "premarket": 1.35,
        "volume": 100,
        "category": "g",
        "source": "tv",
        "shortable": true,
        "exchange_name": "NASD",
        "market_cap": 4.19352,
        "existing": false
    },
    {
        "symbol": "HYZN",
        "company": "Hyzon Motors Inc.",
        "change_pct": 7.1,
        "premarket": 0.65,
        "volume": 962,
        "category": "g",
        "source": "tv",
        "shortable": true,
        "exchange_name": "NASD",
        "market_cap": 148.4241,
        "existing": false
    },
    {
        "symbol": "KSCP",
        "company": "Knightscope, Inc.",
        "change_pct": 7.08,
        "premarket": 0.4283,
        "volume": 6541,
        "category": "g",
        "source": "tv",
        "shortable": true,
        "exchange_name": "NASD",
        "market_cap": 21.71009,
        "existing": false
    },
    {
        "symbol": "BHIL",
        "company": "Benson Hill, Inc.",
        "change_pct": 6.94,
        "premarket": 1.54,
        "volume": 1021,
        "category": "g",
        "source": "tv",
        "shortable": true,
        "exchange_name": "NYSE",
        "market_cap": 298.7528,
        "existing": false
    },
    {
        "symbol": "FFIE",
        "company": "Faraday Future Intelligent Electric Inc.",
        "change_pct": 6.93,
        "premarket": 0.267,
        "volume": 10262100,
        "category": "g",
        "source": "tv",
        "shortable": true,
        "exchange_name": "NASD",
        "market_cap": 284.8383,
        "existing": false
    },
    {
        "symbol": "BANL",
        "company": "CBL International Limited",
        "change_pct": 6.81,
        "premarket": 2.98,
        "volume": 1000,
        "category": "g",
        "source": "tv",
        "shortable": true,
        "exchange_name": "NASD",
        "market_cap": 69.95576,
        "existing": false
    },
    {
        "symbol": "NURO",
        "company": "NeuroMetrix, Inc.",
        "change_pct": 6.67,
        "premarket": 1.12,
        "volume": 377294,
        "category": "g",
        "source": "tv",
        "shortable": true,
        "exchange_name": "NASD",
        "market_cap": 8.23153,
        "existing": false
    }
]