[
    {
        "symbol": "SMX",
        "company": "SMX (Security Matters) Public Limited Company",
        "change_pct": 124.26,
        "premarket": 3.79,
        "volume": 9658000,
        "category": "g",
        "source": "tv",
        "shortable": true,
        "exchange_name": "N/A",
        "market_cap": 0,
        "existing": false
    },
    {
        "symbol": "SPCB",
        "company": "SuperCom, Ltd.",
        "change_pct": 86.25,
        "premarket": 0.6705,
        "volume": 17468000,
        "category": "g",
        "source": "tv",
        "shortable": true,
        "exchange_name": "N/A",
        "market_cap": 0,
        "existing": false
    },
    {
        "symbol": "REBN",
        "company": "Reborn Coffee, Inc.",
        "change_pct": 24.49,
        "premarket": 0.61,
        "volume": 523114,
        "category": "g",
        "source": "tv",
        "shortable": true,
        "exchange_name": "N/A",
        "market_cap": 0,
        "existing": false
    },
    {
        "symbol": "CISO",
        "company": "CISO Global, Inc.",
        "change_pct": 21.16,
        "premarket": 0.1689,
        "volume": 1448000,
        "category": "g",
        "source": "tv",
        "shortable": true,
        "exchange_name": "N/A",
        "market_cap": 0,
        "existing": false
    },
    {
        "symbol": "NL",
        "company": "NL Industries, Inc.",
        "change_pct": 19.57,
        "premarket": 5.62,
        "volume": 1708,
        "category": "g",
        "source": "tv",
        "shortable": true,
        "exchange_name": "N/A",
        "market_cap": 0,
        "existing": false
    },
    {
        "symbol": "IMUX",
        "company": "Immunic, Inc.",
        "change_pct": 16.98,
        "premarket": 1.86,
        "volume": 4502000,
        "category": "g",
        "source": "tv",
        "shortable": true,
        "exchange_name": "N/A",
        "market_cap": 0,
        "existing": false
    },
    {
        "symbol": "INTZ",
        "company": "Intrusion Inc.",
        "change_pct": 16.86,
        "premarket": 0.409,
        "volume": 2438000,
        "category": "g",
        "source": "tv",
        "shortable": true,
        "exchange_name": "N/A",
        "market_cap": 0,
        "existing": false
    },
    {
        "symbol": "PGTI",
        "company": "PGT Innovations, Inc.",
        "change_pct": 16.41,
        "premarket": 30.5,
        "volume": 2262,
        "category": "g",
        "source": "tv",
        "shortable": true,
        "exchange_name": "N/A",
        "market_cap": 0,
        "existing": false
    },
    {
        "symbol": "LXRX",
        "company": "Lexicon Pharmaceuticals, Inc.",
        "change_pct": 16.0,
        "premarket": 1.16,
        "volume": 515503,
        "category": "g",
        "source": "tv",
        "shortable": true,
        "exchange_name": "N/A",
        "market_cap": 0,
        "existing": false
    },
    {
        "symbol": "KAVL",
        "company": "Kaival Brands Innovations Group, Inc.",
        "change_pct": 15.79,
        "premarket": 0.44,
        "volume": 895269,
        "category": "g",
        "source": "tv",
        "shortable": true,
        "exchange_name": "N/A",
        "market_cap": 0,
        "existing": false
    },
    {
        "symbol": "PWFL",
        "company": "PowerFleet, Inc.",
        "change_pct": 15.74,
        "premarket": 2.28,
        "volume": 60533,
        "category": "g",
        "source": "tv",
        "shortable": true,
        "exchange_name": "N/A",
        "market_cap": 0,
        "existing": false
    },
    {
        "symbol": "SYBX",
        "company": "Synlogic, Inc.",
        "change_pct": 14.5,
        "premarket": 3.0,
        "volume": 303,
        "category": "g",
        "source": "tv",
        "shortable": true,
        "exchange_name": "N/A",
        "market_cap": 0,
        "existing": false
    },
    {
        "symbol": "INO",
        "company": "Inovio Pharmaceuticals, Inc.",
        "change_pct": 14.21,
        "premarket": 0.41,
        "volume": 413023,
        "category": "g",
        "source": "tv",
        "shortable": true,
        "exchange_name": "N/A",
        "market_cap": 0,
        "existing": false
    },
    {
        "symbol": "MBRX",
        "company": "Moleculin Biotech, Inc.",
        "change_pct": 13.28,
        "premarket": 0.5196,
        "volume": 1000,
        "category": "g",
        "source": "tv",
        "shortable": true,
        "exchange_name": "N/A",
        "market_cap": 0,
        "existing": false
    },
    {
        "symbol": "KXIN",
        "company": "Kaixin Auto Holdings",
        "change_pct": 13.08,
        "premarket": 1.21,
        "volume": 200,
        "category": "g",
        "source": "tv",
        "shortable": true,
        "exchange_name": "N/A",
        "market_cap": 0,
        "existing": false
    },
    {
        "symbol": "NAOV",
        "company": "NanoVibronix, Inc.",
        "change_pct": 12.59,
        "premarket": 1.61,
        "volume": 549,
        "category": "g",
        "source": "tv",
        "shortable": true,
        "exchange_name": "N/A",
        "market_cap": 0,
        "existing": false
    },
    {
        "symbol": "COHR",
        "company": "Coherent Corp.",
        "change_pct": 12.42,
        "premarket": 34.85,
        "volume": 497893,
        "category": "g",
        "source": "tv",
        "shortable": true,
        "exchange_name": "N/A",
        "market_cap": 0,
        "existing": false
    },
    {
        "symbol": "NRXS",
        "company": "Neuraxis, Inc.",
        "change_pct": 12.22,
        "premarket": 4.04,
        "volume": 11484,
        "category": "g",
        "source": "tv",
        "shortable": true,
        "exchange_name": "N/A",
        "market_cap": 0,
        "existing": false
    },
    {
        "symbol": "AEMD",
        "company": "Aethlon Medical, Inc.",
        "change_pct": 11.73,
        "premarket": 2.0,
        "volume": 997,
        "category": "g",
        "source": "tv",
        "shortable": true,
        "exchange_name": "N/A",
        "market_cap": 0,
        "existing": false
    },
    {
        "symbol": "UGRO",
        "company": "urban-gro, Inc.",
        "change_pct": 10.74,
        "premarket": 1.33,
        "volume": 140,
        "category": "g",
        "source": "tv",
        "shortable": true,
        "exchange_name": "N/A",
        "market_cap": 0,
        "existing": false
    },
    {
        "symbol": "VFF",
        "company": "Village Farms International, Inc.",
        "change_pct": 10.64,
        "premarket": 0.8306,
        "volume": 3970,
        "category": "g",
        "source": "tv",
        "shortable": true,
        "exchange_name": "N/A",
        "market_cap": 0,
        "existing": false
    },
    {
        "symbol": "MYMD",
        "company": "MyMD Pharmaceuticals, Inc.",
        "change_pct": 10.53,
        "premarket": 0.4618,
        "volume": 902,
        "category": "g",
        "source": "tv",
        "shortable": true,
        "exchange_name": "N/A",
        "market_cap": 0,
        "existing": false
    },
    {
        "symbol": "UK",
        "company": "Ucommune International Ltd",
        "change_pct": 10.28,
        "premarket": 0.3198,
        "volume": 500,
        "category": "g",
        "source": "tv",
        "shortable": true,
        "exchange_name": "N/A",
        "market_cap": 0,
        "existing": false
    },
    {
        "symbol": "HSDT",
        "company": "Helius Medical Technologies, Inc.",
        "change_pct": 10.24,
        "premarket": 8.61,
        "volume": 500,
        "category": "g",
        "source": "tv",
        "shortable": true,
        "exchange_name": "N/A",
        "market_cap": 0,
        "existing": false
    },
    {
        "symbol": "ACIU",
        "company": "AC Immune SA",
        "change_pct": 10.16,
        "premarket": 2.82,
        "volume": 22467,
        "category": "g",
        "source": "tv",
        "shortable": true,
        "exchange_name": "N/A",
        "market_cap": 0,
        "existing": false
    },
    {
        "symbol": "AKRO",
        "company": "Akero Therapeutics, Inc.",
        "change_pct": -58.49,
        "premarket": 20.15,
        "volume": 3538000,
        "category": "l",
        "source": "tv",
        "shortable": true,
        "exchange_name": "N/A",
        "market_cap": 0,
        "existing": false
    },
    {
        "symbol": "ATHX",
        "company": "Athersys, Inc.",
        "change_pct": -41.0,
        "premarket": 0.177,
        "volume": 394894,
        "category": "l",
        "source": "tv",
        "shortable": true,
        "exchange_name": "N/A",
        "market_cap": 0,
        "existing": false
    },
    {
        "symbol": "ETNB",
        "company": "89bio, Inc.",
        "change_pct": -28.2,
        "premarket": 11.15,
        "volume": 948841,
        "category": "l",
        "source": "tv",
        "shortable": true,
        "exchange_name": "N/A",
        "market_cap": 0,
        "existing": false
    },
    {
        "symbol": "ISPC",
        "company": "iSpecimen Inc.",
        "change_pct": -23.2,
        "premarket": 0.4607,
        "volume": 10285,
        "category": "l",
        "source": "tv",
        "shortable": true,
        "exchange_name": "N/A",
        "market_cap": 0,
        "existing": false
    },
    {
        "symbol": "SFT",
        "company": "Shift Technologies, Inc.",
        "change_pct": -22.28,
        "premarket": 0.1974,
        "volume": 936023,
        "category": "l",
        "source": "tv",
        "shortable": true,
        "exchange_name": "N/A",
        "market_cap": 0,
        "existing": false
    },
    {
        "symbol": "MKUL",
        "company": "Molekule Group, Inc.",
        "change_pct": -21.55,
        "premarket": 0.1012,
        "volume": 1934000,
        "category": "l",
        "source": "tv",
        "shortable": true,
        "exchange_name": "N/A",
        "market_cap": 0,
        "existing": false
    },
    {
        "symbol": "PEV",
        "company": "Phoenix Motor Inc.",
        "change_pct": -20.89,
        "premarket": 1.25,
        "volume": 64050,
        "category": "l",
        "source": "tv",
        "shortable": true,
        "exchange_name": "N/A",
        "market_cap": 0,
        "existing": false
    },
    {
        "symbol": "MAXN",
        "company": "Maxeon Solar Technologies, Ltd.",
        "change_pct": -18.34,
        "premarket": 7.79,
        "volume": 14974,
        "category": "l",
        "source": "tv",
        "shortable": true,
        "exchange_name": "N/A",
        "market_cap": 0,
        "existing": false
    },
    {
        "symbol": "RVLP",
        "company": "RVL Pharmaceuticals plc",
        "change_pct": -17.14,
        "premarket": 0.1581,
        "volume": 4811000,
        "category": "l",
        "source": "tv",
        "shortable": true,
        "exchange_name": "N/A",
        "market_cap": 0,
        "existing": false
    },
    {
        "symbol": "GPAK",
        "company": "Gamer Pakistan Inc.",
        "change_pct": -16.59,
        "premarket": 1.86,
        "volume": 26986,
        "category": "l",
        "source": "tv",
        "shortable": true,
        "exchange_name": "N/A",
        "market_cap": 0,
        "existing": false
    },
    {
        "symbol": "VTYX",
        "company": "Ventyx Biosciences, Inc.",
        "change_pct": -16.33,
        "premarket": 25.1,
        "volume": 14322,
        "category": "l",
        "source": "tv",
        "shortable": true,
        "exchange_name": "N/A",
        "market_cap": 0,
        "existing": false
    },
    {
        "symbol": "GV",
        "company": "Visionary Education Technology Holdings Group Inc.",
        "change_pct": -16.23,
        "premarket": 0.16,
        "volume": 123874,
        "category": "l",
        "source": "tv",
        "shortable": true,
        "exchange_name": "N/A",
        "market_cap": 0,
        "existing": false
    },
    {
        "symbol": "INVO",
        "company": "INVO BioScience, Inc.",
        "change_pct": -14.16,
        "premarket": 0.6749,
        "volume": 155,
        "category": "l",
        "source": "tv",
        "shortable": true,
        "exchange_name": "N/A",
        "market_cap": 0,
        "existing": false
    },
    {
        "symbol": "MTEK",
        "company": "Maris-Tech Ltd.",
        "change_pct": -13.67,
        "premarket": 1.2,
        "volume": 774452,
        "category": "l",
        "source": "tv",
        "shortable": true,
        "exchange_name": "N/A",
        "market_cap": 0,
        "existing": false
    },
    {
        "symbol": "HUBC",
        "company": "Hub Cyber Security Ltd.",
        "change_pct": -12.6,
        "premarket": 0.586,
        "volume": 8367000,
        "category": "l",
        "source": "tv",
        "shortable": true,
        "exchange_name": "N/A",
        "market_cap": 0,
        "existing": false
    },
    {
        "symbol": "MSS",
        "company": "Maison Solutions Inc.",
        "change_pct": -11.85,
        "premarket": 5.73,
        "volume": 4953,
        "category": "l",
        "source": "tv",
        "shortable": true,
        "exchange_name": "N/A",
        "market_cap": 0,
        "existing": false
    },
    {
        "symbol": "PRZO",
        "company": "ParaZero Technologies Ltd.",
        "change_pct": -11.11,
        "premarket": 2.4,
        "volume": 4700000,
        "category": "l",
        "source": "tv",
        "shortable": true,
        "exchange_name": "N/A",
        "market_cap": 0,
        "existing": false
    },
    {
        "symbol": "SVFD",
        "company": "Save Foods, Inc.",
        "change_pct": -10.3,
        "premarket": 2.7,
        "volume": 1765,
        "category": "l",
        "source": "tv",
        "shortable": true,
        "exchange_name": "N/A",
        "market_cap": 0,
        "existing": false
    },
    {
        "symbol": "AUVI",
        "company": "Applied UV, Inc.",
        "change_pct": -10.13,
        "premarket": 0.3114,
        "volume": 137609,
        "category": "l",
        "source": "tv",
        "shortable": true,
        "exchange_name": "N/A",
        "market_cap": 0,
        "existing": false
    },
    {
        "symbol": "AULT",
        "company": "Ault Alliance, Inc.",
        "change_pct": -9.94,
        "premarket": 0.2174,
        "volume": 967431,
        "category": "l",
        "source": "tv",
        "shortable": true,
        "exchange_name": "N/A",
        "market_cap": 0,
        "existing": false
    },
    {
        "symbol": "EDSA",
        "company": "Edesa Biotech, Inc.",
        "change_pct": -9.84,
        "premarket": 0.55,
        "volume": 2000,
        "category": "l",
        "source": "tv",
        "shortable": true,
        "exchange_name": "N/A",
        "market_cap": 0,
        "existing": false
    },
    {
        "symbol": "BIOR",
        "company": "Biora Therapeutics, Inc.",
        "change_pct": -9.71,
        "premarket": 1.86,
        "volume": 10030,
        "category": "l",
        "source": "tv",
        "shortable": true,
        "exchange_name": "N/A",
        "market_cap": 0,
        "existing": false
    },
    {
        "symbol": "JGGC",
        "company": "Jaguar Global Growth Corporation I",
        "change_pct": -8.95,
        "premarket": 5.19,
        "volume": 102,
        "category": "l",
        "source": "tv",
        "shortable": true,
        "exchange_name": "N/A",
        "market_cap": 0,
        "existing": false
    },
    {
        "symbol": "FTFT",
        "company": "Future FinTech Group Inc.",
        "change_pct": -8.67,
        "premarket": 0.95,
        "volume": 2006,
        "category": "l",
        "source": "tv",
        "shortable": true,
        "exchange_name": "N/A",
        "market_cap": 0,
        "existing": false
    },
    {
        "symbol": "SLRX",
        "company": "Salarius Pharmaceuticals, Inc.",
        "change_pct": -8.55,
        "premarket": 0.62,
        "volume": 2205,
        "category": "l",
        "source": "tv",
        "shortable": true,
        "exchange_name": "N/A",
        "market_cap": 0,
        "existing": false
    }
]