[
    {
        "symbol": "VIGL",
        "company": "Vigil Neuroscience, Inc.",
        "change_pct": 241.13,
        "premarket": 7.88,
        "volume": 12810000,
        "category": "g",
        "source": "tv",
        "shortable": true,
        "exchange_name": "NASDAQ",
        "market_cap": 115745404,
        "existing": false
    },
    {
        "symbol": "NVTS",
        "company": "Navitas Semiconductor Corporation",
        "change_pct": 169.63,
        "premarket": 5.15,
        "volume": 35150000,
        "category": "g",
        "source": "tv",
        "shortable": true,
        "exchange_name": "NASDAQ",
        "market_cap": 383615572,
        "existing": false
    },
    {
        "symbol": "XAGE",
        "company": "Longevity Health Holdings, Inc.",
        "change_pct": 64.05,
        "premarket": 5.02,
        "volume": 9200000,
        "category": "g",
        "source": "tv",
        "shortable": true,
        "exchange_name": "NASDAQ",
        "market_cap": 3273017,
        "existing": false
    },
    {
        "symbol": "AAP",
        "company": "Advance Auto Parts Inc.",
        "change_pct": 33.22,
        "premarket": 41.71,
        "volume": 818410,
        "category": "g",
        "source": "tv",
        "shortable": true,
        "exchange_name": "NYSE",
        "market_cap": 2043899959,
        "existing": false
    },
    {
        "symbol": "KIDZ",
        "company": "Classover Holdings, Inc.",
        "change_pct": 29.79,
        "premarket": 3.79,
        "volume": 6270000,
        "category": "g",
        "source": "tv",
        "shortable": true,
        "exchange_name": "NASDAQ",
        "market_cap": 65179396,
        "existing": false
    },
    {
        "symbol": "MLGO",
        "company": "MicroAlgo, Inc.",
        "change_pct": 19.75,
        "premarket": 1.88,
        "volume": 11050000,
        "category": "g",
        "source": "tv",
        "shortable": true,
        "exchange_name": "NASDAQ",
        "market_cap": 30731490,
        "existing": false
    },
    {
        "symbol": "KDLY",
        "company": "Kindly MD, Inc.",
        "change_pct": 18.7,
        "premarket": 27.1,
        "volume": 207550,
        "category": "g",
        "source": "tv",
        "shortable": true,
        "exchange_name": "NASDAQ",
        "market_cap": 91657092,
        "existing": false
    },
    {
        "symbol": "URBN",
        "company": "Urban Outfitters, Inc.",
        "change_pct": 17.73,
        "premarket": 70.17,
        "volume": 90530,
        "category": "g",
        "source": "tv",
        "shortable": true,
        "exchange_name": "NASDAQ",
        "market_cap": 5683813472,
        "existing": false
    },
    {
        "symbol": "ASST",
        "company": "Asset Entities Inc.",
        "change_pct": 14.43,
        "premarket": 9.2,
        "volume": 867520,
        "category": "g",
        "source": "tv",
        "shortable": true,
        "exchange_name": "NASDAQ",
        "market_cap": 111364373,
        "existing": false
    },
    {
        "symbol": "VTYX",
        "company": "Ventyx Biosciences, Inc.",
        "change_pct": 14.38,
        "premarket": 1.75,
        "volume": 477450,
        "category": "g",
        "source": "tv",
        "shortable": true,
        "exchange_name": "NASDAQ",
        "market_cap": 113146309,
        "existing": false
    },
    {
        "symbol": "BAER",
        "company": "Bridger Aerospace Group Holdings, Inc.",
        "change_pct": 13.67,
        "premarket": 1.58,
        "volume": 12120,
        "category": "g",
        "source": "tv",
        "shortable": true,
        "exchange_name": "NASDAQ",
        "market_cap": 80989516,
        "existing": false
    },
    {
        "symbol": "ALEC",
        "company": "Alector, Inc.",
        "change_pct": 13.6,
        "premarket": 1.42,
        "volume": 418220,
        "category": "g",
        "source": "tv",
        "shortable": true,
        "exchange_name": "NASDAQ",
        "market_cap": 136989862,
        "existing": false
    },
    {
        "symbol": "SGN",
        "company": "Signing Day Sports, Inc.",
        "change_pct": 13.01,
        "premarket": 0.6114,
        "volume": 7090000,
        "category": "g",
        "source": "tv",
        "shortable": true,
        "exchange_name": "NYSE American",
        "market_cap": 1209253,
        "existing": false
    },
    {
        "symbol": "JUNS",
        "company": "Jupiter Neurosciences, Inc.",
        "change_pct": 12.32,
        "premarket": 0.62,
        "volume": 2000,
        "category": "g",
        "source": "tv",
        "shortable": true,
        "exchange_name": "NASDAQ",
        "market_cap": 18544782,
        "existing": false
    },
    {
        "symbol": "VFF",
        "company": "Village Farms International, Inc.",
        "change_pct": 11.16,
        "premarket": 1.18,
        "volume": 27450,
        "category": "g",
        "source": "tv",
        "shortable": true,
        "exchange_name": "NASDAQ",
        "market_cap": 122447383,
        "existing": false
    },
    {
        "symbol": "RAIN",
        "company": "Rain Enhancement Technologies Holdco, Inc.",
        "change_pct": 11.11,
        "premarket": 6.0,
        "volume": 1900,
        "category": "g",
        "source": "tv",
        "shortable": true,
        "exchange_name": "NASDAQ",
        "market_cap": 52081411,
        "existing": false
    },
    {
        "symbol": "LUMN",
        "company": "Lumen Technologies, Inc.",
        "change_pct": 11.02,
        "premarket": 4.23,
        "volume": 653040,
        "category": "g",
        "source": "tv",
        "shortable": true,
        "exchange_name": "NYSE",
        "market_cap": 4093371994,
        "existing": false
    },
    {
        "symbol": "GTX",
        "company": "Garrett Motion Inc.",
        "change_pct": 11.01,
        "premarket": 11.49,
        "volume": 83430,
        "category": "g",
        "source": "tv",
        "shortable": true,
        "exchange_name": "NASDAQ",
        "market_cap": 2411177369,
        "existing": false
    },
    {
        "symbol": "GREE",
        "company": "Greenidge Generation Holdings Inc.",
        "change_pct": 10.77,
        "premarket": 1.54,
        "volume": 65050,
        "category": "g",
        "source": "tv",
        "shortable": true,
        "exchange_name": "NASDAQ",
        "market_cap": 18238623,
        "existing": false
    },
    {
        "symbol": "RAMP",
        "company": "LiveRamp Holdings, Inc.",
        "change_pct": 10.44,
        "premarket": 31.0,
        "volume": 3500,
        "category": "g",
        "source": "tv",
        "shortable": true,
        "exchange_name": "NYSE",
        "market_cap": 1897195906,
        "existing": false
    },
    {
        "symbol": "HUM",
        "company": "Humana Inc.",
        "change_pct": -5.02,
        "premarket": 233.44,
        "volume": 20840,
        "category": "l",
        "source": "tv",
        "shortable": true,
        "exchange_name": "NYSE",
        "market_cap": 30814251102,
        "existing": false
    },
    {
        "symbol": "HIMS",
        "company": "Hims & Hers Health, Inc.",
        "change_pct": -9.0,
        "premarket": 52.78,
        "volume": 2040000,
        "category": "l",
        "source": "tv",
        "shortable": true,
        "exchange_name": "NYSE",
        "market_cap": 13700727461,
        "existing": false
    },
    {
        "symbol": "ENPH",
        "company": "Enphase Energy, Inc.",
        "change_pct": -19.22,
        "premarket": 38.2,
        "volume": 1110000,
        "category": "l",
        "source": "tv",
        "shortable": true,
        "exchange_name": "NASDAQ",
        "market_cap": 6434392162,
        "existing": false
    },
    {
        "symbol": "ACIW",
        "company": "ACI Worldwide, Inc.",
        "change_pct": -4.99,
        "premarket": 43.42,
        "volume": 100,
        "category": "l",
        "source": "tv",
        "shortable": true,
        "exchange_name": "NASDAQ",
        "market_cap": 5013154034,
        "existing": false
    },
    {
        "symbol": "SOC",
        "company": "Sable Offshore Corp.",
        "change_pct": -7.08,
        "premarket": 30.06,
        "volume": 90840,
        "category": "l",
        "source": "tv",
        "shortable": true,
        "exchange_name": "NYSE",
        "market_cap": 2929181608,
        "existing": false
    },
    {
        "symbol": "RUN",
        "company": "Sunrun Inc.",
        "change_pct": -35.27,
        "premarket": 6.9,
        "volume": 6010000,
        "category": "l",
        "source": "tv",
        "shortable": true,
        "exchange_name": "NASDAQ",
        "market_cap": 2636733863,
        "existing": false
    },
    {
        "symbol": "MANU",
        "company": "Manchester",
        "change_pct": -6.46,
        "premarket": 13.6,
        "volume": 3990,
        "category": "l",
        "source": "tv",
        "shortable": true,
        "exchange_name": "NYSE",
        "market_cap": 2445631943,
        "existing": false
    },
    {
        "symbol": "MQ",
        "company": "Marqeta, Inc.",
        "change_pct": -4.99,
        "premarket": 4.95,
        "volume": 379380,
        "category": "l",
        "source": "tv",
        "shortable": true,
        "exchange_name": "NASDAQ",
        "market_cap": 2444364472,
        "existing": false
    },
    {
        "symbol": "CVI",
        "company": "CVR Energy Inc.",
        "change_pct": -9.03,
        "premarket": 20.25,
        "volume": 1000,
        "category": "l",
        "source": "tv",
        "shortable": true,
        "exchange_name": "NYSE",
        "market_cap": 2336331120,
        "existing": false
    },
    {
        "symbol": "VIAV",
        "company": "Viavi Solutions Inc.",
        "change_pct": -4.94,
        "premarket": 8.66,
        "volume": 56070,
        "category": "l",
        "source": "tv",
        "shortable": true,
        "exchange_name": "NASDAQ",
        "market_cap": 2067171416,
        "existing": false
    },
    {
        "symbol": "NTB",
        "company": "Bank of N.T. Butterfield & Son Limited (The) Voting",
        "change_pct": -7.18,
        "premarket": 39.1,
        "volume": 115,
        "category": "l",
        "source": "tv",
        "shortable": true,
        "exchange_name": "NYSE",
        "market_cap": 1805775612,
        "existing": false
    },
    {
        "symbol": "MNR",
        "company": "Mach Natural Resources LP",
        "change_pct": -6.4,
        "premarket": 13.59,
        "volume": 2740,
        "category": "l",
        "source": "tv",
        "shortable": true,
        "exchange_name": "NYSE",
        "market_cap": 1715877321,
        "existing": false
    },
    {
        "symbol": "MVST",
        "company": "Microvast Holdings, Inc.",
        "change_pct": -4.2,
        "premarket": 3.42,
        "volume": 208720,
        "category": "l",
        "source": "tv",
        "shortable": true,
        "exchange_name": "NASDAQ",
        "market_cap": 1219676375,
        "existing": false
    },
    {
        "symbol": "SEDG",
        "company": "SolarEdge Technologies, Inc.",
        "change_pct": -17.89,
        "premarket": 16.29,
        "volume": 660980,
        "category": "l",
        "source": "tv",
        "shortable": true,
        "exchange_name": "NASDAQ",
        "market_cap": 1219263390,
        "existing": false
    },
    {
        "symbol": "ARRY",
        "company": "Array Technologies, Inc.",
        "change_pct": -11.95,
        "premarket": 6.26,
        "volume": 370200,
        "category": "l",
        "source": "tv",
        "shortable": true,
        "exchange_name": "NASDAQ",
        "market_cap": 1170035781,
        "existing": false
    },
    {
        "symbol": "LPG",
        "company": "Dorian LPG Ltd.",
        "change_pct": -5.56,
        "premarket": 21.4,
        "volume": 2080,
        "category": "l",
        "source": "tv",
        "shortable": true,
        "exchange_name": "NYSE",
        "market_cap": 1002052853,
        "existing": false
    },
    {
        "symbol": "RCUS",
        "company": "Arcus Biosciences, Inc.",
        "change_pct": -4.18,
        "premarket": 8.25,
        "volume": 30560,
        "category": "l",
        "source": "tv",
        "shortable": true,
        "exchange_name": "NYSE",
        "market_cap": 939201174,
        "existing": false
    },
    {
        "symbol": "SHLS",
        "company": "Shoals Technologies Group, Inc.",
        "change_pct": -19.54,
        "premarket": 3.79,
        "volume": 317900,
        "category": "l",
        "source": "tv",
        "shortable": true,
        "exchange_name": "NASDAQ",
        "market_cap": 799931461,
        "existing": false
    },
    {
        "symbol": "FLNC",
        "company": "Fluence Energy, Inc.",
        "change_pct": -5.19,
        "premarket": 4.75,
        "volume": 95980,
        "category": "l",
        "source": "tv",
        "shortable": true,
        "exchange_name": "NASDAQ",
        "market_cap": 700653159,
        "existing": false
    },
    {
        "symbol": "TRVI",
        "company": "Trevi Therapeutics, Inc.",
        "change_pct": -4.21,
        "premarket": 5.92,
        "volume": 125,
        "category": "l",
        "source": "tv",
        "shortable": true,
        "exchange_name": "NASDAQ",
        "market_cap": 658288642,
        "existing": false
    }
]