[
    {
        "symbol": "SNGX",
        "company": "Soligenix, Inc.",
        "change_pct": 279.58,
        "premarket": 5.39,
        "volume": 3513100,
        "category": "g",
        "source": "tv",
        "shortable": true,
        "exchange_name": "NASD",
        "market_cap": 4.15278,
        "existing": false
    },
    {
        "symbol": "CYTO",
        "company": "Altamira Therapeutics Ltd.",
        "change_pct": 49.69,
        "premarket": 1.28,
        "volume": 8434099,
        "category": "g",
        "source": "tv",
        "shortable": false,
        "exchange_name": "NASD",
        "market_cap": 0.99979,
        "existing": false
    },
    {
        "symbol": "VINO",
        "company": "Gaucho Group Holdings, Inc.",
        "change_pct": 41.77,
        "premarket": 1.12,
        "volume": 3981100,
        "category": "g",
        "source": "tv",
        "shortable": false,
        "exchange_name": "NASD",
        "market_cap": 4.362,
        "existing": false
    },
    {
        "symbol": "ZIMV",
        "company": "ZimVie Inc.",
        "change_pct": 29.57,
        "premarket": 9.99,
        "volume": 26017,
        "category": "g",
        "source": "tv",
        "shortable": true,
        "exchange_name": "NASD",
        "market_cap": 203.2707,
        "existing": false
    },
    {
        "symbol": "ARNC",
        "company": "Arconic Corporation",
        "change_pct": 28.16,
        "premarket": 28.9,
        "volume": 3025100,
        "category": "g",
        "source": "tv",
        "shortable": true,
        "exchange_name": "NYSE",
        "market_cap": 2242.033,
        "existing": false
    },
    {
        "symbol": "SABS",
        "company": "SAB Biotherapeutics, Inc.",
        "change_pct": 24.14,
        "premarket": 1.08,
        "volume": 432222,
        "category": "g",
        "source": "tv",
        "shortable": false,
        "exchange_name": "NASD",
        "market_cap": 43.84605,
        "existing": false
    },
    {
        "symbol": "GDC",
        "company": "GD Culture Group Limited",
        "change_pct": 22.7,
        "premarket": 7.08,
        "volume": 702371,
        "category": "g",
        "source": "tv",
        "shortable": true,
        "exchange_name": "NASD",
        "market_cap": 9.87561,
        "existing": false
    },
    {
        "symbol": "INSG",
        "company": "Inseego Corp.",
        "change_pct": 18.89,
        "premarket": 0.6425,
        "volume": 96806,
        "category": "g",
        "source": "tv",
        "shortable": true,
        "exchange_name": "NASD",
        "market_cap": 58.62061,
        "existing": false
    },
    {
        "symbol": "MWG",
        "company": "Multi Ways Holdings Limited",
        "change_pct": 18.7,
        "premarket": 1.46,
        "volume": 503835,
        "category": "g",
        "source": "tv",
        "shortable": true,
        "exchange_name": "AMEX",
        "market_cap": 0.0,
        "existing": false
    },
    {
        "symbol": "LMND",
        "company": "Lemonade, Inc.",
        "change_pct": 17.04,
        "premarket": 12.98,
        "volume": 37414,
        "category": "g",
        "source": "tv",
        "shortable": true,
        "exchange_name": "NYSE",
        "market_cap": 770.2813,
        "existing": false
    },
    {
        "symbol": "AAU",
        "company": "Almaden Minerals, Ltd.",
        "change_pct": 16.73,
        "premarket": 0.143,
        "volume": 4847100,
        "category": "g",
        "source": "tv",
        "shortable": false,
        "exchange_name": "AMEX",
        "market_cap": 56.74105,
        "existing": false
    },
    {
        "symbol": "SHOP",
        "company": "Shopify Inc.",
        "change_pct": 16.43,
        "premarket": 53.87,
        "volume": 1840100,
        "category": "g",
        "source": "tv",
        "shortable": true,
        "exchange_name": "NYSE",
        "market_cap": 59000.2,
        "existing": false
    },
    {
        "symbol": "CIDM",
        "company": "Cinedigm Corp",
        "change_pct": 14.46,
        "premarket": 0.4235,
        "volume": 12924,
        "category": "g",
        "source": "tv",
        "shortable": false,
        "exchange_name": "NASD",
        "market_cap": 69.15844,
        "existing": false
    },
    {
        "symbol": "RETO",
        "company": "ReTo Eco-Solutions, Inc.",
        "change_pct": 14.42,
        "premarket": 0.3,
        "volume": 208,
        "category": "g",
        "source": "tv",
        "shortable": false,
        "exchange_name": "NASD",
        "market_cap": 11.30295,
        "existing": false
    },
    {
        "symbol": "LGMK",
        "company": "LogicMark, Inc.",
        "change_pct": 13.96,
        "premarket": 3.02,
        "volume": 74019,
        "category": "g",
        "source": "tv",
        "shortable": false,
        "exchange_name": "NASD",
        "market_cap": 3.23381,
        "existing": false
    }
]