[
    {
        "symbol": "ATOM",
        "company": "Atomera Incorporated",
        "premarket": 6.82,
        "change_pct": 30.65,
        "volume": 980580,
        "category": "g",
        "source": "cnn",
        "fails": [],
        "shortable": true,
        "exchange_name": "NASD",
        "market_cap": 126.7424,
        "tradeable": true
    },
    {
        "symbol": "UCAR",
        "company": "U Power Limited",
        "premarket": 5.19,
        "change_pct": 27.52,
        "volume": 2720100,
        "category": "g",
        "source": "cnn",
        "fails": [],
        "shortable": true,
        "exchange_name": "NASD",
        "market_cap": 213.3358,
        "tradeable": true
    },
    {
        "symbol": "AYTU",
        "company": "Aytu BioPharma, Inc.",
        "premarket": 2.92,
        "change_pct": 20.16,
        "volume": 345790,
        "category": "g",
        "source": "cnn",
        "fails": [],
        "shortable": true,
        "exchange_name": "NASD",
        "market_cap": 9.18229,
        "tradeable": true
    },
    {
        "symbol": "PW",
        "company": "Power REIT",
        "premarket": 3.0,
        "change_pct": 19.05,
        "volume": 111,
        "category": "g",
        "source": "cnn",
        "fails": [
            "shares_value"
        ],
        "shortable": true,
        "exchange_name": "AMEX",
        "market_cap": 144.4594,
        "tradeable": false
    },
    {
        "symbol": "BELFB",
        "company": "Bel Fuse Inc. Class B",
        "premarket": 36.4,
        "change_pct": 18.84,
        "volume": 2860,
        "category": "g",
        "source": "cnn",
        "fails": [
            "symbol_length"
        ],
        "shortable": true,
        "exchange_name": "NASD",
        "market_cap": 396.7458,
        "tradeable": false
    },
    {
        "symbol": "PRTG",
        "company": "Portage Biotech Inc",
        "premarket": 3.79,
        "change_pct": 17.7,
        "volume": 111,
        "category": "g",
        "source": "cnn",
        "fails": [
            "shares_value"
        ],
        "shortable": true,
        "exchange_name": "NASD",
        "market_cap": 54.95052,
        "tradeable": false
    },
    {
        "symbol": "TWOU",
        "company": "2U, Inc.",
        "premarket": 5.92,
        "change_pct": 16.28,
        "volume": 37160,
        "category": "g",
        "source": "cnn",
        "fails": [],
        "shortable": true,
        "exchange_name": "NASD",
        "market_cap": 409.3349,
        "tradeable": true
    },
    {
        "symbol": "META",
        "company": "Meta Platforms Inc. Class A",
        "premarket": 241.77,
        "change_pct": 15.46,
        "volume": 4200100,
        "category": "g",
        "source": "cnn",
        "fails": [],
        "shortable": true,
        "exchange_name": "NASD",
        "market_cap": 537186.9,
        "tradeable": true
    },
    {
        "symbol": "BROG",
        "company": "Brooge Energy Ltd.",
        "premarket": 5.51,
        "change_pct": 14.32,
        "volume": 19,
        "category": "g",
        "source": "cnn",
        "fails": [
            "shares_value"
        ],
        "shortable": true,
        "exchange_name": "NASD",
        "market_cap": 528.2134,
        "tradeable": false
    },
    {
        "symbol": "AENZ",
        "company": "Aenza S.A.A. Sponsored ADR",
        "premarket": 2.4,
        "change_pct": 14.29,
        "volume": 40,
        "category": "g",
        "source": "cnn",
        "fails": [
            "shares_value"
        ],
        "shortable": true,
        "exchange_name": "NYSE",
        "market_cap": 133.7657,
        "tradeable": false
    },
    {
        "symbol": "INBS",
        "company": "Intelligent Bio Solutions Inc.",
        "premarket": 2.87,
        "change_pct": 12.99,
        "volume": 61,
        "category": "g",
        "source": "cnn",
        "fails": [
            "shares_value"
        ],
        "shortable": false,
        "exchange_name": "NASD",
        "market_cap": 4.02308,
        "tradeable": false
    },
    {
        "symbol": "ZVZZT",
        "company": "SUPERMONTAGE TEST",
        "premarket": 11.08,
        "change_pct": -42.38,
        "volume": 28250,
        "category": "l",
        "source": "cnn",
        "fails": [
            "symbol_length",
            "is_shortable"
        ],
        "shortable": false,
        "exchange_name": "NASD",
        "market_cap": -1.0,
        "tradeable": false
    },
    {
        "symbol": "PI",
        "company": "Impinj, Inc.",
        "premarket": 93.51,
        "change_pct": -30.9,
        "volume": 84040,
        "category": "l",
        "source": "cnn",
        "fails": [],
        "shortable": true,
        "exchange_name": "NASD",
        "market_cap": 3506.818,
        "tradeable": true
    },
    {
        "symbol": "MBLY",
        "company": "Mobileye Global, Inc. Class A",
        "premarket": 33.6,
        "change_pct": -22.02,
        "volume": 1280100,
        "category": "l",
        "source": "cnn",
        "fails": [],
        "shortable": true,
        "exchange_name": "NASD",
        "market_cap": 34554.38,
        "tradeable": true
    },
    {
        "symbol": "APM",
        "company": "Aptorum Group Limited Class A",
        "premarket": 2.37,
        "change_pct": -18.28,
        "volume": 206,
        "category": "l",
        "source": "cnn",
        "fails": [
            "shares_value"
        ],
        "shortable": true,
        "exchange_name": "NASD",
        "market_cap": 10.35745,
        "tradeable": false
    },
    {
        "symbol": "NBTX",
        "company": "Nanobiotix SA Sponsored ADR",
        "premarket": 2.09,
        "change_pct": -17.88,
        "volume": 6000,
        "category": "l",
        "source": "cnn",
        "fails": [
            "is_shortable"
        ],
        "shortable": false,
        "exchange_name": "NASD",
        "market_cap": 81.38939,
        "tradeable": false
    },
    {
        "symbol": "WOLF",
        "company": "Wolfspeed Inc",
        "premarket": 47.25,
        "change_pct": -17.68,
        "volume": 296990,
        "category": "l",
        "source": "cnn",
        "fails": [],
        "shortable": true,
        "exchange_name": "NYSE",
        "market_cap": 7141.518,
        "tradeable": true
    },
    {
        "symbol": "FDMT",
        "company": "4D Molecular Therapeutics, Inc.",
        "premarket": 17.0,
        "change_pct": -17.36,
        "volume": 49760,
        "category": "l",
        "source": "cnn",
        "fails": [],
        "shortable": true,
        "exchange_name": "NASD",
        "market_cap": 683.6589,
        "tradeable": true
    },
    {
        "symbol": "NESR",
        "company": "National Energy Services Reunited Corp.",
        "premarket": 2.82,
        "change_pct": -14.67,
        "volume": 45920,
        "category": "l",
        "source": "cnn",
        "fails": [],
        "shortable": true,
        "exchange_name": "NASD",
        "market_cap": 301.9489,
        "tradeable": true
    },
    {
        "symbol": "AZPN",
        "company": "Aspen Technology, Inc.",
        "premarket": 198.1,
        "change_pct": -14.53,
        "volume": 185,
        "category": "l",
        "source": "cnn",
        "fails": [],
        "shortable": true,
        "exchange_name": "NASD",
        "market_cap": 15013.33,
        "tradeable": true
    },
    {
        "symbol": "NTGR",
        "company": "NETGEAR, Inc.",
        "premarket": 14.5,
        "change_pct": -13.78,
        "volume": 3120,
        "category": "l",
        "source": "cnn",
        "fails": [],
        "shortable": true,
        "exchange_name": "NASD",
        "market_cap": 488.6772,
        "tradeable": true
    },
    {
        "symbol": "CWST",
        "company": "Casella Waste Systems, Inc. Class A",
        "premarket": 75.6,
        "change_pct": -12.67,
        "volume": 2,
        "category": "l",
        "source": "cnn",
        "fails": [
            "shares_value"
        ],
        "shortable": true,
        "exchange_name": "NASD",
        "market_cap": 4491.76,
        "tradeable": false
    }
]