[
    {
        "symbol": "GRI",
        "company": "GRI Bio, Inc.",
        "change_pct": 47.39,
        "premarket": 3.95,
        "volume": 240034,
        "category": "g",
        "source": "tv",
        "shortable": true,
        "exchange_name": "NASD",
        "market_cap": 7.92303,
        "existing": false
    },
    {
        "symbol": "ITOS",
        "company": "iTeos Therapeutics, Inc.",
        "change_pct": 45.62,
        "premarket": 17.11,
        "volume": 548497,
        "category": "g",
        "source": "tv",
        "shortable": true,
        "exchange_name": "NASD",
        "market_cap": 420.4376,
        "existing": false
    },
    {
        "symbol": "VCIG",
        "company": "VCI Global Limited",
        "change_pct": 38.25,
        "premarket": 5.19,
        "volume": 1357000,
        "category": "g",
        "source": "tv",
        "shortable": true,
        "exchange_name": "NASD",
        "market_cap": 138.918,
        "existing": false
    },
    {
        "symbol": "HLGN",
        "company": "Heliogen, Inc.",
        "change_pct": 34.6,
        "premarket": 0.284,
        "volume": 11274000,
        "category": "g",
        "source": "tv",
        "shortable": true,
        "exchange_name": "NYSE",
        "market_cap": 43.27547,
        "existing": false
    },
    {
        "symbol": "RCUS",
        "company": "Arcus Biosciences, Inc.",
        "change_pct": 32.96,
        "premarket": 25.01,
        "volume": 116014,
        "category": "g",
        "source": "tv",
        "shortable": true,
        "exchange_name": "NYSE",
        "market_cap": 1401.414,
        "existing": false
    },
    {
        "symbol": "BGLC",
        "company": "BioNexus Gene Lab Corp",
        "change_pct": 28.26,
        "premarket": 1.77,
        "volume": 4386000,
        "category": "g",
        "source": "tv",
        "shortable": true,
        "exchange_name": "NASD",
        "market_cap": 24.424,
        "existing": false
    },
    {
        "symbol": "APLS",
        "company": "Apellis Pharmaceuticals, Inc.",
        "change_pct": 27.08,
        "premarket": 39.09,
        "volume": 711787,
        "category": "g",
        "source": "tv",
        "shortable": true,
        "exchange_name": "NASD",
        "market_cap": 3621.599,
        "existing": false
    },
    {
        "symbol": "KPRX",
        "company": "Kiora Pharmaceuticals, Inc.",
        "change_pct": 18.14,
        "premarket": 0.6025,
        "volume": 4758000,
        "category": "g",
        "source": "tv",
        "shortable": true,
        "exchange_name": "NASD",
        "market_cap": 3.696,
        "existing": false
    },
    {
        "symbol": "ANF",
        "company": "Abercrombie & Fitch Company",
        "change_pct": 17.42,
        "premarket": 48.34,
        "volume": 401729,
        "category": "g",
        "source": "tv",
        "shortable": true,
        "exchange_name": "NYSE",
        "market_cap": 2061.176,
        "existing": false
    },
    {
        "symbol": "FTFT",
        "company": "Future FinTech Group Inc.",
        "change_pct": 15.07,
        "premarket": 1.68,
        "volume": 1299,
        "category": "g",
        "source": "tv",
        "shortable": true,
        "exchange_name": "NASD",
        "market_cap": 21.38265,
        "existing": false
    },
    {
        "symbol": "CGEN",
        "company": "Compugen Ltd.",
        "change_pct": 14.71,
        "premarket": 1.17,
        "volume": 535805,
        "category": "g",
        "source": "tv",
        "shortable": true,
        "exchange_name": "NASD",
        "market_cap": 90.09375,
        "existing": false
    },
    {
        "symbol": "LGMK",
        "company": "LogicMark, Inc.",
        "change_pct": 14.43,
        "premarket": 2.22,
        "volume": 300,
        "category": "g",
        "source": "tv",
        "shortable": true,
        "exchange_name": "NASD",
        "market_cap": 2.57053,
        "existing": false
    },
    {
        "symbol": "MIGI",
        "company": "Mawson Infrastructure Group Inc.",
        "change_pct": 13.98,
        "premarket": 0.8814,
        "volume": 358063,
        "category": "g",
        "source": "tv",
        "shortable": true,
        "exchange_name": "NASD",
        "market_cap": 12.7734,
        "existing": false
    },
    {
        "symbol": "SGE",
        "company": "Strong Global Entertainment, Inc.",
        "change_pct": 13.9,
        "premarket": 2.13,
        "volume": 168,
        "category": "g",
        "source": "tv",
        "shortable": true,
        "exchange_name": "AMEX",
        "market_cap": 0.0,
        "existing": false
    },
    {
        "symbol": "VCNX",
        "company": "Vaccinex, Inc.",
        "change_pct": 13.69,
        "premarket": 0.25,
        "volume": 500,
        "category": "g",
        "source": "tv",
        "shortable": true,
        "exchange_name": "NASD",
        "market_cap": 14.50044,
        "existing": false
    },
    {
        "symbol": "MIRA",
        "company": "MIRA Pharmaceuticals, Inc.",
        "change_pct": 13.16,
        "premarket": 7.05,
        "volume": 8000,
        "category": "g",
        "source": "tv",
        "shortable": false,
        "exchange_name": "NASD",
        "market_cap": 91.86241,
        "existing": false
    },
    {
        "symbol": "NDRA",
        "company": "ENDRA Life Sciences Inc.",
        "change_pct": 12.73,
        "premarket": 1.24,
        "volume": 350,
        "category": "g",
        "source": "tv",
        "shortable": true,
        "exchange_name": "NASD",
        "market_cap": 8.22976,
        "existing": false
    },
    {
        "symbol": "SISI",
        "company": "Shineco, Inc.",
        "change_pct": 11.67,
        "premarket": 0.2058,
        "volume": 2271000,
        "category": "g",
        "source": "tv",
        "shortable": false,
        "exchange_name": "NASD",
        "market_cap": 3.91752,
        "existing": false
    },
    {
        "symbol": "HLP",
        "company": "Hongli Group Inc.",
        "change_pct": 11.46,
        "premarket": 3.6,
        "volume": 1430,
        "category": "g",
        "source": "tv",
        "shortable": true,
        "exchange_name": "NASD",
        "market_cap": 39.96116,
        "existing": false
    },
    {
        "symbol": "HUDI",
        "company": "Huadi International Group Co., Ltd.",
        "change_pct": 11.2,
        "premarket": 4.17,
        "volume": 1248,
        "category": "g",
        "source": "tv",
        "shortable": true,
        "exchange_name": "NASD",
        "market_cap": 53.47193,
        "existing": false
    },
    {
        "symbol": "BURU",
        "company": "Nuburu, Inc.",
        "change_pct": 10.43,
        "premarket": 0.508,
        "volume": 350527,
        "category": "g",
        "source": "tv",
        "shortable": true,
        "exchange_name": "AMEX",
        "market_cap": 420.2762,
        "existing": false
    },
    {
        "symbol": "NHTC",
        "company": "Natural Health Trends Corp. - Commn Stock",
        "change_pct": 10.18,
        "premarket": 5.63,
        "volume": 698,
        "category": "g",
        "source": "tv",
        "shortable": true,
        "exchange_name": "NASD",
        "market_cap": 58.85071,
        "existing": false
    },
    {
        "symbol": "NMRD",
        "company": "Nemaura Medical Inc.",
        "change_pct": 10.0,
        "premarket": 0.495,
        "volume": 17346,
        "category": "g",
        "source": "tv",
        "shortable": true,
        "exchange_name": "NASD",
        "market_cap": 13.00473,
        "existing": false
    },
    {
        "symbol": "LEDS",
        "company": "SemiLEDS Corporation",
        "change_pct": 10.0,
        "premarket": 1.98,
        "volume": 998,
        "category": "g",
        "source": "tv",
        "shortable": true,
        "exchange_name": "NASD",
        "market_cap": 8.84751,
        "existing": false
    },
    {
        "symbol": "CDNA",
        "company": "CareDx, Inc.",
        "change_pct": 9.9,
        "premarket": 9.21,
        "volume": 600,
        "category": "g",
        "source": "tv",
        "shortable": true,
        "exchange_name": "NASD",
        "market_cap": 450.7859,
        "existing": false
    },
    {
        "symbol": "AAU",
        "company": "Almaden Minerals, Ltd.",
        "change_pct": 9.76,
        "premarket": 0.135,
        "volume": 1800,
        "category": "g",
        "source": "tv",
        "shortable": false,
        "exchange_name": "AMEX",
        "market_cap": 56.74105,
        "existing": false
    },
    {
        "symbol": "SYTA",
        "company": "Siyata Mobile, Inc.",
        "change_pct": 9.62,
        "premarket": 2.83,
        "volume": 600,
        "category": "g",
        "source": "tv",
        "shortable": false,
        "exchange_name": "NASD",
        "market_cap": 4.7832,
        "existing": false
    },
    {
        "symbol": "WINT",
        "company": "Windtree Therapeutics, Inc.",
        "change_pct": 9.46,
        "premarket": 1.29,
        "volume": 274606,
        "category": "g",
        "source": "tv",
        "shortable": true,
        "exchange_name": "NASD",
        "market_cap": 6.06718,
        "existing": false
    },
    {
        "symbol": "LAES",
        "company": "SEALSQ Corp",
        "change_pct": 9.19,
        "premarket": 6.3,
        "volume": 300,
        "category": "g",
        "source": "tv",
        "shortable": false,
        "exchange_name": "NASD",
        "market_cap": 86.59722,
        "existing": false
    },
    {
        "symbol": "GBNH",
        "company": "Greenbrook TMS Inc.",
        "change_pct": 8.77,
        "premarket": 0.315,
        "volume": 6655,
        "category": "g",
        "source": "tv",
        "shortable": true,
        "exchange_name": "NASD",
        "market_cap": 11.87721,
        "existing": false
    },
    {
        "symbol": "ETAO",
        "company": "Etao International Co., Ltd.",
        "change_pct": 8.57,
        "premarket": 0.38,
        "volume": 1440,
        "category": "g",
        "source": "tv",
        "shortable": true,
        "exchange_name": "NASD",
        "market_cap": 35.80392,
        "existing": false
    },
    {
        "symbol": "IMPL",
        "company": "Impel Pharmaceuticals Inc.",
        "change_pct": 8.21,
        "premarket": 0.336,
        "volume": 21758,
        "category": "g",
        "source": "tv",
        "shortable": true,
        "exchange_name": "NASD",
        "market_cap": 7.37407,
        "existing": false
    },
    {
        "symbol": "SST",
        "company": "System1, Inc.",
        "change_pct": 8.14,
        "premarket": 1.86,
        "volume": 400,
        "category": "g",
        "source": "tv",
        "shortable": true,
        "exchange_name": "NYSE",
        "market_cap": 198.0057,
        "existing": false
    },
    {
        "symbol": "SES",
        "company": "SES AI Corporation",
        "change_pct": 7.98,
        "premarket": 2.3,
        "volume": 885,
        "category": "g",
        "source": "tv",
        "shortable": true,
        "exchange_name": "NYSE",
        "market_cap": 748.2913,
        "existing": false
    },
    {
        "symbol": "AEHL",
        "company": "Antelope Enterprise Holdings Limited",
        "change_pct": 7.89,
        "premarket": 0.6998,
        "volume": 100,
        "category": "g",
        "source": "tv",
        "shortable": false,
        "exchange_name": "NASD",
        "market_cap": 12.15637,
        "existing": false
    },
    {
        "symbol": "VERA",
        "company": "Vera Therapeutics, Inc.",
        "change_pct": 7.85,
        "premarket": 19.5,
        "volume": 100,
        "category": "g",
        "source": "tv",
        "shortable": false,
        "exchange_name": "NASD",
        "market_cap": 801.2772,
        "existing": false
    },
    {
        "symbol": "RCON",
        "company": "Recon Technology, Ltd.",
        "change_pct": 7.81,
        "premarket": 0.3657,
        "volume": 12624,
        "category": "g",
        "source": "tv",
        "shortable": true,
        "exchange_name": "NASD",
        "market_cap": 13.74717,
        "existing": false
    },
    {
        "symbol": "AGIL",
        "company": "AgileThought, Inc.",
        "change_pct": 7.76,
        "premarket": 0.229,
        "volume": 88814,
        "category": "g",
        "source": "tv",
        "shortable": false,
        "exchange_name": "NASD",
        "market_cap": 11.13593,
        "existing": false
    },
    {
        "symbol": "NWBI",
        "company": "Northwest Bancshares, Inc.",
        "change_pct": 7.76,
        "premarket": 11.85,
        "volume": 1100,
        "category": "g",
        "source": "tv",
        "shortable": true,
        "exchange_name": "NASD",
        "market_cap": 1398.052,
        "existing": false
    },
    {
        "symbol": "ONVO",
        "company": "Organovo Holdings, Inc.",
        "change_pct": 7.75,
        "premarket": 1.39,
        "volume": 15396,
        "category": "g",
        "source": "tv",
        "shortable": false,
        "exchange_name": "NASD",
        "market_cap": 11.24648,
        "existing": false
    }
]