[
    {
        "symbol": "CVNA",
        "company": "Carvana Co.",
        "change_pct": 45.69,
        "premarket": 10.49,
        "volume": 6014100,
        "category": "g",
        "source": "tv",
        "shortable": true,
        "exchange_name": "NYSE",
        "market_cap": 1360.499,
        "existing": false
    },
    {
        "symbol": "SVFD",
        "company": "Save Foods, Inc.",
        "change_pct": 44.26,
        "premarket": 1.13,
        "volume": 5525100,
        "category": "g",
        "source": "tv",
        "shortable": false,
        "exchange_name": "NASD",
        "market_cap": 4.54801,
        "existing": false
    },
    {
        "symbol": "AGBA",
        "company": "AGBA Group Holding Limited",
        "change_pct": 36.02,
        "premarket": 2.53,
        "volume": 2981100,
        "category": "g",
        "source": "tv",
        "shortable": true,
        "exchange_name": "NASD",
        "market_cap": 135.2398,
        "existing": false
    },
    {
        "symbol": "GLMD",
        "company": "Galmed Pharmaceuticals Ltd.",
        "change_pct": 30.12,
        "premarket": 0.3901,
        "volume": 2389100,
        "category": "g",
        "source": "tv",
        "shortable": true,
        "exchange_name": "NASD",
        "market_cap": 7.55598,
        "existing": false
    },
    {
        "symbol": "PACW",
        "company": "PacWest Bancorp",
        "change_pct": 26.18,
        "premarket": 4.0,
        "volume": 3693100,
        "category": "g",
        "source": "tv",
        "shortable": true,
        "exchange_name": "NASD",
        "market_cap": 381.1742,
        "existing": false
    },
    {
        "symbol": "STRR",
        "company": "Star Equity Holdings, Inc.",
        "change_pct": 24.64,
        "premarket": 0.86,
        "volume": 1301100,
        "category": "g",
        "source": "tv",
        "shortable": true,
        "exchange_name": "NASD",
        "market_cap": 10.44192,
        "existing": false
    },
    {
        "symbol": "FUBO",
        "company": "fuboTV Inc.",
        "change_pct": 23.21,
        "premarket": 1.38,
        "volume": 2113100,
        "category": "g",
        "source": "tv",
        "shortable": true,
        "exchange_name": "NYSE",
        "market_cap": 326.8718,
        "existing": false
    },
    {
        "symbol": "ADTX",
        "company": "Aditxt, Inc.",
        "change_pct": 22.4,
        "premarket": 0.8082,
        "volume": 4369100,
        "category": "g",
        "source": "tv",
        "shortable": false,
        "exchange_name": "NASD",
        "market_cap": 3.88107,
        "existing": false
    },
    {
        "symbol": "WAL",
        "company": "Western Alliance Bancorporation",
        "change_pct": 21.98,
        "premarket": 22.2,
        "volume": 1048100,
        "category": "g",
        "source": "tv",
        "shortable": true,
        "exchange_name": "NYSE",
        "market_cap": 1992.971,
        "existing": false
    },
    {
        "symbol": "DOGZ",
        "company": "Dogness (International) Corporation",
        "change_pct": 20.24,
        "premarket": 1.01,
        "volume": 182101,
        "category": "g",
        "source": "tv",
        "shortable": true,
        "exchange_name": "NASD",
        "market_cap": 32.99038,
        "existing": false
    },
    {
        "symbol": "MCB",
        "company": "Metropolitan Bank Holding Corp.",
        "change_pct": 18.18,
        "premarket": 23.47,
        "volume": 9914,
        "category": "g",
        "source": "tv",
        "shortable": true,
        "exchange_name": "NYSE",
        "market_cap": 222.6559,
        "existing": false
    },
    {
        "symbol": "TBIO",
        "company": "Telesis Bio, Inc.",
        "change_pct": 17.82,
        "premarket": 3.24,
        "volume": 300,
        "category": "g",
        "source": "tv",
        "shortable": true,
        "exchange_name": "NASD",
        "market_cap": 81.67086,
        "existing": false
    },
    {
        "symbol": "IMTE",
        "company": "Integrated Media Technology Limited",
        "change_pct": 17.48,
        "premarket": 0.4699,
        "volume": 178068,
        "category": "g",
        "source": "tv",
        "shortable": true,
        "exchange_name": "NASD",
        "market_cap": 8.27512,
        "existing": false
    },
    {
        "symbol": "SMX",
        "company": "SMX (Security Matters) Public Limited Company",
        "change_pct": 17.03,
        "premarket": 1.0299,
        "volume": 839617,
        "category": "g",
        "source": "tv",
        "shortable": false,
        "exchange_name": "NASD",
        "market_cap": 19.88239,
        "existing": false
    },
    {
        "symbol": "FIVN",
        "company": "Five9, Inc.",
        "change_pct": 15.93,
        "premarket": 65.5,
        "volume": 7248,
        "category": "g",
        "source": "tv",
        "shortable": true,
        "exchange_name": "NASD",
        "market_cap": 4042.006,
        "existing": false
    },
    {
        "symbol": "FLGT",
        "company": "Fulgent Genetics, Inc.",
        "change_pct": 15.46,
        "premarket": 32.93,
        "volume": 2221,
        "category": "g",
        "source": "tv",
        "shortable": true,
        "exchange_name": "NASD",
        "market_cap": 846.8214,
        "existing": false
    },
    {
        "symbol": "MINM",
        "company": "Minim, Inc.",
        "change_pct": 15.09,
        "premarket": 3.28,
        "volume": 189855,
        "category": "g",
        "source": "tv",
        "shortable": false,
        "exchange_name": "NASD",
        "market_cap": 5.37947,
        "existing": false
    },
    {
        "symbol": "OMI",
        "company": "Owens & Minor, Inc.",
        "change_pct": 14.98,
        "premarket": 15.58,
        "volume": 225,
        "category": "g",
        "source": "tv",
        "shortable": true,
        "exchange_name": "NYSE",
        "market_cap": 1032.405,
        "existing": false
    },
    {
        "symbol": "DKNG",
        "company": "DraftKings Inc.",
        "change_pct": 14.97,
        "premarket": 24.5,
        "volume": 611716,
        "category": "g",
        "source": "tv",
        "shortable": true,
        "exchange_name": "NASD",
        "market_cap": 9838.814,
        "existing": false
    },
    {
        "symbol": "ZAPP",
        "company": "Zapp Electric Vehicles Group Limited",
        "change_pct": 14.68,
        "premarket": 4.61,
        "volume": 6123,
        "category": "g",
        "source": "tv",
        "shortable": false,
        "exchange_name": "NASD",
        "market_cap": 55.79472,
        "existing": false
    },
    {
        "symbol": "ZION",
        "company": "Zions Bancorporation N.A.",
        "change_pct": 14.45,
        "premarket": 22.81,
        "volume": 230952,
        "category": "g",
        "source": "tv",
        "shortable": true,
        "exchange_name": "NASD",
        "market_cap": 2951.633,
        "existing": false
    },
    {
        "symbol": "BILL",
        "company": "BILL Holdings, Inc.",
        "change_pct": 14.2,
        "premarket": 91.26,
        "volume": 44846,
        "category": "g",
        "source": "tv",
        "shortable": true,
        "exchange_name": "NYSE",
        "market_cap": 8501.269,
        "existing": false
    },
    {
        "symbol": "SCOR",
        "company": "comScore, Inc.",
        "change_pct": 13.4,
        "premarket": 1.1,
        "volume": 100,
        "category": "g",
        "source": "tv",
        "shortable": true,
        "exchange_name": "NASD",
        "market_cap": 90.04316,
        "existing": false
    },
    {
        "symbol": "SNPX",
        "company": "Synaptogenix, Inc.",
        "change_pct": 13.02,
        "premarket": 0.9618,
        "volume": 300,
        "category": "g",
        "source": "tv",
        "shortable": true,
        "exchange_name": "NASD",
        "market_cap": 6.25942,
        "existing": false
    },
    {
        "symbol": "NCR",
        "company": "NCR Corporation",
        "change_pct": 13.01,
        "premarket": 22.15,
        "volume": 600,
        "category": "g",
        "source": "tv",
        "shortable": true,
        "exchange_name": "NYSE",
        "market_cap": 2744.968,
        "existing": false
    },
    {
        "symbol": "AMBI",
        "company": "Ambipar Emergency Response",
        "change_pct": 12.76,
        "premarket": 6.01,
        "volume": 2562,
        "category": "g",
        "source": "tv",
        "shortable": true,
        "exchange_name": "AMEX",
        "market_cap": 185.1127,
        "existing": false
    },
    {
        "symbol": "MLEC",
        "company": "Moolec Science SA",
        "change_pct": 12.67,
        "premarket": 3.29,
        "volume": 8202,
        "category": "g",
        "source": "tv",
        "shortable": true,
        "exchange_name": "NASD",
        "market_cap": 109.6759,
        "existing": false
    },
    {
        "symbol": "FFIE",
        "company": "Faraday Future Intelligent Electric Inc.",
        "change_pct": 12.64,
        "premarket": 0.2549,
        "volume": 11009100,
        "category": "g",
        "source": "tv",
        "shortable": true,
        "exchange_name": "NASD",
        "market_cap": 171.2647,
        "existing": false
    },
    {
        "symbol": "ACMR",
        "company": "ACM Research, Inc.",
        "change_pct": 11.82,
        "premarket": 9.93,
        "volume": 1863,
        "category": "g",
        "source": "tv",
        "shortable": true,
        "exchange_name": "NASD",
        "market_cap": 531.3807,
        "existing": false
    },
    {
        "symbol": "STEM",
        "company": "Stem, Inc.",
        "change_pct": 11.39,
        "premarket": 4.4,
        "volume": 38657,
        "category": "g",
        "source": "tv",
        "shortable": true,
        "exchange_name": "NYSE",
        "market_cap": 614.2993,
        "existing": false
    },
    {
        "symbol": "PBYI",
        "company": "Puma Biotechnology Inc",
        "change_pct": 11.11,
        "premarket": 2.9,
        "volume": 5315,
        "category": "g",
        "source": "tv",
        "shortable": true,
        "exchange_name": "NASD",
        "market_cap": 121.8646,
        "existing": false
    },
    {
        "symbol": "DBD",
        "company": "Diebold Nixdorf Incorporated",
        "change_pct": 10.56,
        "premarket": 0.398,
        "volume": 173545,
        "category": "g",
        "source": "tv",
        "shortable": true,
        "exchange_name": "NYSE",
        "market_cap": 28.65977,
        "existing": false
    },
    {
        "symbol": "CETY",
        "company": "Clean Energy Technologies, Inc.",
        "change_pct": 10.5,
        "premarket": 2.0,
        "volume": 1200,
        "category": "g",
        "source": "tv",
        "shortable": false,
        "exchange_name": "NASD",
        "market_cap": 69.67677,
        "existing": false
    },
    {
        "symbol": "VCIG",
        "company": "VCI Global Limited",
        "change_pct": 10.48,
        "premarket": 4.11,
        "volume": 29665,
        "category": "g",
        "source": "tv",
        "shortable": true,
        "exchange_name": "NASD",
        "market_cap": 137.6562,
        "existing": false
    },
    {
        "symbol": "JFBR",
        "company": "Jeffs' Brands Ltd",
        "change_pct": 10.48,
        "premarket": 0.82,
        "volume": 3615,
        "category": "g",
        "source": "tv",
        "shortable": false,
        "exchange_name": "NASD",
        "market_cap": 6.17632,
        "existing": false
    },
    {
        "symbol": "COIN",
        "company": "Coinbase Global, Inc.",
        "change_pct": 10.12,
        "premarket": 54.2,
        "volume": 296550,
        "category": "g",
        "source": "tv",
        "shortable": true,
        "exchange_name": "NASD",
        "market_cap": 11544.2,
        "existing": false
    },
    {
        "symbol": "VIEW",
        "company": "View, Inc.",
        "change_pct": 10.11,
        "premarket": 0.28,
        "volume": 2967,
        "category": "g",
        "source": "tv",
        "shortable": true,
        "exchange_name": "NASD",
        "market_cap": 61.34578,
        "existing": false
    },
    {
        "symbol": "NBY",
        "company": "NovaBay Pharmaceuticals, Inc.",
        "change_pct": 10.0,
        "premarket": 1.1,
        "volume": 1300,
        "category": "g",
        "source": "tv",
        "shortable": true,
        "exchange_name": "AMEX",
        "market_cap": 29.78846,
        "existing": false
    },
    {
        "symbol": "CMA",
        "company": "Comerica Incorporated",
        "change_pct": 9.93,
        "premarket": 34.31,
        "volume": 46896,
        "category": "g",
        "source": "tv",
        "shortable": true,
        "exchange_name": "NYSE",
        "market_cap": 4109.417,
        "existing": false
    },
    {
        "symbol": "KEY",
        "company": "KeyCorp",
        "change_pct": 9.74,
        "premarket": 9.8,
        "volume": 627241,
        "category": "g",
        "source": "tv",
        "shortable": true,
        "exchange_name": "NYSE",
        "market_cap": 8351.595,
        "existing": false
    }
]