[
    {
        "symbol": "LRHC",
        "company": "La Rosa Holdings Corp.",
        "change_pct": 186.64,
        "premarket": 0.2296,
        "volume": 300850000,
        "category": "g",
        "source": "tv",
        "shortable": false,
        "exchange_name": "NASDAQ",
        "market_cap": 7370931,
        "existing": false
    },
    {
        "symbol": "GITS",
        "company": "Global Interactive Technologies, Inc.",
        "change_pct": 153.07,
        "premarket": 4.13,
        "volume": 10200000,
        "category": "g",
        "source": "tv",
        "shortable": false,
        "exchange_name": "NASDAQ",
        "market_cap": 3696600,
        "existing": false
    },
    {
        "symbol": "CMND",
        "company": "Clearmind Medicine Inc.",
        "change_pct": 59.47,
        "premarket": 1.44,
        "volume": 6250000,
        "category": "g",
        "source": "tv",
        "shortable": true,
        "exchange_name": "NASDAQ",
        "market_cap": 4477533,
        "existing": false
    },
    {
        "symbol": "CV",
        "company": "CAPSOVISION INC",
        "change_pct": 42.86,
        "premarket": 5.0,
        "volume": 1980000,
        "category": "g",
        "source": "tv",
        "shortable": true,
        "exchange_name": "NASDAQ",
        "market_cap": 241993920,
        "existing": false
    },
    {
        "symbol": "MDBH",
        "company": "MDB Capital Holdings, LLC",
        "change_pct": 39.53,
        "premarket": 6.0,
        "volume": 200,
        "category": "g",
        "source": "tv",
        "shortable": true,
        "exchange_name": "NASDAQ",
        "market_cap": 43086236,
        "existing": false
    },
    {
        "symbol": "EMPG",
        "company": "EMPRO GROUP INC",
        "change_pct": 35.63,
        "premarket": 5.9,
        "volume": 2860000,
        "category": "g",
        "source": "tv",
        "shortable": true,
        "exchange_name": "NASDAQ",
        "market_cap": 0,
        "existing": false
    },
    {
        "symbol": "MINM",
        "company": "Minim, Inc.",
        "change_pct": 34.46,
        "premarket": 3.59,
        "volume": 12390000,
        "category": "g",
        "source": "tv",
        "shortable": true,
        "exchange_name": "NASDAQ",
        "market_cap": 13021548,
        "existing": false
    },
    {
        "symbol": "WINT",
        "company": "Windtree Therapeutics, Inc.",
        "change_pct": 29.7,
        "premarket": 0.9987,
        "volume": 43680000,
        "category": "g",
        "source": "tv",
        "shortable": true,
        "exchange_name": "NASDAQ",
        "market_cap": 2013708,
        "existing": false
    },
    {
        "symbol": "AEBI",
        "company": "Aebi Schmidt Holding AG",
        "change_pct": 22.0,
        "premarket": 13.64,
        "volume": 609060,
        "category": "g",
        "source": "tv",
        "shortable": true,
        "exchange_name": "NASDAQ",
        "market_cap": 442523745,
        "existing": false
    },
    {
        "symbol": "XPOF",
        "company": "Xponential Fitness, Inc.",
        "change_pct": 21.18,
        "premarket": 9.04,
        "volume": 115780,
        "category": "g",
        "source": "tv",
        "shortable": true,
        "exchange_name": "NYSE",
        "market_cap": 257404620,
        "existing": false
    },
    {
        "symbol": "FEBO",
        "company": "Fenbo Holdings Limited",
        "change_pct": 19.65,
        "premarket": 1.12,
        "volume": 1550,
        "category": "g",
        "source": "tv",
        "shortable": true,
        "exchange_name": "NASDAQ",
        "market_cap": 12058125,
        "existing": false
    },
    {
        "symbol": "MB",
        "company": "MasterBeef Group",
        "change_pct": 18.62,
        "premarket": 8.92,
        "volume": 29250,
        "category": "g",
        "source": "tv",
        "shortable": true,
        "exchange_name": "NASDAQ",
        "market_cap": 153365700,
        "existing": false
    },
    {
        "symbol": "MLGO",
        "company": "MicroAlgo, Inc.",
        "change_pct": 14.35,
        "premarket": 0.709,
        "volume": 7970000,
        "category": "g",
        "source": "tv",
        "shortable": true,
        "exchange_name": "NASDAQ",
        "market_cap": 12720901,
        "existing": false
    },
    {
        "symbol": "LIMN",
        "company": "Liminatus Pharma, Inc.",
        "change_pct": 13.62,
        "premarket": 10.01,
        "volume": 7760,
        "category": "g",
        "source": "tv",
        "shortable": true,
        "exchange_name": "NASDAQ",
        "market_cap": 269251451,
        "existing": false
    },
    {
        "symbol": "JEM",
        "company": "707 Cayman Holdings Limited",
        "change_pct": 13.22,
        "premarket": 4.41,
        "volume": 100,
        "category": "g",
        "source": "tv",
        "shortable": true,
        "exchange_name": "NASDAQ",
        "market_cap": 101409000,
        "existing": false
    },
    {
        "symbol": "OLO",
        "company": "Olo Inc.",
        "change_pct": 13.02,
        "premarket": 10.07,
        "volume": 58650,
        "category": "g",
        "source": "tv",
        "shortable": true,
        "exchange_name": "NYSE",
        "market_cap": 1484717902,
        "existing": false
    },
    {
        "symbol": "MIRA",
        "company": "MIRA Pharmaceuticals, Inc.",
        "change_pct": 12.88,
        "premarket": 1.4,
        "volume": 8430000,
        "category": "g",
        "source": "tv",
        "shortable": true,
        "exchange_name": "NASDAQ",
        "market_cap": 20472743,
        "existing": false
    },
    {
        "symbol": "SBET",
        "company": "SharpLink Gaming, Inc.",
        "change_pct": 12.73,
        "premarket": 13.5,
        "volume": 4050000,
        "category": "g",
        "source": "tv",
        "shortable": true,
        "exchange_name": "NASDAQ",
        "market_cap": 604486597,
        "existing": false
    },
    {
        "symbol": "DDOG",
        "company": "Datadog, Inc.",
        "change_pct": 10.58,
        "premarket": 149.3,
        "volume": 1030000,
        "category": "g",
        "source": "tv",
        "shortable": true,
        "exchange_name": "NASDAQ",
        "market_cap": 45700593058,
        "existing": false
    },
    {
        "symbol": "ASTL",
        "company": "Algoma Steel Group Inc.",
        "change_pct": 10.13,
        "premarket": 7.83,
        "volume": 2220,
        "category": "g",
        "source": "tv",
        "shortable": true,
        "exchange_name": "NASDAQ",
        "market_cap": 725092571,
        "existing": false
    },
    {
        "symbol": "CSTM",
        "company": "Constellium SE",
        "change_pct": -3.32,
        "premarket": 13.68,
        "volume": 600,
        "category": "l",
        "source": "tv",
        "shortable": true,
        "exchange_name": "NYSE",
        "market_cap": 1977985106,
        "existing": false
    },
    {
        "symbol": "NNNN",
        "company": "Anbio Biotechnology",
        "change_pct": -4.06,
        "premarket": 34.73,
        "volume": 446,
        "category": "l",
        "source": "tv",
        "shortable": true,
        "exchange_name": "NASDAQ",
        "market_cap": 1379939328,
        "existing": false
    },
    {
        "symbol": "JANX",
        "company": "Janux Therapeutics, Inc.",
        "change_pct": -4.01,
        "premarket": 23.09,
        "volume": 100,
        "category": "l",
        "source": "tv",
        "shortable": true,
        "exchange_name": "NASDAQ",
        "market_cap": 1374047145,
        "existing": false
    },
    {
        "symbol": "EVH",
        "company": "Evolent Health, Inc",
        "change_pct": -5.37,
        "premarket": 11.1,
        "volume": 150,
        "category": "l",
        "source": "tv",
        "shortable": true,
        "exchange_name": "NYSE",
        "market_cap": 1347477711,
        "existing": false
    },
    {
        "symbol": "SONO",
        "company": "Sonos, Inc.",
        "change_pct": -4.19,
        "premarket": 10.75,
        "volume": 200,
        "category": "l",
        "source": "tv",
        "shortable": true,
        "exchange_name": "NASDAQ",
        "market_cap": 1335372922,
        "existing": false
    },
    {
        "symbol": "GSM",
        "company": "Ferroglobe PLC",
        "change_pct": -4.72,
        "premarket": 4.04,
        "volume": 150,
        "category": "l",
        "source": "tv",
        "shortable": true,
        "exchange_name": "NASDAQ",
        "market_cap": 740904707,
        "existing": false
    },
    {
        "symbol": "HNRG",
        "company": "Hallador Energy Company",
        "change_pct": -5.35,
        "premarket": 15.0,
        "volume": 530,
        "category": "l",
        "source": "tv",
        "shortable": true,
        "exchange_name": "NASDAQ",
        "market_cap": 659254601,
        "existing": false
    },
    {
        "symbol": "CTOR",
        "company": "Citius Oncology, Inc.",
        "change_pct": -4.41,
        "premarket": 4.99,
        "volume": 21500,
        "category": "l",
        "source": "tv",
        "shortable": true,
        "exchange_name": "NASDAQ",
        "market_cap": 371356966,
        "existing": false
    },
    {
        "symbol": "FC",
        "company": "Franklin Covey Company",
        "change_pct": -10.18,
        "premarket": 21.71,
        "volume": 7650,
        "category": "l",
        "source": "tv",
        "shortable": true,
        "exchange_name": "NYSE",
        "market_cap": 313134049,
        "existing": false
    },
    {
        "symbol": "PKE",
        "company": "Park Aerospace Corp.",
        "change_pct": -8.69,
        "premarket": 13.62,
        "volume": 100,
        "category": "l",
        "source": "tv",
        "shortable": true,
        "exchange_name": "NYSE",
        "market_cap": 289621902,
        "existing": false
    },
    {
        "symbol": "SKIN",
        "company": "The Beauty Health Company",
        "change_pct": -6.16,
        "premarket": 1.98,
        "volume": 640,
        "category": "l",
        "source": "tv",
        "shortable": true,
        "exchange_name": "NASDAQ",
        "market_cap": 272186894,
        "existing": false
    },
    {
        "symbol": "VLN",
        "company": "Valens Semiconductor Ltd.",
        "change_pct": -3.73,
        "premarket": 2.58,
        "volume": 680,
        "category": "l",
        "source": "tv",
        "shortable": true,
        "exchange_name": "NYSE",
        "market_cap": 266427069,
        "existing": false
    },
    {
        "symbol": "SEAT",
        "company": "Vivid Seats Inc.",
        "change_pct": -4.62,
        "premarket": 1.79,
        "volume": 400,
        "category": "l",
        "source": "tv",
        "shortable": true,
        "exchange_name": "NASDAQ",
        "market_cap": 245411905,
        "existing": false
    },
    {
        "symbol": "LPA",
        "company": "Logistic Properties of the Americas",
        "change_pct": -5.15,
        "premarket": 7.0,
        "volume": 531,
        "category": "l",
        "source": "tv",
        "shortable": true,
        "exchange_name": "NYSE American",
        "market_cap": 231159093,
        "existing": false
    },
    {
        "symbol": "TLSI",
        "company": "TriSalus Life Sciences, Inc.",
        "change_pct": -3.67,
        "premarket": 4.72,
        "volume": 235,
        "category": "l",
        "source": "tv",
        "shortable": true,
        "exchange_name": "NASDAQ",
        "market_cap": 194870654,
        "existing": false
    },
    {
        "symbol": "RCT",
        "company": "RedCloud Holdings plc",
        "change_pct": -11.7,
        "premarket": 2.49,
        "volume": 114190,
        "category": "l",
        "source": "tv",
        "shortable": true,
        "exchange_name": "NASDAQ",
        "market_cap": 189732264,
        "existing": false
    },
    {
        "symbol": "SORA",
        "company": "Top Win International Limited",
        "change_pct": -5.24,
        "premarket": 6.15,
        "volume": 800,
        "category": "l",
        "source": "tv",
        "shortable": true,
        "exchange_name": "NASDAQ",
        "market_cap": 154405440,
        "existing": false
    },
    {
        "symbol": "NA",
        "company": "Nano Labs Ltd",
        "change_pct": -7.95,
        "premarket": 8.1,
        "volume": 364520,
        "category": "l",
        "source": "tv",
        "shortable": true,
        "exchange_name": "NASDAQ",
        "market_cap": 151501754,
        "existing": false
    },
    {
        "symbol": "CLAR",
        "company": "Clarus Corporation",
        "change_pct": -8.47,
        "premarket": 3.35,
        "volume": 306,
        "category": "l",
        "source": "tv",
        "shortable": true,
        "exchange_name": "NASDAQ",
        "market_cap": 134790402,
        "existing": false
    },
    {
        "symbol": "TAYD",
        "company": "Taylor Devices, Inc.",
        "change_pct": -4.38,
        "premarket": 43.4,
        "volume": 440,
        "category": "l",
        "source": "tv",
        "shortable": true,
        "exchange_name": "NASDAQ",
        "market_cap": 134565631,
        "existing": false
    }
]