[
    {
        "symbol": "DALN",
        "company": "DallasNews Corporation - Series A",
        "change_pct": 208.43,
        "premarket": 13.54,
        "volume": 1760000,
        "category": "g",
        "source": "tv",
        "shortable": true,
        "exchange_name": "NASDAQ",
        "market_cap": 24139729,
        "existing": false
    },
    {
        "symbol": "SAFX",
        "company": "XCF Global, Inc.",
        "change_pct": 139.99,
        "premarket": 3.6,
        "volume": 47030000,
        "category": "g",
        "source": "tv",
        "shortable": true,
        "exchange_name": "NASDAQ",
        "market_cap": 248377812,
        "existing": false
    },
    {
        "symbol": "CGTX",
        "company": "Cognition Therapeutics, Inc.",
        "change_pct": 87.86,
        "premarket": 1.0,
        "volume": 66570000,
        "category": "g",
        "source": "tv",
        "shortable": true,
        "exchange_name": "NASDAQ",
        "market_cap": 36482907,
        "existing": false
    },
    {
        "symbol": "MP",
        "company": "MP Materials Corp.",
        "change_pct": 56.64,
        "premarket": 47.04,
        "volume": 4020000,
        "category": "g",
        "source": "tv",
        "shortable": true,
        "exchange_name": "NYSE",
        "market_cap": 5098201934,
        "existing": false
    },
    {
        "symbol": "GIBO",
        "company": "GIBO Holdings Limited",
        "change_pct": 39.94,
        "premarket": 0.0473,
        "volume": 280000000,
        "category": "g",
        "source": "tv",
        "shortable": true,
        "exchange_name": "NASDAQ",
        "market_cap": 30458000,
        "existing": false
    },
    {
        "symbol": "AIRI",
        "company": "Air Industries Group",
        "change_pct": 32.22,
        "premarket": 4.35,
        "volume": 10800000,
        "category": "g",
        "source": "tv",
        "shortable": false,
        "exchange_name": "NYSE American",
        "market_cap": 12309054,
        "existing": false
    },
    {
        "symbol": "KLG",
        "company": "WK Kellogg Co",
        "change_pct": 29.66,
        "premarket": 22.69,
        "volume": 1770000,
        "category": "g",
        "source": "tv",
        "shortable": true,
        "exchange_name": "NYSE",
        "market_cap": 1458702679,
        "existing": false
    },
    {
        "symbol": "KLTO",
        "company": "Klotho Neurosciences, Inc.",
        "change_pct": 18.99,
        "premarket": 1.63,
        "volume": 33430000,
        "category": "g",
        "source": "tv",
        "shortable": true,
        "exchange_name": "NASDAQ",
        "market_cap": 70622113,
        "existing": false
    },
    {
        "symbol": "CPOP",
        "company": "Pop Culture Group Co., Ltd",
        "change_pct": 17.97,
        "premarket": 0.8199,
        "volume": 11880000,
        "category": "g",
        "source": "tv",
        "shortable": true,
        "exchange_name": "NASDAQ",
        "market_cap": 10332815,
        "existing": false
    },
    {
        "symbol": "RMTI",
        "company": "Rockwell Medical, Inc.",
        "change_pct": 16.81,
        "premarket": 1.39,
        "volume": 158450,
        "category": "g",
        "source": "tv",
        "shortable": true,
        "exchange_name": "NASDAQ",
        "market_cap": 31823468,
        "existing": false
    },
    {
        "symbol": "USAR",
        "company": "USA Rare Earth, Inc.",
        "change_pct": 16.75,
        "premarket": 11.43,
        "volume": 737660,
        "category": "g",
        "source": "tv",
        "shortable": true,
        "exchange_name": "NASDAQ",
        "market_cap": 931888117,
        "existing": false
    },
    {
        "symbol": "POET",
        "company": "POET Technologies Inc.",
        "change_pct": 16.21,
        "premarket": 7.09,
        "volume": 491010,
        "category": "g",
        "source": "tv",
        "shortable": true,
        "exchange_name": "NASDAQ",
        "market_cap": 438034396,
        "existing": false
    },
    {
        "symbol": "ARBB",
        "company": "ARB IOT Group Limited",
        "change_pct": 16.04,
        "premarket": 6.51,
        "volume": 1690,
        "category": "g",
        "source": "tv",
        "shortable": true,
        "exchange_name": "NASDAQ",
        "market_cap": 10137900,
        "existing": false
    },
    {
        "symbol": "CAPT",
        "company": "Captivision Inc.",
        "change_pct": 14.39,
        "premarket": 1.59,
        "volume": 307880,
        "category": "g",
        "source": "tv",
        "shortable": true,
        "exchange_name": "NASDAQ",
        "market_cap": 41432975,
        "existing": false
    },
    {
        "symbol": "HCTI",
        "company": "Healthcare Triangle, Inc.",
        "change_pct": 14.0,
        "premarket": 0.0228,
        "volume": 89850000,
        "category": "g",
        "source": "tv",
        "shortable": true,
        "exchange_name": "NASDAQ",
        "market_cap": 8863269,
        "existing": false
    },
    {
        "symbol": "LIMN",
        "company": "Liminatus Pharma, Inc.",
        "change_pct": 13.6,
        "premarket": 5.93,
        "volume": 38950,
        "category": "g",
        "source": "tv",
        "shortable": true,
        "exchange_name": "NASDAQ",
        "market_cap": 163371895,
        "existing": false
    },
    {
        "symbol": "GNS",
        "company": "Genius Group Limited",
        "change_pct": 13.57,
        "premarket": 1.59,
        "volume": 1330000,
        "category": "g",
        "source": "tv",
        "shortable": true,
        "exchange_name": "NYSE American",
        "market_cap": 99223969,
        "existing": false
    },
    {
        "symbol": "CRML",
        "company": "Critical Metals Corp.",
        "change_pct": 13.39,
        "premarket": 3.21,
        "volume": 477410,
        "category": "g",
        "source": "tv",
        "shortable": true,
        "exchange_name": "NASDAQ",
        "market_cap": 317022664,
        "existing": false
    },
    {
        "symbol": "PROK",
        "company": "ProKidney Corp.",
        "change_pct": 13.13,
        "premarket": 4.91,
        "volume": 4960000,
        "category": "g",
        "source": "tv",
        "shortable": true,
        "exchange_name": "NASDAQ",
        "market_cap": 497652709,
        "existing": false
    },
    {
        "symbol": "NRIX",
        "company": "Nurix Therapeutics, Inc.",
        "change_pct": 13.05,
        "premarket": 14.9,
        "volume": 336960,
        "category": "g",
        "source": "tv",
        "shortable": true,
        "exchange_name": "NASDAQ",
        "market_cap": 930836602,
        "existing": false
    },
    {
        "symbol": "MBLY",
        "company": "Mobileye Global Inc.",
        "change_pct": -4.27,
        "premarket": 16.58,
        "volume": 5100000,
        "category": "l",
        "source": "tv",
        "shortable": true,
        "exchange_name": "NASDAQ",
        "market_cap": 15144693726,
        "existing": false
    },
    {
        "symbol": "CAG",
        "company": "ConAgra Brands, Inc.",
        "change_pct": -7.51,
        "premarket": 18.85,
        "volume": 1080000,
        "category": "l",
        "source": "tv",
        "shortable": true,
        "exchange_name": "NYSE",
        "market_cap": 9857535005,
        "existing": false
    },
    {
        "symbol": "BBWI",
        "company": "Bath & Body Works, Inc.",
        "change_pct": -7.41,
        "premarket": 30.51,
        "volume": 395,
        "category": "l",
        "source": "tv",
        "shortable": true,
        "exchange_name": "NYSE",
        "market_cap": 7091111216,
        "existing": false
    },
    {
        "symbol": "BE",
        "company": "Bloom Energy Corporation",
        "change_pct": -5.19,
        "premarket": 27.22,
        "volume": 706390,
        "category": "l",
        "source": "tv",
        "shortable": true,
        "exchange_name": "NYSE",
        "market_cap": 5643155125,
        "existing": false
    },
    {
        "symbol": "RARE",
        "company": "Ultragenyx Pharmaceutical Inc.",
        "change_pct": -20.37,
        "premarket": 33.0,
        "volume": 569130,
        "category": "l",
        "source": "tv",
        "shortable": true,
        "exchange_name": "NASDAQ",
        "market_cap": 3720447419,
        "existing": false
    },
    {
        "symbol": "SMPL",
        "company": "The Simply Good Foods Company",
        "change_pct": -6.65,
        "premarket": 30.19,
        "volume": 30240,
        "category": "l",
        "source": "tv",
        "shortable": true,
        "exchange_name": "NASDAQ",
        "market_cap": 3219435086,
        "existing": false
    },
    {
        "symbol": "BBAI",
        "company": "BigBear.ai, Inc.",
        "change_pct": -4.34,
        "premarket": 7.05,
        "volume": 2910000,
        "category": "l",
        "source": "tv",
        "shortable": true,
        "exchange_name": "NYSE",
        "market_cap": 2210123029,
        "existing": false
    },
    {
        "symbol": "ACDC",
        "company": "ProFrac Holding Corp.",
        "change_pct": -5.98,
        "premarket": 7.07,
        "volume": 1200,
        "category": "l",
        "source": "tv",
        "shortable": true,
        "exchange_name": "NASDAQ",
        "market_cap": 1263807828,
        "existing": false
    },
    {
        "symbol": "DCO",
        "company": "Ducommun Incorporated",
        "change_pct": -4.04,
        "premarket": 81.06,
        "volume": 100,
        "category": "l",
        "source": "tv",
        "shortable": true,
        "exchange_name": "NYSE",
        "market_cap": 1250028470,
        "existing": false
    },
    {
        "symbol": "HELE",
        "company": "Helen of Troy Limited",
        "change_pct": -32.61,
        "premarket": 20.89,
        "volume": 312990,
        "category": "l",
        "source": "tv",
        "shortable": true,
        "exchange_name": "NASDAQ",
        "market_cap": 718272776,
        "existing": false
    },
    {
        "symbol": "BMNR",
        "company": "BitMine Immersion Technologies, Inc.",
        "change_pct": -11.16,
        "premarket": 59.27,
        "volume": 421510,
        "category": "l",
        "source": "tv",
        "shortable": true,
        "exchange_name": "NYSE American",
        "market_cap": 517456559,
        "existing": false
    },
    {
        "symbol": "GRRR",
        "company": "Gorilla Technology Group Inc.",
        "change_pct": -5.23,
        "premarket": 23.0,
        "volume": 342840,
        "category": "l",
        "source": "tv",
        "shortable": true,
        "exchange_name": "NASDAQ",
        "market_cap": 481716568,
        "existing": false
    },
    {
        "symbol": "NWTN",
        "company": "NWTN Inc.",
        "change_pct": -4.09,
        "premarket": 1.64,
        "volume": 200,
        "category": "l",
        "source": "tv",
        "shortable": true,
        "exchange_name": "NASDAQ",
        "market_cap": 470441505,
        "existing": false
    },
    {
        "symbol": "ALT",
        "company": "Altimmune, Inc.",
        "change_pct": -14.77,
        "premarket": 4.04,
        "volume": 1050000,
        "category": "l",
        "source": "tv",
        "shortable": true,
        "exchange_name": "NASDAQ",
        "market_cap": 371469936,
        "existing": false
    },
    {
        "symbol": "MEI",
        "company": "Methode Electronics, Inc.",
        "change_pct": -20.31,
        "premarket": 8.2,
        "volume": 28770,
        "category": "l",
        "source": "tv",
        "shortable": true,
        "exchange_name": "NYSE",
        "market_cap": 370826882,
        "existing": false
    },
    {
        "symbol": "RXT",
        "company": "Rackspace Technology, Inc.",
        "change_pct": -4.33,
        "premarket": 1.32,
        "volume": 2600,
        "category": "l",
        "source": "tv",
        "shortable": true,
        "exchange_name": "NASDAQ",
        "market_cap": 329970306,
        "existing": false
    },
    {
        "symbol": "CHPT",
        "company": "ChargePoint Holdings, Inc.",
        "change_pct": -4.44,
        "premarket": 0.6794,
        "volume": 427150,
        "category": "l",
        "source": "tv",
        "shortable": true,
        "exchange_name": "NYSE",
        "market_cap": 322508466,
        "existing": false
    },
    {
        "symbol": "ALTG",
        "company": "Alta Equipment Group Inc.",
        "change_pct": -5.12,
        "premarket": 8.16,
        "volume": 240,
        "category": "l",
        "source": "tv",
        "shortable": true,
        "exchange_name": "NYSE",
        "market_cap": 285443159,
        "existing": false
    },
    {
        "symbol": "GWRS",
        "company": "Global Water Resources, Inc.",
        "change_pct": -7.39,
        "premarket": 9.9,
        "volume": 193,
        "category": "l",
        "source": "tv",
        "shortable": true,
        "exchange_name": "NASDAQ",
        "market_cap": 283294092,
        "existing": false
    },
    {
        "symbol": "MFIN",
        "company": "Medallion Financial Corp.",
        "change_pct": -4.32,
        "premarket": 9.31,
        "volume": 450,
        "category": "l",
        "source": "tv",
        "shortable": true,
        "exchange_name": "NASDAQ",
        "market_cap": 218333313,
        "existing": false
    }
]